ISO-10303-21;
HEADER;
/* Generated by software containing ST-Developer
 * from STEP Tools, Inc. (www.steptools.com) 
 */
/* OPTION: using custom renumber hook */

FILE_DESCRIPTION(
/* description */ ('STEP AP242 Edition 2',
'CAx-IF Rec.Pracs.---Representation and Presentation of Product Manufa
cturing Information (PMI)---4.0---2014-10-13',
'CAx-IF Rec.Pracs.---3D Tessellated Geometry---0.4---2014-09-14','2;1',
'CAx-IF Rec.Pracs.---User Defined Attributes---1.5---2016-08-15'),
/* implementation_level */ '2;1');

FILE_NAME(
/* name */ 'case - case_bottom',
/* time_stamp */ '2026-05-11T03:01:12Z',
/* author */ (''),
/* organization */ (''),
/* preprocessor_version */ 'ST-DEVELOPER v20',
/* originating_system */ 'ONSHAPE BY PTC INC, 1.214',
/* authorisation */ '  ');

FILE_SCHEMA (('AP242_MANAGED_MODEL_BASED_3D_ENGINEERING_MIM_LF { 1 0 10303 442 3 1 4 }'));
ENDSEC;

DATA;
#10=SHAPE_REPRESENTATION_RELATIONSHIP('','',#2454,#11);
#11=ADVANCED_BREP_SHAPE_REPRESENTATION('',(#2452),#3936);
#12=CONICAL_SURFACE('',#2595,0.0006,0.785398163397448);
#13=CONICAL_SURFACE('',#2597,0.0006,0.785398163397448);
#14=CONICAL_SURFACE('',#2600,0.0006,0.785398163397452);
#15=CONICAL_SURFACE('',#2602,0.0006,0.785398163397448);
#16=CONICAL_SURFACE('',#2605,0.0026,0.785398163397452);
#17=CONICAL_SURFACE('',#2606,0.0026,0.785398163397453);
#18=CONICAL_SURFACE('',#2609,0.0026,0.785398163397455);
#19=CONICAL_SURFACE('',#2610,0.0026,0.785398163397445);
#20=CYLINDRICAL_SURFACE('',#2473,0.0015);
#21=CYLINDRICAL_SURFACE('',#2476,0.0015);
#22=CYLINDRICAL_SURFACE('',#2506,0.0007);
#23=CYLINDRICAL_SURFACE('',#2509,0.0007);
#24=CYLINDRICAL_SURFACE('',#2514,0.0007);
#25=CYLINDRICAL_SURFACE('',#2517,0.0007);
#26=CYLINDRICAL_SURFACE('',#2572,0.00275);
#27=CYLINDRICAL_SURFACE('',#2575,0.00275);
#28=CYLINDRICAL_SURFACE('',#2578,0.003);
#29=CYLINDRICAL_SURFACE('',#2580,0.003);
#30=CYLINDRICAL_SURFACE('',#2582,0.003);
#31=CYLINDRICAL_SURFACE('',#2584,0.003);
#32=CYLINDRICAL_SURFACE('',#2586,0.001);
#33=CYLINDRICAL_SURFACE('',#2588,0.001);
#34=CYLINDRICAL_SURFACE('',#2590,0.001);
#35=CYLINDRICAL_SURFACE('',#2592,0.001);
#36=CIRCLE('',#2457,0.0007);
#37=CIRCLE('',#2458,0.0007);
#38=CIRCLE('',#2459,0.0007);
#39=CIRCLE('',#2460,0.0007);
#40=CIRCLE('',#2467,0.0026);
#41=CIRCLE('',#2468,0.0026);
#42=CIRCLE('',#2469,0.0026);
#43=CIRCLE('',#2470,0.0026);
#44=CIRCLE('',#2471,0.00275);
#45=CIRCLE('',#2472,0.00275);
#46=CIRCLE('',#2474,0.0015);
#47=CIRCLE('',#2475,0.0015);
#48=CIRCLE('',#2477,0.0015);
#49=CIRCLE('',#2478,0.0015);
#50=CIRCLE('',#2480,0.001);
#51=CIRCLE('',#2481,0.001);
#52=CIRCLE('',#2482,0.001);
#53=CIRCLE('',#2483,0.001);
#54=CIRCLE('',#2484,0.003);
#55=CIRCLE('',#2485,0.003);
#56=CIRCLE('',#2486,0.003);
#57=CIRCLE('',#2487,0.003);
#58=CIRCLE('',#2490,0.0006);
#59=CIRCLE('',#2491,0.0006);
#60=CIRCLE('',#2492,0.0006);
#61=CIRCLE('',#2493,0.0006);
#62=CIRCLE('',#2507,0.0007);
#63=CIRCLE('',#2510,0.0007);
#64=CIRCLE('',#2515,0.0007);
#65=CIRCLE('',#2518,0.0007);
#66=CIRCLE('',#2573,0.00275);
#67=CIRCLE('',#2576,0.00275);
#68=CIRCLE('',#2579,0.003);
#69=CIRCLE('',#2581,0.003);
#70=CIRCLE('',#2583,0.003);
#71=CIRCLE('',#2585,0.003);
#72=CIRCLE('',#2587,0.001);
#73=CIRCLE('',#2589,0.001);
#74=CIRCLE('',#2591,0.001);
#75=CIRCLE('',#2593,0.001);
#76=ORIENTED_EDGE('',*,*,#746,.T.);
#77=ORIENTED_EDGE('',*,*,#747,.T.);
#78=ORIENTED_EDGE('',*,*,#748,.T.);
#79=ORIENTED_EDGE('',*,*,#749,.T.);
#80=ORIENTED_EDGE('',*,*,#750,.F.);
#81=ORIENTED_EDGE('',*,*,#751,.T.);
#82=ORIENTED_EDGE('',*,*,#752,.T.);
#83=ORIENTED_EDGE('',*,*,#753,.F.);
#84=ORIENTED_EDGE('',*,*,#754,.T.);
#85=ORIENTED_EDGE('',*,*,#755,.T.);
#86=ORIENTED_EDGE('',*,*,#756,.F.);
#87=ORIENTED_EDGE('',*,*,#757,.F.);
#88=ORIENTED_EDGE('',*,*,#758,.T.);
#89=ORIENTED_EDGE('',*,*,#759,.F.);
#90=ORIENTED_EDGE('',*,*,#760,.F.);
#91=ORIENTED_EDGE('',*,*,#761,.F.);
#92=ORIENTED_EDGE('',*,*,#762,.T.);
#93=ORIENTED_EDGE('',*,*,#763,.T.);
#94=ORIENTED_EDGE('',*,*,#764,.F.);
#95=ORIENTED_EDGE('',*,*,#765,.T.);
#96=ORIENTED_EDGE('',*,*,#766,.F.);
#97=ORIENTED_EDGE('',*,*,#767,.T.);
#98=ORIENTED_EDGE('',*,*,#768,.T.);
#99=ORIENTED_EDGE('',*,*,#769,.T.);
#100=ORIENTED_EDGE('',*,*,#770,.F.);
#101=ORIENTED_EDGE('',*,*,#771,.T.);
#102=ORIENTED_EDGE('',*,*,#772,.T.);
#103=ORIENTED_EDGE('',*,*,#773,.F.);
#104=ORIENTED_EDGE('',*,*,#774,.F.);
#105=ORIENTED_EDGE('',*,*,#760,.T.);
#106=ORIENTED_EDGE('',*,*,#775,.F.);
#107=ORIENTED_EDGE('',*,*,#776,.F.);
#108=ORIENTED_EDGE('',*,*,#748,.F.);
#109=ORIENTED_EDGE('',*,*,#777,.T.);
#110=ORIENTED_EDGE('',*,*,#778,.T.);
#111=ORIENTED_EDGE('',*,*,#779,.T.);
#112=ORIENTED_EDGE('',*,*,#780,.F.);
#113=ORIENTED_EDGE('',*,*,#769,.F.);
#114=ORIENTED_EDGE('',*,*,#781,.T.);
#115=ORIENTED_EDGE('',*,*,#782,.T.);
#116=ORIENTED_EDGE('',*,*,#783,.T.);
#117=ORIENTED_EDGE('',*,*,#784,.T.);
#118=ORIENTED_EDGE('',*,*,#785,.T.);
#119=ORIENTED_EDGE('',*,*,#786,.T.);
#120=ORIENTED_EDGE('',*,*,#787,.T.);
#121=ORIENTED_EDGE('',*,*,#788,.T.);
#122=ORIENTED_EDGE('',*,*,#789,.T.);
#123=ORIENTED_EDGE('',*,*,#790,.T.);
#124=ORIENTED_EDGE('',*,*,#791,.F.);
#125=ORIENTED_EDGE('',*,*,#792,.T.);
#126=ORIENTED_EDGE('',*,*,#793,.F.);
#127=ORIENTED_EDGE('',*,*,#794,.F.);
#128=ORIENTED_EDGE('',*,*,#795,.F.);
#129=ORIENTED_EDGE('',*,*,#796,.T.);
#130=ORIENTED_EDGE('',*,*,#797,.F.);
#131=ORIENTED_EDGE('',*,*,#798,.F.);
#132=ORIENTED_EDGE('',*,*,#799,.F.);
#133=ORIENTED_EDGE('',*,*,#800,.T.);
#134=ORIENTED_EDGE('',*,*,#801,.F.);
#135=ORIENTED_EDGE('',*,*,#802,.F.);
#136=ORIENTED_EDGE('',*,*,#803,.T.);
#137=ORIENTED_EDGE('',*,*,#804,.F.);
#138=ORIENTED_EDGE('',*,*,#805,.F.);
#139=ORIENTED_EDGE('',*,*,#806,.T.);
#140=ORIENTED_EDGE('',*,*,#807,.T.);
#141=ORIENTED_EDGE('',*,*,#808,.F.);
#142=ORIENTED_EDGE('',*,*,#809,.F.);
#143=ORIENTED_EDGE('',*,*,#810,.F.);
#144=ORIENTED_EDGE('',*,*,#811,.T.);
#145=ORIENTED_EDGE('',*,*,#812,.T.);
#146=ORIENTED_EDGE('',*,*,#813,.F.);
#147=ORIENTED_EDGE('',*,*,#814,.T.);
#148=ORIENTED_EDGE('',*,*,#815,.T.);
#149=ORIENTED_EDGE('',*,*,#816,.F.);
#150=ORIENTED_EDGE('',*,*,#817,.F.);
#151=ORIENTED_EDGE('',*,*,#818,.F.);
#152=ORIENTED_EDGE('',*,*,#819,.T.);
#153=ORIENTED_EDGE('',*,*,#820,.F.);
#154=ORIENTED_EDGE('',*,*,#821,.F.);
#155=ORIENTED_EDGE('',*,*,#822,.F.);
#156=ORIENTED_EDGE('',*,*,#823,.F.);
#157=ORIENTED_EDGE('',*,*,#824,.T.);
#158=ORIENTED_EDGE('',*,*,#825,.T.);
#159=ORIENTED_EDGE('',*,*,#826,.T.);
#160=ORIENTED_EDGE('',*,*,#827,.F.);
#161=ORIENTED_EDGE('',*,*,#828,.T.);
#162=ORIENTED_EDGE('',*,*,#829,.T.);
#163=ORIENTED_EDGE('',*,*,#830,.T.);
#164=ORIENTED_EDGE('',*,*,#831,.F.);
#165=ORIENTED_EDGE('',*,*,#832,.T.);
#166=ORIENTED_EDGE('',*,*,#833,.T.);
#167=ORIENTED_EDGE('',*,*,#834,.F.);
#168=ORIENTED_EDGE('',*,*,#835,.T.);
#169=ORIENTED_EDGE('',*,*,#836,.T.);
#170=ORIENTED_EDGE('',*,*,#837,.T.);
#171=ORIENTED_EDGE('',*,*,#838,.F.);
#172=ORIENTED_EDGE('',*,*,#839,.T.);
#173=ORIENTED_EDGE('',*,*,#840,.T.);
#174=ORIENTED_EDGE('',*,*,#841,.T.);
#175=ORIENTED_EDGE('',*,*,#842,.F.);
#176=ORIENTED_EDGE('',*,*,#843,.T.);
#177=ORIENTED_EDGE('',*,*,#844,.F.);
#178=ORIENTED_EDGE('',*,*,#845,.T.);
#179=ORIENTED_EDGE('',*,*,#846,.F.);
#180=ORIENTED_EDGE('',*,*,#847,.F.);
#181=ORIENTED_EDGE('',*,*,#848,.T.);
#182=ORIENTED_EDGE('',*,*,#849,.F.);
#183=ORIENTED_EDGE('',*,*,#850,.T.);
#184=ORIENTED_EDGE('',*,*,#851,.T.);
#185=ORIENTED_EDGE('',*,*,#852,.F.);
#186=ORIENTED_EDGE('',*,*,#853,.T.);
#187=ORIENTED_EDGE('',*,*,#854,.F.);
#188=ORIENTED_EDGE('',*,*,#855,.T.);
#189=ORIENTED_EDGE('',*,*,#856,.T.);
#190=ORIENTED_EDGE('',*,*,#857,.F.);
#191=ORIENTED_EDGE('',*,*,#858,.T.);
#192=ORIENTED_EDGE('',*,*,#764,.T.);
#193=ORIENTED_EDGE('',*,*,#859,.T.);
#194=ORIENTED_EDGE('',*,*,#860,.T.);
#195=ORIENTED_EDGE('',*,*,#861,.F.);
#196=ORIENTED_EDGE('',*,*,#862,.F.);
#197=ORIENTED_EDGE('',*,*,#863,.F.);
#198=ORIENTED_EDGE('',*,*,#864,.T.);
#199=ORIENTED_EDGE('',*,*,#865,.F.);
#200=ORIENTED_EDGE('',*,*,#866,.T.);
#201=ORIENTED_EDGE('',*,*,#867,.F.);
#202=ORIENTED_EDGE('',*,*,#868,.T.);
#203=ORIENTED_EDGE('',*,*,#869,.F.);
#204=ORIENTED_EDGE('',*,*,#870,.T.);
#205=ORIENTED_EDGE('',*,*,#845,.F.);
#206=ORIENTED_EDGE('',*,*,#847,.T.);
#207=ORIENTED_EDGE('',*,*,#871,.F.);
#208=ORIENTED_EDGE('',*,*,#872,.F.);
#209=ORIENTED_EDGE('',*,*,#873,.T.);
#210=ORIENTED_EDGE('',*,*,#874,.T.);
#211=ORIENTED_EDGE('',*,*,#849,.T.);
#212=ORIENTED_EDGE('',*,*,#875,.F.);
#213=ORIENTED_EDGE('',*,*,#876,.T.);
#214=ORIENTED_EDGE('',*,*,#877,.T.);
#215=ORIENTED_EDGE('',*,*,#878,.T.);
#216=ORIENTED_EDGE('',*,*,#879,.F.);
#217=ORIENTED_EDGE('',*,*,#880,.T.);
#218=ORIENTED_EDGE('',*,*,#881,.T.);
#219=ORIENTED_EDGE('',*,*,#882,.T.);
#220=ORIENTED_EDGE('',*,*,#883,.F.);
#221=ORIENTED_EDGE('',*,*,#884,.T.);
#222=ORIENTED_EDGE('',*,*,#885,.T.);
#223=ORIENTED_EDGE('',*,*,#886,.F.);
#224=ORIENTED_EDGE('',*,*,#887,.T.);
#225=ORIENTED_EDGE('',*,*,#888,.T.);
#226=ORIENTED_EDGE('',*,*,#889,.F.);
#227=ORIENTED_EDGE('',*,*,#890,.T.);
#228=ORIENTED_EDGE('',*,*,#891,.T.);
#229=ORIENTED_EDGE('',*,*,#892,.T.);
#230=ORIENTED_EDGE('',*,*,#893,.F.);
#231=ORIENTED_EDGE('',*,*,#894,.T.);
#232=ORIENTED_EDGE('',*,*,#895,.T.);
#233=ORIENTED_EDGE('',*,*,#896,.T.);
#234=ORIENTED_EDGE('',*,*,#897,.T.);
#235=ORIENTED_EDGE('',*,*,#898,.T.);
#236=ORIENTED_EDGE('',*,*,#872,.T.);
#237=ORIENTED_EDGE('',*,*,#899,.T.);
#238=ORIENTED_EDGE('',*,*,#900,.F.);
#239=ORIENTED_EDGE('',*,*,#901,.T.);
#240=ORIENTED_EDGE('',*,*,#902,.T.);
#241=ORIENTED_EDGE('',*,*,#903,.T.);
#242=ORIENTED_EDGE('',*,*,#904,.T.);
#243=ORIENTED_EDGE('',*,*,#905,.F.);
#244=ORIENTED_EDGE('',*,*,#906,.T.);
#245=ORIENTED_EDGE('',*,*,#907,.F.);
#246=ORIENTED_EDGE('',*,*,#908,.F.);
#247=ORIENTED_EDGE('',*,*,#909,.F.);
#248=ORIENTED_EDGE('',*,*,#910,.T.);
#249=ORIENTED_EDGE('',*,*,#911,.T.);
#250=ORIENTED_EDGE('',*,*,#912,.F.);
#251=ORIENTED_EDGE('',*,*,#913,.F.);
#252=ORIENTED_EDGE('',*,*,#914,.F.);
#253=ORIENTED_EDGE('',*,*,#915,.T.);
#254=ORIENTED_EDGE('',*,*,#916,.F.);
#255=ORIENTED_EDGE('',*,*,#917,.F.);
#256=ORIENTED_EDGE('',*,*,#918,.F.);
#257=ORIENTED_EDGE('',*,*,#919,.T.);
#258=ORIENTED_EDGE('',*,*,#920,.F.);
#259=ORIENTED_EDGE('',*,*,#921,.F.);
#260=ORIENTED_EDGE('',*,*,#922,.F.);
#261=ORIENTED_EDGE('',*,*,#923,.F.);
#262=ORIENTED_EDGE('',*,*,#924,.T.);
#263=ORIENTED_EDGE('',*,*,#925,.T.);
#264=ORIENTED_EDGE('',*,*,#926,.F.);
#265=ORIENTED_EDGE('',*,*,#927,.F.);
#266=ORIENTED_EDGE('',*,*,#928,.T.);
#267=ORIENTED_EDGE('',*,*,#929,.T.);
#268=ORIENTED_EDGE('',*,*,#930,.F.);
#269=ORIENTED_EDGE('',*,*,#931,.T.);
#270=ORIENTED_EDGE('',*,*,#932,.T.);
#271=ORIENTED_EDGE('',*,*,#933,.F.);
#272=ORIENTED_EDGE('',*,*,#934,.T.);
#273=ORIENTED_EDGE('',*,*,#935,.T.);
#274=ORIENTED_EDGE('',*,*,#936,.T.);
#275=ORIENTED_EDGE('',*,*,#937,.F.);
#276=ORIENTED_EDGE('',*,*,#938,.T.);
#277=ORIENTED_EDGE('',*,*,#939,.T.);
#278=ORIENTED_EDGE('',*,*,#771,.F.);
#279=ORIENTED_EDGE('',*,*,#940,.T.);
#280=ORIENTED_EDGE('',*,*,#941,.T.);
#281=ORIENTED_EDGE('',*,*,#942,.T.);
#282=ORIENTED_EDGE('',*,*,#865,.T.);
#283=ORIENTED_EDGE('',*,*,#943,.T.);
#284=ORIENTED_EDGE('',*,*,#944,.T.);
#285=ORIENTED_EDGE('',*,*,#945,.T.);
#286=ORIENTED_EDGE('',*,*,#863,.T.);
#287=ORIENTED_EDGE('',*,*,#946,.T.);
#288=ORIENTED_EDGE('',*,*,#947,.T.);
#289=ORIENTED_EDGE('',*,*,#948,.T.);
#290=ORIENTED_EDGE('',*,*,#869,.T.);
#291=ORIENTED_EDGE('',*,*,#949,.T.);
#292=ORIENTED_EDGE('',*,*,#950,.T.);
#293=ORIENTED_EDGE('',*,*,#951,.T.);
#294=ORIENTED_EDGE('',*,*,#867,.T.);
#295=ORIENTED_EDGE('',*,*,#952,.F.);
#296=ORIENTED_EDGE('',*,*,#953,.T.);
#297=ORIENTED_EDGE('',*,*,#901,.F.);
#298=ORIENTED_EDGE('',*,*,#954,.T.);
#299=ORIENTED_EDGE('',*,*,#861,.T.);
#300=ORIENTED_EDGE('',*,*,#874,.F.);
#301=ORIENTED_EDGE('',*,*,#955,.T.);
#302=ORIENTED_EDGE('',*,*,#956,.T.);
#303=ORIENTED_EDGE('',*,*,#850,.F.);
#304=ORIENTED_EDGE('',*,*,#957,.T.);
#305=ORIENTED_EDGE('',*,*,#958,.T.);
#306=ORIENTED_EDGE('',*,*,#959,.T.);
#307=ORIENTED_EDGE('',*,*,#852,.T.);
#308=ORIENTED_EDGE('',*,*,#960,.T.);
#309=ORIENTED_EDGE('',*,*,#961,.T.);
#310=ORIENTED_EDGE('',*,*,#962,.T.);
#311=ORIENTED_EDGE('',*,*,#854,.T.);
#312=ORIENTED_EDGE('',*,*,#889,.T.);
#313=ORIENTED_EDGE('',*,*,#963,.T.);
#314=ORIENTED_EDGE('',*,*,#964,.T.);
#315=ORIENTED_EDGE('',*,*,#856,.F.);
#316=ORIENTED_EDGE('',*,*,#965,.F.);
#317=ORIENTED_EDGE('',*,*,#964,.F.);
#318=ORIENTED_EDGE('',*,*,#966,.T.);
#319=ORIENTED_EDGE('',*,*,#967,.T.);
#320=ORIENTED_EDGE('',*,*,#857,.T.);
#321=ORIENTED_EDGE('',*,*,#968,.T.);
#322=ORIENTED_EDGE('',*,*,#969,.T.);
#323=ORIENTED_EDGE('',*,*,#952,.T.);
#324=ORIENTED_EDGE('',*,*,#860,.F.);
#325=ORIENTED_EDGE('',*,*,#757,.T.);
#326=ORIENTED_EDGE('',*,*,#970,.F.);
#327=ORIENTED_EDGE('',*,*,#971,.F.);
#328=ORIENTED_EDGE('',*,*,#972,.T.);
#329=ORIENTED_EDGE('',*,*,#756,.T.);
#330=ORIENTED_EDGE('',*,*,#973,.T.);
#331=ORIENTED_EDGE('',*,*,#974,.F.);
#332=ORIENTED_EDGE('',*,*,#970,.T.);
#333=ORIENTED_EDGE('',*,*,#759,.T.);
#334=ORIENTED_EDGE('',*,*,#975,.F.);
#335=ORIENTED_EDGE('',*,*,#976,.F.);
#336=ORIENTED_EDGE('',*,*,#775,.T.);
#337=ORIENTED_EDGE('',*,*,#758,.F.);
#338=ORIENTED_EDGE('',*,*,#972,.F.);
#339=ORIENTED_EDGE('',*,*,#977,.T.);
#340=ORIENTED_EDGE('',*,*,#975,.T.);
#341=ORIENTED_EDGE('',*,*,#971,.T.);
#342=ORIENTED_EDGE('',*,*,#974,.T.);
#343=ORIENTED_EDGE('',*,*,#978,.F.);
#344=ORIENTED_EDGE('',*,*,#773,.T.);
#345=ORIENTED_EDGE('',*,*,#979,.T.);
#346=ORIENTED_EDGE('',*,*,#776,.T.);
#347=ORIENTED_EDGE('',*,*,#976,.T.);
#348=ORIENTED_EDGE('',*,*,#977,.F.);
#349=ORIENTED_EDGE('',*,*,#980,.F.);
#350=ORIENTED_EDGE('',*,*,#752,.F.);
#351=ORIENTED_EDGE('',*,*,#981,.F.);
#352=ORIENTED_EDGE('',*,*,#982,.T.);
#353=ORIENTED_EDGE('',*,*,#751,.F.);
#354=ORIENTED_EDGE('',*,*,#983,.F.);
#355=ORIENTED_EDGE('',*,*,#984,.T.);
#356=ORIENTED_EDGE('',*,*,#981,.T.);
#357=ORIENTED_EDGE('',*,*,#750,.T.);
#358=ORIENTED_EDGE('',*,*,#985,.F.);
#359=ORIENTED_EDGE('',*,*,#986,.F.);
#360=ORIENTED_EDGE('',*,*,#983,.T.);
#361=ORIENTED_EDGE('',*,*,#749,.F.);
#362=ORIENTED_EDGE('',*,*,#779,.F.);
#363=ORIENTED_EDGE('',*,*,#987,.T.);
#364=ORIENTED_EDGE('',*,*,#985,.T.);
#365=ORIENTED_EDGE('',*,*,#982,.F.);
#366=ORIENTED_EDGE('',*,*,#984,.F.);
#367=ORIENTED_EDGE('',*,*,#986,.T.);
#368=ORIENTED_EDGE('',*,*,#987,.F.);
#369=ORIENTED_EDGE('',*,*,#778,.F.);
#370=ORIENTED_EDGE('',*,*,#988,.F.);
#371=ORIENTED_EDGE('',*,*,#782,.F.);
#372=ORIENTED_EDGE('',*,*,#989,.T.);
#373=ORIENTED_EDGE('',*,*,#909,.T.);
#374=ORIENTED_EDGE('',*,*,#990,.T.);
#375=ORIENTED_EDGE('',*,*,#839,.F.);
#376=ORIENTED_EDGE('',*,*,#991,.F.);
#377=ORIENTED_EDGE('',*,*,#991,.T.);
#378=ORIENTED_EDGE('',*,*,#838,.T.);
#379=ORIENTED_EDGE('',*,*,#992,.F.);
#380=ORIENTED_EDGE('',*,*,#910,.F.);
#381=ORIENTED_EDGE('',*,*,#992,.T.);
#382=ORIENTED_EDGE('',*,*,#842,.T.);
#383=ORIENTED_EDGE('',*,*,#993,.F.);
#384=ORIENTED_EDGE('',*,*,#911,.F.);
#385=ORIENTED_EDGE('',*,*,#912,.T.);
#386=ORIENTED_EDGE('',*,*,#993,.T.);
#387=ORIENTED_EDGE('',*,*,#841,.F.);
#388=ORIENTED_EDGE('',*,*,#994,.F.);
#389=ORIENTED_EDGE('',*,*,#913,.T.);
#390=ORIENTED_EDGE('',*,*,#994,.T.);
#391=ORIENTED_EDGE('',*,*,#840,.F.);
#392=ORIENTED_EDGE('',*,*,#990,.F.);
#393=ORIENTED_EDGE('',*,*,#914,.T.);
#394=ORIENTED_EDGE('',*,*,#995,.T.);
#395=ORIENTED_EDGE('',*,*,#835,.F.);
#396=ORIENTED_EDGE('',*,*,#996,.F.);
#397=ORIENTED_EDGE('',*,*,#996,.T.);
#398=ORIENTED_EDGE('',*,*,#834,.T.);
#399=ORIENTED_EDGE('',*,*,#997,.F.);
#400=ORIENTED_EDGE('',*,*,#915,.F.);
#401=ORIENTED_EDGE('',*,*,#916,.T.);
#402=ORIENTED_EDGE('',*,*,#997,.T.);
#403=ORIENTED_EDGE('',*,*,#837,.F.);
#404=ORIENTED_EDGE('',*,*,#998,.F.);
#405=ORIENTED_EDGE('',*,*,#917,.T.);
#406=ORIENTED_EDGE('',*,*,#998,.T.);
#407=ORIENTED_EDGE('',*,*,#836,.F.);
#408=ORIENTED_EDGE('',*,*,#995,.F.);
#409=ORIENTED_EDGE('',*,*,#862,.T.);
#410=ORIENTED_EDGE('',*,*,#999,.T.);
#411=ORIENTED_EDGE('',*,*,#832,.F.);
#412=ORIENTED_EDGE('',*,*,#1000,.F.);
#413=ORIENTED_EDGE('',*,*,#871,.T.);
#414=ORIENTED_EDGE('',*,*,#1000,.T.);
#415=ORIENTED_EDGE('',*,*,#831,.T.);
#416=ORIENTED_EDGE('',*,*,#1001,.F.);
#417=ORIENTED_EDGE('',*,*,#899,.F.);
#418=ORIENTED_EDGE('',*,*,#900,.T.);
#419=ORIENTED_EDGE('',*,*,#1001,.T.);
#420=ORIENTED_EDGE('',*,*,#833,.F.);
#421=ORIENTED_EDGE('',*,*,#999,.F.);
#422=ORIENTED_EDGE('',*,*,#954,.F.);
#423=ORIENTED_EDGE('',*,*,#905,.T.);
#424=ORIENTED_EDGE('',*,*,#1002,.T.);
#425=ORIENTED_EDGE('',*,*,#828,.F.);
#426=ORIENTED_EDGE('',*,*,#1003,.F.);
#427=ORIENTED_EDGE('',*,*,#1003,.T.);
#428=ORIENTED_EDGE('',*,*,#827,.T.);
#429=ORIENTED_EDGE('',*,*,#1004,.F.);
#430=ORIENTED_EDGE('',*,*,#906,.F.);
#431=ORIENTED_EDGE('',*,*,#907,.T.);
#432=ORIENTED_EDGE('',*,*,#1004,.T.);
#433=ORIENTED_EDGE('',*,*,#830,.F.);
#434=ORIENTED_EDGE('',*,*,#1005,.F.);
#435=ORIENTED_EDGE('',*,*,#908,.T.);
#436=ORIENTED_EDGE('',*,*,#1005,.T.);
#437=ORIENTED_EDGE('',*,*,#829,.F.);
#438=ORIENTED_EDGE('',*,*,#1002,.F.);
#439=ORIENTED_EDGE('',*,*,#918,.T.);
#440=ORIENTED_EDGE('',*,*,#1006,.T.);
#441=ORIENTED_EDGE('',*,*,#824,.F.);
#442=ORIENTED_EDGE('',*,*,#1007,.F.);
#443=ORIENTED_EDGE('',*,*,#1007,.T.);
#444=ORIENTED_EDGE('',*,*,#823,.T.);
#445=ORIENTED_EDGE('',*,*,#1008,.F.);
#446=ORIENTED_EDGE('',*,*,#919,.F.);
#447=ORIENTED_EDGE('',*,*,#920,.T.);
#448=ORIENTED_EDGE('',*,*,#1008,.T.);
#449=ORIENTED_EDGE('',*,*,#826,.F.);
#450=ORIENTED_EDGE('',*,*,#1009,.F.);
#451=ORIENTED_EDGE('',*,*,#921,.T.);
#452=ORIENTED_EDGE('',*,*,#1009,.T.);
#453=ORIENTED_EDGE('',*,*,#825,.F.);
#454=ORIENTED_EDGE('',*,*,#1006,.F.);
#455=ORIENTED_EDGE('',*,*,#962,.F.);
#456=ORIENTED_EDGE('',*,*,#1010,.T.);
#457=ORIENTED_EDGE('',*,*,#893,.T.);
#458=ORIENTED_EDGE('',*,*,#1011,.T.);
#459=ORIENTED_EDGE('',*,*,#819,.F.);
#460=ORIENTED_EDGE('',*,*,#1012,.F.);
#461=ORIENTED_EDGE('',*,*,#1012,.T.);
#462=ORIENTED_EDGE('',*,*,#818,.T.);
#463=ORIENTED_EDGE('',*,*,#1013,.F.);
#464=ORIENTED_EDGE('',*,*,#855,.F.);
#465=ORIENTED_EDGE('',*,*,#965,.T.);
#466=ORIENTED_EDGE('',*,*,#1013,.T.);
#467=ORIENTED_EDGE('',*,*,#822,.T.);
#468=ORIENTED_EDGE('',*,*,#1014,.F.);
#469=ORIENTED_EDGE('',*,*,#890,.F.);
#470=ORIENTED_EDGE('',*,*,#1014,.T.);
#471=ORIENTED_EDGE('',*,*,#821,.T.);
#472=ORIENTED_EDGE('',*,*,#1015,.F.);
#473=ORIENTED_EDGE('',*,*,#891,.F.);
#474=ORIENTED_EDGE('',*,*,#1015,.T.);
#475=ORIENTED_EDGE('',*,*,#820,.T.);
#476=ORIENTED_EDGE('',*,*,#1011,.F.);
#477=ORIENTED_EDGE('',*,*,#892,.F.);
#478=ORIENTED_EDGE('',*,*,#922,.T.);
#479=ORIENTED_EDGE('',*,*,#1016,.T.);
#480=ORIENTED_EDGE('',*,*,#815,.F.);
#481=ORIENTED_EDGE('',*,*,#1017,.F.);
#482=ORIENTED_EDGE('',*,*,#923,.T.);
#483=ORIENTED_EDGE('',*,*,#1017,.T.);
#484=ORIENTED_EDGE('',*,*,#814,.F.);
#485=ORIENTED_EDGE('',*,*,#1018,.F.);
#486=ORIENTED_EDGE('',*,*,#1018,.T.);
#487=ORIENTED_EDGE('',*,*,#817,.T.);
#488=ORIENTED_EDGE('',*,*,#1019,.F.);
#489=ORIENTED_EDGE('',*,*,#924,.F.);
#490=ORIENTED_EDGE('',*,*,#1019,.T.);
#491=ORIENTED_EDGE('',*,*,#816,.T.);
#492=ORIENTED_EDGE('',*,*,#1016,.F.);
#493=ORIENTED_EDGE('',*,*,#925,.F.);
#494=ORIENTED_EDGE('',*,*,#883,.T.);
#495=ORIENTED_EDGE('',*,*,#1020,.T.);
#496=ORIENTED_EDGE('',*,*,#811,.F.);
#497=ORIENTED_EDGE('',*,*,#1021,.F.);
#498=ORIENTED_EDGE('',*,*,#1021,.T.);
#499=ORIENTED_EDGE('',*,*,#810,.T.);
#500=ORIENTED_EDGE('',*,*,#1022,.F.);
#501=ORIENTED_EDGE('',*,*,#884,.F.);
#502=ORIENTED_EDGE('',*,*,#1022,.T.);
#503=ORIENTED_EDGE('',*,*,#813,.T.);
#504=ORIENTED_EDGE('',*,*,#1023,.F.);
#505=ORIENTED_EDGE('',*,*,#885,.F.);
#506=ORIENTED_EDGE('',*,*,#886,.T.);
#507=ORIENTED_EDGE('',*,*,#1023,.T.);
#508=ORIENTED_EDGE('',*,*,#812,.F.);
#509=ORIENTED_EDGE('',*,*,#1020,.F.);
#510=ORIENTED_EDGE('',*,*,#926,.T.);
#511=ORIENTED_EDGE('',*,*,#1024,.T.);
#512=ORIENTED_EDGE('',*,*,#807,.F.);
#513=ORIENTED_EDGE('',*,*,#1025,.F.);
#514=ORIENTED_EDGE('',*,*,#927,.T.);
#515=ORIENTED_EDGE('',*,*,#1025,.T.);
#516=ORIENTED_EDGE('',*,*,#806,.F.);
#517=ORIENTED_EDGE('',*,*,#1026,.F.);
#518=ORIENTED_EDGE('',*,*,#1026,.T.);
#519=ORIENTED_EDGE('',*,*,#809,.T.);
#520=ORIENTED_EDGE('',*,*,#1027,.F.);
#521=ORIENTED_EDGE('',*,*,#928,.F.);
#522=ORIENTED_EDGE('',*,*,#1027,.T.);
#523=ORIENTED_EDGE('',*,*,#808,.T.);
#524=ORIENTED_EDGE('',*,*,#1024,.F.);
#525=ORIENTED_EDGE('',*,*,#929,.F.);
#526=ORIENTED_EDGE('',*,*,#879,.T.);
#527=ORIENTED_EDGE('',*,*,#1028,.T.);
#528=ORIENTED_EDGE('',*,*,#803,.F.);
#529=ORIENTED_EDGE('',*,*,#1029,.F.);
#530=ORIENTED_EDGE('',*,*,#1029,.T.);
#531=ORIENTED_EDGE('',*,*,#802,.T.);
#532=ORIENTED_EDGE('',*,*,#1030,.F.);
#533=ORIENTED_EDGE('',*,*,#880,.F.);
#534=ORIENTED_EDGE('',*,*,#1030,.T.);
#535=ORIENTED_EDGE('',*,*,#805,.T.);
#536=ORIENTED_EDGE('',*,*,#1031,.F.);
#537=ORIENTED_EDGE('',*,*,#881,.F.);
#538=ORIENTED_EDGE('',*,*,#1031,.T.);
#539=ORIENTED_EDGE('',*,*,#804,.T.);
#540=ORIENTED_EDGE('',*,*,#1028,.F.);
#541=ORIENTED_EDGE('',*,*,#882,.F.);
#542=ORIENTED_EDGE('',*,*,#930,.T.);
#543=ORIENTED_EDGE('',*,*,#1032,.T.);
#544=ORIENTED_EDGE('',*,*,#800,.F.);
#545=ORIENTED_EDGE('',*,*,#1033,.F.);
#546=ORIENTED_EDGE('',*,*,#1033,.T.);
#547=ORIENTED_EDGE('',*,*,#799,.T.);
#548=ORIENTED_EDGE('',*,*,#1034,.F.);
#549=ORIENTED_EDGE('',*,*,#931,.F.);
#550=ORIENTED_EDGE('',*,*,#1034,.T.);
#551=ORIENTED_EDGE('',*,*,#801,.T.);
#552=ORIENTED_EDGE('',*,*,#1032,.F.);
#553=ORIENTED_EDGE('',*,*,#932,.F.);
#554=ORIENTED_EDGE('',*,*,#875,.T.);
#555=ORIENTED_EDGE('',*,*,#1035,.T.);
#556=ORIENTED_EDGE('',*,*,#796,.F.);
#557=ORIENTED_EDGE('',*,*,#1036,.F.);
#558=ORIENTED_EDGE('',*,*,#1036,.T.);
#559=ORIENTED_EDGE('',*,*,#795,.T.);
#560=ORIENTED_EDGE('',*,*,#1037,.F.);
#561=ORIENTED_EDGE('',*,*,#876,.F.);
#562=ORIENTED_EDGE('',*,*,#1037,.T.);
#563=ORIENTED_EDGE('',*,*,#798,.T.);
#564=ORIENTED_EDGE('',*,*,#1038,.F.);
#565=ORIENTED_EDGE('',*,*,#877,.F.);
#566=ORIENTED_EDGE('',*,*,#1038,.T.);
#567=ORIENTED_EDGE('',*,*,#797,.T.);
#568=ORIENTED_EDGE('',*,*,#1035,.F.);
#569=ORIENTED_EDGE('',*,*,#878,.F.);
#570=ORIENTED_EDGE('',*,*,#933,.T.);
#571=ORIENTED_EDGE('',*,*,#1039,.T.);
#572=ORIENTED_EDGE('',*,*,#792,.F.);
#573=ORIENTED_EDGE('',*,*,#1040,.F.);
#574=ORIENTED_EDGE('',*,*,#1040,.T.);
#575=ORIENTED_EDGE('',*,*,#791,.T.);
#576=ORIENTED_EDGE('',*,*,#1041,.F.);
#577=ORIENTED_EDGE('',*,*,#934,.F.);
#578=ORIENTED_EDGE('',*,*,#1041,.T.);
#579=ORIENTED_EDGE('',*,*,#794,.T.);
#580=ORIENTED_EDGE('',*,*,#1042,.F.);
#581=ORIENTED_EDGE('',*,*,#935,.F.);
#582=ORIENTED_EDGE('',*,*,#1042,.T.);
#583=ORIENTED_EDGE('',*,*,#793,.T.);
#584=ORIENTED_EDGE('',*,*,#1039,.F.);
#585=ORIENTED_EDGE('',*,*,#936,.F.);
#586=ORIENTED_EDGE('',*,*,#1043,.F.);
#587=ORIENTED_EDGE('',*,*,#844,.T.);
#588=ORIENTED_EDGE('',*,*,#848,.F.);
#589=ORIENTED_EDGE('',*,*,#1043,.T.);
#590=ORIENTED_EDGE('',*,*,#1044,.T.);
#591=ORIENTED_EDGE('',*,*,#843,.F.);
#592=ORIENTED_EDGE('',*,*,#1044,.F.);
#593=ORIENTED_EDGE('',*,*,#846,.T.);
#594=ORIENTED_EDGE('',*,*,#945,.F.);
#595=ORIENTED_EDGE('',*,*,#1045,.T.);
#596=ORIENTED_EDGE('',*,*,#940,.F.);
#597=ORIENTED_EDGE('',*,*,#864,.F.);
#598=ORIENTED_EDGE('',*,*,#948,.F.);
#599=ORIENTED_EDGE('',*,*,#1046,.T.);
#600=ORIENTED_EDGE('',*,*,#943,.F.);
#601=ORIENTED_EDGE('',*,*,#870,.F.);
#602=ORIENTED_EDGE('',*,*,#951,.F.);
#603=ORIENTED_EDGE('',*,*,#1047,.T.);
#604=ORIENTED_EDGE('',*,*,#946,.F.);
#605=ORIENTED_EDGE('',*,*,#868,.F.);
#606=ORIENTED_EDGE('',*,*,#942,.F.);
#607=ORIENTED_EDGE('',*,*,#1048,.T.);
#608=ORIENTED_EDGE('',*,*,#949,.F.);
#609=ORIENTED_EDGE('',*,*,#866,.F.);
#610=ORIENTED_EDGE('',*,*,#763,.F.);
#611=ORIENTED_EDGE('',*,*,#1049,.T.);
#612=ORIENTED_EDGE('',*,*,#968,.F.);
#613=ORIENTED_EDGE('',*,*,#859,.F.);
#614=ORIENTED_EDGE('',*,*,#967,.F.);
#615=ORIENTED_EDGE('',*,*,#1050,.T.);
#616=ORIENTED_EDGE('',*,*,#765,.F.);
#617=ORIENTED_EDGE('',*,*,#858,.F.);
#618=ORIENTED_EDGE('',*,*,#959,.F.);
#619=ORIENTED_EDGE('',*,*,#1051,.T.);
#620=ORIENTED_EDGE('',*,*,#960,.F.);
#621=ORIENTED_EDGE('',*,*,#853,.F.);
#622=ORIENTED_EDGE('',*,*,#956,.F.);
#623=ORIENTED_EDGE('',*,*,#1052,.T.);
#624=ORIENTED_EDGE('',*,*,#957,.F.);
#625=ORIENTED_EDGE('',*,*,#851,.F.);
#626=ORIENTED_EDGE('',*,*,#953,.F.);
#627=ORIENTED_EDGE('',*,*,#969,.F.);
#628=ORIENTED_EDGE('',*,*,#1053,.F.);
#629=ORIENTED_EDGE('',*,*,#902,.F.);
#630=ORIENTED_EDGE('',*,*,#1053,.T.);
#631=ORIENTED_EDGE('',*,*,#1049,.F.);
#632=ORIENTED_EDGE('',*,*,#1054,.F.);
#633=ORIENTED_EDGE('',*,*,#903,.F.);
#634=ORIENTED_EDGE('',*,*,#1054,.T.);
#635=ORIENTED_EDGE('',*,*,#762,.F.);
#636=ORIENTED_EDGE('',*,*,#1055,.T.);
#637=ORIENTED_EDGE('',*,*,#938,.F.);
#638=ORIENTED_EDGE('',*,*,#1056,.F.);
#639=ORIENTED_EDGE('',*,*,#754,.F.);
#640=ORIENTED_EDGE('',*,*,#1057,.T.);
#641=ORIENTED_EDGE('',*,*,#767,.F.);
#642=ORIENTED_EDGE('',*,*,#1058,.F.);
#643=ORIENTED_EDGE('',*,*,#746,.F.);
#644=ORIENTED_EDGE('',*,*,#1059,.F.);
#645=ORIENTED_EDGE('',*,*,#904,.F.);
#646=ORIENTED_EDGE('',*,*,#1059,.T.);
#647=ORIENTED_EDGE('',*,*,#1050,.F.);
#648=ORIENTED_EDGE('',*,*,#1060,.F.);
#649=ORIENTED_EDGE('',*,*,#887,.F.);
#650=ORIENTED_EDGE('',*,*,#1060,.T.);
#651=ORIENTED_EDGE('',*,*,#966,.F.);
#652=ORIENTED_EDGE('',*,*,#963,.F.);
#653=ORIENTED_EDGE('',*,*,#888,.F.);
#654=ORIENTED_EDGE('',*,*,#1010,.F.);
#655=ORIENTED_EDGE('',*,*,#961,.F.);
#656=ORIENTED_EDGE('',*,*,#1061,.F.);
#657=ORIENTED_EDGE('',*,*,#894,.F.);
#658=ORIENTED_EDGE('',*,*,#1061,.T.);
#659=ORIENTED_EDGE('',*,*,#1051,.F.);
#660=ORIENTED_EDGE('',*,*,#1062,.F.);
#661=ORIENTED_EDGE('',*,*,#895,.F.);
#662=ORIENTED_EDGE('',*,*,#1062,.T.);
#663=ORIENTED_EDGE('',*,*,#958,.F.);
#664=ORIENTED_EDGE('',*,*,#1063,.F.);
#665=ORIENTED_EDGE('',*,*,#896,.F.);
#666=ORIENTED_EDGE('',*,*,#1063,.T.);
#667=ORIENTED_EDGE('',*,*,#1052,.F.);
#668=ORIENTED_EDGE('',*,*,#1064,.F.);
#669=ORIENTED_EDGE('',*,*,#897,.F.);
#670=ORIENTED_EDGE('',*,*,#873,.F.);
#671=ORIENTED_EDGE('',*,*,#898,.F.);
#672=ORIENTED_EDGE('',*,*,#1064,.T.);
#673=ORIENTED_EDGE('',*,*,#955,.F.);
#674=ORIENTED_EDGE('',*,*,#1065,.F.);
#675=ORIENTED_EDGE('',*,*,#947,.F.);
#676=ORIENTED_EDGE('',*,*,#1066,.F.);
#677=ORIENTED_EDGE('',*,*,#788,.F.);
#678=ORIENTED_EDGE('',*,*,#1066,.T.);
#679=ORIENTED_EDGE('',*,*,#1047,.F.);
#680=ORIENTED_EDGE('',*,*,#1067,.F.);
#681=ORIENTED_EDGE('',*,*,#789,.F.);
#682=ORIENTED_EDGE('',*,*,#1065,.T.);
#683=ORIENTED_EDGE('',*,*,#787,.F.);
#684=ORIENTED_EDGE('',*,*,#1068,.F.);
#685=ORIENTED_EDGE('',*,*,#1046,.F.);
#686=ORIENTED_EDGE('',*,*,#1067,.T.);
#687=ORIENTED_EDGE('',*,*,#950,.F.);
#688=ORIENTED_EDGE('',*,*,#1069,.F.);
#689=ORIENTED_EDGE('',*,*,#790,.F.);
#690=ORIENTED_EDGE('',*,*,#1068,.T.);
#691=ORIENTED_EDGE('',*,*,#786,.F.);
#692=ORIENTED_EDGE('',*,*,#1070,.F.);
#693=ORIENTED_EDGE('',*,*,#944,.F.);
#694=ORIENTED_EDGE('',*,*,#1069,.T.);
#695=ORIENTED_EDGE('',*,*,#1048,.F.);
#696=ORIENTED_EDGE('',*,*,#1071,.F.);
#697=ORIENTED_EDGE('',*,*,#783,.F.);
#698=ORIENTED_EDGE('',*,*,#1070,.T.);
#699=ORIENTED_EDGE('',*,*,#785,.F.);
#700=ORIENTED_EDGE('',*,*,#1072,.F.);
#701=ORIENTED_EDGE('',*,*,#1045,.F.);
#702=ORIENTED_EDGE('',*,*,#1071,.T.);
#703=ORIENTED_EDGE('',*,*,#941,.F.);
#704=ORIENTED_EDGE('',*,*,#1072,.T.);
#705=ORIENTED_EDGE('',*,*,#784,.F.);
#706=ORIENTED_EDGE('',*,*,#753,.T.);
#707=ORIENTED_EDGE('',*,*,#980,.T.);
#708=ORIENTED_EDGE('',*,*,#1073,.F.);
#709=ORIENTED_EDGE('',*,*,#1074,.T.);
#710=ORIENTED_EDGE('',*,*,#781,.F.);
#711=ORIENTED_EDGE('',*,*,#768,.F.);
#712=ORIENTED_EDGE('',*,*,#1074,.F.);
#713=ORIENTED_EDGE('',*,*,#1057,.F.);
#714=ORIENTED_EDGE('',*,*,#1073,.T.);
#715=ORIENTED_EDGE('',*,*,#989,.F.);
#716=ORIENTED_EDGE('',*,*,#747,.F.);
#717=ORIENTED_EDGE('',*,*,#1075,.T.);
#718=ORIENTED_EDGE('',*,*,#777,.F.);
#719=ORIENTED_EDGE('',*,*,#1076,.F.);
#720=ORIENTED_EDGE('',*,*,#766,.T.);
#721=ORIENTED_EDGE('',*,*,#780,.T.);
#722=ORIENTED_EDGE('',*,*,#1076,.T.);
#723=ORIENTED_EDGE('',*,*,#988,.T.);
#724=ORIENTED_EDGE('',*,*,#1075,.F.);
#725=ORIENTED_EDGE('',*,*,#1058,.T.);
#726=ORIENTED_EDGE('',*,*,#761,.T.);
#727=ORIENTED_EDGE('',*,*,#774,.T.);
#728=ORIENTED_EDGE('',*,*,#1077,.F.);
#729=ORIENTED_EDGE('',*,*,#1078,.T.);
#730=ORIENTED_EDGE('',*,*,#772,.F.);
#731=ORIENTED_EDGE('',*,*,#939,.F.);
#732=ORIENTED_EDGE('',*,*,#1078,.F.);
#733=ORIENTED_EDGE('',*,*,#1055,.F.);
#734=ORIENTED_EDGE('',*,*,#1077,.T.);
#735=ORIENTED_EDGE('',*,*,#979,.F.);
#736=ORIENTED_EDGE('',*,*,#755,.F.);
#737=ORIENTED_EDGE('',*,*,#1079,.T.);
#738=ORIENTED_EDGE('',*,*,#973,.F.);
#739=ORIENTED_EDGE('',*,*,#1080,.F.);
#740=ORIENTED_EDGE('',*,*,#937,.T.);
#741=ORIENTED_EDGE('',*,*,#770,.T.);
#742=ORIENTED_EDGE('',*,*,#1080,.T.);
#743=ORIENTED_EDGE('',*,*,#978,.T.);
#744=ORIENTED_EDGE('',*,*,#1079,.F.);
#745=ORIENTED_EDGE('',*,*,#1056,.T.);
#746=EDGE_CURVE('',#1081,#1082,#1295,.T.);
#747=EDGE_CURVE('',#1082,#1083,#1296,.T.);
#748=EDGE_CURVE('',#1083,#1084,#1297,.T.);
#749=EDGE_CURVE('',#1084,#1085,#36,.T.);
#750=EDGE_CURVE('',#1086,#1085,#1298,.T.);
#751=EDGE_CURVE('',#1086,#1087,#37,.T.);
#752=EDGE_CURVE('',#1087,#1088,#1299,.T.);
#753=EDGE_CURVE('',#1089,#1088,#1300,.T.);
#754=EDGE_CURVE('',#1089,#1090,#1301,.T.);
#755=EDGE_CURVE('',#1090,#1091,#1302,.T.);
#756=EDGE_CURVE('',#1092,#1091,#1303,.T.);
#757=EDGE_CURVE('',#1093,#1092,#38,.T.);
#758=EDGE_CURVE('',#1093,#1094,#1304,.T.);
#759=EDGE_CURVE('',#1095,#1094,#39,.T.);
#760=EDGE_CURVE('',#1096,#1095,#1305,.T.);
#761=EDGE_CURVE('',#1097,#1096,#1306,.T.);
#762=EDGE_CURVE('',#1097,#1098,#1307,.T.);
#763=EDGE_CURVE('',#1098,#1099,#1308,.T.);
#764=EDGE_CURVE('',#1100,#1099,#1309,.T.);
#765=EDGE_CURVE('',#1100,#1081,#1310,.F.);
#766=EDGE_CURVE('',#1101,#1102,#1311,.T.);
#767=EDGE_CURVE('',#1101,#1103,#1312,.T.);
#768=EDGE_CURVE('',#1103,#1104,#1313,.T.);
#769=EDGE_CURVE('',#1104,#1102,#1314,.T.);
#770=EDGE_CURVE('',#1105,#1106,#1315,.T.);
#771=EDGE_CURVE('',#1105,#1107,#1316,.T.);
#772=EDGE_CURVE('',#1107,#1108,#1317,.T.);
#773=EDGE_CURVE('',#1106,#1108,#1318,.T.);
#774=EDGE_CURVE('',#1096,#1109,#1319,.T.);
#775=EDGE_CURVE('',#1110,#1095,#1320,.T.);
#776=EDGE_CURVE('',#1109,#1110,#1321,.T.);
#777=EDGE_CURVE('',#1083,#1111,#1322,.T.);
#778=EDGE_CURVE('',#1111,#1112,#1323,.T.);
#779=EDGE_CURVE('',#1112,#1084,#1324,.T.);
#780=EDGE_CURVE('',#1102,#1113,#1325,.T.);
#781=EDGE_CURVE('',#1104,#1114,#1326,.T.);
#782=EDGE_CURVE('',#1114,#1113,#1327,.T.);
#783=EDGE_CURVE('',#1115,#1116,#40,.T.);
#784=EDGE_CURVE('',#1116,#1117,#1328,.T.);
#785=EDGE_CURVE('',#1117,#1118,#41,.T.);
#786=EDGE_CURVE('',#1118,#1119,#1329,.T.);
#787=EDGE_CURVE('',#1119,#1120,#42,.T.);
#788=EDGE_CURVE('',#1120,#1121,#1330,.T.);
#789=EDGE_CURVE('',#1121,#1122,#43,.T.);
#790=EDGE_CURVE('',#1122,#1115,#1331,.T.);
#791=EDGE_CURVE('',#1123,#1124,#1332,.T.);
#792=EDGE_CURVE('',#1123,#1125,#1333,.T.);
#793=EDGE_CURVE('',#1126,#1125,#1334,.T.);
#794=EDGE_CURVE('',#1124,#1126,#1335,.T.);
#795=EDGE_CURVE('',#1127,#1128,#1336,.T.);
#796=EDGE_CURVE('',#1127,#1129,#1337,.T.);
#797=EDGE_CURVE('',#1130,#1129,#1338,.T.);
#798=EDGE_CURVE('',#1128,#1130,#1339,.T.);
#799=EDGE_CURVE('',#1131,#1132,#1340,.T.);
#800=EDGE_CURVE('',#1131,#1133,#1341,.T.);
#801=EDGE_CURVE('',#1132,#1133,#1342,.T.);
#802=EDGE_CURVE('',#1134,#1135,#1343,.T.);
#803=EDGE_CURVE('',#1134,#1136,#1344,.T.);
#804=EDGE_CURVE('',#1137,#1136,#1345,.T.);
#805=EDGE_CURVE('',#1135,#1137,#1346,.T.);
#806=EDGE_CURVE('',#1138,#1139,#1347,.T.);
#807=EDGE_CURVE('',#1139,#1140,#1348,.T.);
#808=EDGE_CURVE('',#1141,#1140,#1349,.T.);
#809=EDGE_CURVE('',#1138,#1141,#1350,.T.);
#810=EDGE_CURVE('',#1142,#1143,#1351,.T.);
#811=EDGE_CURVE('',#1142,#1144,#1352,.T.);
#812=EDGE_CURVE('',#1144,#1145,#1353,.T.);
#813=EDGE_CURVE('',#1143,#1145,#1354,.T.);
#814=EDGE_CURVE('',#1146,#1147,#1355,.T.);
#815=EDGE_CURVE('',#1147,#1148,#1356,.T.);
#816=EDGE_CURVE('',#1149,#1148,#1357,.T.);
#817=EDGE_CURVE('',#1146,#1149,#1358,.T.);
#818=EDGE_CURVE('',#1150,#1151,#1359,.T.);
#819=EDGE_CURVE('',#1150,#1152,#1360,.T.);
#820=EDGE_CURVE('',#1153,#1152,#1361,.T.);
#821=EDGE_CURVE('',#1154,#1153,#1362,.T.);
#822=EDGE_CURVE('',#1151,#1154,#1363,.T.);
#823=EDGE_CURVE('',#1155,#1156,#1364,.T.);
#824=EDGE_CURVE('',#1155,#1157,#1365,.T.);
#825=EDGE_CURVE('',#1157,#1158,#1366,.T.);
#826=EDGE_CURVE('',#1158,#1156,#1367,.T.);
#827=EDGE_CURVE('',#1159,#1160,#1368,.T.);
#828=EDGE_CURVE('',#1159,#1161,#1369,.T.);
#829=EDGE_CURVE('',#1161,#1162,#1370,.T.);
#830=EDGE_CURVE('',#1162,#1160,#1371,.T.);
#831=EDGE_CURVE('',#1163,#1164,#1372,.T.);
#832=EDGE_CURVE('',#1163,#1165,#1373,.T.);
#833=EDGE_CURVE('',#1165,#1164,#1374,.T.);
#834=EDGE_CURVE('',#1166,#1167,#1375,.T.);
#835=EDGE_CURVE('',#1166,#1168,#1376,.T.);
#836=EDGE_CURVE('',#1168,#1169,#1377,.T.);
#837=EDGE_CURVE('',#1169,#1167,#1378,.T.);
#838=EDGE_CURVE('',#1170,#1171,#1379,.T.);
#839=EDGE_CURVE('',#1170,#1172,#1380,.T.);
#840=EDGE_CURVE('',#1172,#1173,#1381,.T.);
#841=EDGE_CURVE('',#1173,#1174,#1382,.T.);
#842=EDGE_CURVE('',#1171,#1174,#1383,.T.);
#843=EDGE_CURVE('',#1175,#1175,#44,.T.);
#844=EDGE_CURVE('',#1176,#1176,#45,.T.);
#845=EDGE_CURVE('',#1177,#1177,#46,.F.);
#846=EDGE_CURVE('',#1178,#1178,#47,.T.);
#847=EDGE_CURVE('',#1179,#1179,#48,.T.);
#848=EDGE_CURVE('',#1180,#1180,#49,.T.);
#849=EDGE_CURVE('',#1181,#1182,#1384,.T.);
#850=EDGE_CURVE('',#1181,#1183,#1385,.T.);
#851=EDGE_CURVE('',#1183,#1184,#50,.T.);
#852=EDGE_CURVE('',#1185,#1184,#1386,.T.);
#853=EDGE_CURVE('',#1185,#1186,#51,.T.);
#854=EDGE_CURVE('',#1187,#1186,#1387,.T.);
#855=EDGE_CURVE('',#1187,#1188,#1388,.T.);
#856=EDGE_CURVE('',#1188,#1189,#1389,.T.);
#857=EDGE_CURVE('',#1190,#1189,#1390,.T.);
#858=EDGE_CURVE('',#1190,#1100,#52,.T.);
#859=EDGE_CURVE('',#1099,#1191,#53,.T.);
#860=EDGE_CURVE('',#1191,#1192,#1391,.T.);
#861=EDGE_CURVE('',#1193,#1192,#1392,.T.);
#862=EDGE_CURVE('',#1182,#1193,#1393,.T.);
#863=EDGE_CURVE('',#1194,#1195,#1394,.T.);
#864=EDGE_CURVE('',#1194,#1196,#54,.F.);
#865=EDGE_CURVE('',#1197,#1196,#1395,.T.);
#866=EDGE_CURVE('',#1197,#1198,#55,.F.);
#867=EDGE_CURVE('',#1199,#1198,#1396,.T.);
#868=EDGE_CURVE('',#1199,#1200,#56,.F.);
#869=EDGE_CURVE('',#1201,#1200,#1397,.T.);
#870=EDGE_CURVE('',#1201,#1195,#57,.F.);
#871=EDGE_CURVE('',#1202,#1182,#1398,.T.);
#872=EDGE_CURVE('',#1203,#1202,#1399,.T.);
#873=EDGE_CURVE('',#1203,#1204,#1400,.T.);
#874=EDGE_CURVE('',#1204,#1181,#1401,.T.);
#875=EDGE_CURVE('',#1205,#1206,#1402,.T.);
#876=EDGE_CURVE('',#1205,#1207,#1403,.T.);
#877=EDGE_CURVE('',#1207,#1208,#1404,.T.);
#878=EDGE_CURVE('',#1208,#1206,#1405,.T.);
#879=EDGE_CURVE('',#1209,#1210,#1406,.T.);
#880=EDGE_CURVE('',#1209,#1211,#1407,.T.);
#881=EDGE_CURVE('',#1211,#1212,#1408,.T.);
#882=EDGE_CURVE('',#1212,#1210,#1409,.T.);
#883=EDGE_CURVE('',#1213,#1214,#1410,.T.);
#884=EDGE_CURVE('',#1213,#1215,#1411,.T.);
#885=EDGE_CURVE('',#1215,#1216,#1412,.T.);
#886=EDGE_CURVE('',#1214,#1216,#1413,.T.);
#887=EDGE_CURVE('',#1217,#1218,#58,.F.);
#888=EDGE_CURVE('',#1218,#1219,#1414,.T.);
#889=EDGE_CURVE('',#1220,#1219,#1415,.T.);
#890=EDGE_CURVE('',#1220,#1221,#1416,.T.);
#891=EDGE_CURVE('',#1221,#1222,#1417,.T.);
#892=EDGE_CURVE('',#1222,#1223,#1418,.T.);
#893=EDGE_CURVE('',#1224,#1223,#1419,.T.);
#894=EDGE_CURVE('',#1224,#1225,#1420,.T.);
#895=EDGE_CURVE('',#1225,#1226,#59,.F.);
#896=EDGE_CURVE('',#1226,#1227,#1421,.T.);
#897=EDGE_CURVE('',#1227,#1228,#60,.F.);
#898=EDGE_CURVE('',#1228,#1203,#1422,.T.);
#899=EDGE_CURVE('',#1202,#1229,#1423,.T.);
#900=EDGE_CURVE('',#1230,#1229,#1424,.T.);
#901=EDGE_CURVE('',#1230,#1231,#1425,.T.);
#902=EDGE_CURVE('',#1231,#1232,#1426,.T.);
#903=EDGE_CURVE('',#1232,#1233,#61,.F.);
#904=EDGE_CURVE('',#1233,#1217,#1427,.T.);
#905=EDGE_CURVE('',#1234,#1235,#1428,.T.);
#906=EDGE_CURVE('',#1234,#1236,#1429,.T.);
#907=EDGE_CURVE('',#1237,#1236,#1430,.T.);
#908=EDGE_CURVE('',#1235,#1237,#1431,.T.);
#909=EDGE_CURVE('',#1238,#1239,#1432,.T.);
#910=EDGE_CURVE('',#1238,#1240,#1433,.T.);
#911=EDGE_CURVE('',#1240,#1241,#1434,.T.);
#912=EDGE_CURVE('',#1242,#1241,#1435,.T.);
#913=EDGE_CURVE('',#1239,#1242,#1436,.T.);
#914=EDGE_CURVE('',#1243,#1244,#1437,.T.);
#915=EDGE_CURVE('',#1243,#1245,#1438,.T.);
#916=EDGE_CURVE('',#1246,#1245,#1439,.T.);
#917=EDGE_CURVE('',#1244,#1246,#1440,.T.);
#918=EDGE_CURVE('',#1247,#1248,#1441,.T.);
#919=EDGE_CURVE('',#1247,#1249,#1442,.T.);
#920=EDGE_CURVE('',#1250,#1249,#1443,.T.);
#921=EDGE_CURVE('',#1248,#1250,#1444,.T.);
#922=EDGE_CURVE('',#1251,#1252,#1445,.T.);
#923=EDGE_CURVE('',#1253,#1251,#1446,.T.);
#924=EDGE_CURVE('',#1253,#1254,#1447,.T.);
#925=EDGE_CURVE('',#1254,#1252,#1448,.T.);
#926=EDGE_CURVE('',#1255,#1256,#1449,.T.);
#927=EDGE_CURVE('',#1257,#1255,#1450,.T.);
#928=EDGE_CURVE('',#1257,#1258,#1451,.T.);
#929=EDGE_CURVE('',#1258,#1256,#1452,.T.);
#930=EDGE_CURVE('',#1259,#1260,#1453,.T.);
#931=EDGE_CURVE('',#1259,#1261,#1454,.T.);
#932=EDGE_CURVE('',#1261,#1260,#1455,.T.);
#933=EDGE_CURVE('',#1262,#1263,#1456,.T.);
#934=EDGE_CURVE('',#1262,#1264,#1457,.T.);
#935=EDGE_CURVE('',#1264,#1265,#1458,.T.);
#936=EDGE_CURVE('',#1265,#1263,#1459,.T.);
#937=EDGE_CURVE('',#1266,#1105,#1460,.T.);
#938=EDGE_CURVE('',#1266,#1267,#1461,.T.);
#939=EDGE_CURVE('',#1267,#1107,#1462,.T.);
#940=EDGE_CURVE('',#1196,#1268,#1463,.T.);
#941=EDGE_CURVE('',#1268,#1269,#1464,.T.);
#942=EDGE_CURVE('',#1269,#1197,#1465,.F.);
#943=EDGE_CURVE('',#1195,#1270,#1466,.T.);
#944=EDGE_CURVE('',#1270,#1271,#1467,.T.);
#945=EDGE_CURVE('',#1271,#1194,#1468,.F.);
#946=EDGE_CURVE('',#1200,#1272,#1469,.T.);
#947=EDGE_CURVE('',#1272,#1273,#1470,.T.);
#948=EDGE_CURVE('',#1273,#1201,#1471,.F.);
#949=EDGE_CURVE('',#1198,#1274,#1472,.T.);
#950=EDGE_CURVE('',#1274,#1275,#1473,.T.);
#951=EDGE_CURVE('',#1275,#1199,#1474,.F.);
#952=EDGE_CURVE('',#1276,#1192,#1475,.T.);
#953=EDGE_CURVE('',#1276,#1231,#1476,.T.);
#954=EDGE_CURVE('',#1230,#1193,#1477,.T.);
#955=EDGE_CURVE('',#1204,#1277,#1478,.T.);
#956=EDGE_CURVE('',#1277,#1183,#1479,.T.);
#957=EDGE_CURVE('',#1184,#1278,#1480,.F.);
#958=EDGE_CURVE('',#1278,#1279,#1481,.T.);
#959=EDGE_CURVE('',#1279,#1185,#1482,.T.);
#960=EDGE_CURVE('',#1186,#1280,#1483,.F.);
#961=EDGE_CURVE('',#1280,#1281,#1484,.T.);
#962=EDGE_CURVE('',#1281,#1187,#1485,.T.);
#963=EDGE_CURVE('',#1219,#1282,#1486,.F.);
#964=EDGE_CURVE('',#1282,#1189,#1487,.T.);
#965=EDGE_CURVE('',#1220,#1188,#1488,.T.);
#966=EDGE_CURVE('',#1282,#1283,#1489,.T.);
#967=EDGE_CURVE('',#1283,#1190,#1490,.T.);
#968=EDGE_CURVE('',#1191,#1284,#1491,.F.);
#969=EDGE_CURVE('',#1284,#1276,#1492,.T.);
#970=EDGE_CURVE('',#1285,#1092,#1493,.T.);
#971=EDGE_CURVE('',#1286,#1285,#62,.T.);
#972=EDGE_CURVE('',#1286,#1093,#1494,.T.);
#973=EDGE_CURVE('',#1091,#1287,#1495,.T.);
#974=EDGE_CURVE('',#1285,#1287,#1496,.T.);
#975=EDGE_CURVE('',#1288,#1094,#1497,.T.);
#976=EDGE_CURVE('',#1110,#1288,#63,.T.);
#977=EDGE_CURVE('',#1286,#1288,#1498,.T.);
#978=EDGE_CURVE('',#1106,#1287,#1499,.T.);
#979=EDGE_CURVE('',#1108,#1109,#1500,.T.);
#980=EDGE_CURVE('',#1088,#1289,#1501,.T.);
#981=EDGE_CURVE('',#1290,#1087,#1502,.T.);
#982=EDGE_CURVE('',#1290,#1289,#1503,.T.);
#983=EDGE_CURVE('',#1291,#1086,#1504,.T.);
#984=EDGE_CURVE('',#1291,#1290,#64,.T.);
#985=EDGE_CURVE('',#1292,#1085,#1505,.T.);
#986=EDGE_CURVE('',#1291,#1292,#1506,.T.);
#987=EDGE_CURVE('',#1112,#1292,#65,.T.);
#988=EDGE_CURVE('',#1113,#1111,#1507,.T.);
#989=EDGE_CURVE('',#1114,#1289,#1508,.T.);
#990=EDGE_CURVE('',#1239,#1172,#1509,.T.);
#991=EDGE_CURVE('',#1238,#1170,#1510,.T.);
#992=EDGE_CURVE('',#1240,#1171,#1511,.T.);
#993=EDGE_CURVE('',#1241,#1174,#1512,.T.);
#994=EDGE_CURVE('',#1242,#1173,#1513,.T.);
#995=EDGE_CURVE('',#1244,#1168,#1514,.T.);
#996=EDGE_CURVE('',#1243,#1166,#1515,.T.);
#997=EDGE_CURVE('',#1245,#1167,#1516,.T.);
#998=EDGE_CURVE('',#1246,#1169,#1517,.T.);
#999=EDGE_CURVE('',#1193,#1165,#1518,.T.);
#1000=EDGE_CURVE('',#1182,#1163,#1519,.T.);
#1001=EDGE_CURVE('',#1229,#1164,#1520,.T.);
#1002=EDGE_CURVE('',#1235,#1161,#1521,.T.);
#1003=EDGE_CURVE('',#1234,#1159,#1522,.T.);
#1004=EDGE_CURVE('',#1236,#1160,#1523,.T.);
#1005=EDGE_CURVE('',#1237,#1162,#1524,.T.);
#1006=EDGE_CURVE('',#1248,#1157,#1525,.T.);
#1007=EDGE_CURVE('',#1247,#1155,#1526,.T.);
#1008=EDGE_CURVE('',#1249,#1156,#1527,.T.);
#1009=EDGE_CURVE('',#1250,#1158,#1528,.T.);
#1010=EDGE_CURVE('',#1281,#1224,#1529,.F.);
#1011=EDGE_CURVE('',#1223,#1152,#1530,.T.);
#1012=EDGE_CURVE('',#1187,#1150,#1531,.T.);
#1013=EDGE_CURVE('',#1188,#1151,#1532,.T.);
#1014=EDGE_CURVE('',#1221,#1154,#1533,.T.);
#1015=EDGE_CURVE('',#1222,#1153,#1534,.T.);
#1016=EDGE_CURVE('',#1252,#1148,#1535,.T.);
#1017=EDGE_CURVE('',#1251,#1147,#1536,.T.);
#1018=EDGE_CURVE('',#1253,#1146,#1537,.T.);
#1019=EDGE_CURVE('',#1254,#1149,#1538,.T.);
#1020=EDGE_CURVE('',#1214,#1144,#1539,.T.);
#1021=EDGE_CURVE('',#1213,#1142,#1540,.T.);
#1022=EDGE_CURVE('',#1215,#1143,#1541,.T.);
#1023=EDGE_CURVE('',#1216,#1145,#1542,.T.);
#1024=EDGE_CURVE('',#1256,#1140,#1543,.T.);
#1025=EDGE_CURVE('',#1255,#1139,#1544,.T.);
#1026=EDGE_CURVE('',#1257,#1138,#1545,.T.);
#1027=EDGE_CURVE('',#1258,#1141,#1546,.T.);
#1028=EDGE_CURVE('',#1210,#1136,#1547,.T.);
#1029=EDGE_CURVE('',#1209,#1134,#1548,.T.);
#1030=EDGE_CURVE('',#1211,#1135,#1549,.T.);
#1031=EDGE_CURVE('',#1212,#1137,#1550,.T.);
#1032=EDGE_CURVE('',#1260,#1133,#1551,.T.);
#1033=EDGE_CURVE('',#1259,#1131,#1552,.T.);
#1034=EDGE_CURVE('',#1261,#1132,#1553,.T.);
#1035=EDGE_CURVE('',#1206,#1129,#1554,.T.);
#1036=EDGE_CURVE('',#1205,#1127,#1555,.T.);
#1037=EDGE_CURVE('',#1207,#1128,#1556,.T.);
#1038=EDGE_CURVE('',#1208,#1130,#1557,.T.);
#1039=EDGE_CURVE('',#1263,#1125,#1558,.T.);
#1040=EDGE_CURVE('',#1262,#1123,#1559,.T.);
#1041=EDGE_CURVE('',#1264,#1124,#1560,.T.);
#1042=EDGE_CURVE('',#1265,#1126,#1561,.T.);
#1043=EDGE_CURVE('',#1293,#1293,#66,.T.);
#1044=EDGE_CURVE('',#1294,#1294,#67,.T.);
#1045=EDGE_CURVE('',#1271,#1268,#68,.F.);
#1046=EDGE_CURVE('',#1273,#1270,#69,.F.);
#1047=EDGE_CURVE('',#1275,#1272,#70,.F.);
#1048=EDGE_CURVE('',#1269,#1274,#71,.F.);
#1049=EDGE_CURVE('',#1098,#1284,#72,.T.);
#1050=EDGE_CURVE('',#1283,#1081,#73,.T.);
#1051=EDGE_CURVE('',#1279,#1280,#74,.T.);
#1052=EDGE_CURVE('',#1277,#1278,#75,.T.);
#1053=EDGE_CURVE('',#1232,#1284,#1562,.T.);
#1054=EDGE_CURVE('',#1233,#1098,#1563,.T.);
#1055=EDGE_CURVE('',#1097,#1267,#1564,.T.);
#1056=EDGE_CURVE('',#1090,#1266,#1565,.T.);
#1057=EDGE_CURVE('',#1089,#1103,#1566,.T.);
#1058=EDGE_CURVE('',#1082,#1101,#1567,.T.);
#1059=EDGE_CURVE('',#1217,#1081,#1568,.T.);
#1060=EDGE_CURVE('',#1218,#1283,#1569,.T.);
#1061=EDGE_CURVE('',#1225,#1280,#1570,.T.);
#1062=EDGE_CURVE('',#1226,#1279,#1571,.T.);
#1063=EDGE_CURVE('',#1227,#1278,#1572,.T.);
#1064=EDGE_CURVE('',#1228,#1277,#1573,.T.);
#1065=EDGE_CURVE('',#1273,#1120,#1574,.T.);
#1066=EDGE_CURVE('',#1121,#1272,#1575,.T.);
#1067=EDGE_CURVE('',#1122,#1275,#1576,.T.);
#1068=EDGE_CURVE('',#1270,#1119,#1577,.T.);
#1069=EDGE_CURVE('',#1115,#1274,#1578,.T.);
#1070=EDGE_CURVE('',#1271,#1118,#1579,.T.);
#1071=EDGE_CURVE('',#1116,#1269,#1580,.T.);
#1072=EDGE_CURVE('',#1268,#1117,#1581,.T.);
#1073=EDGE_CURVE('',#1089,#1289,#1582,.T.);
#1074=EDGE_CURVE('',#1103,#1114,#1583,.T.);
#1075=EDGE_CURVE('',#1082,#1111,#1584,.T.);
#1076=EDGE_CURVE('',#1101,#1113,#1585,.T.);
#1077=EDGE_CURVE('',#1097,#1109,#1586,.T.);
#1078=EDGE_CURVE('',#1267,#1108,#1587,.T.);
#1079=EDGE_CURVE('',#1090,#1287,#1588,.T.);
#1080=EDGE_CURVE('',#1266,#1106,#1589,.T.);
#1081=VERTEX_POINT('',#3260);
#1082=VERTEX_POINT('',#3261);
#1083=VERTEX_POINT('',#3263);
#1084=VERTEX_POINT('',#3265);
#1085=VERTEX_POINT('',#3267);
#1086=VERTEX_POINT('',#3269);
#1087=VERTEX_POINT('',#3271);
#1088=VERTEX_POINT('',#3273);
#1089=VERTEX_POINT('',#3275);
#1090=VERTEX_POINT('',#3277);
#1091=VERTEX_POINT('',#3279);
#1092=VERTEX_POINT('',#3281);
#1093=VERTEX_POINT('',#3283);
#1094=VERTEX_POINT('',#3285);
#1095=VERTEX_POINT('',#3287);
#1096=VERTEX_POINT('',#3289);
#1097=VERTEX_POINT('',#3291);
#1098=VERTEX_POINT('',#3293);
#1099=VERTEX_POINT('',#3295);
#1100=VERTEX_POINT('',#3297);
#1101=VERTEX_POINT('',#3301);
#1102=VERTEX_POINT('',#3302);
#1103=VERTEX_POINT('',#3304);
#1104=VERTEX_POINT('',#3306);
#1105=VERTEX_POINT('',#3310);
#1106=VERTEX_POINT('',#3311);
#1107=VERTEX_POINT('',#3313);
#1108=VERTEX_POINT('',#3315);
#1109=VERTEX_POINT('',#3319);
#1110=VERTEX_POINT('',#3321);
#1111=VERTEX_POINT('',#3325);
#1112=VERTEX_POINT('',#3327);
#1113=VERTEX_POINT('',#3331);
#1114=VERTEX_POINT('',#3333);
#1115=VERTEX_POINT('',#3337);
#1116=VERTEX_POINT('',#3338);
#1117=VERTEX_POINT('',#3340);
#1118=VERTEX_POINT('',#3342);
#1119=VERTEX_POINT('',#3344);
#1120=VERTEX_POINT('',#3346);
#1121=VERTEX_POINT('',#3348);
#1122=VERTEX_POINT('',#3350);
#1123=VERTEX_POINT('',#3353);
#1124=VERTEX_POINT('',#3354);
#1125=VERTEX_POINT('',#3356);
#1126=VERTEX_POINT('',#3358);
#1127=VERTEX_POINT('',#3361);
#1128=VERTEX_POINT('',#3362);
#1129=VERTEX_POINT('',#3364);
#1130=VERTEX_POINT('',#3366);
#1131=VERTEX_POINT('',#3369);
#1132=VERTEX_POINT('',#3370);
#1133=VERTEX_POINT('',#3372);
#1134=VERTEX_POINT('',#3375);
#1135=VERTEX_POINT('',#3376);
#1136=VERTEX_POINT('',#3378);
#1137=VERTEX_POINT('',#3380);
#1138=VERTEX_POINT('',#3383);
#1139=VERTEX_POINT('',#3384);
#1140=VERTEX_POINT('',#3386);
#1141=VERTEX_POINT('',#3388);
#1142=VERTEX_POINT('',#3391);
#1143=VERTEX_POINT('',#3392);
#1144=VERTEX_POINT('',#3394);
#1145=VERTEX_POINT('',#3396);
#1146=VERTEX_POINT('',#3399);
#1147=VERTEX_POINT('',#3400);
#1148=VERTEX_POINT('',#3402);
#1149=VERTEX_POINT('',#3404);
#1150=VERTEX_POINT('',#3407);
#1151=VERTEX_POINT('',#3408);
#1152=VERTEX_POINT('',#3410);
#1153=VERTEX_POINT('',#3412);
#1154=VERTEX_POINT('',#3414);
#1155=VERTEX_POINT('',#3417);
#1156=VERTEX_POINT('',#3418);
#1157=VERTEX_POINT('',#3420);
#1158=VERTEX_POINT('',#3422);
#1159=VERTEX_POINT('',#3425);
#1160=VERTEX_POINT('',#3426);
#1161=VERTEX_POINT('',#3428);
#1162=VERTEX_POINT('',#3430);
#1163=VERTEX_POINT('',#3433);
#1164=VERTEX_POINT('',#3434);
#1165=VERTEX_POINT('',#3436);
#1166=VERTEX_POINT('',#3439);
#1167=VERTEX_POINT('',#3440);
#1168=VERTEX_POINT('',#3442);
#1169=VERTEX_POINT('',#3444);
#1170=VERTEX_POINT('',#3447);
#1171=VERTEX_POINT('',#3448);
#1172=VERTEX_POINT('',#3450);
#1173=VERTEX_POINT('',#3452);
#1174=VERTEX_POINT('',#3454);
#1175=VERTEX_POINT('',#3457);
#1176=VERTEX_POINT('',#3459);
#1177=VERTEX_POINT('',#3462);
#1178=VERTEX_POINT('',#3464);
#1179=VERTEX_POINT('',#3467);
#1180=VERTEX_POINT('',#3469);
#1181=VERTEX_POINT('',#3472);
#1182=VERTEX_POINT('',#3473);
#1183=VERTEX_POINT('',#3475);
#1184=VERTEX_POINT('',#3477);
#1185=VERTEX_POINT('',#3479);
#1186=VERTEX_POINT('',#3481);
#1187=VERTEX_POINT('',#3483);
#1188=VERTEX_POINT('',#3485);
#1189=VERTEX_POINT('',#3487);
#1190=VERTEX_POINT('',#3489);
#1191=VERTEX_POINT('',#3492);
#1192=VERTEX_POINT('',#3494);
#1193=VERTEX_POINT('',#3496);
#1194=VERTEX_POINT('',#3499);
#1195=VERTEX_POINT('',#3500);
#1196=VERTEX_POINT('',#3502);
#1197=VERTEX_POINT('',#3504);
#1198=VERTEX_POINT('',#3506);
#1199=VERTEX_POINT('',#3508);
#1200=VERTEX_POINT('',#3510);
#1201=VERTEX_POINT('',#3512);
#1202=VERTEX_POINT('',#3516);
#1203=VERTEX_POINT('',#3518);
#1204=VERTEX_POINT('',#3520);
#1205=VERTEX_POINT('',#3524);
#1206=VERTEX_POINT('',#3525);
#1207=VERTEX_POINT('',#3527);
#1208=VERTEX_POINT('',#3529);
#1209=VERTEX_POINT('',#3532);
#1210=VERTEX_POINT('',#3533);
#1211=VERTEX_POINT('',#3535);
#1212=VERTEX_POINT('',#3537);
#1213=VERTEX_POINT('',#3540);
#1214=VERTEX_POINT('',#3541);
#1215=VERTEX_POINT('',#3543);
#1216=VERTEX_POINT('',#3545);
#1217=VERTEX_POINT('',#3548);
#1218=VERTEX_POINT('',#3549);
#1219=VERTEX_POINT('',#3551);
#1220=VERTEX_POINT('',#3553);
#1221=VERTEX_POINT('',#3555);
#1222=VERTEX_POINT('',#3557);
#1223=VERTEX_POINT('',#3559);
#1224=VERTEX_POINT('',#3561);
#1225=VERTEX_POINT('',#3563);
#1226=VERTEX_POINT('',#3565);
#1227=VERTEX_POINT('',#3567);
#1228=VERTEX_POINT('',#3569);
#1229=VERTEX_POINT('',#3572);
#1230=VERTEX_POINT('',#3574);
#1231=VERTEX_POINT('',#3576);
#1232=VERTEX_POINT('',#3578);
#1233=VERTEX_POINT('',#3580);
#1234=VERTEX_POINT('',#3583);
#1235=VERTEX_POINT('',#3584);
#1236=VERTEX_POINT('',#3586);
#1237=VERTEX_POINT('',#3588);
#1238=VERTEX_POINT('',#3591);
#1239=VERTEX_POINT('',#3592);
#1240=VERTEX_POINT('',#3594);
#1241=VERTEX_POINT('',#3596);
#1242=VERTEX_POINT('',#3598);
#1243=VERTEX_POINT('',#3601);
#1244=VERTEX_POINT('',#3602);
#1245=VERTEX_POINT('',#3604);
#1246=VERTEX_POINT('',#3606);
#1247=VERTEX_POINT('',#3609);
#1248=VERTEX_POINT('',#3610);
#1249=VERTEX_POINT('',#3612);
#1250=VERTEX_POINT('',#3614);
#1251=VERTEX_POINT('',#3617);
#1252=VERTEX_POINT('',#3618);
#1253=VERTEX_POINT('',#3620);
#1254=VERTEX_POINT('',#3622);
#1255=VERTEX_POINT('',#3625);
#1256=VERTEX_POINT('',#3626);
#1257=VERTEX_POINT('',#3628);
#1258=VERTEX_POINT('',#3630);
#1259=VERTEX_POINT('',#3633);
#1260=VERTEX_POINT('',#3634);
#1261=VERTEX_POINT('',#3636);
#1262=VERTEX_POINT('',#3639);
#1263=VERTEX_POINT('',#3640);
#1264=VERTEX_POINT('',#3642);
#1265=VERTEX_POINT('',#3644);
#1266=VERTEX_POINT('',#3648);
#1267=VERTEX_POINT('',#3650);
#1268=VERTEX_POINT('',#3654);
#1269=VERTEX_POINT('',#3656);
#1270=VERTEX_POINT('',#3660);
#1271=VERTEX_POINT('',#3662);
#1272=VERTEX_POINT('',#3666);
#1273=VERTEX_POINT('',#3668);
#1274=VERTEX_POINT('',#3672);
#1275=VERTEX_POINT('',#3674);
#1276=VERTEX_POINT('',#3678);
#1277=VERTEX_POINT('',#3683);
#1278=VERTEX_POINT('',#3687);
#1279=VERTEX_POINT('',#3689);
#1280=VERTEX_POINT('',#3693);
#1281=VERTEX_POINT('',#3695);
#1282=VERTEX_POINT('',#3699);
#1283=VERTEX_POINT('',#3704);
#1284=VERTEX_POINT('',#3708);
#1285=VERTEX_POINT('',#3712);
#1286=VERTEX_POINT('',#3714);
#1287=VERTEX_POINT('',#3718);
#1288=VERTEX_POINT('',#3722);
#1289=VERTEX_POINT('',#3731);
#1290=VERTEX_POINT('',#3733);
#1291=VERTEX_POINT('',#3737);
#1292=VERTEX_POINT('',#3741);
#1293=VERTEX_POINT('',#3855);
#1294=VERTEX_POINT('',#3859);
#1295=LINE('',#3259,#1590);
#1296=LINE('',#3262,#1591);
#1297=LINE('',#3264,#1592);
#1298=LINE('',#3268,#1593);
#1299=LINE('',#3272,#1594);
#1300=LINE('',#3274,#1595);
#1301=LINE('',#3276,#1596);
#1302=LINE('',#3278,#1597);
#1303=LINE('',#3280,#1598);
#1304=LINE('',#3284,#1599);
#1305=LINE('',#3288,#1600);
#1306=LINE('',#3290,#1601);
#1307=LINE('',#3292,#1602);
#1308=LINE('',#3294,#1603);
#1309=LINE('',#3296,#1604);
#1310=LINE('',#3298,#1605);
#1311=LINE('',#3300,#1606);
#1312=LINE('',#3303,#1607);
#1313=LINE('',#3305,#1608);
#1314=LINE('',#3307,#1609);
#1315=LINE('',#3309,#1610);
#1316=LINE('',#3312,#1611);
#1317=LINE('',#3314,#1612);
#1318=LINE('',#3316,#1613);
#1319=LINE('',#3318,#1614);
#1320=LINE('',#3320,#1615);
#1321=LINE('',#3322,#1616);
#1322=LINE('',#3324,#1617);
#1323=LINE('',#3326,#1618);
#1324=LINE('',#3328,#1619);
#1325=LINE('',#3330,#1620);
#1326=LINE('',#3332,#1621);
#1327=LINE('',#3334,#1622);
#1328=LINE('',#3339,#1623);
#1329=LINE('',#3343,#1624);
#1330=LINE('',#3347,#1625);
#1331=LINE('',#3351,#1626);
#1332=LINE('',#3352,#1627);
#1333=LINE('',#3355,#1628);
#1334=LINE('',#3357,#1629);
#1335=LINE('',#3359,#1630);
#1336=LINE('',#3360,#1631);
#1337=LINE('',#3363,#1632);
#1338=LINE('',#3365,#1633);
#1339=LINE('',#3367,#1634);
#1340=LINE('',#3368,#1635);
#1341=LINE('',#3371,#1636);
#1342=LINE('',#3373,#1637);
#1343=LINE('',#3374,#1638);
#1344=LINE('',#3377,#1639);
#1345=LINE('',#3379,#1640);
#1346=LINE('',#3381,#1641);
#1347=LINE('',#3382,#1642);
#1348=LINE('',#3385,#1643);
#1349=LINE('',#3387,#1644);
#1350=LINE('',#3389,#1645);
#1351=LINE('',#3390,#1646);
#1352=LINE('',#3393,#1647);
#1353=LINE('',#3395,#1648);
#1354=LINE('',#3397,#1649);
#1355=LINE('',#3398,#1650);
#1356=LINE('',#3401,#1651);
#1357=LINE('',#3403,#1652);
#1358=LINE('',#3405,#1653);
#1359=LINE('',#3406,#1654);
#1360=LINE('',#3409,#1655);
#1361=LINE('',#3411,#1656);
#1362=LINE('',#3413,#1657);
#1363=LINE('',#3415,#1658);
#1364=LINE('',#3416,#1659);
#1365=LINE('',#3419,#1660);
#1366=LINE('',#3421,#1661);
#1367=LINE('',#3423,#1662);
#1368=LINE('',#3424,#1663);
#1369=LINE('',#3427,#1664);
#1370=LINE('',#3429,#1665);
#1371=LINE('',#3431,#1666);
#1372=LINE('',#3432,#1667);
#1373=LINE('',#3435,#1668);
#1374=LINE('',#3437,#1669);
#1375=LINE('',#3438,#1670);
#1376=LINE('',#3441,#1671);
#1377=LINE('',#3443,#1672);
#1378=LINE('',#3445,#1673);
#1379=LINE('',#3446,#1674);
#1380=LINE('',#3449,#1675);
#1381=LINE('',#3451,#1676);
#1382=LINE('',#3453,#1677);
#1383=LINE('',#3455,#1678);
#1384=LINE('',#3471,#1679);
#1385=LINE('',#3474,#1680);
#1386=LINE('',#3478,#1681);
#1387=LINE('',#3482,#1682);
#1388=LINE('',#3484,#1683);
#1389=LINE('',#3486,#1684);
#1390=LINE('',#3488,#1685);
#1391=LINE('',#3493,#1686);
#1392=LINE('',#3495,#1687);
#1393=LINE('',#3497,#1688);
#1394=LINE('',#3498,#1689);
#1395=LINE('',#3503,#1690);
#1396=LINE('',#3507,#1691);
#1397=LINE('',#3511,#1692);
#1398=LINE('',#3515,#1693);
#1399=LINE('',#3517,#1694);
#1400=LINE('',#3519,#1695);
#1401=LINE('',#3521,#1696);
#1402=LINE('',#3523,#1697);
#1403=LINE('',#3526,#1698);
#1404=LINE('',#3528,#1699);
#1405=LINE('',#3530,#1700);
#1406=LINE('',#3531,#1701);
#1407=LINE('',#3534,#1702);
#1408=LINE('',#3536,#1703);
#1409=LINE('',#3538,#1704);
#1410=LINE('',#3539,#1705);
#1411=LINE('',#3542,#1706);
#1412=LINE('',#3544,#1707);
#1413=LINE('',#3546,#1708);
#1414=LINE('',#3550,#1709);
#1415=LINE('',#3552,#1710);
#1416=LINE('',#3554,#1711);
#1417=LINE('',#3556,#1712);
#1418=LINE('',#3558,#1713);
#1419=LINE('',#3560,#1714);
#1420=LINE('',#3562,#1715);
#1421=LINE('',#3566,#1716);
#1422=LINE('',#3570,#1717);
#1423=LINE('',#3571,#1718);
#1424=LINE('',#3573,#1719);
#1425=LINE('',#3575,#1720);
#1426=LINE('',#3577,#1721);
#1427=LINE('',#3581,#1722);
#1428=LINE('',#3582,#1723);
#1429=LINE('',#3585,#1724);
#1430=LINE('',#3587,#1725);
#1431=LINE('',#3589,#1726);
#1432=LINE('',#3590,#1727);
#1433=LINE('',#3593,#1728);
#1434=LINE('',#3595,#1729);
#1435=LINE('',#3597,#1730);
#1436=LINE('',#3599,#1731);
#1437=LINE('',#3600,#1732);
#1438=LINE('',#3603,#1733);
#1439=LINE('',#3605,#1734);
#1440=LINE('',#3607,#1735);
#1441=LINE('',#3608,#1736);
#1442=LINE('',#3611,#1737);
#1443=LINE('',#3613,#1738);
#1444=LINE('',#3615,#1739);
#1445=LINE('',#3616,#1740);
#1446=LINE('',#3619,#1741);
#1447=LINE('',#3621,#1742);
#1448=LINE('',#3623,#1743);
#1449=LINE('',#3624,#1744);
#1450=LINE('',#3627,#1745);
#1451=LINE('',#3629,#1746);
#1452=LINE('',#3631,#1747);
#1453=LINE('',#3632,#1748);
#1454=LINE('',#3635,#1749);
#1455=LINE('',#3637,#1750);
#1456=LINE('',#3638,#1751);
#1457=LINE('',#3641,#1752);
#1458=LINE('',#3643,#1753);
#1459=LINE('',#3645,#1754);
#1460=LINE('',#3647,#1755);
#1461=LINE('',#3649,#1756);
#1462=LINE('',#3651,#1757);
#1463=LINE('',#3653,#1758);
#1464=LINE('',#3655,#1759);
#1465=LINE('',#3657,#1760);
#1466=LINE('',#3659,#1761);
#1467=LINE('',#3661,#1762);
#1468=LINE('',#3663,#1763);
#1469=LINE('',#3665,#1764);
#1470=LINE('',#3667,#1765);
#1471=LINE('',#3669,#1766);
#1472=LINE('',#3671,#1767);
#1473=LINE('',#3673,#1768);
#1474=LINE('',#3675,#1769);
#1475=LINE('',#3677,#1770);
#1476=LINE('',#3679,#1771);
#1477=LINE('',#3680,#1772);
#1478=LINE('',#3682,#1773);
#1479=LINE('',#3684,#1774);
#1480=LINE('',#3686,#1775);
#1481=LINE('',#3688,#1776);
#1482=LINE('',#3690,#1777);
#1483=LINE('',#3692,#1778);
#1484=LINE('',#3694,#1779);
#1485=LINE('',#3696,#1780);
#1486=LINE('',#3698,#1781);
#1487=LINE('',#3700,#1782);
#1488=LINE('',#3701,#1783);
#1489=LINE('',#3703,#1784);
#1490=LINE('',#3705,#1785);
#1491=LINE('',#3707,#1786);
#1492=LINE('',#3709,#1787);
#1493=LINE('',#3711,#1788);
#1494=LINE('',#3715,#1789);
#1495=LINE('',#3717,#1790);
#1496=LINE('',#3719,#1791);
#1497=LINE('',#3721,#1792);
#1498=LINE('',#3725,#1793);
#1499=LINE('',#3727,#1794);
#1500=LINE('',#3728,#1795);
#1501=LINE('',#3730,#1796);
#1502=LINE('',#3732,#1797);
#1503=LINE('',#3734,#1798);
#1504=LINE('',#3736,#1799);
#1505=LINE('',#3740,#1800);
#1506=LINE('',#3742,#1801);
#1507=LINE('',#3746,#1802);
#1508=LINE('',#3747,#1803);
#1509=LINE('',#3749,#1804);
#1510=LINE('',#3750,#1805);
#1511=LINE('',#3752,#1806);
#1512=LINE('',#3754,#1807);
#1513=LINE('',#3756,#1808);
#1514=LINE('',#3759,#1809);
#1515=LINE('',#3760,#1810);
#1516=LINE('',#3762,#1811);
#1517=LINE('',#3764,#1812);
#1518=LINE('',#3767,#1813);
#1519=LINE('',#3768,#1814);
#1520=LINE('',#3770,#1815);
#1521=LINE('',#3773,#1816);
#1522=LINE('',#3774,#1817);
#1523=LINE('',#3776,#1818);
#1524=LINE('',#3778,#1819);
#1525=LINE('',#3781,#1820);
#1526=LINE('',#3782,#1821);
#1527=LINE('',#3784,#1822);
#1528=LINE('',#3786,#1823);
#1529=LINE('',#3789,#1824);
#1530=LINE('',#3790,#1825);
#1531=LINE('',#3791,#1826);
#1532=LINE('',#3793,#1827);
#1533=LINE('',#3795,#1828);
#1534=LINE('',#3797,#1829);
#1535=LINE('',#3800,#1830);
#1536=LINE('',#3801,#1831);
#1537=LINE('',#3803,#1832);
#1538=LINE('',#3805,#1833);
#1539=LINE('',#3808,#1834);
#1540=LINE('',#3809,#1835);
#1541=LINE('',#3811,#1836);
#1542=LINE('',#3813,#1837);
#1543=LINE('',#3816,#1838);
#1544=LINE('',#3817,#1839);
#1545=LINE('',#3819,#1840);
#1546=LINE('',#3821,#1841);
#1547=LINE('',#3824,#1842);
#1548=LINE('',#3825,#1843);
#1549=LINE('',#3827,#1844);
#1550=LINE('',#3829,#1845);
#1551=LINE('',#3832,#1846);
#1552=LINE('',#3833,#1847);
#1553=LINE('',#3835,#1848);
#1554=LINE('',#3838,#1849);
#1555=LINE('',#3839,#1850);
#1556=LINE('',#3841,#1851);
#1557=LINE('',#3843,#1852);
#1558=LINE('',#3846,#1853);
#1559=LINE('',#3847,#1854);
#1560=LINE('',#3849,#1855);
#1561=LINE('',#3851,#1856);
#1562=LINE('',#3878,#1857);
#1563=LINE('',#3880,#1858);
#1564=LINE('',#3882,#1859);
#1565=LINE('',#3883,#1860);
#1566=LINE('',#3884,#1861);
#1567=LINE('',#3885,#1862);
#1568=LINE('',#3886,#1863);
#1569=LINE('',#3888,#1864);
#1570=LINE('',#3891,#1865);
#1571=LINE('',#3893,#1866);
#1572=LINE('',#3895,#1867);
#1573=LINE('',#3897,#1868);
#1574=LINE('',#3900,#1869);
#1575=LINE('',#3901,#1870);
#1576=LINE('',#3903,#1871);
#1577=LINE('',#3905,#1872);
#1578=LINE('',#3907,#1873);
#1579=LINE('',#3909,#1874);
#1580=LINE('',#3911,#1875);
#1581=LINE('',#3913,#1876);
#1582=LINE('',#3916,#1877);
#1583=LINE('',#3918,#1878);
#1584=LINE('',#3921,#1879);
#1585=LINE('',#3923,#1880);
#1586=LINE('',#3926,#1881);
#1587=LINE('',#3928,#1882);
#1588=LINE('',#3931,#1883);
#1589=LINE('',#3933,#1884);
#1590=VECTOR('',#2628,1.);
#1591=VECTOR('',#2629,1.);
#1592=VECTOR('',#2630,1.);
#1593=VECTOR('',#2633,1.);
#1594=VECTOR('',#2636,1.);
#1595=VECTOR('',#2637,1.);
#1596=VECTOR('',#2638,1.);
#1597=VECTOR('',#2639,1.);
#1598=VECTOR('',#2640,1.);
#1599=VECTOR('',#2643,1.);
#1600=VECTOR('',#2646,1.);
#1601=VECTOR('',#2647,1.);
#1602=VECTOR('',#2648,1.);
#1603=VECTOR('',#2649,1.);
#1604=VECTOR('',#2650,1.);
#1605=VECTOR('',#2651,1.);
#1606=VECTOR('',#2654,1.);
#1607=VECTOR('',#2655,1.);
#1608=VECTOR('',#2656,1.);
#1609=VECTOR('',#2657,1.);
#1610=VECTOR('',#2660,1.);
#1611=VECTOR('',#2661,1.);
#1612=VECTOR('',#2662,1.);
#1613=VECTOR('',#2663,1.);
#1614=VECTOR('',#2666,1.);
#1615=VECTOR('',#2667,1.);
#1616=VECTOR('',#2668,1.);
#1617=VECTOR('',#2671,1.);
#1618=VECTOR('',#2672,1.);
#1619=VECTOR('',#2673,1.);
#1620=VECTOR('',#2676,1.);
#1621=VECTOR('',#2677,1.);
#1622=VECTOR('',#2678,1.);
#1623=VECTOR('',#2683,1.);
#1624=VECTOR('',#2686,1.);
#1625=VECTOR('',#2689,1.);
#1626=VECTOR('',#2692,1.);
#1627=VECTOR('',#2693,1.);
#1628=VECTOR('',#2694,1.);
#1629=VECTOR('',#2695,1.);
#1630=VECTOR('',#2696,1.);
#1631=VECTOR('',#2697,1.);
#1632=VECTOR('',#2698,1.);
#1633=VECTOR('',#2699,1.);
#1634=VECTOR('',#2700,1.);
#1635=VECTOR('',#2701,1.);
#1636=VECTOR('',#2702,1.);
#1637=VECTOR('',#2703,1.);
#1638=VECTOR('',#2704,1.);
#1639=VECTOR('',#2705,1.);
#1640=VECTOR('',#2706,1.);
#1641=VECTOR('',#2707,1.);
#1642=VECTOR('',#2708,1.);
#1643=VECTOR('',#2709,1.);
#1644=VECTOR('',#2710,1.);
#1645=VECTOR('',#2711,1.);
#1646=VECTOR('',#2712,1.);
#1647=VECTOR('',#2713,1.);
#1648=VECTOR('',#2714,1.);
#1649=VECTOR('',#2715,1.);
#1650=VECTOR('',#2716,1.);
#1651=VECTOR('',#2717,1.);
#1652=VECTOR('',#2718,1.);
#1653=VECTOR('',#2719,1.);
#1654=VECTOR('',#2720,1.);
#1655=VECTOR('',#2721,1.);
#1656=VECTOR('',#2722,1.);
#1657=VECTOR('',#2723,1.);
#1658=VECTOR('',#2724,1.);
#1659=VECTOR('',#2725,1.);
#1660=VECTOR('',#2726,1.);
#1661=VECTOR('',#2727,1.);
#1662=VECTOR('',#2728,1.);
#1663=VECTOR('',#2729,1.);
#1664=VECTOR('',#2730,1.);
#1665=VECTOR('',#2731,1.);
#1666=VECTOR('',#2732,1.);
#1667=VECTOR('',#2733,1.);
#1668=VECTOR('',#2734,1.);
#1669=VECTOR('',#2735,1.);
#1670=VECTOR('',#2736,1.);
#1671=VECTOR('',#2737,1.);
#1672=VECTOR('',#2738,1.);
#1673=VECTOR('',#2739,1.);
#1674=VECTOR('',#2740,1.);
#1675=VECTOR('',#2741,1.);
#1676=VECTOR('',#2742,1.);
#1677=VECTOR('',#2743,1.);
#1678=VECTOR('',#2744,1.);
#1679=VECTOR('',#2763,1.);
#1680=VECTOR('',#2764,1.);
#1681=VECTOR('',#2767,1.);
#1682=VECTOR('',#2770,1.);
#1683=VECTOR('',#2771,1.);
#1684=VECTOR('',#2772,1.);
#1685=VECTOR('',#2773,1.);
#1686=VECTOR('',#2778,1.);
#1687=VECTOR('',#2779,1.);
#1688=VECTOR('',#2780,1.);
#1689=VECTOR('',#2781,1.);
#1690=VECTOR('',#2784,1.);
#1691=VECTOR('',#2787,1.);
#1692=VECTOR('',#2790,1.);
#1693=VECTOR('',#2795,1.);
#1694=VECTOR('',#2796,1.);
#1695=VECTOR('',#2797,1.);
#1696=VECTOR('',#2798,1.);
#1697=VECTOR('',#2801,1.);
#1698=VECTOR('',#2802,1.);
#1699=VECTOR('',#2803,1.);
#1700=VECTOR('',#2804,1.);
#1701=VECTOR('',#2805,1.);
#1702=VECTOR('',#2806,1.);
#1703=VECTOR('',#2807,1.);
#1704=VECTOR('',#2808,1.);
#1705=VECTOR('',#2809,1.);
#1706=VECTOR('',#2810,1.);
#1707=VECTOR('',#2811,1.);
#1708=VECTOR('',#2812,1.);
#1709=VECTOR('',#2815,1.);
#1710=VECTOR('',#2816,1.);
#1711=VECTOR('',#2817,1.);
#1712=VECTOR('',#2818,1.);
#1713=VECTOR('',#2819,1.);
#1714=VECTOR('',#2820,1.);
#1715=VECTOR('',#2821,1.);
#1716=VECTOR('',#2824,1.);
#1717=VECTOR('',#2827,1.);
#1718=VECTOR('',#2828,1.);
#1719=VECTOR('',#2829,1.);
#1720=VECTOR('',#2830,1.);
#1721=VECTOR('',#2831,1.);
#1722=VECTOR('',#2834,1.);
#1723=VECTOR('',#2835,1.);
#1724=VECTOR('',#2836,1.);
#1725=VECTOR('',#2837,1.);
#1726=VECTOR('',#2838,1.);
#1727=VECTOR('',#2839,1.);
#1728=VECTOR('',#2840,1.);
#1729=VECTOR('',#2841,1.);
#1730=VECTOR('',#2842,1.);
#1731=VECTOR('',#2843,1.);
#1732=VECTOR('',#2844,1.);
#1733=VECTOR('',#2845,1.);
#1734=VECTOR('',#2846,1.);
#1735=VECTOR('',#2847,1.);
#1736=VECTOR('',#2848,1.);
#1737=VECTOR('',#2849,1.);
#1738=VECTOR('',#2850,1.);
#1739=VECTOR('',#2851,1.);
#1740=VECTOR('',#2852,1.);
#1741=VECTOR('',#2853,1.);
#1742=VECTOR('',#2854,1.);
#1743=VECTOR('',#2855,1.);
#1744=VECTOR('',#2856,1.);
#1745=VECTOR('',#2857,1.);
#1746=VECTOR('',#2858,1.);
#1747=VECTOR('',#2859,1.);
#1748=VECTOR('',#2860,1.);
#1749=VECTOR('',#2861,1.);
#1750=VECTOR('',#2862,1.);
#1751=VECTOR('',#2863,1.);
#1752=VECTOR('',#2864,1.);
#1753=VECTOR('',#2865,1.);
#1754=VECTOR('',#2866,1.);
#1755=VECTOR('',#2869,1.);
#1756=VECTOR('',#2870,1.);
#1757=VECTOR('',#2871,1.);
#1758=VECTOR('',#2874,1.);
#1759=VECTOR('',#2875,1.);
#1760=VECTOR('',#2876,1.);
#1761=VECTOR('',#2879,1.);
#1762=VECTOR('',#2880,1.);
#1763=VECTOR('',#2881,1.);
#1764=VECTOR('',#2884,1.);
#1765=VECTOR('',#2885,1.);
#1766=VECTOR('',#2886,1.);
#1767=VECTOR('',#2889,1.);
#1768=VECTOR('',#2890,1.);
#1769=VECTOR('',#2891,1.);
#1770=VECTOR('',#2894,1.);
#1771=VECTOR('',#2895,1.);
#1772=VECTOR('',#2896,1.);
#1773=VECTOR('',#2899,1.);
#1774=VECTOR('',#2900,1.);
#1775=VECTOR('',#2903,1.);
#1776=VECTOR('',#2904,1.);
#1777=VECTOR('',#2905,1.);
#1778=VECTOR('',#2908,1.);
#1779=VECTOR('',#2909,1.);
#1780=VECTOR('',#2910,1.);
#1781=VECTOR('',#2913,1.);
#1782=VECTOR('',#2914,1.);
#1783=VECTOR('',#2915,1.);
#1784=VECTOR('',#2918,1.);
#1785=VECTOR('',#2919,1.);
#1786=VECTOR('',#2922,1.);
#1787=VECTOR('',#2923,1.);
#1788=VECTOR('',#2926,1.);
#1789=VECTOR('',#2929,1.);
#1790=VECTOR('',#2932,1.);
#1791=VECTOR('',#2933,1.);
#1792=VECTOR('',#2936,1.);
#1793=VECTOR('',#2941,1.);
#1794=VECTOR('',#2944,1.);
#1795=VECTOR('',#2945,1.);
#1796=VECTOR('',#2948,1.);
#1797=VECTOR('',#2949,1.);
#1798=VECTOR('',#2950,1.);
#1799=VECTOR('',#2953,1.);
#1800=VECTOR('',#2958,1.);
#1801=VECTOR('',#2959,1.);
#1802=VECTOR('',#2966,1.);
#1803=VECTOR('',#2967,1.);
#1804=VECTOR('',#2970,1.);
#1805=VECTOR('',#2971,1.);
#1806=VECTOR('',#2974,1.);
#1807=VECTOR('',#2977,1.);
#1808=VECTOR('',#2980,1.);
#1809=VECTOR('',#2985,1.);
#1810=VECTOR('',#2986,1.);
#1811=VECTOR('',#2989,1.);
#1812=VECTOR('',#2992,1.);
#1813=VECTOR('',#2997,1.);
#1814=VECTOR('',#2998,1.);
#1815=VECTOR('',#3001,1.);
#1816=VECTOR('',#3006,1.);
#1817=VECTOR('',#3007,1.);
#1818=VECTOR('',#3010,1.);
#1819=VECTOR('',#3013,1.);
#1820=VECTOR('',#3018,1.);
#1821=VECTOR('',#3019,1.);
#1822=VECTOR('',#3022,1.);
#1823=VECTOR('',#3025,1.);
#1824=VECTOR('',#3030,1.);
#1825=VECTOR('',#3031,1.);
#1826=VECTOR('',#3032,1.);
#1827=VECTOR('',#3035,1.);
#1828=VECTOR('',#3038,1.);
#1829=VECTOR('',#3041,1.);
#1830=VECTOR('',#3046,1.);
#1831=VECTOR('',#3047,1.);
#1832=VECTOR('',#3050,1.);
#1833=VECTOR('',#3053,1.);
#1834=VECTOR('',#3058,1.);
#1835=VECTOR('',#3059,1.);
#1836=VECTOR('',#3062,1.);
#1837=VECTOR('',#3065,1.);
#1838=VECTOR('',#3070,1.);
#1839=VECTOR('',#3071,1.);
#1840=VECTOR('',#3074,1.);
#1841=VECTOR('',#3077,1.);
#1842=VECTOR('',#3082,1.);
#1843=VECTOR('',#3083,1.);
#1844=VECTOR('',#3086,1.);
#1845=VECTOR('',#3089,1.);
#1846=VECTOR('',#3094,1.);
#1847=VECTOR('',#3095,1.);
#1848=VECTOR('',#3098,1.);
#1849=VECTOR('',#3103,1.);
#1850=VECTOR('',#3104,1.);
#1851=VECTOR('',#3107,1.);
#1852=VECTOR('',#3110,1.);
#1853=VECTOR('',#3115,1.);
#1854=VECTOR('',#3116,1.);
#1855=VECTOR('',#3119,1.);
#1856=VECTOR('',#3122,1.);
#1857=VECTOR('',#3171,1.);
#1858=VECTOR('',#3174,1.);
#1859=VECTOR('',#3177,1.);
#1860=VECTOR('',#3178,1.);
#1861=VECTOR('',#3179,1.);
#1862=VECTOR('',#3180,1.);
#1863=VECTOR('',#3181,1.);
#1864=VECTOR('',#3184,1.);
#1865=VECTOR('',#3189,1.);
#1866=VECTOR('',#3192,1.);
#1867=VECTOR('',#3195,1.);
#1868=VECTOR('',#3198,1.);
#1869=VECTOR('',#3203,1.);
#1870=VECTOR('',#3204,1.);
#1871=VECTOR('',#3207,1.);
#1872=VECTOR('',#3210,1.);
#1873=VECTOR('',#3213,1.);
#1874=VECTOR('',#3216,1.);
#1875=VECTOR('',#3219,1.);
#1876=VECTOR('',#3222,1.);
#1877=VECTOR('',#3227,1.);
#1878=VECTOR('',#3230,1.);
#1879=VECTOR('',#3235,1.);
#1880=VECTOR('',#3238,1.);
#1881=VECTOR('',#3243,1.);
#1882=VECTOR('',#3246,1.);
#1883=VECTOR('',#3251,1.);
#1884=VECTOR('',#3254,1.);
#1885=EDGE_LOOP('',(#76,#77,#78,#79,#80,#81,#82,#83,#84,#85,#86,#87,#88,
#89,#90,#91,#92,#93,#94,#95));
#1886=EDGE_LOOP('',(#96,#97,#98,#99));
#1887=EDGE_LOOP('',(#100,#101,#102,#103));
#1888=EDGE_LOOP('',(#104,#105,#106,#107));
#1889=EDGE_LOOP('',(#108,#109,#110,#111));
#1890=EDGE_LOOP('',(#112,#113,#114,#115));
#1891=EDGE_LOOP('',(#116,#117,#118,#119,#120,#121,#122,#123));
#1892=EDGE_LOOP('',(#124,#125,#126,#127));
#1893=EDGE_LOOP('',(#128,#129,#130,#131));
#1894=EDGE_LOOP('',(#132,#133,#134));
#1895=EDGE_LOOP('',(#135,#136,#137,#138));
#1896=EDGE_LOOP('',(#139,#140,#141,#142));
#1897=EDGE_LOOP('',(#143,#144,#145,#146));
#1898=EDGE_LOOP('',(#147,#148,#149,#150));
#1899=EDGE_LOOP('',(#151,#152,#153,#154,#155));
#1900=EDGE_LOOP('',(#156,#157,#158,#159));
#1901=EDGE_LOOP('',(#160,#161,#162,#163));
#1902=EDGE_LOOP('',(#164,#165,#166));
#1903=EDGE_LOOP('',(#167,#168,#169,#170));
#1904=EDGE_LOOP('',(#171,#172,#173,#174,#175));
#1905=EDGE_LOOP('',(#176));
#1906=EDGE_LOOP('',(#177));
#1907=EDGE_LOOP('',(#178));
#1908=EDGE_LOOP('',(#179));
#1909=EDGE_LOOP('',(#180));
#1910=EDGE_LOOP('',(#181));
#1911=EDGE_LOOP('',(#182,#183,#184,#185,#186,#187,#188,#189,#190,#191,#192,
#193,#194,#195,#196));
#1912=EDGE_LOOP('',(#197,#198,#199,#200,#201,#202,#203,#204));
#1913=EDGE_LOOP('',(#205));
#1914=EDGE_LOOP('',(#206));
#1915=EDGE_LOOP('',(#207,#208,#209,#210,#211));
#1916=EDGE_LOOP('',(#212,#213,#214,#215));
#1917=EDGE_LOOP('',(#216,#217,#218,#219));
#1918=EDGE_LOOP('',(#220,#221,#222,#223));
#1919=EDGE_LOOP('',(#224,#225,#226,#227,#228,#229,#230,#231,#232,#233,#234,
#235,#236,#237,#238,#239,#240,#241,#242));
#1920=EDGE_LOOP('',(#243,#244,#245,#246));
#1921=EDGE_LOOP('',(#247,#248,#249,#250,#251));
#1922=EDGE_LOOP('',(#252,#253,#254,#255));
#1923=EDGE_LOOP('',(#256,#257,#258,#259));
#1924=EDGE_LOOP('',(#260,#261,#262,#263));
#1925=EDGE_LOOP('',(#264,#265,#266,#267));
#1926=EDGE_LOOP('',(#268,#269,#270));
#1927=EDGE_LOOP('',(#271,#272,#273,#274));
#1928=EDGE_LOOP('',(#275,#276,#277,#278));
#1929=EDGE_LOOP('',(#279,#280,#281,#282));
#1930=EDGE_LOOP('',(#283,#284,#285,#286));
#1931=EDGE_LOOP('',(#287,#288,#289,#290));
#1932=EDGE_LOOP('',(#291,#292,#293,#294));
#1933=EDGE_LOOP('',(#295,#296,#297,#298,#299));
#1934=EDGE_LOOP('',(#300,#301,#302,#303));
#1935=EDGE_LOOP('',(#304,#305,#306,#307));
#1936=EDGE_LOOP('',(#308,#309,#310,#311));
#1937=EDGE_LOOP('',(#312,#313,#314,#315,#316));
#1938=EDGE_LOOP('',(#317,#318,#319,#320));
#1939=EDGE_LOOP('',(#321,#322,#323,#324));
#1940=EDGE_LOOP('',(#325,#326,#327,#328));
#1941=EDGE_LOOP('',(#329,#330,#331,#332));
#1942=EDGE_LOOP('',(#333,#334,#335,#336));
#1943=EDGE_LOOP('',(#337,#338,#339,#340));
#1944=EDGE_LOOP('',(#341,#342,#343,#344,#345,#346,#347,#348));
#1945=EDGE_LOOP('',(#349,#350,#351,#352));
#1946=EDGE_LOOP('',(#353,#354,#355,#356));
#1947=EDGE_LOOP('',(#357,#358,#359,#360));
#1948=EDGE_LOOP('',(#361,#362,#363,#364));
#1949=EDGE_LOOP('',(#365,#366,#367,#368,#369,#370,#371,#372));
#1950=EDGE_LOOP('',(#373,#374,#375,#376));
#1951=EDGE_LOOP('',(#377,#378,#379,#380));
#1952=EDGE_LOOP('',(#381,#382,#383,#384));
#1953=EDGE_LOOP('',(#385,#386,#387,#388));
#1954=EDGE_LOOP('',(#389,#390,#391,#392));
#1955=EDGE_LOOP('',(#393,#394,#395,#396));
#1956=EDGE_LOOP('',(#397,#398,#399,#400));
#1957=EDGE_LOOP('',(#401,#402,#403,#404));
#1958=EDGE_LOOP('',(#405,#406,#407,#408));
#1959=EDGE_LOOP('',(#409,#410,#411,#412));
#1960=EDGE_LOOP('',(#413,#414,#415,#416,#417));
#1961=EDGE_LOOP('',(#418,#419,#420,#421,#422));
#1962=EDGE_LOOP('',(#423,#424,#425,#426));
#1963=EDGE_LOOP('',(#427,#428,#429,#430));
#1964=EDGE_LOOP('',(#431,#432,#433,#434));
#1965=EDGE_LOOP('',(#435,#436,#437,#438));
#1966=EDGE_LOOP('',(#439,#440,#441,#442));
#1967=EDGE_LOOP('',(#443,#444,#445,#446));
#1968=EDGE_LOOP('',(#447,#448,#449,#450));
#1969=EDGE_LOOP('',(#451,#452,#453,#454));
#1970=EDGE_LOOP('',(#455,#456,#457,#458,#459,#460));
#1971=EDGE_LOOP('',(#461,#462,#463,#464));
#1972=EDGE_LOOP('',(#465,#466,#467,#468,#469));
#1973=EDGE_LOOP('',(#470,#471,#472,#473));
#1974=EDGE_LOOP('',(#474,#475,#476,#477));
#1975=EDGE_LOOP('',(#478,#479,#480,#481));
#1976=EDGE_LOOP('',(#482,#483,#484,#485));
#1977=EDGE_LOOP('',(#486,#487,#488,#489));
#1978=EDGE_LOOP('',(#490,#491,#492,#493));
#1979=EDGE_LOOP('',(#494,#495,#496,#497));
#1980=EDGE_LOOP('',(#498,#499,#500,#501));
#1981=EDGE_LOOP('',(#502,#503,#504,#505));
#1982=EDGE_LOOP('',(#506,#507,#508,#509));
#1983=EDGE_LOOP('',(#510,#511,#512,#513));
#1984=EDGE_LOOP('',(#514,#515,#516,#517));
#1985=EDGE_LOOP('',(#518,#519,#520,#521));
#1986=EDGE_LOOP('',(#522,#523,#524,#525));
#1987=EDGE_LOOP('',(#526,#527,#528,#529));
#1988=EDGE_LOOP('',(#530,#531,#532,#533));
#1989=EDGE_LOOP('',(#534,#535,#536,#537));
#1990=EDGE_LOOP('',(#538,#539,#540,#541));
#1991=EDGE_LOOP('',(#542,#543,#544,#545));
#1992=EDGE_LOOP('',(#546,#547,#548,#549));
#1993=EDGE_LOOP('',(#550,#551,#552,#553));
#1994=EDGE_LOOP('',(#554,#555,#556,#557));
#1995=EDGE_LOOP('',(#558,#559,#560,#561));
#1996=EDGE_LOOP('',(#562,#563,#564,#565));
#1997=EDGE_LOOP('',(#566,#567,#568,#569));
#1998=EDGE_LOOP('',(#570,#571,#572,#573));
#1999=EDGE_LOOP('',(#574,#575,#576,#577));
#2000=EDGE_LOOP('',(#578,#579,#580,#581));
#2001=EDGE_LOOP('',(#582,#583,#584,#585));
#2002=EDGE_LOOP('',(#586));
#2003=EDGE_LOOP('',(#587));
#2004=EDGE_LOOP('',(#588));
#2005=EDGE_LOOP('',(#589));
#2006=EDGE_LOOP('',(#590));
#2007=EDGE_LOOP('',(#591));
#2008=EDGE_LOOP('',(#592));
#2009=EDGE_LOOP('',(#593));
#2010=EDGE_LOOP('',(#594,#595,#596,#597));
#2011=EDGE_LOOP('',(#598,#599,#600,#601));
#2012=EDGE_LOOP('',(#602,#603,#604,#605));
#2013=EDGE_LOOP('',(#606,#607,#608,#609));
#2014=EDGE_LOOP('',(#610,#611,#612,#613));
#2015=EDGE_LOOP('',(#614,#615,#616,#617));
#2016=EDGE_LOOP('',(#618,#619,#620,#621));
#2017=EDGE_LOOP('',(#622,#623,#624,#625));
#2018=EDGE_LOOP('',(#626,#627,#628,#629));
#2019=EDGE_LOOP('',(#630,#631,#632,#633));
#2020=EDGE_LOOP('',(#634,#635,#636,#637,#638,#639,#640,#641,#642,#643,#644,
#645));
#2021=EDGE_LOOP('',(#646,#647,#648,#649));
#2022=EDGE_LOOP('',(#650,#651,#652,#653));
#2023=EDGE_LOOP('',(#654,#655,#656,#657));
#2024=EDGE_LOOP('',(#658,#659,#660,#661));
#2025=EDGE_LOOP('',(#662,#663,#664,#665));
#2026=EDGE_LOOP('',(#666,#667,#668,#669));
#2027=EDGE_LOOP('',(#670,#671,#672,#673));
#2028=EDGE_LOOP('',(#674,#675,#676,#677));
#2029=EDGE_LOOP('',(#678,#679,#680,#681));
#2030=EDGE_LOOP('',(#682,#683,#684,#685));
#2031=EDGE_LOOP('',(#686,#687,#688,#689));
#2032=EDGE_LOOP('',(#690,#691,#692,#693));
#2033=EDGE_LOOP('',(#694,#695,#696,#697));
#2034=EDGE_LOOP('',(#698,#699,#700,#701));
#2035=EDGE_LOOP('',(#702,#703,#704,#705));
#2036=EDGE_LOOP('',(#706,#707,#708));
#2037=EDGE_LOOP('',(#709,#710,#711));
#2038=EDGE_LOOP('',(#712,#713,#714,#715));
#2039=EDGE_LOOP('',(#716,#717,#718));
#2040=EDGE_LOOP('',(#719,#720,#721));
#2041=EDGE_LOOP('',(#722,#723,#724,#725));
#2042=EDGE_LOOP('',(#726,#727,#728));
#2043=EDGE_LOOP('',(#729,#730,#731));
#2044=EDGE_LOOP('',(#732,#733,#734,#735));
#2045=EDGE_LOOP('',(#736,#737,#738));
#2046=EDGE_LOOP('',(#739,#740,#741));
#2047=EDGE_LOOP('',(#742,#743,#744,#745));
#2048=FACE_BOUND('',#1885,.T.);
#2049=FACE_BOUND('',#1886,.T.);
#2050=FACE_BOUND('',#1887,.T.);
#2051=FACE_BOUND('',#1888,.T.);
#2052=FACE_BOUND('',#1889,.T.);
#2053=FACE_BOUND('',#1890,.T.);
#2054=FACE_BOUND('',#1891,.T.);
#2055=FACE_BOUND('',#1892,.T.);
#2056=FACE_BOUND('',#1893,.T.);
#2057=FACE_BOUND('',#1894,.T.);
#2058=FACE_BOUND('',#1895,.T.);
#2059=FACE_BOUND('',#1896,.T.);
#2060=FACE_BOUND('',#1897,.T.);
#2061=FACE_BOUND('',#1898,.T.);
#2062=FACE_BOUND('',#1899,.T.);
#2063=FACE_BOUND('',#1900,.T.);
#2064=FACE_BOUND('',#1901,.T.);
#2065=FACE_BOUND('',#1902,.T.);
#2066=FACE_BOUND('',#1903,.T.);
#2067=FACE_BOUND('',#1904,.T.);
#2068=FACE_BOUND('',#1905,.T.);
#2069=FACE_BOUND('',#1906,.T.);
#2070=FACE_BOUND('',#1907,.T.);
#2071=FACE_BOUND('',#1908,.T.);
#2072=FACE_BOUND('',#1909,.T.);
#2073=FACE_BOUND('',#1910,.T.);
#2074=FACE_BOUND('',#1911,.T.);
#2075=FACE_BOUND('',#1912,.T.);
#2076=FACE_BOUND('',#1913,.T.);
#2077=FACE_BOUND('',#1914,.T.);
#2078=FACE_BOUND('',#1915,.T.);
#2079=FACE_BOUND('',#1916,.T.);
#2080=FACE_BOUND('',#1917,.T.);
#2081=FACE_BOUND('',#1918,.T.);
#2082=FACE_BOUND('',#1919,.T.);
#2083=FACE_BOUND('',#1920,.T.);
#2084=FACE_BOUND('',#1921,.T.);
#2085=FACE_BOUND('',#1922,.T.);
#2086=FACE_BOUND('',#1923,.T.);
#2087=FACE_BOUND('',#1924,.T.);
#2088=FACE_BOUND('',#1925,.T.);
#2089=FACE_BOUND('',#1926,.T.);
#2090=FACE_BOUND('',#1927,.T.);
#2091=FACE_BOUND('',#1928,.T.);
#2092=FACE_BOUND('',#1929,.T.);
#2093=FACE_BOUND('',#1930,.T.);
#2094=FACE_BOUND('',#1931,.T.);
#2095=FACE_BOUND('',#1932,.T.);
#2096=FACE_BOUND('',#1933,.T.);
#2097=FACE_BOUND('',#1934,.T.);
#2098=FACE_BOUND('',#1935,.T.);
#2099=FACE_BOUND('',#1936,.T.);
#2100=FACE_BOUND('',#1937,.T.);
#2101=FACE_BOUND('',#1938,.T.);
#2102=FACE_BOUND('',#1939,.T.);
#2103=FACE_BOUND('',#1940,.T.);
#2104=FACE_BOUND('',#1941,.T.);
#2105=FACE_BOUND('',#1942,.T.);
#2106=FACE_BOUND('',#1943,.T.);
#2107=FACE_BOUND('',#1944,.T.);
#2108=FACE_BOUND('',#1945,.T.);
#2109=FACE_BOUND('',#1946,.T.);
#2110=FACE_BOUND('',#1947,.T.);
#2111=FACE_BOUND('',#1948,.T.);
#2112=FACE_BOUND('',#1949,.T.);
#2113=FACE_BOUND('',#1950,.T.);
#2114=FACE_BOUND('',#1951,.T.);
#2115=FACE_BOUND('',#1952,.T.);
#2116=FACE_BOUND('',#1953,.T.);
#2117=FACE_BOUND('',#1954,.T.);
#2118=FACE_BOUND('',#1955,.T.);
#2119=FACE_BOUND('',#1956,.T.);
#2120=FACE_BOUND('',#1957,.T.);
#2121=FACE_BOUND('',#1958,.T.);
#2122=FACE_BOUND('',#1959,.T.);
#2123=FACE_BOUND('',#1960,.T.);
#2124=FACE_BOUND('',#1961,.T.);
#2125=FACE_BOUND('',#1962,.T.);
#2126=FACE_BOUND('',#1963,.T.);
#2127=FACE_BOUND('',#1964,.T.);
#2128=FACE_BOUND('',#1965,.T.);
#2129=FACE_BOUND('',#1966,.T.);
#2130=FACE_BOUND('',#1967,.T.);
#2131=FACE_BOUND('',#1968,.T.);
#2132=FACE_BOUND('',#1969,.T.);
#2133=FACE_BOUND('',#1970,.T.);
#2134=FACE_BOUND('',#1971,.T.);
#2135=FACE_BOUND('',#1972,.T.);
#2136=FACE_BOUND('',#1973,.T.);
#2137=FACE_BOUND('',#1974,.T.);
#2138=FACE_BOUND('',#1975,.T.);
#2139=FACE_BOUND('',#1976,.T.);
#2140=FACE_BOUND('',#1977,.T.);
#2141=FACE_BOUND('',#1978,.T.);
#2142=FACE_BOUND('',#1979,.T.);
#2143=FACE_BOUND('',#1980,.T.);
#2144=FACE_BOUND('',#1981,.T.);
#2145=FACE_BOUND('',#1982,.T.);
#2146=FACE_BOUND('',#1983,.T.);
#2147=FACE_BOUND('',#1984,.T.);
#2148=FACE_BOUND('',#1985,.T.);
#2149=FACE_BOUND('',#1986,.T.);
#2150=FACE_BOUND('',#1987,.T.);
#2151=FACE_BOUND('',#1988,.T.);
#2152=FACE_BOUND('',#1989,.T.);
#2153=FACE_BOUND('',#1990,.T.);
#2154=FACE_BOUND('',#1991,.T.);
#2155=FACE_BOUND('',#1992,.T.);
#2156=FACE_BOUND('',#1993,.T.);
#2157=FACE_BOUND('',#1994,.T.);
#2158=FACE_BOUND('',#1995,.T.);
#2159=FACE_BOUND('',#1996,.T.);
#2160=FACE_BOUND('',#1997,.T.);
#2161=FACE_BOUND('',#1998,.T.);
#2162=FACE_BOUND('',#1999,.T.);
#2163=FACE_BOUND('',#2000,.T.);
#2164=FACE_BOUND('',#2001,.T.);
#2165=FACE_BOUND('',#2002,.T.);
#2166=FACE_BOUND('',#2003,.T.);
#2167=FACE_BOUND('',#2004,.T.);
#2168=FACE_BOUND('',#2005,.T.);
#2169=FACE_BOUND('',#2006,.T.);
#2170=FACE_BOUND('',#2007,.T.);
#2171=FACE_BOUND('',#2008,.T.);
#2172=FACE_BOUND('',#2009,.T.);
#2173=FACE_BOUND('',#2010,.T.);
#2174=FACE_BOUND('',#2011,.T.);
#2175=FACE_BOUND('',#2012,.T.);
#2176=FACE_BOUND('',#2013,.T.);
#2177=FACE_BOUND('',#2014,.T.);
#2178=FACE_BOUND('',#2015,.T.);
#2179=FACE_BOUND('',#2016,.T.);
#2180=FACE_BOUND('',#2017,.T.);
#2181=FACE_BOUND('',#2018,.T.);
#2182=FACE_BOUND('',#2019,.T.);
#2183=FACE_BOUND('',#2020,.T.);
#2184=FACE_BOUND('',#2021,.T.);
#2185=FACE_BOUND('',#2022,.T.);
#2186=FACE_BOUND('',#2023,.T.);
#2187=FACE_BOUND('',#2024,.T.);
#2188=FACE_BOUND('',#2025,.T.);
#2189=FACE_BOUND('',#2026,.T.);
#2190=FACE_BOUND('',#2027,.T.);
#2191=FACE_BOUND('',#2028,.T.);
#2192=FACE_BOUND('',#2029,.T.);
#2193=FACE_BOUND('',#2030,.T.);
#2194=FACE_BOUND('',#2031,.T.);
#2195=FACE_BOUND('',#2032,.T.);
#2196=FACE_BOUND('',#2033,.T.);
#2197=FACE_BOUND('',#2034,.T.);
#2198=FACE_BOUND('',#2035,.T.);
#2199=FACE_BOUND('',#2036,.T.);
#2200=FACE_BOUND('',#2037,.T.);
#2201=FACE_BOUND('',#2038,.T.);
#2202=FACE_BOUND('',#2039,.T.);
#2203=FACE_BOUND('',#2040,.T.);
#2204=FACE_BOUND('',#2041,.T.);
#2205=FACE_BOUND('',#2042,.T.);
#2206=FACE_BOUND('',#2043,.T.);
#2207=FACE_BOUND('',#2044,.T.);
#2208=FACE_BOUND('',#2045,.T.);
#2209=FACE_BOUND('',#2046,.T.);
#2210=FACE_BOUND('',#2047,.T.);
#2211=PLANE('',#2456);
#2212=PLANE('',#2461);
#2213=PLANE('',#2462);
#2214=PLANE('',#2463);
#2215=PLANE('',#2464);
#2216=PLANE('',#2465);
#2217=PLANE('',#2466);
#2218=PLANE('',#2479);
#2219=PLANE('',#2488);
#2220=PLANE('',#2489);
#2221=PLANE('',#2494);
#2222=PLANE('',#2495);
#2223=PLANE('',#2496);
#2224=PLANE('',#2497);
#2225=PLANE('',#2498);
#2226=PLANE('',#2499);
#2227=PLANE('',#2500);
#2228=PLANE('',#2501);
#2229=PLANE('',#2502);
#2230=PLANE('',#2503);
#2231=PLANE('',#2504);
#2232=PLANE('',#2505);
#2233=PLANE('',#2508);
#2234=PLANE('',#2511);
#2235=PLANE('',#2512);
#2236=PLANE('',#2513);
#2237=PLANE('',#2516);
#2238=PLANE('',#2519);
#2239=PLANE('',#2520);
#2240=PLANE('',#2521);
#2241=PLANE('',#2522);
#2242=PLANE('',#2523);
#2243=PLANE('',#2524);
#2244=PLANE('',#2525);
#2245=PLANE('',#2526);
#2246=PLANE('',#2527);
#2247=PLANE('',#2528);
#2248=PLANE('',#2529);
#2249=PLANE('',#2530);
#2250=PLANE('',#2531);
#2251=PLANE('',#2532);
#2252=PLANE('',#2533);
#2253=PLANE('',#2534);
#2254=PLANE('',#2535);
#2255=PLANE('',#2536);
#2256=PLANE('',#2537);
#2257=PLANE('',#2538);
#2258=PLANE('',#2539);
#2259=PLANE('',#2540);
#2260=PLANE('',#2541);
#2261=PLANE('',#2542);
#2262=PLANE('',#2543);
#2263=PLANE('',#2544);
#2264=PLANE('',#2545);
#2265=PLANE('',#2546);
#2266=PLANE('',#2547);
#2267=PLANE('',#2548);
#2268=PLANE('',#2549);
#2269=PLANE('',#2550);
#2270=PLANE('',#2551);
#2271=PLANE('',#2552);
#2272=PLANE('',#2553);
#2273=PLANE('',#2554);
#2274=PLANE('',#2555);
#2275=PLANE('',#2556);
#2276=PLANE('',#2557);
#2277=PLANE('',#2558);
#2278=PLANE('',#2559);
#2279=PLANE('',#2560);
#2280=PLANE('',#2561);
#2281=PLANE('',#2562);
#2282=PLANE('',#2563);
#2283=PLANE('',#2564);
#2284=PLANE('',#2565);
#2285=PLANE('',#2566);
#2286=PLANE('',#2567);
#2287=PLANE('',#2568);
#2288=PLANE('',#2569);
#2289=PLANE('',#2570);
#2290=PLANE('',#2571);
#2291=PLANE('',#2574);
#2292=PLANE('',#2577);
#2293=PLANE('',#2594);
#2294=PLANE('',#2596);
#2295=PLANE('',#2598);
#2296=PLANE('',#2599);
#2297=PLANE('',#2601);
#2298=PLANE('',#2603);
#2299=PLANE('',#2604);
#2300=PLANE('',#2607);
#2301=PLANE('',#2608);
#2302=PLANE('',#2611);
#2303=PLANE('',#2612);
#2304=PLANE('',#2613);
#2305=PLANE('',#2614);
#2306=PLANE('',#2615);
#2307=PLANE('',#2616);
#2308=PLANE('',#2617);
#2309=PLANE('',#2618);
#2310=PLANE('',#2619);
#2311=PLANE('',#2620);
#2312=PLANE('',#2621);
#2313=PLANE('',#2622);
#2314=PLANE('',#2623);
#2315=ADVANCED_FACE('',(#2048),#2211,.T.);
#2316=ADVANCED_FACE('',(#2049),#2212,.T.);
#2317=ADVANCED_FACE('',(#2050),#2213,.F.);
#2318=ADVANCED_FACE('',(#2051),#2214,.F.);
#2319=ADVANCED_FACE('',(#2052),#2215,.T.);
#2320=ADVANCED_FACE('',(#2053),#2216,.T.);
#2321=ADVANCED_FACE('',(#2054,#2055,#2056,#2057,#2058,#2059,#2060,#2061,
#2062,#2063,#2064,#2065,#2066,#2067,#2068,#2069),#2217,.T.);
#2322=ADVANCED_FACE('',(#2070,#2071),#20,.F.);
#2323=ADVANCED_FACE('',(#2072,#2073),#21,.F.);
#2324=ADVANCED_FACE('',(#2074,#2075,#2076,#2077),#2218,.F.);
#2325=ADVANCED_FACE('',(#2078),#2219,.F.);
#2326=ADVANCED_FACE('',(#2079,#2080,#2081,#2082,#2083,#2084,#2085,#2086,
#2087,#2088,#2089,#2090),#2220,.F.);
#2327=ADVANCED_FACE('',(#2091),#2221,.T.);
#2328=ADVANCED_FACE('',(#2092),#2222,.T.);
#2329=ADVANCED_FACE('',(#2093),#2223,.T.);
#2330=ADVANCED_FACE('',(#2094),#2224,.T.);
#2331=ADVANCED_FACE('',(#2095),#2225,.T.);
#2332=ADVANCED_FACE('',(#2096),#2226,.F.);
#2333=ADVANCED_FACE('',(#2097),#2227,.T.);
#2334=ADVANCED_FACE('',(#2098),#2228,.F.);
#2335=ADVANCED_FACE('',(#2099),#2229,.F.);
#2336=ADVANCED_FACE('',(#2100),#2230,.T.);
#2337=ADVANCED_FACE('',(#2101),#2231,.F.);
#2338=ADVANCED_FACE('',(#2102),#2232,.T.);
#2339=ADVANCED_FACE('',(#2103),#22,.T.);
#2340=ADVANCED_FACE('',(#2104),#2233,.F.);
#2341=ADVANCED_FACE('',(#2105),#23,.T.);
#2342=ADVANCED_FACE('',(#2106),#2234,.T.);
#2343=ADVANCED_FACE('',(#2107),#2235,.T.);
#2344=ADVANCED_FACE('',(#2108),#2236,.T.);
#2345=ADVANCED_FACE('',(#2109),#24,.T.);
#2346=ADVANCED_FACE('',(#2110),#2237,.F.);
#2347=ADVANCED_FACE('',(#2111),#25,.T.);
#2348=ADVANCED_FACE('',(#2112),#2238,.T.);
#2349=ADVANCED_FACE('',(#2113),#2239,.T.);
#2350=ADVANCED_FACE('',(#2114),#2240,.F.);
#2351=ADVANCED_FACE('',(#2115),#2241,.F.);
#2352=ADVANCED_FACE('',(#2116),#2242,.T.);
#2353=ADVANCED_FACE('',(#2117),#2243,.T.);
#2354=ADVANCED_FACE('',(#2118),#2244,.T.);
#2355=ADVANCED_FACE('',(#2119),#2245,.F.);
#2356=ADVANCED_FACE('',(#2120),#2246,.T.);
#2357=ADVANCED_FACE('',(#2121),#2247,.T.);
#2358=ADVANCED_FACE('',(#2122),#2248,.T.);
#2359=ADVANCED_FACE('',(#2123),#2249,.F.);
#2360=ADVANCED_FACE('',(#2124),#2250,.T.);
#2361=ADVANCED_FACE('',(#2125),#2251,.T.);
#2362=ADVANCED_FACE('',(#2126),#2252,.F.);
#2363=ADVANCED_FACE('',(#2127),#2253,.T.);
#2364=ADVANCED_FACE('',(#2128),#2254,.T.);
#2365=ADVANCED_FACE('',(#2129),#2255,.T.);
#2366=ADVANCED_FACE('',(#2130),#2256,.F.);
#2367=ADVANCED_FACE('',(#2131),#2257,.T.);
#2368=ADVANCED_FACE('',(#2132),#2258,.T.);
#2369=ADVANCED_FACE('',(#2133),#2259,.T.);
#2370=ADVANCED_FACE('',(#2134),#2260,.F.);
#2371=ADVANCED_FACE('',(#2135),#2261,.F.);
#2372=ADVANCED_FACE('',(#2136),#2262,.F.);
#2373=ADVANCED_FACE('',(#2137),#2263,.F.);
#2374=ADVANCED_FACE('',(#2138),#2264,.T.);
#2375=ADVANCED_FACE('',(#2139),#2265,.T.);
#2376=ADVANCED_FACE('',(#2140),#2266,.F.);
#2377=ADVANCED_FACE('',(#2141),#2267,.F.);
#2378=ADVANCED_FACE('',(#2142),#2268,.T.);
#2379=ADVANCED_FACE('',(#2143),#2269,.F.);
#2380=ADVANCED_FACE('',(#2144),#2270,.F.);
#2381=ADVANCED_FACE('',(#2145),#2271,.T.);
#2382=ADVANCED_FACE('',(#2146),#2272,.T.);
#2383=ADVANCED_FACE('',(#2147),#2273,.T.);
#2384=ADVANCED_FACE('',(#2148),#2274,.F.);
#2385=ADVANCED_FACE('',(#2149),#2275,.F.);
#2386=ADVANCED_FACE('',(#2150),#2276,.T.);
#2387=ADVANCED_FACE('',(#2151),#2277,.F.);
#2388=ADVANCED_FACE('',(#2152),#2278,.F.);
#2389=ADVANCED_FACE('',(#2153),#2279,.F.);
#2390=ADVANCED_FACE('',(#2154),#2280,.T.);
#2391=ADVANCED_FACE('',(#2155),#2281,.F.);
#2392=ADVANCED_FACE('',(#2156),#2282,.F.);
#2393=ADVANCED_FACE('',(#2157),#2283,.T.);
#2394=ADVANCED_FACE('',(#2158),#2284,.F.);
#2395=ADVANCED_FACE('',(#2159),#2285,.F.);
#2396=ADVANCED_FACE('',(#2160),#2286,.F.);
#2397=ADVANCED_FACE('',(#2161),#2287,.T.);
#2398=ADVANCED_FACE('',(#2162),#2288,.F.);
#2399=ADVANCED_FACE('',(#2163),#2289,.F.);
#2400=ADVANCED_FACE('',(#2164),#2290,.F.);
#2401=ADVANCED_FACE('',(#2165,#2166),#26,.F.);
#2402=ADVANCED_FACE('',(#2167,#2168),#2291,.T.);
#2403=ADVANCED_FACE('',(#2169,#2170),#27,.F.);
#2404=ADVANCED_FACE('',(#2171,#2172),#2292,.T.);
#2405=ADVANCED_FACE('',(#2173),#28,.T.);
#2406=ADVANCED_FACE('',(#2174),#29,.T.);
#2407=ADVANCED_FACE('',(#2175),#30,.T.);
#2408=ADVANCED_FACE('',(#2176),#31,.T.);
#2409=ADVANCED_FACE('',(#2177),#32,.T.);
#2410=ADVANCED_FACE('',(#2178),#33,.T.);
#2411=ADVANCED_FACE('',(#2179),#34,.T.);
#2412=ADVANCED_FACE('',(#2180),#35,.T.);
#2413=ADVANCED_FACE('',(#2181),#2293,.T.);
#2414=ADVANCED_FACE('',(#2182),#12,.T.);
#2415=ADVANCED_FACE('',(#2183),#2294,.T.);
#2416=ADVANCED_FACE('',(#2184),#13,.T.);
#2417=ADVANCED_FACE('',(#2185),#2295,.F.);
#2418=ADVANCED_FACE('',(#2186),#2296,.F.);
#2419=ADVANCED_FACE('',(#2187),#14,.T.);
#2420=ADVANCED_FACE('',(#2188),#2297,.F.);
#2421=ADVANCED_FACE('',(#2189),#15,.T.);
#2422=ADVANCED_FACE('',(#2190),#2298,.T.);
#2423=ADVANCED_FACE('',(#2191),#2299,.F.);
#2424=ADVANCED_FACE('',(#2192),#16,.T.);
#2425=ADVANCED_FACE('',(#2193),#17,.T.);
#2426=ADVANCED_FACE('',(#2194),#2300,.F.);
#2427=ADVANCED_FACE('',(#2195),#2301,.F.);
#2428=ADVANCED_FACE('',(#2196),#18,.T.);
#2429=ADVANCED_FACE('',(#2197),#19,.T.);
#2430=ADVANCED_FACE('',(#2198),#2302,.F.);
#2431=ADVANCED_FACE('',(#2199),#2303,.T.);
#2432=ADVANCED_FACE('',(#2200),#2304,.F.);
#2433=ADVANCED_FACE('',(#2201),#2305,.T.);
#2434=ADVANCED_FACE('',(#2202),#2306,.T.);
#2435=ADVANCED_FACE('',(#2203),#2307,.F.);
#2436=ADVANCED_FACE('',(#2204),#2308,.T.);
#2437=ADVANCED_FACE('',(#2205),#2309,.T.);
#2438=ADVANCED_FACE('',(#2206),#2310,.F.);
#2439=ADVANCED_FACE('',(#2207),#2311,.T.);
#2440=ADVANCED_FACE('',(#2208),#2312,.T.);
#2441=ADVANCED_FACE('',(#2209),#2313,.F.);
#2442=ADVANCED_FACE('',(#2210),#2314,.T.);
#2443=CLOSED_SHELL('',(#2315,#2316,#2317,#2318,#2319,#2320,#2321,#2322,
#2323,#2324,#2325,#2326,#2327,#2328,#2329,#2330,#2331,#2332,#2333,#2334,
#2335,#2336,#2337,#2338,#2339,#2340,#2341,#2342,#2343,#2344,#2345,#2346,
#2347,#2348,#2349,#2350,#2351,#2352,#2353,#2354,#2355,#2356,#2357,#2358,
#2359,#2360,#2361,#2362,#2363,#2364,#2365,#2366,#2367,#2368,#2369,#2370,
#2371,#2372,#2373,#2374,#2375,#2376,#2377,#2378,#2379,#2380,#2381,#2382,
#2383,#2384,#2385,#2386,#2387,#2388,#2389,#2390,#2391,#2392,#2393,#2394,
#2395,#2396,#2397,#2398,#2399,#2400,#2401,#2402,#2403,#2404,#2405,#2406,
#2407,#2408,#2409,#2410,#2411,#2412,#2413,#2414,#2415,#2416,#2417,#2418,
#2419,#2420,#2421,#2422,#2423,#2424,#2425,#2426,#2427,#2428,#2429,#2430,
#2431,#2432,#2433,#2434,#2435,#2436,#2437,#2438,#2439,#2440,#2441,#2442));
#2444=STYLED_ITEM('',(#2445),#2452);
#2445=PRESENTATION_STYLE_ASSIGNMENT((#2446));
#2446=SURFACE_STYLE_USAGE(.BOTH.,#2447);
#2447=SURFACE_SIDE_STYLE('',(#2448));
#2448=SURFACE_STYLE_FILL_AREA(#2449);
#2449=FILL_AREA_STYLE('',(#2450));
#2450=FILL_AREA_STYLE_COLOUR('',#2451);
#2451=COLOUR_RGB('',0.647058823529412,0.647058823529412,0.647058823529412);
#2452=MANIFOLD_SOLID_BREP('case_bottom',#2443);
#2453=SHAPE_DEFINITION_REPRESENTATION(#3941,#2454);
#2454=SHAPE_REPRESENTATION('case_bottom',(#2455),#3936);
#2455=AXIS2_PLACEMENT_3D('',#3257,#2624,#2625);
#2456=AXIS2_PLACEMENT_3D('',#3258,#2626,#2627);
#2457=AXIS2_PLACEMENT_3D('',#3266,#2631,#2632);
#2458=AXIS2_PLACEMENT_3D('',#3270,#2634,#2635);
#2459=AXIS2_PLACEMENT_3D('',#3282,#2641,#2642);
#2460=AXIS2_PLACEMENT_3D('',#3286,#2644,#2645);
#2461=AXIS2_PLACEMENT_3D('',#3299,#2652,#2653);
#2462=AXIS2_PLACEMENT_3D('',#3308,#2658,#2659);
#2463=AXIS2_PLACEMENT_3D('',#3317,#2664,#2665);
#2464=AXIS2_PLACEMENT_3D('',#3323,#2669,#2670);
#2465=AXIS2_PLACEMENT_3D('',#3329,#2674,#2675);
#2466=AXIS2_PLACEMENT_3D('',#3335,#2679,#2680);
#2467=AXIS2_PLACEMENT_3D('',#3336,#2681,#2682);
#2468=AXIS2_PLACEMENT_3D('',#3341,#2684,#2685);
#2469=AXIS2_PLACEMENT_3D('',#3345,#2687,#2688);
#2470=AXIS2_PLACEMENT_3D('',#3349,#2690,#2691);
#2471=AXIS2_PLACEMENT_3D('',#3456,#2745,#2746);
#2472=AXIS2_PLACEMENT_3D('',#3458,#2747,#2748);
#2473=AXIS2_PLACEMENT_3D('',#3460,#2749,#2750);
#2474=AXIS2_PLACEMENT_3D('',#3461,#2751,#2752);
#2475=AXIS2_PLACEMENT_3D('',#3463,#2753,#2754);
#2476=AXIS2_PLACEMENT_3D('',#3465,#2755,#2756);
#2477=AXIS2_PLACEMENT_3D('',#3466,#2757,#2758);
#2478=AXIS2_PLACEMENT_3D('',#3468,#2759,#2760);
#2479=AXIS2_PLACEMENT_3D('',#3470,#2761,#2762);
#2480=AXIS2_PLACEMENT_3D('',#3476,#2765,#2766);
#2481=AXIS2_PLACEMENT_3D('',#3480,#2768,#2769);
#2482=AXIS2_PLACEMENT_3D('',#3490,#2774,#2775);
#2483=AXIS2_PLACEMENT_3D('',#3491,#2776,#2777);
#2484=AXIS2_PLACEMENT_3D('',#3501,#2782,#2783);
#2485=AXIS2_PLACEMENT_3D('',#3505,#2785,#2786);
#2486=AXIS2_PLACEMENT_3D('',#3509,#2788,#2789);
#2487=AXIS2_PLACEMENT_3D('',#3513,#2791,#2792);
#2488=AXIS2_PLACEMENT_3D('',#3514,#2793,#2794);
#2489=AXIS2_PLACEMENT_3D('',#3522,#2799,#2800);
#2490=AXIS2_PLACEMENT_3D('',#3547,#2813,#2814);
#2491=AXIS2_PLACEMENT_3D('',#3564,#2822,#2823);
#2492=AXIS2_PLACEMENT_3D('',#3568,#2825,#2826);
#2493=AXIS2_PLACEMENT_3D('',#3579,#2832,#2833);
#2494=AXIS2_PLACEMENT_3D('',#3646,#2867,#2868);
#2495=AXIS2_PLACEMENT_3D('',#3652,#2872,#2873);
#2496=AXIS2_PLACEMENT_3D('',#3658,#2877,#2878);
#2497=AXIS2_PLACEMENT_3D('',#3664,#2882,#2883);
#2498=AXIS2_PLACEMENT_3D('',#3670,#2887,#2888);
#2499=AXIS2_PLACEMENT_3D('',#3676,#2892,#2893);
#2500=AXIS2_PLACEMENT_3D('',#3681,#2897,#2898);
#2501=AXIS2_PLACEMENT_3D('',#3685,#2901,#2902);
#2502=AXIS2_PLACEMENT_3D('',#3691,#2906,#2907);
#2503=AXIS2_PLACEMENT_3D('',#3697,#2911,#2912);
#2504=AXIS2_PLACEMENT_3D('',#3702,#2916,#2917);
#2505=AXIS2_PLACEMENT_3D('',#3706,#2920,#2921);
#2506=AXIS2_PLACEMENT_3D('',#3710,#2924,#2925);
#2507=AXIS2_PLACEMENT_3D('',#3713,#2927,#2928);
#2508=AXIS2_PLACEMENT_3D('',#3716,#2930,#2931);
#2509=AXIS2_PLACEMENT_3D('',#3720,#2934,#2935);
#2510=AXIS2_PLACEMENT_3D('',#3723,#2937,#2938);
#2511=AXIS2_PLACEMENT_3D('',#3724,#2939,#2940);
#2512=AXIS2_PLACEMENT_3D('',#3726,#2942,#2943);
#2513=AXIS2_PLACEMENT_3D('',#3729,#2946,#2947);
#2514=AXIS2_PLACEMENT_3D('',#3735,#2951,#2952);
#2515=AXIS2_PLACEMENT_3D('',#3738,#2954,#2955);
#2516=AXIS2_PLACEMENT_3D('',#3739,#2956,#2957);
#2517=AXIS2_PLACEMENT_3D('',#3743,#2960,#2961);
#2518=AXIS2_PLACEMENT_3D('',#3744,#2962,#2963);
#2519=AXIS2_PLACEMENT_3D('',#3745,#2964,#2965);
#2520=AXIS2_PLACEMENT_3D('',#3748,#2968,#2969);
#2521=AXIS2_PLACEMENT_3D('',#3751,#2972,#2973);
#2522=AXIS2_PLACEMENT_3D('',#3753,#2975,#2976);
#2523=AXIS2_PLACEMENT_3D('',#3755,#2978,#2979);
#2524=AXIS2_PLACEMENT_3D('',#3757,#2981,#2982);
#2525=AXIS2_PLACEMENT_3D('',#3758,#2983,#2984);
#2526=AXIS2_PLACEMENT_3D('',#3761,#2987,#2988);
#2527=AXIS2_PLACEMENT_3D('',#3763,#2990,#2991);
#2528=AXIS2_PLACEMENT_3D('',#3765,#2993,#2994);
#2529=AXIS2_PLACEMENT_3D('',#3766,#2995,#2996);
#2530=AXIS2_PLACEMENT_3D('',#3769,#2999,#3000);
#2531=AXIS2_PLACEMENT_3D('',#3771,#3002,#3003);
#2532=AXIS2_PLACEMENT_3D('',#3772,#3004,#3005);
#2533=AXIS2_PLACEMENT_3D('',#3775,#3008,#3009);
#2534=AXIS2_PLACEMENT_3D('',#3777,#3011,#3012);
#2535=AXIS2_PLACEMENT_3D('',#3779,#3014,#3015);
#2536=AXIS2_PLACEMENT_3D('',#3780,#3016,#3017);
#2537=AXIS2_PLACEMENT_3D('',#3783,#3020,#3021);
#2538=AXIS2_PLACEMENT_3D('',#3785,#3023,#3024);
#2539=AXIS2_PLACEMENT_3D('',#3787,#3026,#3027);
#2540=AXIS2_PLACEMENT_3D('',#3788,#3028,#3029);
#2541=AXIS2_PLACEMENT_3D('',#3792,#3033,#3034);
#2542=AXIS2_PLACEMENT_3D('',#3794,#3036,#3037);
#2543=AXIS2_PLACEMENT_3D('',#3796,#3039,#3040);
#2544=AXIS2_PLACEMENT_3D('',#3798,#3042,#3043);
#2545=AXIS2_PLACEMENT_3D('',#3799,#3044,#3045);
#2546=AXIS2_PLACEMENT_3D('',#3802,#3048,#3049);
#2547=AXIS2_PLACEMENT_3D('',#3804,#3051,#3052);
#2548=AXIS2_PLACEMENT_3D('',#3806,#3054,#3055);
#2549=AXIS2_PLACEMENT_3D('',#3807,#3056,#3057);
#2550=AXIS2_PLACEMENT_3D('',#3810,#3060,#3061);
#2551=AXIS2_PLACEMENT_3D('',#3812,#3063,#3064);
#2552=AXIS2_PLACEMENT_3D('',#3814,#3066,#3067);
#2553=AXIS2_PLACEMENT_3D('',#3815,#3068,#3069);
#2554=AXIS2_PLACEMENT_3D('',#3818,#3072,#3073);
#2555=AXIS2_PLACEMENT_3D('',#3820,#3075,#3076);
#2556=AXIS2_PLACEMENT_3D('',#3822,#3078,#3079);
#2557=AXIS2_PLACEMENT_3D('',#3823,#3080,#3081);
#2558=AXIS2_PLACEMENT_3D('',#3826,#3084,#3085);
#2559=AXIS2_PLACEMENT_3D('',#3828,#3087,#3088);
#2560=AXIS2_PLACEMENT_3D('',#3830,#3090,#3091);
#2561=AXIS2_PLACEMENT_3D('',#3831,#3092,#3093);
#2562=AXIS2_PLACEMENT_3D('',#3834,#3096,#3097);
#2563=AXIS2_PLACEMENT_3D('',#3836,#3099,#3100);
#2564=AXIS2_PLACEMENT_3D('',#3837,#3101,#3102);
#2565=AXIS2_PLACEMENT_3D('',#3840,#3105,#3106);
#2566=AXIS2_PLACEMENT_3D('',#3842,#3108,#3109);
#2567=AXIS2_PLACEMENT_3D('',#3844,#3111,#3112);
#2568=AXIS2_PLACEMENT_3D('',#3845,#3113,#3114);
#2569=AXIS2_PLACEMENT_3D('',#3848,#3117,#3118);
#2570=AXIS2_PLACEMENT_3D('',#3850,#3120,#3121);
#2571=AXIS2_PLACEMENT_3D('',#3852,#3123,#3124);
#2572=AXIS2_PLACEMENT_3D('',#3853,#3125,#3126);
#2573=AXIS2_PLACEMENT_3D('',#3854,#3127,#3128);
#2574=AXIS2_PLACEMENT_3D('',#3856,#3129,#3130);
#2575=AXIS2_PLACEMENT_3D('',#3857,#3131,#3132);
#2576=AXIS2_PLACEMENT_3D('',#3858,#3133,#3134);
#2577=AXIS2_PLACEMENT_3D('',#3860,#3135,#3136);
#2578=AXIS2_PLACEMENT_3D('',#3861,#3137,#3138);
#2579=AXIS2_PLACEMENT_3D('',#3862,#3139,#3140);
#2580=AXIS2_PLACEMENT_3D('',#3863,#3141,#3142);
#2581=AXIS2_PLACEMENT_3D('',#3864,#3143,#3144);
#2582=AXIS2_PLACEMENT_3D('',#3865,#3145,#3146);
#2583=AXIS2_PLACEMENT_3D('',#3866,#3147,#3148);
#2584=AXIS2_PLACEMENT_3D('',#3867,#3149,#3150);
#2585=AXIS2_PLACEMENT_3D('',#3868,#3151,#3152);
#2586=AXIS2_PLACEMENT_3D('',#3869,#3153,#3154);
#2587=AXIS2_PLACEMENT_3D('',#3870,#3155,#3156);
#2588=AXIS2_PLACEMENT_3D('',#3871,#3157,#3158);
#2589=AXIS2_PLACEMENT_3D('',#3872,#3159,#3160);
#2590=AXIS2_PLACEMENT_3D('',#3873,#3161,#3162);
#2591=AXIS2_PLACEMENT_3D('',#3874,#3163,#3164);
#2592=AXIS2_PLACEMENT_3D('',#3875,#3165,#3166);
#2593=AXIS2_PLACEMENT_3D('',#3876,#3167,#3168);
#2594=AXIS2_PLACEMENT_3D('',#3877,#3169,#3170);
#2595=AXIS2_PLACEMENT_3D('',#3879,#3172,#3173);
#2596=AXIS2_PLACEMENT_3D('',#3881,#3175,#3176);
#2597=AXIS2_PLACEMENT_3D('',#3887,#3182,#3183);
#2598=AXIS2_PLACEMENT_3D('',#3889,#3185,#3186);
#2599=AXIS2_PLACEMENT_3D('',#3890,#3187,#3188);
#2600=AXIS2_PLACEMENT_3D('',#3892,#3190,#3191);
#2601=AXIS2_PLACEMENT_3D('',#3894,#3193,#3194);
#2602=AXIS2_PLACEMENT_3D('',#3896,#3196,#3197);
#2603=AXIS2_PLACEMENT_3D('',#3898,#3199,#3200);
#2604=AXIS2_PLACEMENT_3D('',#3899,#3201,#3202);
#2605=AXIS2_PLACEMENT_3D('',#3902,#3205,#3206);
#2606=AXIS2_PLACEMENT_3D('',#3904,#3208,#3209);
#2607=AXIS2_PLACEMENT_3D('',#3906,#3211,#3212);
#2608=AXIS2_PLACEMENT_3D('',#3908,#3214,#3215);
#2609=AXIS2_PLACEMENT_3D('',#3910,#3217,#3218);
#2610=AXIS2_PLACEMENT_3D('',#3912,#3220,#3221);
#2611=AXIS2_PLACEMENT_3D('',#3914,#3223,#3224);
#2612=AXIS2_PLACEMENT_3D('',#3915,#3225,#3226);
#2613=AXIS2_PLACEMENT_3D('',#3917,#3228,#3229);
#2614=AXIS2_PLACEMENT_3D('',#3919,#3231,#3232);
#2615=AXIS2_PLACEMENT_3D('',#3920,#3233,#3234);
#2616=AXIS2_PLACEMENT_3D('',#3922,#3236,#3237);
#2617=AXIS2_PLACEMENT_3D('',#3924,#3239,#3240);
#2618=AXIS2_PLACEMENT_3D('',#3925,#3241,#3242);
#2619=AXIS2_PLACEMENT_3D('',#3927,#3244,#3245);
#2620=AXIS2_PLACEMENT_3D('',#3929,#3247,#3248);
#2621=AXIS2_PLACEMENT_3D('',#3930,#3249,#3250);
#2622=AXIS2_PLACEMENT_3D('',#3932,#3252,#3253);
#2623=AXIS2_PLACEMENT_3D('',#3934,#3255,#3256);
#2624=DIRECTION('',(0.,0.,1.));
#2625=DIRECTION('',(1.,0.,0.));
#2626=DIRECTION('',(0.,-1.,0.));
#2627=DIRECTION('',(0.,0.,-1.));
#2628=DIRECTION('',(-1.,0.,-1.12644381556935E-16));
#2629=DIRECTION('',(0.,0.,-1.));
#2630=DIRECTION('',(1.,0.,0.));
#2631=DIRECTION('',(0.,1.,0.));
#2632=DIRECTION('',(0.,0.,-1.));
#2633=DIRECTION('',(1.,0.,0.));
#2634=DIRECTION('',(0.,1.,0.));
#2635=DIRECTION('',(0.,0.,-1.));
#2636=DIRECTION('',(1.,0.,0.));
#2637=DIRECTION('',(0.,0.,-1.));
#2638=DIRECTION('',(-1.,0.,-1.12644381556935E-16));
#2639=DIRECTION('',(0.,0.,-1.));
#2640=DIRECTION('',(-1.,0.,0.));
#2641=DIRECTION('',(0.,-1.,0.));
#2642=DIRECTION('',(0.,0.,-1.));
#2643=DIRECTION('',(-1.,0.,0.));
#2644=DIRECTION('',(0.,-1.,0.));
#2645=DIRECTION('',(0.,0.,-1.));
#2646=DIRECTION('',(-1.,0.,0.));
#2647=DIRECTION('',(0.,0.,-1.));
#2648=DIRECTION('',(-1.,0.,-1.12644381556935E-16));
#2649=DIRECTION('',(1.12644381556935E-16,0.,-1.));
#2650=DIRECTION('',(-1.,0.,-1.12644381556935E-16));
#2651=DIRECTION('',(1.12644381556935E-16,0.,-1.));
#2652=DIRECTION('',(0.,-1.,0.));
#2653=DIRECTION('',(0.,0.,-1.));
#2654=DIRECTION('',(0.,0.,-1.));
#2655=DIRECTION('',(-1.,0.,-1.12644381556935E-16));
#2656=DIRECTION('',(0.,0.,-1.));
#2657=DIRECTION('',(1.,0.,0.));
#2658=DIRECTION('',(0.,0.,-1.));
#2659=DIRECTION('',(-1.,0.,0.));
#2660=DIRECTION('',(0.,-1.,0.));
#2661=DIRECTION('',(-1.,0.,0.));
#2662=DIRECTION('',(0.,-1.,0.));
#2663=DIRECTION('',(-1.,0.,0.));
#2664=DIRECTION('',(0.,0.,-1.));
#2665=DIRECTION('',(-1.,0.,0.));
#2666=DIRECTION('',(0.,-1.,0.));
#2667=DIRECTION('',(0.,1.,0.));
#2668=DIRECTION('',(-1.,0.,0.));
#2669=DIRECTION('',(0.,0.,1.));
#2670=DIRECTION('',(1.,0.,0.));
#2671=DIRECTION('',(0.,-1.,0.));
#2672=DIRECTION('',(1.,0.,0.));
#2673=DIRECTION('',(0.,1.,0.));
#2674=DIRECTION('',(0.,0.,1.));
#2675=DIRECTION('',(1.,0.,0.));
#2676=DIRECTION('',(0.,-1.,0.));
#2677=DIRECTION('',(0.,-1.,0.));
#2678=DIRECTION('',(1.,0.,0.));
#2679=DIRECTION('',(1.12644381556935E-16,0.,-1.));
#2680=DIRECTION('',(1.,0.,1.12644381556935E-16));
#2681=DIRECTION('',(1.12644381556935E-16,0.,-1.));
#2682=DIRECTION('',(-1.,0.,-1.12644381556935E-16));
#2683=DIRECTION('',(-1.,0.,-1.12644381556935E-16));
#2684=DIRECTION('',(1.12644381556935E-16,0.,-1.));
#2685=DIRECTION('',(-1.,0.,-1.12644381556935E-16));
#2686=DIRECTION('',(0.,1.,0.));
#2687=DIRECTION('',(1.12644381556935E-16,0.,-1.));
#2688=DIRECTION('',(-1.,0.,-1.12644381556935E-16));
#2689=DIRECTION('',(1.,0.,1.12644381556935E-16));
#2690=DIRECTION('',(1.12644381556935E-16,0.,-1.));
#2691=DIRECTION('',(-1.,0.,-1.12644381556935E-16));
#2692=DIRECTION('',(0.,-1.,0.));
#2693=DIRECTION('',(0.,-1.,0.));
#2694=DIRECTION('',(-0.5,-0.866025403784439,-5.63221907784678E-17));
#2695=DIRECTION('',(-1.,0.,-1.12644381556935E-16));
#2696=DIRECTION('',(-0.5,-0.866025403784439,-5.63221907784678E-17));
#2697=DIRECTION('',(-6.67695377216515E-16,-1.,-7.52121328349791E-32));
#2698=DIRECTION('',(-0.5,-0.866025403784439,-5.63221907784678E-17));
#2699=DIRECTION('',(-1.,0.,-1.12644381556935E-16));
#2700=DIRECTION('',(-0.5,-0.866025403784439,-5.63221907784678E-17));
#2701=DIRECTION('',(0.,-1.,0.));
#2702=DIRECTION('',(-0.5,-0.866025403784439,-5.63221907784678E-17));
#2703=DIRECTION('',(-1.,0.,-1.12644381556935E-16));
#2704=DIRECTION('',(-6.67695377216516E-16,-1.,-7.52121328349792E-32));
#2705=DIRECTION('',(-0.5,-0.866025403784439,-5.63221907784678E-17));
#2706=DIRECTION('',(-1.,0.,-1.12644381556935E-16));
#2707=DIRECTION('',(-0.5,-0.866025403784439,-5.63221907784678E-17));
#2708=DIRECTION('',(-1.,2.89120579329468E-16,-1.12644381556935E-16));
#2709=DIRECTION('',(-0.5,-0.866025403784439,-5.63221907784678E-17));
#2710=DIRECTION('',(-1.,0.,-1.12644381556935E-16));
#2711=DIRECTION('',(-0.5,-0.866025403784439,-5.63221907784678E-17));
#2712=DIRECTION('',(-0.5,-0.866025403784439,-5.63221907784678E-17));
#2713=DIRECTION('',(-1.,2.89120579329467E-16,-1.12644381556935E-16));
#2714=DIRECTION('',(-0.5,-0.866025403784439,-5.63221907784678E-17));
#2715=DIRECTION('',(-1.,0.,-1.12644381556935E-16));
#2716=DIRECTION('',(-1.,2.89120579329467E-16,-1.12644381556935E-16));
#2717=DIRECTION('',(-0.5,-0.866025403784439,-5.63221907784678E-17));
#2718=DIRECTION('',(-1.,0.,-1.12644381556935E-16));
#2719=DIRECTION('',(-0.5,-0.866025403784438,-5.63221907784678E-17));
#2720=DIRECTION('',(1.,-4.95635278850516E-16,1.12644381556935E-16));
#2721=DIRECTION('',(-0.5,-0.866025403784439,-5.63221907784678E-17));
#2722=DIRECTION('',(-1.,0.,-1.12644381556935E-16));
#2723=DIRECTION('',(-0.5,-0.866025403784439,-5.63221907784678E-17));
#2724=DIRECTION('',(0.,-1.,0.));
#2725=DIRECTION('',(-0.5,-0.866025403784439,-5.63221907784678E-17));
#2726=DIRECTION('',(-1.,2.89120579329468E-16,-1.12644381556935E-16));
#2727=DIRECTION('',(-0.5,-0.866025403784439,-5.63221907784678E-17));
#2728=DIRECTION('',(0.,-1.,0.));
#2729=DIRECTION('',(-0.5,-0.866025403784439,-5.63221907784678E-17));
#2730=DIRECTION('',(-1.,2.89120579329468E-16,-1.12644381556935E-16));
#2731=DIRECTION('',(-0.5,-0.866025403784439,-5.63221907784678E-17));
#2732=DIRECTION('',(-6.67695377216515E-16,-1.,-7.52121328349791E-32));
#2733=DIRECTION('',(-0.5,-0.866025403784439,-5.63221907784677E-17));
#2734=DIRECTION('',(-1.,2.47817639425258E-16,-1.12644381556935E-16));
#2735=DIRECTION('',(0.,-1.,0.));
#2736=DIRECTION('',(-0.5,-0.866025403784438,-5.63221907784678E-17));
#2737=DIRECTION('',(-1.,2.89120579329468E-16,-1.12644381556935E-16));
#2738=DIRECTION('',(-0.5,-0.866025403784439,-5.63221907784678E-17));
#2739=DIRECTION('',(-6.67695377216515E-16,-1.,-7.52121328349791E-32));
#2740=DIRECTION('',(-0.5,-0.866025403784438,-5.63221907784678E-17));
#2741=DIRECTION('',(-1.,2.89120579329468E-16,-1.12644381556935E-16));
#2742=DIRECTION('',(-0.5,-0.866025403784439,-5.63221907784678E-17));
#2743=DIRECTION('',(0.,-1.,0.));
#2744=DIRECTION('',(-1.,0.,-1.12644381556935E-16));
#2745=DIRECTION('',(-1.12644381556935E-16,0.,1.));
#2746=DIRECTION('',(-1.,0.,-1.12644381556935E-16));
#2747=DIRECTION('',(1.12644381556935E-16,0.,-1.));
#2748=DIRECTION('',(-1.,0.,-1.12644381556935E-16));
#2749=DIRECTION('',(1.12644381556935E-16,0.,-1.));
#2750=DIRECTION('',(-1.,0.,-1.12644381556935E-16));
#2751=DIRECTION('',(1.12644381556935E-16,0.,-1.));
#2752=DIRECTION('',(-1.,0.,-1.12644381556935E-16));
#2753=DIRECTION('',(-1.12644381556935E-16,0.,1.));
#2754=DIRECTION('',(-1.,0.,-1.12644381556935E-16));
#2755=DIRECTION('',(1.12644381556935E-16,0.,-1.));
#2756=DIRECTION('',(-1.,0.,-1.12644381556935E-16));
#2757=DIRECTION('',(1.12644381556935E-16,0.,-1.));
#2758=DIRECTION('',(-1.,0.,-1.12644381556935E-16));
#2759=DIRECTION('',(1.12644381556935E-16,0.,-1.));
#2760=DIRECTION('',(-1.,0.,-1.12644381556935E-16));
#2761=DIRECTION('',(1.12644381556935E-16,0.,-1.));
#2762=DIRECTION('',(1.,0.,1.12644381556935E-16));
#2763=DIRECTION('',(-1.,2.47817639425258E-16,-1.12644381556935E-16));
#2764=DIRECTION('',(0.,1.,0.));
#2765=DIRECTION('',(1.12644381556935E-16,0.,-1.));
#2766=DIRECTION('',(-1.,0.,-1.12644381556935E-16));
#2767=DIRECTION('',(-1.,0.,-1.12644381556935E-16));
#2768=DIRECTION('',(1.12644381556935E-16,0.,-1.));
#2769=DIRECTION('',(-1.,0.,-1.12644381556935E-16));
#2770=DIRECTION('',(0.,1.,0.));
#2771=DIRECTION('',(1.,-4.95635278850516E-16,1.12644381556935E-16));
#2772=DIRECTION('',(1.,-4.95635278850516E-16,1.12644381556935E-16));
#2773=DIRECTION('',(0.,1.,0.));
#2774=DIRECTION('',(1.12644381556935E-16,0.,-1.));
#2775=DIRECTION('',(-1.,0.,-1.12644381556935E-16));
#2776=DIRECTION('',(1.12644381556935E-16,0.,-1.));
#2777=DIRECTION('',(-1.,0.,-1.12644381556935E-16));
#2778=DIRECTION('',(0.,1.,0.));
#2779=DIRECTION('',(-1.,2.47817639425258E-16,-1.12644381556935E-16));
#2780=DIRECTION('',(-1.,2.47817639425258E-16,-1.12644381556935E-16));
#2781=DIRECTION('',(0.,1.,0.));
#2782=DIRECTION('',(1.12644381556935E-16,0.,-1.));
#2783=DIRECTION('',(-1.,0.,-1.12644381556935E-16));
#2784=DIRECTION('',(-1.,0.,-1.12644381556935E-16));
#2785=DIRECTION('',(1.12644381556935E-16,0.,-1.));
#2786=DIRECTION('',(-1.,0.,-1.12644381556935E-16));
#2787=DIRECTION('',(0.,-1.,0.));
#2788=DIRECTION('',(1.12644381556935E-16,0.,-1.));
#2789=DIRECTION('',(-1.,0.,-1.12644381556935E-16));
#2790=DIRECTION('',(1.,0.,1.12644381556935E-16));
#2791=DIRECTION('',(1.12644381556935E-16,0.,-1.));
#2792=DIRECTION('',(-1.,0.,-1.12644381556935E-16));
#2793=DIRECTION('',(-2.47817639425258E-16,-1.,-2.79152647319578E-32));
#2794=DIRECTION('',(1.,-2.47817639425258E-16,0.));
#2795=DIRECTION('',(1.12644381556935E-16,0.,-1.));
#2796=DIRECTION('',(-1.,2.47817639425258E-16,-1.12644381556935E-16));
#2797=DIRECTION('',(-0.707106781186548,1.75233533335243E-16,-0.707106781186548));
#2798=DIRECTION('',(1.12644381556935E-16,0.,-1.));
#2799=DIRECTION('',(1.12644381556935E-16,0.,-1.));
#2800=DIRECTION('',(1.,0.,1.12644381556935E-16));
#2801=DIRECTION('',(-0.5,-0.866025403784439,-5.63221907784678E-17));
#2802=DIRECTION('',(-6.67695377216515E-16,-1.,-7.52121328349791E-32));
#2803=DIRECTION('',(-0.5,-0.866025403784439,-5.63221907784678E-17));
#2804=DIRECTION('',(-1.,0.,-1.12644381556935E-16));
#2805=DIRECTION('',(-0.5,-0.866025403784439,-5.63221907784678E-17));
#2806=DIRECTION('',(-6.67695377216516E-16,-1.,-7.52121328349792E-32));
#2807=DIRECTION('',(-0.5,-0.866025403784439,-5.63221907784678E-17));
#2808=DIRECTION('',(-1.,0.,-1.12644381556935E-16));
#2809=DIRECTION('',(-1.,2.89120579329467E-16,-1.12644381556935E-16));
#2810=DIRECTION('',(-0.5,-0.866025403784439,-5.63221907784678E-17));
#2811=DIRECTION('',(-1.,0.,-1.12644381556935E-16));
#2812=DIRECTION('',(-0.5,-0.866025403784439,-5.63221907784678E-17));
#2813=DIRECTION('',(1.12644381556935E-16,0.,-1.));
#2814=DIRECTION('',(-1.,0.,-1.12644381556935E-16));
#2815=DIRECTION('',(0.,1.,0.));
#2816=DIRECTION('',(1.,-4.95635278850516E-16,1.12644381556935E-16));
#2817=DIRECTION('',(0.,-1.,0.));
#2818=DIRECTION('',(-0.5,-0.866025403784439,-5.63221907784678E-17));
#2819=DIRECTION('',(-1.,0.,-1.12644381556935E-16));
#2820=DIRECTION('',(-0.5,-0.866025403784439,-5.63221907784678E-17));
#2821=DIRECTION('',(0.,1.,0.));
#2822=DIRECTION('',(1.12644381556935E-16,0.,-1.));
#2823=DIRECTION('',(-1.,0.,-1.12644381556935E-16));
#2824=DIRECTION('',(-1.,0.,-1.12644381556935E-16));
#2825=DIRECTION('',(1.12644381556935E-16,0.,-1.));
#2826=DIRECTION('',(-1.,0.,-1.12644381556935E-16));
#2827=DIRECTION('',(0.,-1.,0.));
#2828=DIRECTION('',(-0.5,-0.866025403784439,-5.63221907784677E-17));
#2829=DIRECTION('',(0.,-1.,0.));
#2830=DIRECTION('',(-1.,2.47817639425258E-16,-1.12644381556935E-16));
#2831=DIRECTION('',(0.,-1.,0.));
#2832=DIRECTION('',(1.12644381556935E-16,0.,-1.));
#2833=DIRECTION('',(-1.,0.,-1.12644381556935E-16));
#2834=DIRECTION('',(1.,0.,1.12644381556935E-16));
#2835=DIRECTION('',(-1.,2.89120579329468E-16,-1.12644381556935E-16));
#2836=DIRECTION('',(-0.5,-0.866025403784439,-5.63221907784678E-17));
#2837=DIRECTION('',(-6.67695377216515E-16,-1.,-7.52121328349791E-32));
#2838=DIRECTION('',(-0.5,-0.866025403784439,-5.63221907784678E-17));
#2839=DIRECTION('',(-1.,2.89120579329468E-16,-1.12644381556935E-16));
#2840=DIRECTION('',(-0.5,-0.866025403784438,-5.63221907784678E-17));
#2841=DIRECTION('',(-1.,0.,-1.12644381556935E-16));
#2842=DIRECTION('',(0.,-1.,0.));
#2843=DIRECTION('',(-0.5,-0.866025403784439,-5.63221907784678E-17));
#2844=DIRECTION('',(-1.,2.89120579329468E-16,-1.12644381556935E-16));
#2845=DIRECTION('',(-0.5,-0.866025403784438,-5.63221907784678E-17));
#2846=DIRECTION('',(-6.67695377216515E-16,-1.,-7.52121328349791E-32));
#2847=DIRECTION('',(-0.5,-0.866025403784439,-5.63221907784678E-17));
#2848=DIRECTION('',(-1.,2.89120579329468E-16,-1.12644381556935E-16));
#2849=DIRECTION('',(-0.5,-0.866025403784439,-5.63221907784678E-17));
#2850=DIRECTION('',(0.,-1.,0.));
#2851=DIRECTION('',(-0.5,-0.866025403784439,-5.63221907784678E-17));
#2852=DIRECTION('',(-0.5,-0.866025403784439,-5.63221907784678E-17));
#2853=DIRECTION('',(-1.,2.89120579329467E-16,-1.12644381556935E-16));
#2854=DIRECTION('',(-0.5,-0.866025403784438,-5.63221907784678E-17));
#2855=DIRECTION('',(-1.,0.,-1.12644381556935E-16));
#2856=DIRECTION('',(-0.5,-0.866025403784439,-5.63221907784678E-17));
#2857=DIRECTION('',(-1.,2.89120579329468E-16,-1.12644381556935E-16));
#2858=DIRECTION('',(-0.5,-0.866025403784439,-5.63221907784678E-17));
#2859=DIRECTION('',(-1.,0.,-1.12644381556935E-16));
#2860=DIRECTION('',(-0.5,-0.866025403784439,-5.63221907784678E-17));
#2861=DIRECTION('',(0.,-1.,0.));
#2862=DIRECTION('',(-1.,0.,-1.12644381556935E-16));
#2863=DIRECTION('',(-0.5,-0.866025403784439,-5.63221907784678E-17));
#2864=DIRECTION('',(0.,-1.,0.));
#2865=DIRECTION('',(-0.5,-0.866025403784439,-5.63221907784678E-17));
#2866=DIRECTION('',(-1.,0.,-1.12644381556935E-16));
#2867=DIRECTION('',(0.,-1.,0.));
#2868=DIRECTION('',(0.,0.,-1.));
#2869=DIRECTION('',(0.,0.,-1.));
#2870=DIRECTION('',(-1.,0.,-1.12644381556935E-16));
#2871=DIRECTION('',(0.,0.,-1.));
#2872=DIRECTION('',(0.,-1.,0.));
#2873=DIRECTION('',(0.,0.,-1.));
#2874=DIRECTION('',(1.12644381556935E-16,0.,-1.));
#2875=DIRECTION('',(1.,0.,1.12644381556935E-16));
#2876=DIRECTION('',(1.12644381556935E-16,0.,-1.));
#2877=DIRECTION('',(-1.,0.,-1.12644381556935E-16));
#2878=DIRECTION('',(-1.12644381556935E-16,0.,1.));
#2879=DIRECTION('',(1.12644381556935E-16,0.,-1.));
#2880=DIRECTION('',(0.,-1.,0.));
#2881=DIRECTION('',(1.12644381556935E-16,0.,-1.));
#2882=DIRECTION('',(0.,1.,0.));
#2883=DIRECTION('',(0.,0.,1.));
#2884=DIRECTION('',(1.12644381556935E-16,0.,-1.));
#2885=DIRECTION('',(-1.,0.,-1.12644381556935E-16));
#2886=DIRECTION('',(1.12644381556935E-16,0.,-1.));
#2887=DIRECTION('',(1.,0.,1.12644381556935E-16));
#2888=DIRECTION('',(1.12644381556935E-16,0.,-1.));
#2889=DIRECTION('',(1.12644381556935E-16,0.,-1.));
#2890=DIRECTION('',(0.,1.,0.));
#2891=DIRECTION('',(1.12644381556935E-16,0.,-1.));
#2892=DIRECTION('',(-2.47817639425258E-16,-1.,-2.79152647319578E-32));
#2893=DIRECTION('',(1.,-2.47817639425258E-16,0.));
#2894=DIRECTION('',(1.12644381556935E-16,0.,-1.));
#2895=DIRECTION('',(0.707106781186548,-1.75233533335243E-16,0.707106781186548));
#2896=DIRECTION('',(1.12644381556935E-16,0.,-1.));
#2897=DIRECTION('',(-1.,0.,-1.12644381556935E-16));
#2898=DIRECTION('',(-1.12644381556935E-16,0.,1.));
#2899=DIRECTION('',(0.,1.,0.));
#2900=DIRECTION('',(1.12644381556935E-16,0.,-1.));
#2901=DIRECTION('',(0.,-1.,0.));
#2902=DIRECTION('',(0.,0.,-1.));
#2903=DIRECTION('',(1.12644381556935E-16,0.,-1.));
#2904=DIRECTION('',(1.,0.,1.12644381556935E-16));
#2905=DIRECTION('',(1.12644381556935E-16,0.,-1.));
#2906=DIRECTION('',(-1.,0.,-1.12644381556935E-16));
#2907=DIRECTION('',(-1.12644381556935E-16,0.,1.));
#2908=DIRECTION('',(1.12644381556935E-16,0.,-1.));
#2909=DIRECTION('',(0.,-1.,0.));
#2910=DIRECTION('',(1.12644381556935E-16,0.,-1.));
#2911=DIRECTION('',(4.95635278850516E-16,1.,5.58305294639157E-32));
#2912=DIRECTION('',(-1.,4.95635278850516E-16,0.));
#2913=DIRECTION('',(-0.707106781186548,3.50467066670486E-16,0.707106781186548));
#2914=DIRECTION('',(1.12644381556935E-16,0.,-1.));
#2915=DIRECTION('',(1.12644381556935E-16,0.,-1.));
#2916=DIRECTION('',(-1.,0.,-1.12644381556935E-16));
#2917=DIRECTION('',(-1.12644381556935E-16,0.,1.));
#2918=DIRECTION('',(0.,-1.,0.));
#2919=DIRECTION('',(1.12644381556935E-16,0.,-1.));
#2920=DIRECTION('',(-1.,0.,-1.12644381556935E-16));
#2921=DIRECTION('',(-1.12644381556935E-16,0.,1.));
#2922=DIRECTION('',(1.12644381556935E-16,0.,-1.));
#2923=DIRECTION('',(0.,1.,0.));
#2924=DIRECTION('',(0.,1.,0.));
#2925=DIRECTION('',(0.,0.,1.));
#2926=DIRECTION('',(0.,1.,0.));
#2927=DIRECTION('',(0.,-1.,0.));
#2928=DIRECTION('',(0.,0.,-1.));
#2929=DIRECTION('',(0.,1.,0.));
#2930=DIRECTION('',(0.,0.,-1.));
#2931=DIRECTION('',(-1.,0.,0.));
#2932=DIRECTION('',(0.,-1.,0.));
#2933=DIRECTION('',(-1.,0.,0.));
#2934=DIRECTION('',(0.,1.,0.));
#2935=DIRECTION('',(0.,0.,1.));
#2936=DIRECTION('',(0.,1.,0.));
#2937=DIRECTION('',(0.,-1.,0.));
#2938=DIRECTION('',(0.,0.,-1.));
#2939=DIRECTION('',(0.,0.,-1.));
#2940=DIRECTION('',(-1.,0.,0.));
#2941=DIRECTION('',(-1.,0.,0.));
#2942=DIRECTION('',(0.,-1.,0.));
#2943=DIRECTION('',(1.,0.,0.));
#2944=DIRECTION('',(1.,0.,0.));
#2945=DIRECTION('',(-1.,0.,0.));
#2946=DIRECTION('',(0.,0.,1.));
#2947=DIRECTION('',(1.,0.,0.));
#2948=DIRECTION('',(0.,-1.,0.));
#2949=DIRECTION('',(0.,1.,0.));
#2950=DIRECTION('',(1.,0.,0.));
#2951=DIRECTION('',(0.,1.,0.));
#2952=DIRECTION('',(0.,0.,1.));
#2953=DIRECTION('',(0.,1.,0.));
#2954=DIRECTION('',(0.,1.,0.));
#2955=DIRECTION('',(0.,0.,-1.));
#2956=DIRECTION('',(0.,0.,1.));
#2957=DIRECTION('',(1.,0.,0.));
#2958=DIRECTION('',(0.,1.,0.));
#2959=DIRECTION('',(1.,0.,0.));
#2960=DIRECTION('',(0.,1.,0.));
#2961=DIRECTION('',(0.,0.,1.));
#2962=DIRECTION('',(0.,1.,0.));
#2963=DIRECTION('',(0.,0.,-1.));
#2964=DIRECTION('',(0.,-1.,0.));
#2965=DIRECTION('',(1.,0.,0.));
#2966=DIRECTION('',(1.,0.,0.));
#2967=DIRECTION('',(-1.,0.,0.));
#2968=DIRECTION('',(-2.89120579329468E-16,-1.,-3.25678088539508E-32));
#2969=DIRECTION('',(1.,-2.89120579329468E-16,0.));
#2970=DIRECTION('',(1.12644381556935E-16,0.,-1.));
#2971=DIRECTION('',(1.12644381556935E-16,0.,-1.));
#2972=DIRECTION('',(0.866025403784438,-0.5,9.75528960218934E-17));
#2973=DIRECTION('',(0.5,0.866025403784438,0.));
#2974=DIRECTION('',(1.12644381556935E-16,0.,-1.));
#2975=DIRECTION('',(0.,-1.,0.));
#2976=DIRECTION('',(0.,0.,-1.));
#2977=DIRECTION('',(1.12644381556935E-16,0.,-1.));
#2978=DIRECTION('',(1.,0.,1.12644381556935E-16));
#2979=DIRECTION('',(1.12644381556935E-16,0.,-1.));
#2980=DIRECTION('',(1.12644381556935E-16,0.,-1.));
#2981=DIRECTION('',(0.866025403784439,-0.5,9.75528960218935E-17));
#2982=DIRECTION('',(0.5,0.866025403784439,0.));
#2983=DIRECTION('',(-2.89120579329468E-16,-1.,-3.25678088539508E-32));
#2984=DIRECTION('',(1.,-2.89120579329468E-16,0.));
#2985=DIRECTION('',(1.12644381556935E-16,0.,-1.));
#2986=DIRECTION('',(1.12644381556935E-16,0.,-1.));
#2987=DIRECTION('',(0.866025403784438,-0.5,9.75528960218934E-17));
#2988=DIRECTION('',(0.5,0.866025403784438,0.));
#2989=DIRECTION('',(1.12644381556935E-16,0.,-1.));
#2990=DIRECTION('',(1.,-6.67695377216515E-16,1.12644381556935E-16));
#2991=DIRECTION('',(6.67695377216515E-16,1.,0.));
#2992=DIRECTION('',(1.12644381556935E-16,0.,-1.));
#2993=DIRECTION('',(0.866025403784439,-0.5,9.75528960218935E-17));
#2994=DIRECTION('',(0.5,0.866025403784439,0.));
#2995=DIRECTION('',(-2.47817639425258E-16,-1.,-2.79152647319578E-32));
#2996=DIRECTION('',(1.,-2.47817639425258E-16,0.));
#2997=DIRECTION('',(1.12644381556935E-16,0.,-1.));
#2998=DIRECTION('',(1.12644381556935E-16,0.,-1.));
#2999=DIRECTION('',(0.866025403784439,-0.5,9.75528960218935E-17));
#3000=DIRECTION('',(0.5,0.866025403784439,0.));
#3001=DIRECTION('',(1.12644381556935E-16,0.,-1.));
#3002=DIRECTION('',(1.,0.,1.12644381556935E-16));
#3003=DIRECTION('',(1.12644381556935E-16,0.,-1.));
#3004=DIRECTION('',(-2.89120579329468E-16,-1.,-3.25678088539508E-32));
#3005=DIRECTION('',(1.,-2.89120579329468E-16,0.));
#3006=DIRECTION('',(1.12644381556935E-16,0.,-1.));
#3007=DIRECTION('',(1.12644381556935E-16,0.,-1.));
#3008=DIRECTION('',(0.866025403784439,-0.5,9.75528960218935E-17));
#3009=DIRECTION('',(0.5,0.866025403784439,0.));
#3010=DIRECTION('',(1.12644381556935E-16,0.,-1.));
#3011=DIRECTION('',(1.,-6.67695377216515E-16,1.12644381556935E-16));
#3012=DIRECTION('',(6.67695377216515E-16,1.,0.));
#3013=DIRECTION('',(1.12644381556935E-16,0.,-1.));
#3014=DIRECTION('',(0.866025403784439,-0.5,9.75528960218935E-17));
#3015=DIRECTION('',(0.5,0.866025403784439,0.));
#3016=DIRECTION('',(-2.89120579329468E-16,-1.,-3.25678088539508E-32));
#3017=DIRECTION('',(1.,-2.89120579329468E-16,0.));
#3018=DIRECTION('',(1.12644381556935E-16,0.,-1.));
#3019=DIRECTION('',(1.12644381556935E-16,0.,-1.));
#3020=DIRECTION('',(0.866025403784439,-0.5,9.75528960218934E-17));
#3021=DIRECTION('',(0.5,0.866025403784439,0.));
#3022=DIRECTION('',(1.12644381556935E-16,0.,-1.));
#3023=DIRECTION('',(1.,0.,1.12644381556935E-16));
#3024=DIRECTION('',(1.12644381556935E-16,0.,-1.));
#3025=DIRECTION('',(1.12644381556935E-16,0.,-1.));
#3026=DIRECTION('',(0.866025403784439,-0.5,9.75528960218935E-17));
#3027=DIRECTION('',(0.5,0.866025403784439,0.));
#3028=DIRECTION('',(0.866025403784439,-0.5,9.75528960218934E-17));
#3029=DIRECTION('',(0.5,0.866025403784439,0.));
#3030=DIRECTION('',(0.447213595499958,0.774596669241483,-0.447213595499959));
#3031=DIRECTION('',(1.12644381556935E-16,0.,-1.));
#3032=DIRECTION('',(1.12644381556935E-16,0.,-1.));
#3033=DIRECTION('',(4.95635278850516E-16,1.,5.58305294639157E-32));
#3034=DIRECTION('',(-1.,4.95635278850516E-16,0.));
#3035=DIRECTION('',(1.12644381556935E-16,0.,-1.));
#3036=DIRECTION('',(1.,0.,1.12644381556935E-16));
#3037=DIRECTION('',(1.12644381556935E-16,0.,-1.));
#3038=DIRECTION('',(1.12644381556935E-16,0.,-1.));
#3039=DIRECTION('',(0.866025403784439,-0.5,9.75528960218935E-17));
#3040=DIRECTION('',(0.5,0.866025403784439,0.));
#3041=DIRECTION('',(1.12644381556935E-16,0.,-1.));
#3042=DIRECTION('',(0.,-1.,0.));
#3043=DIRECTION('',(0.,0.,-1.));
#3044=DIRECTION('',(0.866025403784439,-0.5,9.75528960218935E-17));
#3045=DIRECTION('',(0.5,0.866025403784439,0.));
#3046=DIRECTION('',(1.12644381556935E-16,0.,-1.));
#3047=DIRECTION('',(1.12644381556935E-16,0.,-1.));
#3048=DIRECTION('',(-2.89120579329467E-16,-1.,-3.25678088539507E-32));
#3049=DIRECTION('',(1.,-2.89120579329467E-16,0.));
#3050=DIRECTION('',(1.12644381556935E-16,0.,-1.));
#3051=DIRECTION('',(0.866025403784438,-0.5,9.75528960218934E-17));
#3052=DIRECTION('',(0.5,0.866025403784438,0.));
#3053=DIRECTION('',(1.12644381556935E-16,0.,-1.));
#3054=DIRECTION('',(0.,-1.,0.));
#3055=DIRECTION('',(0.,0.,-1.));
#3056=DIRECTION('',(-2.89120579329467E-16,-1.,-3.25678088539507E-32));
#3057=DIRECTION('',(1.,-2.89120579329467E-16,0.));
#3058=DIRECTION('',(1.12644381556935E-16,0.,-1.));
#3059=DIRECTION('',(1.12644381556935E-16,0.,-1.));
#3060=DIRECTION('',(0.866025403784439,-0.5,9.75528960218935E-17));
#3061=DIRECTION('',(0.5,0.866025403784439,0.));
#3062=DIRECTION('',(1.12644381556935E-16,0.,-1.));
#3063=DIRECTION('',(0.,-1.,0.));
#3064=DIRECTION('',(0.,0.,-1.));
#3065=DIRECTION('',(1.12644381556935E-16,0.,-1.));
#3066=DIRECTION('',(0.866025403784439,-0.5,9.75528960218934E-17));
#3067=DIRECTION('',(0.5,0.866025403784439,0.));
#3068=DIRECTION('',(0.866025403784439,-0.5,9.75528960218934E-17));
#3069=DIRECTION('',(0.5,0.866025403784439,0.));
#3070=DIRECTION('',(1.12644381556935E-16,0.,-1.));
#3071=DIRECTION('',(1.12644381556935E-16,0.,-1.));
#3072=DIRECTION('',(-2.89120579329468E-16,-1.,-3.25678088539508E-32));
#3073=DIRECTION('',(1.,-2.89120579329468E-16,0.));
#3074=DIRECTION('',(1.12644381556935E-16,0.,-1.));
#3075=DIRECTION('',(0.866025403784439,-0.5,9.75528960218935E-17));
#3076=DIRECTION('',(0.5,0.866025403784439,0.));
#3077=DIRECTION('',(1.12644381556935E-16,0.,-1.));
#3078=DIRECTION('',(0.,-1.,0.));
#3079=DIRECTION('',(0.,0.,-1.));
#3080=DIRECTION('',(0.866025403784439,-0.5,9.75528960218935E-17));
#3081=DIRECTION('',(0.5,0.866025403784439,0.));
#3082=DIRECTION('',(1.12644381556935E-16,0.,-1.));
#3083=DIRECTION('',(1.12644381556935E-16,0.,-1.));
#3084=DIRECTION('',(1.,-6.67695377216516E-16,1.12644381556935E-16));
#3085=DIRECTION('',(6.67695377216516E-16,1.,0.));
#3086=DIRECTION('',(1.12644381556935E-16,0.,-1.));
#3087=DIRECTION('',(0.866025403784439,-0.5,9.75528960218935E-17));
#3088=DIRECTION('',(0.5,0.866025403784439,0.));
#3089=DIRECTION('',(1.12644381556935E-16,0.,-1.));
#3090=DIRECTION('',(0.,-1.,0.));
#3091=DIRECTION('',(0.,0.,-1.));
#3092=DIRECTION('',(0.866025403784439,-0.5,9.75528960218935E-17));
#3093=DIRECTION('',(0.5,0.866025403784439,0.));
#3094=DIRECTION('',(1.12644381556935E-16,0.,-1.));
#3095=DIRECTION('',(1.12644381556935E-16,0.,-1.));
#3096=DIRECTION('',(1.,0.,1.12644381556935E-16));
#3097=DIRECTION('',(1.12644381556935E-16,0.,-1.));
#3098=DIRECTION('',(1.12644381556935E-16,0.,-1.));
#3099=DIRECTION('',(0.,-1.,0.));
#3100=DIRECTION('',(0.,0.,-1.));
#3101=DIRECTION('',(0.866025403784439,-0.5,9.75528960218935E-17));
#3102=DIRECTION('',(0.5,0.866025403784439,0.));
#3103=DIRECTION('',(1.12644381556935E-16,0.,-1.));
#3104=DIRECTION('',(1.12644381556935E-16,0.,-1.));
#3105=DIRECTION('',(1.,-6.67695377216515E-16,1.12644381556935E-16));
#3106=DIRECTION('',(6.67695377216515E-16,1.,0.));
#3107=DIRECTION('',(1.12644381556935E-16,0.,-1.));
#3108=DIRECTION('',(0.866025403784439,-0.5,9.75528960218935E-17));
#3109=DIRECTION('',(0.5,0.866025403784439,0.));
#3110=DIRECTION('',(1.12644381556935E-16,0.,-1.));
#3111=DIRECTION('',(0.,-1.,0.));
#3112=DIRECTION('',(0.,0.,-1.));
#3113=DIRECTION('',(0.866025403784439,-0.5,9.75528960218935E-17));
#3114=DIRECTION('',(0.5,0.866025403784439,0.));
#3115=DIRECTION('',(1.12644381556935E-16,0.,-1.));
#3116=DIRECTION('',(1.12644381556935E-16,0.,-1.));
#3117=DIRECTION('',(1.,0.,1.12644381556935E-16));
#3118=DIRECTION('',(1.12644381556935E-16,0.,-1.));
#3119=DIRECTION('',(1.12644381556935E-16,0.,-1.));
#3120=DIRECTION('',(0.866025403784439,-0.5,9.75528960218935E-17));
#3121=DIRECTION('',(0.5,0.866025403784439,0.));
#3122=DIRECTION('',(1.12644381556935E-16,0.,-1.));
#3123=DIRECTION('',(0.,-1.,0.));
#3124=DIRECTION('',(0.,0.,-1.));
#3125=DIRECTION('',(1.12644381556935E-16,0.,-1.));
#3126=DIRECTION('',(-1.,0.,-1.12644381556935E-16));
#3127=DIRECTION('',(1.12644381556935E-16,0.,-1.));
#3128=DIRECTION('',(-1.,0.,-1.12644381556935E-16));
#3129=DIRECTION('',(1.12644381556935E-16,0.,-1.));
#3130=DIRECTION('',(1.,0.,1.12644381556935E-16));
#3131=DIRECTION('',(1.12644381556935E-16,0.,-1.));
#3132=DIRECTION('',(-1.,0.,-1.12644381556935E-16));
#3133=DIRECTION('',(-1.12644381556935E-16,0.,1.));
#3134=DIRECTION('',(-1.,0.,-1.12644381556935E-16));
#3135=DIRECTION('',(1.12644381556935E-16,0.,-1.));
#3136=DIRECTION('',(1.,0.,1.12644381556935E-16));
#3137=DIRECTION('',(1.12644381556935E-16,0.,-1.));
#3138=DIRECTION('',(-1.,0.,-1.12644381556935E-16));
#3139=DIRECTION('',(0.,0.,-1.));
#3140=DIRECTION('',(-1.,0.,0.));
#3141=DIRECTION('',(1.12644381556935E-16,0.,-1.));
#3142=DIRECTION('',(-1.,0.,-1.12644381556935E-16));
#3143=DIRECTION('',(0.,0.,-1.));
#3144=DIRECTION('',(-1.,0.,0.));
#3145=DIRECTION('',(1.12644381556935E-16,0.,-1.));
#3146=DIRECTION('',(-1.,0.,-1.12644381556935E-16));
#3147=DIRECTION('',(0.,0.,-1.));
#3148=DIRECTION('',(-1.,0.,0.));
#3149=DIRECTION('',(1.12644381556935E-16,0.,-1.));
#3150=DIRECTION('',(-1.,0.,-1.12644381556935E-16));
#3151=DIRECTION('',(0.,0.,-1.));
#3152=DIRECTION('',(-1.,0.,0.));
#3153=DIRECTION('',(1.12644381556935E-16,0.,-1.));
#3154=DIRECTION('',(-1.,0.,-1.12644381556935E-16));
#3155=DIRECTION('',(0.,0.,-1.));
#3156=DIRECTION('',(-1.,0.,0.));
#3157=DIRECTION('',(-1.12644381556935E-16,0.,1.));
#3158=DIRECTION('',(1.,0.,1.12644381556935E-16));
#3159=DIRECTION('',(0.,0.,-1.));
#3160=DIRECTION('',(-1.,0.,0.));
#3161=DIRECTION('',(1.12644381556935E-16,0.,-1.));
#3162=DIRECTION('',(-1.,0.,-1.12644381556935E-16));
#3163=DIRECTION('',(0.,0.,-1.));
#3164=DIRECTION('',(-1.,0.,0.));
#3165=DIRECTION('',(-1.12644381556935E-16,0.,1.));
#3166=DIRECTION('',(1.,0.,1.12644381556935E-16));
#3167=DIRECTION('',(0.,0.,-1.));
#3168=DIRECTION('',(-1.,0.,0.));
#3169=DIRECTION('',(-0.707106781186548,0.,0.707106781186548));
#3170=DIRECTION('',(0.,-1.,0.));
#3171=DIRECTION('',(-0.707106781186548,0.,-0.707106781186548));
#3172=DIRECTION('',(0.,0.,-1.));
#3173=DIRECTION('',(-1.,0.,0.));
#3174=DIRECTION('',(0.,-0.707106781186548,-0.707106781186548));
#3175=DIRECTION('',(-7.9651606061474E-17,-0.707106781186548,0.707106781186548));
#3176=DIRECTION('',(1.,0.,1.12644381556935E-16));
#3177=DIRECTION('',(1.,0.,-1.12644381556935E-16));
#3178=DIRECTION('',(-1.,0.,-1.12644381556935E-16));
#3179=DIRECTION('',(1.,0.,-1.12644381556935E-16));
#3180=DIRECTION('',(-1.,0.,-1.12644381556935E-16));
#3181=DIRECTION('',(0.,-0.707106781186548,-0.707106781186548));
#3182=DIRECTION('',(0.,0.,-1.));
#3183=DIRECTION('',(-1.,0.,0.));
#3184=DIRECTION('',(0.707106781186548,0.,-0.707106781186548));
#3185=DIRECTION('',(-0.707106781186548,0.,-0.707106781186548));
#3186=DIRECTION('',(0.,1.,0.));
#3187=DIRECTION('',(-0.707106781186548,0.,-0.707106781186548));
#3188=DIRECTION('',(0.,1.,0.));
#3189=DIRECTION('',(0.707106781186548,0.,-0.707106781186548));
#3190=DIRECTION('',(0.,0.,-1.));
#3191=DIRECTION('',(-1.,0.,0.));
#3192=DIRECTION('',(0.,0.707106781186548,-0.707106781186547));
#3193=DIRECTION('',(7.9651606061474E-17,-0.707106781186548,-0.707106781186548));
#3194=DIRECTION('',(-1.,0.,-1.12644381556935E-16));
#3195=DIRECTION('',(0.,0.707106781186554,-0.707106781186542));
#3196=DIRECTION('',(0.,0.,-1.));
#3197=DIRECTION('',(-1.,0.,0.));
#3198=DIRECTION('',(-0.707106781186548,0.,-0.707106781186548));
#3199=DIRECTION('',(-0.707106781186548,0.,0.707106781186548));
#3200=DIRECTION('',(0.,-1.,0.));
#3201=DIRECTION('',(-7.9651606061474E-17,-0.707106781186548,0.707106781186548));
#3202=DIRECTION('',(1.,0.,1.12644381556935E-16));
#3203=DIRECTION('',(0.,-0.707106781186548,-0.707106781186548));
#3204=DIRECTION('',(0.,0.707106781186548,0.707106781186548));
#3205=DIRECTION('',(0.,0.,1.));
#3206=DIRECTION('',(1.,0.,0.));
#3207=DIRECTION('',(0.707106781186554,0.,0.707106781186541));
#3208=DIRECTION('',(0.,0.,1.));
#3209=DIRECTION('',(1.,0.,0.));
#3210=DIRECTION('',(0.707106781186554,0.,-0.707106781186541));
#3211=DIRECTION('',(-0.707106781186548,0.,0.707106781186548));
#3212=DIRECTION('',(0.,-1.,0.));
#3213=DIRECTION('',(0.707106781186548,0.,0.707106781186548));
#3214=DIRECTION('',(0.707106781186548,0.,0.707106781186548));
#3215=DIRECTION('',(0.,1.,0.));
#3216=DIRECTION('',(0.707106781186548,0.,-0.707106781186548));
#3217=DIRECTION('',(0.,0.,1.));
#3218=DIRECTION('',(1.,0.,0.));
#3219=DIRECTION('',(0.,-0.70710678118656,0.707106781186535));
#3220=DIRECTION('',(0.,0.,1.));
#3221=DIRECTION('',(1.,0.,0.));
#3222=DIRECTION('',(0.,0.707106781186548,-0.707106781186548));
#3223=DIRECTION('',(-7.9651606061474E-17,0.707106781186548,0.707106781186548));
#3224=DIRECTION('',(-1.,0.,-1.12644381556935E-16));
#3225=DIRECTION('',(-1.,0.,0.));
#3226=DIRECTION('',(0.,0.,-1.));
#3227=DIRECTION('',(0.,-0.943858356366018,-0.330350424728105));
#3228=DIRECTION('',(-1.,0.,0.));
#3229=DIRECTION('',(0.,0.,-1.));
#3230=DIRECTION('',(0.,-0.943858356366018,-0.330350424728105));
#3231=DIRECTION('',(0.,-0.330350424728105,0.943858356366018));
#3232=DIRECTION('',(0.,-0.943858356366018,-0.330350424728105));
#3233=DIRECTION('',(1.,0.,0.));
#3234=DIRECTION('',(0.,0.,-1.));
#3235=DIRECTION('',(0.,-0.943858356366018,-0.330350424728105));
#3236=DIRECTION('',(1.,0.,0.));
#3237=DIRECTION('',(0.,0.,-1.));
#3238=DIRECTION('',(0.,-0.943858356366018,-0.330350424728105));
#3239=DIRECTION('',(0.,-0.330350424728105,0.943858356366018));
#3240=DIRECTION('',(0.,-0.943858356366018,-0.330350424728105));
#3241=DIRECTION('',(-1.,0.,0.));
#3242=DIRECTION('',(0.,0.,-1.));
#3243=DIRECTION('',(0.,-0.943858356366018,-0.330350424728105));
#3244=DIRECTION('',(-1.,0.,0.));
#3245=DIRECTION('',(0.,0.,-1.));
#3246=DIRECTION('',(0.,-0.943858356366018,-0.330350424728105));
#3247=DIRECTION('',(0.,-0.330350424728105,0.943858356366018));
#3248=DIRECTION('',(0.,-0.943858356366018,-0.330350424728105));
#3249=DIRECTION('',(1.,0.,0.));
#3250=DIRECTION('',(0.,0.,-1.));
#3251=DIRECTION('',(0.,-0.943858356366018,-0.330350424728105));
#3252=DIRECTION('',(1.,0.,0.));
#3253=DIRECTION('',(0.,0.,-1.));
#3254=DIRECTION('',(0.,-0.943858356366018,-0.330350424728105));
#3255=DIRECTION('',(0.,-0.330350424728105,0.943858356366018));
#3256=DIRECTION('',(0.,-0.943858356366018,-0.330350424728105));
#3257=CARTESIAN_POINT('',(0.,0.,0.));
#3258=CARTESIAN_POINT('',(-6.75866289341613E-19,-0.0999,-0.037385));
#3259=CARTESIAN_POINT('',(-0.0505,-0.0999,-0.037785));
#3260=CARTESIAN_POINT('',(0.0505,-0.0999,-0.037785));
#3261=CARTESIAN_POINT('',(0.03625,-0.0999,-0.037785));
#3262=CARTESIAN_POINT('',(0.03625,-0.0999,-0.038135));
#3263=CARTESIAN_POINT('',(0.03625,-0.0999,-0.038485));
#3264=CARTESIAN_POINT('',(0.0305,-0.0999,-0.038485));
#3265=CARTESIAN_POINT('',(0.038,-0.0999,-0.038485));
#3266=CARTESIAN_POINT('',(0.038,-0.0999,-0.039185));
#3267=CARTESIAN_POINT('',(0.038,-0.0999,-0.039885));
#3268=CARTESIAN_POINT('',(0.0305,-0.0999,-0.039885));
#3269=CARTESIAN_POINT('',(0.023,-0.0999,-0.039885));
#3270=CARTESIAN_POINT('',(0.023,-0.0999,-0.039185));
#3271=CARTESIAN_POINT('',(0.023,-0.0999,-0.038485));
#3272=CARTESIAN_POINT('',(0.0305,-0.0999,-0.038485));
#3273=CARTESIAN_POINT('',(0.02475,-0.0999,-0.038485));
#3274=CARTESIAN_POINT('',(0.02475,-0.0999,-0.038135));
#3275=CARTESIAN_POINT('',(0.02475,-0.0999,-0.037785));
#3276=CARTESIAN_POINT('',(-0.0505,-0.0999,-0.037785));
#3277=CARTESIAN_POINT('',(-0.02475,-0.0999,-0.037785));
#3278=CARTESIAN_POINT('',(-0.02475,-0.0999,-0.038135));
#3279=CARTESIAN_POINT('',(-0.02475,-0.0999,-0.038485));
#3280=CARTESIAN_POINT('',(-0.0305,-0.0999,-0.038485));
#3281=CARTESIAN_POINT('',(-0.023,-0.0999,-0.038485));
#3282=CARTESIAN_POINT('',(-0.023,-0.0999,-0.039185));
#3283=CARTESIAN_POINT('',(-0.023,-0.0999,-0.039885));
#3284=CARTESIAN_POINT('',(-0.0305,-0.0999,-0.039885));
#3285=CARTESIAN_POINT('',(-0.038,-0.0999,-0.039885));
#3286=CARTESIAN_POINT('',(-0.038,-0.0999,-0.039185));
#3287=CARTESIAN_POINT('',(-0.038,-0.0999,-0.038485));
#3288=CARTESIAN_POINT('',(-0.0305,-0.0999,-0.038485));
#3289=CARTESIAN_POINT('',(-0.03625,-0.0999,-0.038485));
#3290=CARTESIAN_POINT('',(-0.03625,-0.0999,-0.038135));
#3291=CARTESIAN_POINT('',(-0.03625,-0.0999,-0.037785));
#3292=CARTESIAN_POINT('',(-0.0505,-0.0999,-0.037785));
#3293=CARTESIAN_POINT('',(-0.0505,-0.0999,-0.037785));
#3294=CARTESIAN_POINT('',(-0.0505,-0.0999,-0.037385));
#3295=CARTESIAN_POINT('',(-0.0505,-0.0999,-0.041385));
#3296=CARTESIAN_POINT('',(-2.27710617317345E-18,-0.0999,-0.041385));
#3297=CARTESIAN_POINT('',(0.0505,-0.0999,-0.041385));
#3298=CARTESIAN_POINT('',(0.0505,-0.0999,-0.037385));
#3299=CARTESIAN_POINT('',(-6.75866289341613E-19,-0.0999,-0.037385));
#3300=CARTESIAN_POINT('',(0.03475,-0.0999,-0.038135));
#3301=CARTESIAN_POINT('',(0.03475,-0.0999,-0.037785));
#3302=CARTESIAN_POINT('',(0.03475,-0.0999,-0.038485));
#3303=CARTESIAN_POINT('',(-0.0505,-0.0999,-0.037785));
#3304=CARTESIAN_POINT('',(0.02625,-0.0999,-0.037785));
#3305=CARTESIAN_POINT('',(0.02625,-0.0999,-0.038135));
#3306=CARTESIAN_POINT('',(0.02625,-0.0999,-0.038485));
#3307=CARTESIAN_POINT('',(0.0305,-0.0999,-0.038485));
#3308=CARTESIAN_POINT('',(-0.0305,-0.1019,-0.038485));
#3309=CARTESIAN_POINT('',(-0.02625,-0.1009,-0.038485));
#3310=CARTESIAN_POINT('',(-0.02625,-0.0999,-0.038485));
#3311=CARTESIAN_POINT('',(-0.02625,-0.1019,-0.038485));
#3312=CARTESIAN_POINT('',(-0.0305,-0.0999,-0.038485));
#3313=CARTESIAN_POINT('',(-0.03475,-0.0999,-0.038485));
#3314=CARTESIAN_POINT('',(-0.03475,-0.1009,-0.038485));
#3315=CARTESIAN_POINT('',(-0.03475,-0.1019,-0.038485));
#3316=CARTESIAN_POINT('',(-0.0305,-0.1019,-0.038485));
#3317=CARTESIAN_POINT('',(-0.0305,-0.1019,-0.038485));
#3318=CARTESIAN_POINT('',(-0.03625,-0.1009,-0.038485));
#3319=CARTESIAN_POINT('',(-0.03625,-0.1019,-0.038485));
#3320=CARTESIAN_POINT('',(-0.038,-0.1019,-0.038485));
#3321=CARTESIAN_POINT('',(-0.038,-0.1019,-0.038485));
#3322=CARTESIAN_POINT('',(-0.0305,-0.1019,-0.038485));
#3323=CARTESIAN_POINT('',(0.0305,-0.1019,-0.038485));
#3324=CARTESIAN_POINT('',(0.03625,-0.1009,-0.038485));
#3325=CARTESIAN_POINT('',(0.03625,-0.1019,-0.038485));
#3326=CARTESIAN_POINT('',(0.0305,-0.1019,-0.038485));
#3327=CARTESIAN_POINT('',(0.038,-0.1019,-0.038485));
#3328=CARTESIAN_POINT('',(0.038,-0.1019,-0.038485));
#3329=CARTESIAN_POINT('',(0.0305,-0.1019,-0.038485));
#3330=CARTESIAN_POINT('',(0.03475,-0.1009,-0.038485));
#3331=CARTESIAN_POINT('',(0.03475,-0.1019,-0.038485));
#3332=CARTESIAN_POINT('',(0.02625,-0.1009,-0.038485));
#3333=CARTESIAN_POINT('',(0.02625,-0.1019,-0.038485));
#3334=CARTESIAN_POINT('',(0.0305,-0.1019,-0.038485));
#3335=CARTESIAN_POINT('',(-2.05181741005958E-18,-0.05115,-0.043385));
#3336=CARTESIAN_POINT('',(0.0509,-0.0993,-0.043385));
#3337=CARTESIAN_POINT('',(0.0535,-0.0993,-0.043385));
#3338=CARTESIAN_POINT('',(0.0509,-0.1019,-0.043385));
#3339=CARTESIAN_POINT('',(-2.05181741005958E-18,-0.1019,-0.043385));
#3340=CARTESIAN_POINT('',(-0.0509,-0.1019,-0.043385));
#3341=CARTESIAN_POINT('',(-0.0509,-0.0993,-0.043385));
#3342=CARTESIAN_POINT('',(-0.0535,-0.0993,-0.043385));
#3343=CARTESIAN_POINT('',(-0.0535,-0.05115,-0.043385));
#3344=CARTESIAN_POINT('',(-0.0535,-0.003,-0.043385));
#3345=CARTESIAN_POINT('',(-0.0509,-0.003,-0.043385));
#3346=CARTESIAN_POINT('',(-0.0509,-0.0004,-0.043385));
#3347=CARTESIAN_POINT('',(-2.05181741005958E-18,-0.0004,-0.043385));
#3348=CARTESIAN_POINT('',(0.0509,-0.0004,-0.043385));
#3349=CARTESIAN_POINT('',(0.0509,-0.003,-0.043385));
#3350=CARTESIAN_POINT('',(0.0535,-0.003,-0.043385));
#3351=CARTESIAN_POINT('',(0.0535,-0.05115,-0.043385));
#3352=CARTESIAN_POINT('',(0.0485,-0.0492371685740841,-0.043385));
#3353=CARTESIAN_POINT('',(0.0485,-0.0440410161513775,-0.043385));
#3354=CARTESIAN_POINT('',(0.0485,-0.0544333209967907,-0.043385));
#3355=CARTESIAN_POINT('',(0.0335296008575487,-0.0699705080756888,-0.043385));
#3356=CARTESIAN_POINT('',(0.0185592017150973,-0.0959,-0.043385));
#3357=CARTESIAN_POINT('',(0.0215592017150973,-0.0959,-0.043385));
#3358=CARTESIAN_POINT('',(0.0245592017150973,-0.0959,-0.043385));
#3359=CARTESIAN_POINT('',(0.0365296008575487,-0.0751666604983954,-0.043385));
#3360=CARTESIAN_POINT('',(0.0485,-0.0284525588832575,-0.043385));
#3361=CARTESIAN_POINT('',(0.0485,-0.0232564064605509,-0.043385));
#3362=CARTESIAN_POINT('',(0.0485,-0.0336487113059642,-0.043385));
#3363=CARTESIAN_POINT('',(0.0275296008575487,-0.0595782032302755,-0.043385));
#3364=CARTESIAN_POINT('',(0.00655920171509728,-0.0959,-0.043385));
#3365=CARTESIAN_POINT('',(0.00955920171509729,-0.0959,-0.043385));
#3366=CARTESIAN_POINT('',(0.0125592017150973,-0.0959,-0.043385));
#3367=CARTESIAN_POINT('',(0.0305296008575487,-0.0647743556529821,-0.043385));
#3368=CARTESIAN_POINT('',(0.0485,-0.0907551177665153,-0.043385));
#3369=CARTESIAN_POINT('',(0.0485,-0.0856102355330305,-0.043385));
#3370=CARTESIAN_POINT('',(0.0485,-0.0959,-0.043385));
#3371=CARTESIAN_POINT('',(0.0455296008575487,-0.0907551177665153,-0.043385));
#3372=CARTESIAN_POINT('',(0.0425592017150973,-0.0959,-0.043385));
#3373=CARTESIAN_POINT('',(0.0455296008575487,-0.0959,-0.043385));
#3374=CARTESIAN_POINT('',(0.0485,-0.0700217782649106,-0.043385));
#3375=CARTESIAN_POINT('',(0.0485,-0.064825625842204,-0.043385));
#3376=CARTESIAN_POINT('',(0.0485,-0.0752179306876172,-0.043385));
#3377=CARTESIAN_POINT('',(0.0395296008575487,-0.080362812921102,-0.043385));
#3378=CARTESIAN_POINT('',(0.0305592017150973,-0.0959,-0.043385));
#3379=CARTESIAN_POINT('',(0.0335592017150973,-0.0959,-0.043385));
#3380=CARTESIAN_POINT('',(0.0365592017150973,-0.0959,-0.043385));
#3381=CARTESIAN_POINT('',(0.0425296008575487,-0.0855589653438086,-0.043385));
#3382=CARTESIAN_POINT('',(0.0235,-0.0094,-0.043385));
#3383=CARTESIAN_POINT('',(0.0265,-0.0094,-0.043385));
#3384=CARTESIAN_POINT('',(0.0205,-0.0094,-0.043385));
#3385=CARTESIAN_POINT('',(-0.00447039914245134,-0.05265,-0.043385));
#3386=CARTESIAN_POINT('',(-0.0294407982849027,-0.0959,-0.043385));
#3387=CARTESIAN_POINT('',(-0.0264407982849027,-0.0959,-0.043385));
#3388=CARTESIAN_POINT('',(-0.0234407982849027,-0.0959,-0.043385));
#3389=CARTESIAN_POINT('',(0.00152960085754865,-0.05265,-0.043385));
#3390=CARTESIAN_POINT('',(-0.0104703991424513,-0.05265,-0.043385));
#3391=CARTESIAN_POINT('',(0.0145,-0.0094,-0.043385));
#3392=CARTESIAN_POINT('',(-0.0354407982849027,-0.0959,-0.043385));
#3393=CARTESIAN_POINT('',(0.0115,-0.0094,-0.043385));
#3394=CARTESIAN_POINT('',(0.0085,-0.0094,-0.043385));
#3395=CARTESIAN_POINT('',(-0.0164703991424514,-0.05265,-0.043385));
#3396=CARTESIAN_POINT('',(-0.0414407982849027,-0.0959,-0.043385));
#3397=CARTESIAN_POINT('',(-0.0384407982849027,-0.0959,-0.043385));
#3398=CARTESIAN_POINT('',(0.0355,-0.0094,-0.043385));
#3399=CARTESIAN_POINT('',(0.0385,-0.0094,-0.043385));
#3400=CARTESIAN_POINT('',(0.0325,-0.0094,-0.043385));
#3401=CARTESIAN_POINT('',(0.00752960085754865,-0.05265,-0.043385));
#3402=CARTESIAN_POINT('',(-0.0174407982849027,-0.0959,-0.043385));
#3403=CARTESIAN_POINT('',(-0.0144407982849027,-0.0959,-0.043385));
#3404=CARTESIAN_POINT('',(-0.0114407982849027,-0.0959,-0.043385));
#3405=CARTESIAN_POINT('',(0.0135296008575487,-0.05265,-0.043385));
#3406=CARTESIAN_POINT('',(0.048,-0.0094,-0.043385));
#3407=CARTESIAN_POINT('',(0.0445,-0.0094,-0.043385));
#3408=CARTESIAN_POINT('',(0.0485,-0.0094,-0.043385));
#3409=CARTESIAN_POINT('',(0.0195296008575486,-0.05265,-0.043385));
#3410=CARTESIAN_POINT('',(-0.0054407982849027,-0.0959,-0.043385));
#3411=CARTESIAN_POINT('',(-0.0024407982849027,-0.0959,-0.043385));
#3412=CARTESIAN_POINT('',(0.000559201715097299,-0.0959,-0.043385));
#3413=CARTESIAN_POINT('',(0.0245296008575486,-0.0543820508075689,-0.043385));
#3414=CARTESIAN_POINT('',(0.0485,-0.0128641016151377,-0.043385));
#3415=CARTESIAN_POINT('',(0.0485,-0.0111320508075688,-0.043385));
#3416=CARTESIAN_POINT('',(-0.035,-0.0327826859021798,-0.043385));
#3417=CARTESIAN_POINT('',(-0.0215,-0.0094,-0.043385));
#3418=CARTESIAN_POINT('',(-0.0485,-0.0561653718043596,-0.043385));
#3419=CARTESIAN_POINT('',(-0.0245,-0.0094,-0.043385));
#3420=CARTESIAN_POINT('',(-0.0275,-0.0094,-0.043385));
#3421=CARTESIAN_POINT('',(-0.038,-0.0275865334794732,-0.043385));
#3422=CARTESIAN_POINT('',(-0.0485,-0.0457730669589464,-0.043385));
#3423=CARTESIAN_POINT('',(-0.0485,-0.050969219381653,-0.043385));
#3424=CARTESIAN_POINT('',(-0.029,-0.0431749907475931,-0.043385));
#3425=CARTESIAN_POINT('',(-0.0095,-0.0094,-0.043385));
#3426=CARTESIAN_POINT('',(-0.0485,-0.0769499814951862,-0.043385));
#3427=CARTESIAN_POINT('',(-0.0125,-0.0094,-0.043385));
#3428=CARTESIAN_POINT('',(-0.0155,-0.0094,-0.043385));
#3429=CARTESIAN_POINT('',(-0.032,-0.0379788383248864,-0.043385));
#3430=CARTESIAN_POINT('',(-0.0485,-0.0665576766497729,-0.043385));
#3431=CARTESIAN_POINT('',(-0.0485,-0.0717538290724795,-0.043385));
#3432=CARTESIAN_POINT('',(-0.047,-0.0119980762113533,-0.043385));
#3433=CARTESIAN_POINT('',(-0.0455,-0.0094,-0.043385));
#3434=CARTESIAN_POINT('',(-0.0485,-0.0145961524227066,-0.043385));
#3435=CARTESIAN_POINT('',(-0.048,-0.0094,-0.043385));
#3436=CARTESIAN_POINT('',(-0.0485,-0.0094,-0.043385));
#3437=CARTESIAN_POINT('',(-0.0485,-0.0119980762113533,-0.043385));
#3438=CARTESIAN_POINT('',(-0.041,-0.0223903810567666,-0.043385));
#3439=CARTESIAN_POINT('',(-0.0335,-0.0094,-0.043385));
#3440=CARTESIAN_POINT('',(-0.0485,-0.0353807621135331,-0.043385));
#3441=CARTESIAN_POINT('',(-0.0365,-0.0094,-0.043385));
#3442=CARTESIAN_POINT('',(-0.0395,-0.0094,-0.043385));
#3443=CARTESIAN_POINT('',(-0.044,-0.0171942286340599,-0.043385));
#3444=CARTESIAN_POINT('',(-0.0485,-0.0249884572681199,-0.043385));
#3445=CARTESIAN_POINT('',(-0.0485,-0.0301846096908265,-0.043385));
#3446=CARTESIAN_POINT('',(-0.0224703991424514,-0.05265,-0.043385));
#3447=CARTESIAN_POINT('',(0.0025,-0.0094,-0.043385));
#3448=CARTESIAN_POINT('',(-0.0474407982849027,-0.0959,-0.043385));
#3449=CARTESIAN_POINT('',(-0.000500000000000007,-0.0094,-0.043385));
#3450=CARTESIAN_POINT('',(-0.0035,-0.0094,-0.043385));
#3451=CARTESIAN_POINT('',(-0.026,-0.0483711431702997,-0.043385));
#3452=CARTESIAN_POINT('',(-0.0485,-0.0873422863405994,-0.043385));
#3453=CARTESIAN_POINT('',(-0.0485,-0.0916211431702997,-0.043385));
#3454=CARTESIAN_POINT('',(-0.0485,-0.0959,-0.043385));
#3455=CARTESIAN_POINT('',(-0.0479703991424514,-0.0959,-0.043385));
#3456=CARTESIAN_POINT('',(0.0494,-0.00475,-0.043385));
#3457=CARTESIAN_POINT('',(0.04665,-0.00475,-0.043385));
#3458=CARTESIAN_POINT('',(-0.0494,-0.00475,-0.043385));
#3459=CARTESIAN_POINT('',(-0.05215,-0.00475,-0.043385));
#3460=CARTESIAN_POINT('',(0.0494,-0.00475,-0.008383));
#3461=CARTESIAN_POINT('',(0.0494,-0.00475,-0.041385));
#3462=CARTESIAN_POINT('',(0.0479,-0.00475,-0.041385));
#3463=CARTESIAN_POINT('',(0.0494,-0.00475,-0.042385));
#3464=CARTESIAN_POINT('',(0.0479,-0.00475,-0.042385));
#3465=CARTESIAN_POINT('',(-0.0494,-0.00475,-0.008383));
#3466=CARTESIAN_POINT('',(-0.0494,-0.00475,-0.041385));
#3467=CARTESIAN_POINT('',(-0.0509,-0.00475,-0.041385));
#3468=CARTESIAN_POINT('',(-0.0494,-0.00475,-0.042385));
#3469=CARTESIAN_POINT('',(-0.0509,-0.00475,-0.042385));
#3470=CARTESIAN_POINT('',(-2.27710617317345E-18,-0.05115,-0.041385));
#3471=CARTESIAN_POINT('',(8.06928027283108E-18,-0.0094,-0.041385));
#3472=CARTESIAN_POINT('',(-0.0445,-0.0094,-0.041385));
#3473=CARTESIAN_POINT('',(-0.0455,-0.0094,-0.041385));
#3474=CARTESIAN_POINT('',(-0.0445,-0.05115,-0.041385));
#3475=CARTESIAN_POINT('',(-0.0445,-0.0034,-0.041385));
#3476=CARTESIAN_POINT('',(-0.0435,-0.0034,-0.041385));
#3477=CARTESIAN_POINT('',(-0.0435,-0.0024,-0.041385));
#3478=CARTESIAN_POINT('',(-2.27710617317345E-18,-0.0024,-0.041385));
#3479=CARTESIAN_POINT('',(0.0435,-0.0024,-0.041385));
#3480=CARTESIAN_POINT('',(0.0435,-0.0034,-0.041385));
#3481=CARTESIAN_POINT('',(0.0445,-0.0034,-0.041385));
#3482=CARTESIAN_POINT('',(0.0445,-0.05115,-0.041385));
#3483=CARTESIAN_POINT('',(0.0445,-0.0094,-0.041385));
#3484=CARTESIAN_POINT('',(1.84156667188356E-17,-0.0094,-0.041385));
#3485=CARTESIAN_POINT('',(0.0485,-0.0094,-0.041385));
#3486=CARTESIAN_POINT('',(1.84156667188356E-17,-0.0094,-0.041385));
#3487=CARTESIAN_POINT('',(0.0515,-0.0094,-0.041385));
#3488=CARTESIAN_POINT('',(0.0515,-0.05115,-0.041385));
#3489=CARTESIAN_POINT('',(0.0515,-0.0989,-0.041385));
#3490=CARTESIAN_POINT('',(0.0505,-0.0989,-0.041385));
#3491=CARTESIAN_POINT('',(-0.0505,-0.0989,-0.041385));
#3492=CARTESIAN_POINT('',(-0.0515,-0.0989,-0.041385));
#3493=CARTESIAN_POINT('',(-0.0515,-0.05115,-0.041385));
#3494=CARTESIAN_POINT('',(-0.0515,-0.0094,-0.041385));
#3495=CARTESIAN_POINT('',(8.06928027283108E-18,-0.0094,-0.041385));
#3496=CARTESIAN_POINT('',(-0.0485,-0.0094,-0.041385));
#3497=CARTESIAN_POINT('',(8.06928027283108E-18,-0.0094,-0.041385));
#3498=CARTESIAN_POINT('',(-0.0539,-0.05115,-0.041385));
#3499=CARTESIAN_POINT('',(-0.0539,-0.0993,-0.041385));
#3500=CARTESIAN_POINT('',(-0.0539,-0.003,-0.041385));
#3501=CARTESIAN_POINT('',(-0.0509,-0.0993,-0.041385));
#3502=CARTESIAN_POINT('',(-0.0509,-0.1023,-0.041385));
#3503=CARTESIAN_POINT('',(-2.25288763113871E-19,-0.1023,-0.041385));
#3504=CARTESIAN_POINT('',(0.0509,-0.1023,-0.041385));
#3505=CARTESIAN_POINT('',(0.0509,-0.0993,-0.041385));
#3506=CARTESIAN_POINT('',(0.0539,-0.0993,-0.041385));
#3507=CARTESIAN_POINT('',(0.0539,-0.05115,-0.041385));
#3508=CARTESIAN_POINT('',(0.0539,-0.003,-0.041385));
#3509=CARTESIAN_POINT('',(0.0509,-0.003,-0.041385));
#3510=CARTESIAN_POINT('',(0.0509,0.,-0.041385));
#3511=CARTESIAN_POINT('',(-2.25288763113871E-19,0.,-0.041385));
#3512=CARTESIAN_POINT('',(-0.0509,0.,-0.041385));
#3513=CARTESIAN_POINT('',(-0.0509,-0.003,-0.041385));
#3514=CARTESIAN_POINT('',(-0.048,-0.0094,-0.037385));
#3515=CARTESIAN_POINT('',(-0.0455,-0.0094,-0.018385));
#3516=CARTESIAN_POINT('',(-0.0455,-0.0094,-0.037385));
#3517=CARTESIAN_POINT('',(-0.048,-0.0094,-0.037385));
#3518=CARTESIAN_POINT('',(-0.0441,-0.0094,-0.037385));
#3519=CARTESIAN_POINT('',(-0.04605,-0.0094,-0.039335));
#3520=CARTESIAN_POINT('',(-0.0445,-0.0094,-0.037785));
#3521=CARTESIAN_POINT('',(-0.0445,-0.0094,-0.037385));
#3522=CARTESIAN_POINT('',(-2.7276836994012E-18,-0.05115,-0.037385));
#3523=CARTESIAN_POINT('',(0.0242967196959998,-0.0651777176569104,-0.037385));
#3524=CARTESIAN_POINT('',(0.0485,-0.0232564064605509,-0.037385));
#3525=CARTESIAN_POINT('',(0.00655920171509728,-0.0959,-0.037385));
#3526=CARTESIAN_POINT('',(0.0485,-0.05115,-0.037385));
#3527=CARTESIAN_POINT('',(0.0485,-0.0336487113059642,-0.037385));
#3528=CARTESIAN_POINT('',(0.0287967196959998,-0.0677757938682637,-0.037385));
#3529=CARTESIAN_POINT('',(0.0125592017150973,-0.0959,-0.037385));
#3530=CARTESIAN_POINT('',(-2.7276836994012E-18,-0.0959,-0.037385));
#3531=CARTESIAN_POINT('',(0.0422967196959998,-0.0755700225023237,-0.037385));
#3532=CARTESIAN_POINT('',(0.0485,-0.064825625842204,-0.037385));
#3533=CARTESIAN_POINT('',(0.0305592017150973,-0.0959,-0.037385));
#3534=CARTESIAN_POINT('',(0.0485,-0.05115,-0.037385));
#3535=CARTESIAN_POINT('',(0.0485,-0.0752179306876172,-0.037385));
#3536=CARTESIAN_POINT('',(0.0467967196959998,-0.078168098713677,-0.037385));
#3537=CARTESIAN_POINT('',(0.0365592017150973,-0.0959,-0.037385));
#3538=CARTESIAN_POINT('',(-2.7276836994012E-18,-0.0959,-0.037385));
#3539=CARTESIAN_POINT('',(9.34310048760406E-18,-0.0094,-0.037385));
#3540=CARTESIAN_POINT('',(0.0145,-0.0094,-0.037385));
#3541=CARTESIAN_POINT('',(0.0085,-0.0094,-0.037385));
#3542=CARTESIAN_POINT('',(-0.00720328030400019,-0.0469911841774372,-0.037385));
#3543=CARTESIAN_POINT('',(-0.0354407982849027,-0.0959,-0.037385));
#3544=CARTESIAN_POINT('',(-2.7276836994012E-18,-0.0959,-0.037385));
#3545=CARTESIAN_POINT('',(-0.0414407982849027,-0.0959,-0.037385));
#3546=CARTESIAN_POINT('',(-0.0117032803040002,-0.0443931079660838,-0.037385));
#3547=CARTESIAN_POINT('',(0.0505,-0.0989,-0.037385));
#3548=CARTESIAN_POINT('',(0.0505,-0.0995,-0.037385));
#3549=CARTESIAN_POINT('',(0.0511,-0.0989,-0.037385));
#3550=CARTESIAN_POINT('',(0.0511,-0.05115,-0.037385));
#3551=CARTESIAN_POINT('',(0.0511,-0.0094,-0.037385));
#3552=CARTESIAN_POINT('',(0.048,-0.0094,-0.037385));
#3553=CARTESIAN_POINT('',(0.0485,-0.0094,-0.037385));
#3554=CARTESIAN_POINT('',(0.0485,-0.05115,-0.037385));
#3555=CARTESIAN_POINT('',(0.0485,-0.0128641016151377,-0.037385));
#3556=CARTESIAN_POINT('',(0.0197967196959998,-0.0625796414455571,-0.037385));
#3557=CARTESIAN_POINT('',(0.000559201715097299,-0.0959,-0.037385));
#3558=CARTESIAN_POINT('',(-2.7276836994012E-18,-0.0959,-0.037385));
#3559=CARTESIAN_POINT('',(-0.0054407982849027,-0.0959,-0.037385));
#3560=CARTESIAN_POINT('',(0.0152967196959998,-0.0599815652342038,-0.037385));
#3561=CARTESIAN_POINT('',(0.0441,-0.0100928203230275,-0.037385));
#3562=CARTESIAN_POINT('',(0.0441,-0.05115,-0.037385));
#3563=CARTESIAN_POINT('',(0.0441,-0.0034,-0.037385));
#3564=CARTESIAN_POINT('',(0.0435,-0.0034,-0.037385));
#3565=CARTESIAN_POINT('',(0.0435,-0.0028,-0.037385));
#3566=CARTESIAN_POINT('',(-2.7276836994012E-18,-0.0028,-0.037385));
#3567=CARTESIAN_POINT('',(-0.0435,-0.0028,-0.037385));
#3568=CARTESIAN_POINT('',(-0.0435,-0.0034,-0.037385));
#3569=CARTESIAN_POINT('',(-0.0441,-0.0034,-0.037385));
#3570=CARTESIAN_POINT('',(-0.0441,-0.0094,-0.037385));
#3571=CARTESIAN_POINT('',(-0.0522032803040002,-0.021010422063904,-0.037385));
#3572=CARTESIAN_POINT('',(-0.0485,-0.0145961524227066,-0.037385));
#3573=CARTESIAN_POINT('',(-0.0485,-0.05115,-0.037385));
#3574=CARTESIAN_POINT('',(-0.0485,-0.0094,-0.037385));
#3575=CARTESIAN_POINT('',(-0.048,-0.0094,-0.037385));
#3576=CARTESIAN_POINT('',(-0.0511,-0.0094,-0.037385));
#3577=CARTESIAN_POINT('',(-0.0511,-0.0989,-0.037385));
#3578=CARTESIAN_POINT('',(-0.0511,-0.0989,-0.037385));
#3579=CARTESIAN_POINT('',(-0.0505,-0.0989,-0.037385));
#3580=CARTESIAN_POINT('',(-0.0505,-0.0995,-0.037385));
#3581=CARTESIAN_POINT('',(0.0505,-0.0995,-0.037385));
#3582=CARTESIAN_POINT('',(9.34310048760409E-18,-0.0094,-0.037385));
#3583=CARTESIAN_POINT('',(-0.0095,-0.0094,-0.037385));
#3584=CARTESIAN_POINT('',(-0.0155,-0.0094,-0.037385));
#3585=CARTESIAN_POINT('',(-0.0252032803040001,-0.0365988793320239,-0.037385));
#3586=CARTESIAN_POINT('',(-0.0485,-0.0769499814951862,-0.037385));
#3587=CARTESIAN_POINT('',(-0.0485,-0.05115,-0.037385));
#3588=CARTESIAN_POINT('',(-0.0485,-0.0665576766497729,-0.037385));
#3589=CARTESIAN_POINT('',(-0.0297032803040002,-0.0340008031206706,-0.037385));
#3590=CARTESIAN_POINT('',(9.34310048760409E-18,-0.0094,-0.037385));
#3591=CARTESIAN_POINT('',(0.0025,-0.0094,-0.037385));
#3592=CARTESIAN_POINT('',(-0.0035,-0.0094,-0.037385));
#3593=CARTESIAN_POINT('',(-0.0162032803040002,-0.0417950317547306,-0.037385));
#3594=CARTESIAN_POINT('',(-0.0474407982849027,-0.0959,-0.037385));
#3595=CARTESIAN_POINT('',(-2.7276836994012E-18,-0.0959,-0.037385));
#3596=CARTESIAN_POINT('',(-0.0485,-0.0959,-0.037385));
#3597=CARTESIAN_POINT('',(-0.0485,-0.05115,-0.037385));
#3598=CARTESIAN_POINT('',(-0.0485,-0.0873422863405994,-0.037385));
#3599=CARTESIAN_POINT('',(-0.0207032803040002,-0.0391969555433772,-0.037385));
#3600=CARTESIAN_POINT('',(9.34310048760408E-18,-0.0094,-0.037385));
#3601=CARTESIAN_POINT('',(-0.0335,-0.0094,-0.037385));
#3602=CARTESIAN_POINT('',(-0.0395,-0.0094,-0.037385));
#3603=CARTESIAN_POINT('',(-0.0432032803040001,-0.0262065744866106,-0.037385));
#3604=CARTESIAN_POINT('',(-0.0485,-0.0353807621135331,-0.037385));
#3605=CARTESIAN_POINT('',(-0.0485,-0.05115,-0.037385));
#3606=CARTESIAN_POINT('',(-0.0485,-0.0249884572681199,-0.037385));
#3607=CARTESIAN_POINT('',(-0.0477032803040002,-0.0236084982752573,-0.037385));
#3608=CARTESIAN_POINT('',(9.3431004876041E-18,-0.0094,-0.037385));
#3609=CARTESIAN_POINT('',(-0.0215,-0.0094,-0.037385));
#3610=CARTESIAN_POINT('',(-0.0275,-0.0094,-0.037385));
#3611=CARTESIAN_POINT('',(-0.0342032803040002,-0.0314027269093172,-0.037385));
#3612=CARTESIAN_POINT('',(-0.0485,-0.0561653718043596,-0.037385));
#3613=CARTESIAN_POINT('',(-0.0485,-0.05115,-0.037385));
#3614=CARTESIAN_POINT('',(-0.0485,-0.0457730669589464,-0.037385));
#3615=CARTESIAN_POINT('',(-0.0387032803040001,-0.0288046506979639,-0.037385));
#3616=CARTESIAN_POINT('',(0.00629671969599981,-0.0547854128114971,-0.037385));
#3617=CARTESIAN_POINT('',(0.0325,-0.0094,-0.037385));
#3618=CARTESIAN_POINT('',(-0.0174407982849027,-0.0959,-0.037385));
#3619=CARTESIAN_POINT('',(9.34310048760406E-18,-0.0094,-0.037385));
#3620=CARTESIAN_POINT('',(0.0385,-0.0094,-0.037385));
#3621=CARTESIAN_POINT('',(0.0107967196959998,-0.0573834890228504,-0.037385));
#3622=CARTESIAN_POINT('',(-0.0114407982849027,-0.0959,-0.037385));
#3623=CARTESIAN_POINT('',(-2.7276836994012E-18,-0.0959,-0.037385));
#3624=CARTESIAN_POINT('',(-0.00270328030400018,-0.0495892603887905,-0.037385));
#3625=CARTESIAN_POINT('',(0.0205,-0.0094,-0.037385));
#3626=CARTESIAN_POINT('',(-0.0294407982849027,-0.0959,-0.037385));
#3627=CARTESIAN_POINT('',(9.3431004876041E-18,-0.0094,-0.037385));
#3628=CARTESIAN_POINT('',(0.0265,-0.0094,-0.037385));
#3629=CARTESIAN_POINT('',(0.00179671969599982,-0.0521873366001438,-0.037385));
#3630=CARTESIAN_POINT('',(-0.0234407982849027,-0.0959,-0.037385));
#3631=CARTESIAN_POINT('',(-2.7276836994012E-18,-0.0959,-0.037385));
#3632=CARTESIAN_POINT('',(0.0512967196959998,-0.0807661749250303,-0.037385));
#3633=CARTESIAN_POINT('',(0.0485,-0.0856102355330305,-0.037385));
#3634=CARTESIAN_POINT('',(0.0425592017150973,-0.0959,-0.037385));
#3635=CARTESIAN_POINT('',(0.0485,-0.05115,-0.037385));
#3636=CARTESIAN_POINT('',(0.0485,-0.0959,-0.037385));
#3637=CARTESIAN_POINT('',(-2.7276836994012E-18,-0.0959,-0.037385));
#3638=CARTESIAN_POINT('',(0.0332967196959998,-0.070373870079617,-0.037385));
#3639=CARTESIAN_POINT('',(0.0485,-0.0440410161513775,-0.037385));
#3640=CARTESIAN_POINT('',(0.0185592017150973,-0.0959,-0.037385));
#3641=CARTESIAN_POINT('',(0.0485,-0.05115,-0.037385));
#3642=CARTESIAN_POINT('',(0.0485,-0.0544333209967907,-0.037385));
#3643=CARTESIAN_POINT('',(0.0377967196959998,-0.0729719462909703,-0.037385));
#3644=CARTESIAN_POINT('',(0.0245592017150973,-0.0959,-0.037385));
#3645=CARTESIAN_POINT('',(-2.7276836994012E-18,-0.0959,-0.037385));
#3646=CARTESIAN_POINT('',(-6.75866289341613E-19,-0.0999,-0.037385));
#3647=CARTESIAN_POINT('',(-0.02625,-0.0999,-0.038135));
#3648=CARTESIAN_POINT('',(-0.02625,-0.0999,-0.037785));
#3649=CARTESIAN_POINT('',(-0.0505,-0.0999,-0.037785));
#3650=CARTESIAN_POINT('',(-0.03475,-0.0999,-0.037785));
#3651=CARTESIAN_POINT('',(-0.03475,-0.0999,-0.038135));
#3652=CARTESIAN_POINT('',(-2.25288763113871E-19,-0.1023,-0.041385));
#3653=CARTESIAN_POINT('',(-0.0509,-0.1023,-0.041385));
#3654=CARTESIAN_POINT('',(-0.0509,-0.1023,-0.042985));
#3655=CARTESIAN_POINT('',(-4.50577526227739E-20,-0.1023,-0.042985));
#3656=CARTESIAN_POINT('',(0.0509,-0.1023,-0.042985));
#3657=CARTESIAN_POINT('',(0.0509,-0.1023,-0.041385));
#3658=CARTESIAN_POINT('',(-0.0539,-0.05115,-0.041385));
#3659=CARTESIAN_POINT('',(-0.0539,-0.003,-0.041385));
#3660=CARTESIAN_POINT('',(-0.0539,-0.003,-0.042985));
#3661=CARTESIAN_POINT('',(-0.0539,-0.05115,-0.042985));
#3662=CARTESIAN_POINT('',(-0.0539,-0.0993,-0.042985));
#3663=CARTESIAN_POINT('',(-0.0539,-0.0993,-0.041385));
#3664=CARTESIAN_POINT('',(-2.25288763113871E-19,0.,-0.041385));
#3665=CARTESIAN_POINT('',(0.0509,0.,-0.041385));
#3666=CARTESIAN_POINT('',(0.0509,0.,-0.042985));
#3667=CARTESIAN_POINT('',(-4.50577526227736E-20,0.,-0.042985));
#3668=CARTESIAN_POINT('',(-0.0509,0.,-0.042985));
#3669=CARTESIAN_POINT('',(-0.0509,0.,-0.041385));
#3670=CARTESIAN_POINT('',(0.0539,-0.05115,-0.041385));
#3671=CARTESIAN_POINT('',(0.0539,-0.0993,-0.041385));
#3672=CARTESIAN_POINT('',(0.0539,-0.0993,-0.042985));
#3673=CARTESIAN_POINT('',(0.0539,-0.05115,-0.042985));
#3674=CARTESIAN_POINT('',(0.0539,-0.003,-0.042985));
#3675=CARTESIAN_POINT('',(0.0539,-0.003,-0.041385));
#3676=CARTESIAN_POINT('',(-0.048,-0.0094,-0.037385));
#3677=CARTESIAN_POINT('',(-0.0515,-0.0094,-0.037385));
#3678=CARTESIAN_POINT('',(-0.0515,-0.0094,-0.037785));
#3679=CARTESIAN_POINT('',(-0.0515,-0.0094,-0.037785));
#3680=CARTESIAN_POINT('',(-0.0485,-0.0094,-0.018385));
#3681=CARTESIAN_POINT('',(-0.0445,-0.0059,-0.037385));
#3682=CARTESIAN_POINT('',(-0.0445,-0.0034,-0.037785));
#3683=CARTESIAN_POINT('',(-0.0445,-0.0034,-0.037785));
#3684=CARTESIAN_POINT('',(-0.0445,-0.0034,-0.041385));
#3685=CARTESIAN_POINT('',(-6.75866289341613E-19,-0.0024,-0.037385));
#3686=CARTESIAN_POINT('',(-0.0435,-0.0024,-0.037385));
#3687=CARTESIAN_POINT('',(-0.0435,-0.0024,-0.037785));
#3688=CARTESIAN_POINT('',(-6.30808536718839E-19,-0.0024,-0.037785));
#3689=CARTESIAN_POINT('',(0.0435,-0.0024,-0.037785));
#3690=CARTESIAN_POINT('',(0.0435,-0.0024,-0.037385));
#3691=CARTESIAN_POINT('',(0.0445,-0.0059,-0.037385));
#3692=CARTESIAN_POINT('',(0.0445,-0.0034,-0.037385));
#3693=CARTESIAN_POINT('',(0.0445,-0.0034,-0.037785));
#3694=CARTESIAN_POINT('',(0.0445,-0.0059,-0.037785));
#3695=CARTESIAN_POINT('',(0.0445,-0.0094,-0.037785));
#3696=CARTESIAN_POINT('',(0.0445,-0.0094,-0.037385));
#3697=CARTESIAN_POINT('',(0.048,-0.0094,-0.037385));
#3698=CARTESIAN_POINT('',(0.04955,-0.0094,-0.035835));
#3699=CARTESIAN_POINT('',(0.0515,-0.0094,-0.037785));
#3700=CARTESIAN_POINT('',(0.0515,-0.0094,-0.037385));
#3701=CARTESIAN_POINT('',(0.0485,-0.0094,-0.018385));
#3702=CARTESIAN_POINT('',(0.0515,-0.05465,-0.037385));
#3703=CARTESIAN_POINT('',(0.0515,-0.05465,-0.037785));
#3704=CARTESIAN_POINT('',(0.0515,-0.0989,-0.037785));
#3705=CARTESIAN_POINT('',(0.0515,-0.0989,-0.041385));
#3706=CARTESIAN_POINT('',(-0.0515,-0.05465,-0.037385));
#3707=CARTESIAN_POINT('',(-0.0515,-0.0989,-0.037385));
#3708=CARTESIAN_POINT('',(-0.0515,-0.0989,-0.037785));
#3709=CARTESIAN_POINT('',(-0.0515,-0.0094,-0.037785));
#3710=CARTESIAN_POINT('',(-0.023,-0.1019,-0.039185));
#3711=CARTESIAN_POINT('',(-0.023,-0.1019,-0.038485));
#3712=CARTESIAN_POINT('',(-0.023,-0.1019,-0.038485));
#3713=CARTESIAN_POINT('',(-0.023,-0.1019,-0.039185));
#3714=CARTESIAN_POINT('',(-0.023,-0.1019,-0.039885));
#3715=CARTESIAN_POINT('',(-0.023,-0.1019,-0.039885));
#3716=CARTESIAN_POINT('',(-0.0305,-0.1019,-0.038485));
#3717=CARTESIAN_POINT('',(-0.02475,-0.1009,-0.038485));
#3718=CARTESIAN_POINT('',(-0.02475,-0.1019,-0.038485));
#3719=CARTESIAN_POINT('',(-0.0305,-0.1019,-0.038485));
#3720=CARTESIAN_POINT('',(-0.038,-0.1019,-0.039185));
#3721=CARTESIAN_POINT('',(-0.038,-0.1019,-0.039885));
#3722=CARTESIAN_POINT('',(-0.038,-0.1019,-0.039885));
#3723=CARTESIAN_POINT('',(-0.038,-0.1019,-0.039185));
#3724=CARTESIAN_POINT('',(-0.0305,-0.1019,-0.039885));
#3725=CARTESIAN_POINT('',(-0.0305,-0.1019,-0.039885));
#3726=CARTESIAN_POINT('',(-6.93889390390723E-18,-0.1019,-0.0371016121405363));
#3727=CARTESIAN_POINT('',(-0.0305,-0.1019,-0.038485));
#3728=CARTESIAN_POINT('',(-0.0305,-0.1019,-0.038485));
#3729=CARTESIAN_POINT('',(0.0305,-0.1019,-0.038485));
#3730=CARTESIAN_POINT('',(0.02475,-0.1009,-0.038485));
#3731=CARTESIAN_POINT('',(0.02475,-0.1019,-0.038485));
#3732=CARTESIAN_POINT('',(0.023,-0.1019,-0.038485));
#3733=CARTESIAN_POINT('',(0.023,-0.1019,-0.038485));
#3734=CARTESIAN_POINT('',(0.0305,-0.1019,-0.038485));
#3735=CARTESIAN_POINT('',(0.023,-0.1019,-0.039185));
#3736=CARTESIAN_POINT('',(0.023,-0.1019,-0.039885));
#3737=CARTESIAN_POINT('',(0.023,-0.1019,-0.039885));
#3738=CARTESIAN_POINT('',(0.023,-0.1019,-0.039185));
#3739=CARTESIAN_POINT('',(0.0305,-0.1019,-0.039885));
#3740=CARTESIAN_POINT('',(0.038,-0.1019,-0.039885));
#3741=CARTESIAN_POINT('',(0.038,-0.1019,-0.039885));
#3742=CARTESIAN_POINT('',(0.0305,-0.1019,-0.039885));
#3743=CARTESIAN_POINT('',(0.038,-0.1019,-0.039185));
#3744=CARTESIAN_POINT('',(0.038,-0.1019,-0.039185));
#3745=CARTESIAN_POINT('',(-6.93889390390723E-18,-0.1019,-0.0371016121405363));
#3746=CARTESIAN_POINT('',(0.0305,-0.1019,-0.038485));
#3747=CARTESIAN_POINT('',(0.0305,-0.1019,-0.038485));
#3748=CARTESIAN_POINT('',(-0.00050000000000001,-0.0094,-0.018385));
#3749=CARTESIAN_POINT('',(-0.0035,-0.0094,-0.018385));
#3750=CARTESIAN_POINT('',(0.0025,-0.0094,-0.018385));
#3751=CARTESIAN_POINT('',(-0.0224703991424514,-0.05265,-0.018385));
#3752=CARTESIAN_POINT('',(-0.0474407982849027,-0.0959,-0.018385));
#3753=CARTESIAN_POINT('',(-0.0479703991424514,-0.0959,-0.018385));
#3754=CARTESIAN_POINT('',(-0.0485,-0.0959,-0.018385));
#3755=CARTESIAN_POINT('',(-0.0485,-0.0916211431702997,-0.018385));
#3756=CARTESIAN_POINT('',(-0.0485,-0.0873422863405994,-0.018385));
#3757=CARTESIAN_POINT('',(-0.026,-0.0483711431702997,-0.018385));
#3758=CARTESIAN_POINT('',(-0.0365,-0.0094,-0.018385));
#3759=CARTESIAN_POINT('',(-0.0395,-0.0094,-0.018385));
#3760=CARTESIAN_POINT('',(-0.0335,-0.0094,-0.018385));
#3761=CARTESIAN_POINT('',(-0.041,-0.0223903810567666,-0.018385));
#3762=CARTESIAN_POINT('',(-0.0485,-0.0353807621135331,-0.018385));
#3763=CARTESIAN_POINT('',(-0.0485,-0.0301846096908265,-0.018385));
#3764=CARTESIAN_POINT('',(-0.0485,-0.0249884572681199,-0.018385));
#3765=CARTESIAN_POINT('',(-0.044,-0.0171942286340599,-0.018385));
#3766=CARTESIAN_POINT('',(-0.048,-0.0094,-0.018385));
#3767=CARTESIAN_POINT('',(-0.0485,-0.0094,-0.018385));
#3768=CARTESIAN_POINT('',(-0.0455,-0.0094,-0.018385));
#3769=CARTESIAN_POINT('',(-0.047,-0.0119980762113533,-0.018385));
#3770=CARTESIAN_POINT('',(-0.0485,-0.0145961524227066,-0.018385));
#3771=CARTESIAN_POINT('',(-0.0485,-0.0119980762113533,-0.018385));
#3772=CARTESIAN_POINT('',(-0.0125,-0.0094,-0.018385));
#3773=CARTESIAN_POINT('',(-0.0155,-0.0094,-0.018385));
#3774=CARTESIAN_POINT('',(-0.0095,-0.0094,-0.018385));
#3775=CARTESIAN_POINT('',(-0.029,-0.0431749907475931,-0.018385));
#3776=CARTESIAN_POINT('',(-0.0485,-0.0769499814951862,-0.018385));
#3777=CARTESIAN_POINT('',(-0.0485,-0.0717538290724795,-0.018385));
#3778=CARTESIAN_POINT('',(-0.0485,-0.0665576766497729,-0.018385));
#3779=CARTESIAN_POINT('',(-0.032,-0.0379788383248864,-0.018385));
#3780=CARTESIAN_POINT('',(-0.0245,-0.0094,-0.018385));
#3781=CARTESIAN_POINT('',(-0.0275,-0.0094,-0.018385));
#3782=CARTESIAN_POINT('',(-0.0215,-0.0094,-0.018385));
#3783=CARTESIAN_POINT('',(-0.035,-0.0327826859021798,-0.018385));
#3784=CARTESIAN_POINT('',(-0.0485,-0.0561653718043596,-0.018385));
#3785=CARTESIAN_POINT('',(-0.0485,-0.050969219381653,-0.018385));
#3786=CARTESIAN_POINT('',(-0.0485,-0.0457730669589464,-0.018385));
#3787=CARTESIAN_POINT('',(-0.038,-0.0275865334794732,-0.018385));
#3788=CARTESIAN_POINT('',(0.0195296008575486,-0.05265,-0.018385));
#3789=CARTESIAN_POINT('',(0.0206436806860389,-0.0507203571333672,-0.0139286806860389));
#3790=CARTESIAN_POINT('',(-0.0054407982849027,-0.0959,-0.018385));
#3791=CARTESIAN_POINT('',(0.0445,-0.0094,-0.018385));
#3792=CARTESIAN_POINT('',(0.048,-0.0094,-0.018385));
#3793=CARTESIAN_POINT('',(0.0485,-0.0094,-0.018385));
#3794=CARTESIAN_POINT('',(0.0485,-0.0111320508075688,-0.018385));
#3795=CARTESIAN_POINT('',(0.0485,-0.0128641016151377,-0.018385));
#3796=CARTESIAN_POINT('',(0.0245296008575486,-0.0543820508075689,-0.018385));
#3797=CARTESIAN_POINT('',(0.000559201715097296,-0.0959,-0.018385));
#3798=CARTESIAN_POINT('',(-0.0024407982849027,-0.0959,-0.018385));
#3799=CARTESIAN_POINT('',(0.00752960085754865,-0.05265,-0.018385));
#3800=CARTESIAN_POINT('',(-0.0174407982849027,-0.0959,-0.018385));
#3801=CARTESIAN_POINT('',(0.0325,-0.0094,-0.018385));
#3802=CARTESIAN_POINT('',(0.0355,-0.0094,-0.018385));
#3803=CARTESIAN_POINT('',(0.0385,-0.0094,-0.018385));
#3804=CARTESIAN_POINT('',(0.0135296008575486,-0.05265,-0.018385));
#3805=CARTESIAN_POINT('',(-0.0114407982849027,-0.0959,-0.018385));
#3806=CARTESIAN_POINT('',(-0.0144407982849027,-0.0959,-0.018385));
#3807=CARTESIAN_POINT('',(0.0115,-0.0094,-0.018385));
#3808=CARTESIAN_POINT('',(0.0085,-0.0094,-0.018385));
#3809=CARTESIAN_POINT('',(0.0145,-0.0094,-0.018385));
#3810=CARTESIAN_POINT('',(-0.0104703991424514,-0.05265,-0.018385));
#3811=CARTESIAN_POINT('',(-0.0354407982849027,-0.0959,-0.018385));
#3812=CARTESIAN_POINT('',(-0.0384407982849027,-0.0959,-0.018385));
#3813=CARTESIAN_POINT('',(-0.0414407982849027,-0.0959,-0.018385));
#3814=CARTESIAN_POINT('',(-0.0164703991424514,-0.05265,-0.018385));
#3815=CARTESIAN_POINT('',(-0.00447039914245134,-0.05265,-0.018385));
#3816=CARTESIAN_POINT('',(-0.0294407982849027,-0.0959,-0.018385));
#3817=CARTESIAN_POINT('',(0.0205,-0.0094,-0.018385));
#3818=CARTESIAN_POINT('',(0.0235,-0.0094,-0.018385));
#3819=CARTESIAN_POINT('',(0.0265,-0.0094,-0.018385));
#3820=CARTESIAN_POINT('',(0.00152960085754865,-0.05265,-0.018385));
#3821=CARTESIAN_POINT('',(-0.0234407982849027,-0.0959,-0.018385));
#3822=CARTESIAN_POINT('',(-0.0264407982849027,-0.0959,-0.018385));
#3823=CARTESIAN_POINT('',(0.0395296008575487,-0.080362812921102,-0.018385));
#3824=CARTESIAN_POINT('',(0.0305592017150973,-0.0959,-0.018385));
#3825=CARTESIAN_POINT('',(0.0485,-0.064825625842204,-0.018385));
#3826=CARTESIAN_POINT('',(0.0485,-0.0700217782649106,-0.018385));
#3827=CARTESIAN_POINT('',(0.0485,-0.0752179306876172,-0.018385));
#3828=CARTESIAN_POINT('',(0.0425296008575487,-0.0855589653438086,-0.018385));
#3829=CARTESIAN_POINT('',(0.0365592017150973,-0.0959,-0.018385));
#3830=CARTESIAN_POINT('',(0.0335592017150973,-0.0959,-0.018385));
#3831=CARTESIAN_POINT('',(0.0455296008575487,-0.0907551177665153,-0.018385));
#3832=CARTESIAN_POINT('',(0.0425592017150973,-0.0959,-0.018385));
#3833=CARTESIAN_POINT('',(0.0485,-0.0856102355330305,-0.018385));
#3834=CARTESIAN_POINT('',(0.0485,-0.0907551177665153,-0.018385));
#3835=CARTESIAN_POINT('',(0.0485,-0.0959,-0.018385));
#3836=CARTESIAN_POINT('',(0.0455296008575487,-0.0959,-0.018385));
#3837=CARTESIAN_POINT('',(0.0275296008575487,-0.0595782032302755,-0.018385));
#3838=CARTESIAN_POINT('',(0.00655920171509728,-0.0959,-0.018385));
#3839=CARTESIAN_POINT('',(0.0485,-0.0232564064605509,-0.018385));
#3840=CARTESIAN_POINT('',(0.0485,-0.0284525588832575,-0.018385));
#3841=CARTESIAN_POINT('',(0.0485,-0.0336487113059642,-0.018385));
#3842=CARTESIAN_POINT('',(0.0305296008575487,-0.0647743556529821,-0.018385));
#3843=CARTESIAN_POINT('',(0.0125592017150973,-0.0959,-0.018385));
#3844=CARTESIAN_POINT('',(0.00955920171509728,-0.0959,-0.018385));
#3845=CARTESIAN_POINT('',(0.0335296008575487,-0.0699705080756888,-0.018385));
#3846=CARTESIAN_POINT('',(0.0185592017150973,-0.0959,-0.018385));
#3847=CARTESIAN_POINT('',(0.0485,-0.0440410161513775,-0.018385));
#3848=CARTESIAN_POINT('',(0.0485,-0.0492371685740841,-0.018385));
#3849=CARTESIAN_POINT('',(0.0485,-0.0544333209967907,-0.018385));
#3850=CARTESIAN_POINT('',(0.0365296008575487,-0.0751666604983954,-0.018385));
#3851=CARTESIAN_POINT('',(0.0245592017150973,-0.0959,-0.018385));
#3852=CARTESIAN_POINT('',(0.0215592017150973,-0.0959,-0.018385));
#3853=CARTESIAN_POINT('',(-0.0494,-0.00475,-0.042385));
#3854=CARTESIAN_POINT('',(-0.0494,-0.00475,-0.042385));
#3855=CARTESIAN_POINT('',(-0.05215,-0.00475,-0.042385));
#3856=CARTESIAN_POINT('',(-2.16446179161652E-18,-0.05115,-0.042385));
#3857=CARTESIAN_POINT('',(0.0494,-0.00475,-0.042385));
#3858=CARTESIAN_POINT('',(0.0494,-0.00475,-0.042385));
#3859=CARTESIAN_POINT('',(0.04665,-0.00475,-0.042385));
#3860=CARTESIAN_POINT('',(-2.16446179161652E-18,-0.05115,-0.042385));
#3861=CARTESIAN_POINT('',(-0.0509,-0.0993,-0.041385));
#3862=CARTESIAN_POINT('',(-0.0509,-0.0993,-0.042985));
#3863=CARTESIAN_POINT('',(-0.0509,-0.003,-0.041385));
#3864=CARTESIAN_POINT('',(-0.0509,-0.003,-0.042985));
#3865=CARTESIAN_POINT('',(0.0509,-0.003,-0.041385));
#3866=CARTESIAN_POINT('',(0.0509,-0.003,-0.042985));
#3867=CARTESIAN_POINT('',(0.0509,-0.0993,-0.041385));
#3868=CARTESIAN_POINT('',(0.0509,-0.0993,-0.042985));
#3869=CARTESIAN_POINT('',(-0.0505,-0.0989,-0.037385));
#3870=CARTESIAN_POINT('',(-0.0505,-0.0989,-0.037785));
#3871=CARTESIAN_POINT('',(0.0505,-0.0989,-0.037385));
#3872=CARTESIAN_POINT('',(0.0505,-0.0989,-0.037785));
#3873=CARTESIAN_POINT('',(0.0435,-0.0034,-0.037385));
#3874=CARTESIAN_POINT('',(0.0435,-0.0034,-0.037785));
#3875=CARTESIAN_POINT('',(-0.0435,-0.0034,-0.037385));
#3876=CARTESIAN_POINT('',(-0.0435,-0.0034,-0.037785));
#3877=CARTESIAN_POINT('',(-0.0515,-0.05465,-0.037785));
#3878=CARTESIAN_POINT('',(-0.0511,-0.0989,-0.037385));
#3879=CARTESIAN_POINT('',(-0.0505,-0.0989,-0.037385));
#3880=CARTESIAN_POINT('',(-0.0505,-0.0995,-0.037385));
#3881=CARTESIAN_POINT('',(-6.30808536718839E-19,-0.0999,-0.037785));
#3882=CARTESIAN_POINT('',(0.0505,-0.0999,-0.037785));
#3883=CARTESIAN_POINT('',(-0.1115,-0.0999,-0.037785));
#3884=CARTESIAN_POINT('',(0.1115,-0.0999,-0.037785));
#3885=CARTESIAN_POINT('',(-0.0505,-0.0999,-0.037785));
#3886=CARTESIAN_POINT('',(0.0505,-0.0995,-0.037385));
#3887=CARTESIAN_POINT('',(0.0505,-0.0989,-0.037385));
#3888=CARTESIAN_POINT('',(0.0511,-0.0989,-0.037385));
#3889=CARTESIAN_POINT('',(0.0511,-0.05115,-0.037385));
#3890=CARTESIAN_POINT('',(0.0441,-0.05115,-0.037385));
#3891=CARTESIAN_POINT('',(0.0441,-0.0034,-0.037385));
#3892=CARTESIAN_POINT('',(0.0435,-0.0034,-0.037385));
#3893=CARTESIAN_POINT('',(0.0435,-0.0028,-0.037385));
#3894=CARTESIAN_POINT('',(-2.7276836994012E-18,-0.0028,-0.037385));
#3895=CARTESIAN_POINT('',(-0.0435,-0.0028,-0.037385));
#3896=CARTESIAN_POINT('',(-0.0435,-0.0034,-0.037385));
#3897=CARTESIAN_POINT('',(-0.0441,-0.0034,-0.037385));
#3898=CARTESIAN_POINT('',(-0.0445,-0.0059,-0.037785));
#3899=CARTESIAN_POINT('',(-2.05181741005958E-18,-0.0004,-0.043385));
#3900=CARTESIAN_POINT('',(-0.0509,0.,-0.042985));
#3901=CARTESIAN_POINT('',(0.0509,-0.0004,-0.043385));
#3902=CARTESIAN_POINT('',(0.0509,-0.003,-0.043385));
#3903=CARTESIAN_POINT('',(0.0535,-0.003,-0.043385));
#3904=CARTESIAN_POINT('',(-0.0509,-0.003,-0.043385));
#3905=CARTESIAN_POINT('',(-0.0539,-0.003,-0.042985));
#3906=CARTESIAN_POINT('',(0.0535,-0.05115,-0.043385));
#3907=CARTESIAN_POINT('',(0.0535,-0.0993,-0.043385));
#3908=CARTESIAN_POINT('',(-0.0535,-0.05115,-0.043385));
#3909=CARTESIAN_POINT('',(-0.0539,-0.0993,-0.042985));
#3910=CARTESIAN_POINT('',(0.0509,-0.0993,-0.043385));
#3911=CARTESIAN_POINT('',(0.0509,-0.1019,-0.043385));
#3912=CARTESIAN_POINT('',(-0.0509,-0.0993,-0.043385));
#3913=CARTESIAN_POINT('',(-0.0509,-0.1023,-0.042985));
#3914=CARTESIAN_POINT('',(-2.05181741005958E-18,-0.1019,-0.043385));
#3915=CARTESIAN_POINT('',(0.02475,-0.1009,-0.038135));
#3916=CARTESIAN_POINT('',(0.02475,-0.1009,-0.038135));
#3917=CARTESIAN_POINT('',(0.02625,-0.1009,-0.038135));
#3918=CARTESIAN_POINT('',(0.02625,-0.1009,-0.038135));
#3919=CARTESIAN_POINT('',(0.0255,-0.1009,-0.038135));
#3920=CARTESIAN_POINT('',(0.03625,-0.1009,-0.038135));
#3921=CARTESIAN_POINT('',(0.03625,-0.1009,-0.038135));
#3922=CARTESIAN_POINT('',(0.03475,-0.1009,-0.038135));
#3923=CARTESIAN_POINT('',(0.03475,-0.1009,-0.038135));
#3924=CARTESIAN_POINT('',(0.0355,-0.1009,-0.038135));
#3925=CARTESIAN_POINT('',(-0.03625,-0.1009,-0.038135));
#3926=CARTESIAN_POINT('',(-0.03625,-0.1009,-0.038135));
#3927=CARTESIAN_POINT('',(-0.03475,-0.1009,-0.038135));
#3928=CARTESIAN_POINT('',(-0.03475,-0.1009,-0.038135));
#3929=CARTESIAN_POINT('',(-0.0355,-0.1009,-0.038135));
#3930=CARTESIAN_POINT('',(-0.02475,-0.1009,-0.038135));
#3931=CARTESIAN_POINT('',(-0.02475,-0.1009,-0.038135));
#3932=CARTESIAN_POINT('',(-0.02625,-0.1009,-0.038135));
#3933=CARTESIAN_POINT('',(-0.02625,-0.1009,-0.038135));
#3934=CARTESIAN_POINT('',(-0.0255,-0.1009,-0.038135));
#3935=MECHANICAL_DESIGN_GEOMETRIC_PRESENTATION_REPRESENTATION('',(#2444),
#3936);
#3936=(
GEOMETRIC_REPRESENTATION_CONTEXT(3)
GLOBAL_UNCERTAINTY_ASSIGNED_CONTEXT((#3937))
GLOBAL_UNIT_ASSIGNED_CONTEXT((#3940,#3939,#3938))
REPRESENTATION_CONTEXT('case_bottom','TOP_LEVEL_ASSEMBLY_PART')
);
#3937=UNCERTAINTY_MEASURE_WITH_UNIT(LENGTH_MEASURE(1.E-8),#3940,
'DISTANCE_ACCURACY_VALUE','Maximum Tolerance applied to model');
#3938=(
NAMED_UNIT(*)
SI_UNIT($,.STERADIAN.)
SOLID_ANGLE_UNIT()
);
#3939=(
NAMED_UNIT(*)
PLANE_ANGLE_UNIT()
SI_UNIT($,.RADIAN.)
);
#3940=(
LENGTH_UNIT()
NAMED_UNIT(*)
SI_UNIT($,.METRE.)
);
#3941=PRODUCT_DEFINITION_SHAPE('','',#3942);
#3942=PRODUCT_DEFINITION('','',#3944,#3943);
#3943=PRODUCT_DEFINITION_CONTEXT('',#3950,'design');
#3944=PRODUCT_DEFINITION_FORMATION_WITH_SPECIFIED_SOURCE('','',#3946,
 .NOT_KNOWN.);
#3945=PRODUCT_RELATED_PRODUCT_CATEGORY('','',(#3946));
#3946=PRODUCT('case_bottom','case_bottom','case_bottom',(#3948));
#3947=PRODUCT_CATEGORY('','');
#3948=PRODUCT_CONTEXT('',#3950,'mechanical');
#3949=APPLICATION_PROTOCOL_DEFINITION('international standard',
'ap242_managed_model_based_3d_engineering',2020,#3950);
#3950=APPLICATION_CONTEXT('managed model based 3d engineering');
ENDSEC;
END-ISO-10303-21;
