ISO-10303-21;
HEADER;
/* Generated by software containing ST-Developer
 * from STEP Tools, Inc. (www.steptools.com) 
 */
/* OPTION: using custom renumber hook */

FILE_DESCRIPTION(
/* description */ ('STEP AP242 Edition 2',
'CAx-IF Rec.Pracs.---Representation and Presentation of Product Manufa
cturing Information (PMI)---4.0---2014-10-13',
'CAx-IF Rec.Pracs.---3D Tessellated Geometry---0.4---2014-09-14','2;1',
'CAx-IF Rec.Pracs.---User Defined Attributes---1.5---2016-08-15'),
/* implementation_level */ '2;1');

FILE_NAME(
/* name */ 'case - case_body',
/* time_stamp */ '2026-05-11T03:00:55Z',
/* author */ (''),
/* organization */ (''),
/* preprocessor_version */ 'ST-DEVELOPER v20',
/* originating_system */ 'ONSHAPE BY PTC INC, 1.214',
/* authorisation */ '  ');

FILE_SCHEMA (('AP242_MANAGED_MODEL_BASED_3D_ENGINEERING_MIM_LF { 1 0 10303 442 3 1 4 }'));
ENDSEC;

DATA;
#10=SHAPE_REPRESENTATION_RELATIONSHIP('','',#6311,#11);
#11=ADVANCED_BREP_SHAPE_REPRESENTATION('',(#6309),#10417);
#12=CONICAL_SURFACE('',#6746,0.00115,0.785398163397452);
#13=CONICAL_SURFACE('',#6748,0.00075,0.785398163397452);
#14=CONICAL_SURFACE('',#6754,0.00115,0.785398163397452);
#15=CONICAL_SURFACE('',#6756,0.00115,0.785398163397452);
#16=CONICAL_SURFACE('',#6760,0.0019,0.785398163397434);
#17=CONICAL_SURFACE('',#6761,0.0019,0.785398163397434);
#18=CONICAL_SURFACE('',#6763,0.007,0.78539816339745);
#19=CONICAL_SURFACE('',#6764,0.0074,0.78539816339745);
#20=(
BOUNDED_SURFACE()
B_SPLINE_SURFACE(3,2,((#10117,#10118,#10119),(#10120,#10121,#10122),(#10123,
#10124,#10125),(#10126,#10127,#10128)),.UNSPECIFIED.,.F.,.F.,.F.)
B_SPLINE_SURFACE_WITH_KNOTS((4,4),(3,3),(-8.88178419700125E-16,0.500228919976442),
(0.,1.),.PIECEWISE_BEZIER_KNOTS.)
GEOMETRIC_REPRESENTATION_ITEM()
RATIONAL_B_SPLINE_SURFACE(((1.,0.816081045391754,1.),(1.,0.816081045391365,
1.),(1.,0.811783979112314,1.),(1.,0.803523610425078,1.)))
REPRESENTATION_ITEM('')
SURFACE()
);
#21=(
BOUNDED_SURFACE()
B_SPLINE_SURFACE(3,2,((#10131,#10132,#10133),(#10134,#10135,#10136),(#10137,
#10138,#10139),(#10140,#10141,#10142)),.UNSPECIFIED.,.F.,.F.,.F.)
B_SPLINE_SURFACE_WITH_KNOTS((4,4),(3,3),(0.0137051093205425,0.0146073378434419),
(0.,1.),.PIECEWISE_BEZIER_KNOTS.)
GEOMETRIC_REPRESENTATION_ITEM()
RATIONAL_B_SPLINE_SURFACE(((1.,0.787727054673547,1.),(1.,0.776776118794806,
1.),(1.,0.783642923024161,1.),(1.,0.803523610425078,1.)))
REPRESENTATION_ITEM('')
SURFACE()
);
#22=(
BOUNDED_SURFACE()
B_SPLINE_SURFACE(3,2,((#10146,#10147,#10148),(#10149,#10150,#10151),(#10152,
#10153,#10154),(#10155,#10156,#10157)),.UNSPECIFIED.,.F.,.F.,.F.)
B_SPLINE_SURFACE_WITH_KNOTS((4,4),(3,3),(0.,0.618674084142115),(0.,1.),
 .PIECEWISE_BEZIER_KNOTS.)
GEOMETRIC_REPRESENTATION_ITEM()
RATIONAL_B_SPLINE_SURFACE(((1.,0.80494328871841,1.),(1.,0.804943288718067,
1.),(1.,0.798957493678793,1.),(1.,0.787727054673549,1.)))
REPRESENTATION_ITEM('')
SURFACE()
);
#23=(
BOUNDED_SURFACE()
B_SPLINE_SURFACE(3,2,((#10159,#10160,#10161),(#10162,#10163,#10164),(#10165,
#10166,#10167),(#10168,#10169,#10170)),.UNSPECIFIED.,.F.,.F.,.F.)
B_SPLINE_SURFACE_WITH_KNOTS((4,4),(3,3),(2.72060615914598,3.14159265358979),
(0.,1.),.PIECEWISE_BEZIER_KNOTS.)
GEOMETRIC_REPRESENTATION_ITEM()
RATIONAL_B_SPLINE_SURFACE(((1.,0.807152533842579,1.),(1.,0.813049137436396,
1.),(1.,0.816081045391427,1.),(1.,0.816081045391754,1.)))
REPRESENTATION_ITEM('')
SURFACE()
);
#24=(
BOUNDED_SURFACE()
B_SPLINE_SURFACE(3,2,((#10174,#10175,#10176),(#10177,#10178,#10179),(#10180,
#10181,#10182),(#10183,#10184,#10185)),.UNSPECIFIED.,.F.,.F.,.F.)
B_SPLINE_SURFACE_WITH_KNOTS((4,4),(3,3),(-2.16840434497101E-18,0.000874031232516378),
(0.,1.),.PIECEWISE_BEZIER_KNOTS.)
GEOMETRIC_REPRESENTATION_ITEM()
RATIONAL_B_SPLINE_SURFACE(((1.,0.771397063950185,1.),(1.,0.768694994371478,
1.),(1.,0.78352763077976,1.),(1.,0.807152533842576,1.)))
REPRESENTATION_ITEM('')
SURFACE()
);
#25=(
BOUNDED_SURFACE()
B_SPLINE_SURFACE(3,2,((#10187,#10188,#10189),(#10190,#10191,#10192),(#10193,
#10194,#10195),(#10196,#10197,#10198)),.UNSPECIFIED.,.F.,.F.,.F.)
B_SPLINE_SURFACE_WITH_KNOTS((4,4),(3,3),(2.89890031508481,3.14159265358979),
(0.,1.),.PIECEWISE_BEZIER_KNOTS.)
GEOMETRIC_REPRESENTATION_ITEM()
RATIONAL_B_SPLINE_SURFACE(((1.,0.802245862558425,1.),(1.,0.804038319944844,
1.),(1.,0.804943288718275,1.),(1.,0.80494328871841,1.)))
REPRESENTATION_ITEM('')
SURFACE()
);
#26=(
BOUNDED_SURFACE()
B_SPLINE_SURFACE(3,2,((#10200,#10201,#10202),(#10203,#10204,#10205),(#10206,
#10207,#10208),(#10209,#10210,#10211)),.UNSPECIFIED.,.F.,.F.,.F.)
B_SPLINE_SURFACE_WITH_KNOTS((4,4),(3,3),(3.14159265358979,3.85289540603568),
(0.,1.),.PIECEWISE_BEZIER_KNOTS.)
GEOMETRIC_REPRESENTATION_ITEM()
RATIONAL_B_SPLINE_SURFACE(((1.,0.790873617837807,1.),(1.,0.790873617838017,
1.),(1.,0.783986253206227,1.),(1.,0.771397063950185,1.)))
REPRESENTATION_ITEM('')
SURFACE()
);
#27=(
BOUNDED_SURFACE()
B_SPLINE_SURFACE(3,2,((#10213,#10214,#10215),(#10216,#10217,#10218),(#10219,
#10220,#10221),(#10222,#10223,#10224)),.UNSPECIFIED.,.F.,.F.,.F.)
B_SPLINE_SURFACE_WITH_KNOTS((4,4),(3,3),(8.96635196645512E-17,0.000837598237824462),
(0.,1.),.PIECEWISE_BEZIER_KNOTS.)
GEOMETRIC_REPRESENTATION_ITEM()
RATIONAL_B_SPLINE_SURFACE(((1.,0.802245862558406,1.),(1.,0.778050822007442,
1.),(1.,0.753434892845327,1.),(1.,0.741263854769014,1.)))
REPRESENTATION_ITEM('')
SURFACE()
);
#28=(
BOUNDED_SURFACE()
B_SPLINE_SURFACE(3,2,((#10228,#10229,#10230),(#10231,#10232,#10233),(#10234,
#10235,#10236),(#10237,#10238,#10239)),.UNSPECIFIED.,.F.,.F.,.F.)
B_SPLINE_SURFACE_WITH_KNOTS((4,4),(3,3),(3.14159265358979,4.04880964615685),
(0.,1.),.PIECEWISE_BEZIER_KNOTS.)
GEOMETRIC_REPRESENTATION_ITEM()
RATIONAL_B_SPLINE_SURFACE(((1.,0.761787112149535,1.),(1.,0.761787112154235,
1.),(1.,0.754170714893005,1.),(1.,0.741263854769035,1.)))
REPRESENTATION_ITEM('')
SURFACE()
);
#29=(
BOUNDED_SURFACE()
B_SPLINE_SURFACE(3,2,((#10241,#10242,#10243),(#10244,#10245,#10246),(#10247,
#10248,#10249),(#10250,#10251,#10252)),.UNSPECIFIED.,.F.,.F.,.F.)
B_SPLINE_SURFACE_WITH_KNOTS((4,4),(3,3),(5.9014562370433,6.28318530717959),
(0.,1.),.PIECEWISE_BEZIER_KNOTS.)
GEOMETRIC_REPRESENTATION_ITEM()
RATIONAL_B_SPLINE_SURFACE(((1.,0.785142783023744,1.),(1.,0.78893060694382,
1.),(1.,0.790873617837919,1.),(1.,0.790873617837807,1.)))
REPRESENTATION_ITEM('')
SURFACE()
);
#30=(
BOUNDED_SURFACE()
B_SPLINE_SURFACE(3,2,((#10256,#10257,#10258),(#10259,#10260,#10261),(#10262,
#10263,#10264),(#10265,#10266,#10267)),.UNSPECIFIED.,.F.,.F.,.F.)
B_SPLINE_SURFACE_WITH_KNOTS((4,4),(3,3),(0.0114948918684305,0.0121567822669671),
(0.,1.),.PIECEWISE_BEZIER_KNOTS.)
GEOMETRIC_REPRESENTATION_ITEM()
RATIONAL_B_SPLINE_SURFACE(((1.,0.785142783023746,1.),(1.,0.765544346020138,
1.),(1.,0.749666838112277,1.),(1.,0.743452291680905,1.)))
REPRESENTATION_ITEM('')
SURFACE()
);
#31=(
BOUNDED_SURFACE()
B_SPLINE_SURFACE(3,2,((#10269,#10270,#10271),(#10272,#10273,#10274),(#10275,
#10276,#10277),(#10278,#10279,#10280)),.UNSPECIFIED.,.F.,.F.,.F.)
B_SPLINE_SURFACE_WITH_KNOTS((4,4),(3,3),(5.42841796140639,6.28318530717959),
(0.,1.),.PIECEWISE_BEZIER_KNOTS.)
GEOMETRIC_REPRESENTATION_ITEM()
RATIONAL_B_SPLINE_SURFACE(((1.,0.743452291680902,1.),(1.,0.755063497640798,
1.),(1.,0.761787112154248,1.),(1.,0.761787112149535,1.)))
REPRESENTATION_ITEM('')
SURFACE()
);
#32=ELLIPSE('',#6427,0.00206612232310835,0.002);
#33=ELLIPSE('',#6428,0.00206612232310835,0.002);
#34=ELLIPSE('',#6431,0.00209373873127789,0.002);
#35=ELLIPSE('',#6432,0.00209373873127789,0.002);
#36=ELLIPSE('',#6438,0.00202631536498051,0.002);
#37=ELLIPSE('',#6439,0.00202631536498051,0.002);
#38=ELLIPSE('',#6441,0.00212024404157913,0.002);
#39=ELLIPSE('',#6442,0.00212024404157913,0.002);
#40=ELLIPSE('',#6469,0.00651609045086709,0.003);
#41=ELLIPSE('',#6470,0.00410297709703751,0.003);
#42=ELLIPSE('',#6472,0.00516712253666878,0.003);
#43=ELLIPSE('',#6473,0.00466200514796619,0.003);
#44=ELLIPSE('',#6475,0.00357563296552225,0.003);
#45=ELLIPSE('',#6476,0.00342393964635193,0.003);
#46=ELLIPSE('',#6478,0.00569585088322636,0.003);
#47=ELLIPSE('',#6479,0.003806446935346,0.003);
#48=ELLIPSE('',#6656,0.0030444804900092,0.003);
#49=ELLIPSE('',#6657,0.00301760732341968,0.003);
#50=ELLIPSE('',#6660,0.00306328938803587,0.003);
#51=ELLIPSE('',#6661,0.00301760732341968,0.003);
#52=ELLIPSE('',#6664,0.0030444804900092,0.003);
#53=ELLIPSE('',#6665,0.00308146633858814,0.003);
#54=ELLIPSE('',#6668,0.00306328938803587,0.003);
#55=ELLIPSE('',#6669,0.00308146633858814,0.003);
#56=ELLIPSE('',#6709,0.000707106781186548,0.0005);
#57=ELLIPSE('',#6710,0.000707106781186548,0.0005);
#58=ELLIPSE('',#6712,0.000707106781186548,0.0005);
#59=ELLIPSE('',#6714,0.000707106781186548,0.0005);
#60=ELLIPSE('',#6717,0.000707106781186548,0.0005);
#61=ELLIPSE('',#6718,0.000707106781186548,0.0005);
#62=ELLIPSE('',#6720,0.000707106781186548,0.0005);
#63=ELLIPSE('',#6722,0.000707106781186548,0.0005);
#64=ELLIPSE('',#6725,0.000707106781186548,0.0005);
#65=ELLIPSE('',#6726,0.000707106781186548,0.0005);
#66=ELLIPSE('',#6728,0.000707106781186548,0.0005);
#67=ELLIPSE('',#6730,0.000707106781186548,0.0005);
#68=ELLIPSE('',#6733,0.000707106781186548,0.0005);
#69=ELLIPSE('',#6734,0.000707106781186548,0.0005);
#70=ELLIPSE('',#6736,0.000707106781186548,0.0005);
#71=ELLIPSE('',#6738,0.000707106781186548,0.0005);
#72=B_SPLINE_CURVE_WITH_KNOTS('',3,(#8672,#8673,#8674,#8675,#8676),
 .UNSPECIFIED.,.F.,.F.,(4,1,4),(0.,0.00137054591818999,0.00274109183637997),
 .UNSPECIFIED.);
#73=B_SPLINE_CURVE_WITH_KNOTS('',3,(#8683,#8684,#8685,#8686,#8687),
 .UNSPECIFIED.,.F.,.F.,(4,1,4),(9.0555223987003E-18,0.00137054591819003,
0.00274109183638005),.UNSPECIFIED.);
#74=B_SPLINE_CURVE_WITH_KNOTS('',3,(#10047,#10048,#10049,#10050),
 .UNSPECIFIED.,.F.,.F.,(4,4),(0.,0.000998784823272087),.UNSPECIFIED.);
#75=B_SPLINE_CURVE_WITH_KNOTS('',3,(#10054,#10055,#10056,#10057),
 .UNSPECIFIED.,.F.,.F.,(4,4),(7.88106850030428E-17,0.000953078729327361),
 .UNSPECIFIED.);
#76=B_SPLINE_CURVE_WITH_KNOTS('',3,(#10059,#10060,#10061,#10062),
 .UNSPECIFIED.,.F.,.F.,(4,4),(0.,0.0012694801582693),.UNSPECIFIED.);
#77=B_SPLINE_CURVE_WITH_KNOTS('',3,(#10068,#10069,#10070,#10071),
 .UNSPECIFIED.,.F.,.F.,(4,4),(0.,0.00112917663068069),.UNSPECIFIED.);
#78=B_SPLINE_CURVE_WITH_KNOTS('',3,(#10073,#10074,#10075,#10076),
 .UNSPECIFIED.,.F.,.F.,(4,4),(0.,0.00132062857479566),.UNSPECIFIED.);
#79=B_SPLINE_CURVE_WITH_KNOTS('',3,(#10082,#10083,#10084,#10085),
 .UNSPECIFIED.,.F.,.F.,(4,4),(8.29963667627602E-18,0.00127992441574599),
 .UNSPECIFIED.);
#80=B_SPLINE_CURVE_WITH_KNOTS('',3,(#10089,#10090,#10091,#10092),
 .UNSPECIFIED.,.F.,.F.,(4,4),(0.,0.00135093619854067),.UNSPECIFIED.);
#81=B_SPLINE_CURVE_WITH_KNOTS('',3,(#10096,#10097,#10098,#10099),
 .UNSPECIFIED.,.F.,.F.,(4,4),(7.58941520739853E-19,0.00135487816834228),
 .UNSPECIFIED.);
#82=CYLINDRICAL_SURFACE('',#6352,0.003);
#83=CYLINDRICAL_SURFACE('',#6355,0.003);
#84=CYLINDRICAL_SURFACE('',#6459,0.00356555025996534);
#85=CYLINDRICAL_SURFACE('',#6461,0.0025);
#86=CYLINDRICAL_SURFACE('',#6462,0.0035);
#87=CYLINDRICAL_SURFACE('',#6499,0.007);
#88=CYLINDRICAL_SURFACE('',#6501,0.007);
#89=CYLINDRICAL_SURFACE('',#6523,0.0015);
#90=CYLINDRICAL_SURFACE('',#6527,0.0015);
#91=CYLINDRICAL_SURFACE('',#6628,0.00075);
#92=CYLINDRICAL_SURFACE('',#6631,0.00075);
#93=CYLINDRICAL_SURFACE('',#6641,0.00075);
#94=CYLINDRICAL_SURFACE('',#6644,0.00075);
#95=CYLINDRICAL_SURFACE('',#6651,0.0015);
#96=CYLINDRICAL_SURFACE('',#6652,0.0015);
#97=CYLINDRICAL_SURFACE('',#6653,0.0015);
#98=CYLINDRICAL_SURFACE('',#6654,0.0015);
#99=CYLINDRICAL_SURFACE('',#6655,0.003);
#100=CYLINDRICAL_SURFACE('',#6658,0.003);
#101=CYLINDRICAL_SURFACE('',#6659,0.003);
#102=CYLINDRICAL_SURFACE('',#6662,0.003);
#103=CYLINDRICAL_SURFACE('',#6663,0.003);
#104=CYLINDRICAL_SURFACE('',#6666,0.003);
#105=CYLINDRICAL_SURFACE('',#6667,0.003);
#106=CYLINDRICAL_SURFACE('',#6670,0.003);
#107=CYLINDRICAL_SURFACE('',#6671,0.0005);
#108=CYLINDRICAL_SURFACE('',#6672,0.0005);
#109=CYLINDRICAL_SURFACE('',#6673,0.0005);
#110=CYLINDRICAL_SURFACE('',#6674,0.0005);
#111=CYLINDRICAL_SURFACE('',#6675,0.0005);
#112=CYLINDRICAL_SURFACE('',#6676,0.0005);
#113=CYLINDRICAL_SURFACE('',#6677,0.0005);
#114=CYLINDRICAL_SURFACE('',#6678,0.0005);
#115=CYLINDRICAL_SURFACE('',#6679,0.0005);
#116=CYLINDRICAL_SURFACE('',#6680,0.0005);
#117=CYLINDRICAL_SURFACE('',#6681,0.0005);
#118=CYLINDRICAL_SURFACE('',#6682,0.0005);
#119=CYLINDRICAL_SURFACE('',#6683,0.0005);
#120=CYLINDRICAL_SURFACE('',#6684,0.0005);
#121=CYLINDRICAL_SURFACE('',#6685,0.0005);
#122=CYLINDRICAL_SURFACE('',#6686,0.0005);
#123=CYLINDRICAL_SURFACE('',#6687,0.0005);
#124=CYLINDRICAL_SURFACE('',#6691,0.001);
#125=CYLINDRICAL_SURFACE('',#6695,0.001);
#126=CYLINDRICAL_SURFACE('',#6701,0.001);
#127=CYLINDRICAL_SURFACE('',#6705,0.001);
#128=CYLINDRICAL_SURFACE('',#6708,0.0005);
#129=CYLINDRICAL_SURFACE('',#6711,0.0005);
#130=CYLINDRICAL_SURFACE('',#6713,0.0005);
#131=CYLINDRICAL_SURFACE('',#6715,0.0005);
#132=CYLINDRICAL_SURFACE('',#6716,0.0005);
#133=CYLINDRICAL_SURFACE('',#6719,0.0005);
#134=CYLINDRICAL_SURFACE('',#6721,0.0005);
#135=CYLINDRICAL_SURFACE('',#6723,0.0005);
#136=CYLINDRICAL_SURFACE('',#6724,0.0005);
#137=CYLINDRICAL_SURFACE('',#6727,0.0005);
#138=CYLINDRICAL_SURFACE('',#6729,0.0005);
#139=CYLINDRICAL_SURFACE('',#6731,0.0005);
#140=CYLINDRICAL_SURFACE('',#6732,0.0005);
#141=CYLINDRICAL_SURFACE('',#6735,0.0005);
#142=CYLINDRICAL_SURFACE('',#6737,0.0005);
#143=CYLINDRICAL_SURFACE('',#6739,0.0005);
#144=CYLINDRICAL_SURFACE('',#6740,0.002);
#145=CYLINDRICAL_SURFACE('',#6741,0.002);
#146=CYLINDRICAL_SURFACE('',#6766,0.0025);
#147=CYLINDRICAL_SURFACE('',#6767,0.0025);
#148=CYLINDRICAL_SURFACE('',#6769,0.0025);
#149=CYLINDRICAL_SURFACE('',#6772,0.0025);
#150=CYLINDRICAL_SURFACE('',#6774,0.0025);
#151=CYLINDRICAL_SURFACE('',#6775,0.0025);
#152=CYLINDRICAL_SURFACE('',#6778,0.0025);
#153=CYLINDRICAL_SURFACE('',#6779,0.0025);
#154=CYLINDRICAL_SURFACE('',#6782,0.0025);
#155=CYLINDRICAL_SURFACE('',#6783,0.0025);
#156=CYLINDRICAL_SURFACE('',#6786,0.0025);
#157=CYLINDRICAL_SURFACE('',#6787,0.0025);
#158=CYLINDRICAL_SURFACE('',#6790,0.0025);
#159=CYLINDRICAL_SURFACE('',#6791,0.0025);
#160=CYLINDRICAL_SURFACE('',#6794,0.0025);
#161=CYLINDRICAL_SURFACE('',#6795,0.0025);
#162=CIRCLE('',#6314,0.0025);
#163=CIRCLE('',#6315,0.0025);
#164=CIRCLE('',#6316,0.0025);
#165=CIRCLE('',#6317,0.0025);
#166=CIRCLE('',#6318,0.0025);
#167=CIRCLE('',#6319,0.0025);
#168=CIRCLE('',#6320,0.0025);
#169=CIRCLE('',#6321,0.0025);
#170=CIRCLE('',#6322,0.0025);
#171=CIRCLE('',#6323,0.0025);
#172=CIRCLE('',#6324,0.0025);
#173=CIRCLE('',#6325,0.0025);
#174=CIRCLE('',#6326,0.0025);
#175=CIRCLE('',#6327,0.0025);
#176=CIRCLE('',#6328,0.0025);
#177=CIRCLE('',#6329,0.0025);
#178=CIRCLE('',#6331,0.0025);
#179=CIRCLE('',#6332,0.0025);
#180=CIRCLE('',#6333,0.0025);
#181=CIRCLE('',#6334,0.0025);
#182=CIRCLE('',#6335,0.0025);
#183=CIRCLE('',#6336,0.0025);
#184=CIRCLE('',#6337,0.0025);
#185=CIRCLE('',#6338,0.0025);
#186=CIRCLE('',#6339,0.0025);
#187=CIRCLE('',#6340,0.0025);
#188=CIRCLE('',#6341,0.0025);
#189=CIRCLE('',#6342,0.0025);
#190=CIRCLE('',#6343,0.0025);
#191=CIRCLE('',#6344,0.0025);
#192=CIRCLE('',#6345,0.0025);
#193=CIRCLE('',#6346,0.0025);
#194=CIRCLE('',#6348,0.0025);
#195=CIRCLE('',#6353,0.003);
#196=CIRCLE('',#6354,0.003);
#197=CIRCLE('',#6356,0.003);
#198=CIRCLE('',#6357,0.003);
#199=CIRCLE('',#6359,0.0015);
#200=CIRCLE('',#6360,0.003);
#201=CIRCLE('',#6361,0.003);
#202=CIRCLE('',#6362,0.003);
#203=CIRCLE('',#6363,0.003);
#204=CIRCLE('',#6364,0.002);
#205=CIRCLE('',#6365,0.002);
#206=CIRCLE('',#6366,0.0015);
#207=CIRCLE('',#6368,0.00075);
#208=CIRCLE('',#6369,0.00075);
#209=CIRCLE('',#6370,0.0005);
#210=CIRCLE('',#6371,0.0005);
#211=CIRCLE('',#6372,0.0005);
#212=CIRCLE('',#6373,0.0005);
#213=CIRCLE('',#6374,0.0005);
#214=CIRCLE('',#6375,0.0035);
#215=CIRCLE('',#6376,0.0005);
#216=CIRCLE('',#6377,0.0005);
#217=CIRCLE('',#6378,0.0005);
#218=CIRCLE('',#6379,0.0005);
#219=CIRCLE('',#6380,0.0005);
#220=CIRCLE('',#6381,0.0005);
#221=CIRCLE('',#6382,0.0005);
#222=CIRCLE('',#6383,0.0005);
#223=CIRCLE('',#6384,0.0005);
#224=CIRCLE('',#6385,0.00356555025996534);
#225=CIRCLE('',#6386,0.0025);
#226=CIRCLE('',#6387,0.0005);
#227=CIRCLE('',#6388,0.0005);
#228=CIRCLE('',#6389,0.0005);
#229=CIRCLE('',#6390,0.00075);
#230=CIRCLE('',#6391,0.00075);
#231=CIRCLE('',#6393,0.00115);
#232=CIRCLE('',#6394,0.00115);
#233=CIRCLE('',#6395,0.00356555025996534);
#234=CIRCLE('',#6396,0.0005);
#235=CIRCLE('',#6397,0.0005);
#236=CIRCLE('',#6398,0.0005);
#237=CIRCLE('',#6399,0.0005);
#238=CIRCLE('',#6400,0.0025);
#239=CIRCLE('',#6401,0.0005);
#240=CIRCLE('',#6402,0.0005);
#241=CIRCLE('',#6403,0.0005);
#242=CIRCLE('',#6404,0.0005);
#243=CIRCLE('',#6405,0.0005);
#244=CIRCLE('',#6406,0.0005);
#245=CIRCLE('',#6407,0.0005);
#246=CIRCLE('',#6408,0.0005);
#247=CIRCLE('',#6409,0.0035);
#248=CIRCLE('',#6410,0.0005);
#249=CIRCLE('',#6411,0.0005);
#250=CIRCLE('',#6412,0.0005);
#251=CIRCLE('',#6413,0.0005);
#252=CIRCLE('',#6414,0.0005);
#253=CIRCLE('',#6415,0.00115);
#254=CIRCLE('',#6416,0.00115);
#255=CIRCLE('',#6418,0.0019);
#256=CIRCLE('',#6419,0.0019);
#257=CIRCLE('',#6420,0.0074);
#258=CIRCLE('',#6422,0.0074);
#259=CIRCLE('',#6424,0.007);
#260=CIRCLE('',#6444,0.0015);
#261=CIRCLE('',#6445,0.0015);
#262=CIRCLE('',#6446,0.007);
#263=CIRCLE('',#6484,0.0025);
#264=CIRCLE('',#6500,0.007);
#265=CIRCLE('',#6502,0.007);
#266=CIRCLE('',#6524,0.0015);
#267=CIRCLE('',#6528,0.0015);
#268=CIRCLE('',#6598,0.0015);
#269=CIRCLE('',#6599,0.002);
#270=CIRCLE('',#6603,0.0015);
#271=CIRCLE('',#6604,0.002);
#272=CIRCLE('',#6606,0.0015);
#273=CIRCLE('',#6607,0.003);
#274=CIRCLE('',#6610,0.0015);
#275=CIRCLE('',#6611,0.003);
#276=CIRCLE('',#6615,0.0015);
#277=CIRCLE('',#6616,0.003);
#278=CIRCLE('',#6619,0.0015);
#279=CIRCLE('',#6620,0.003);
#280=CIRCLE('',#6629,0.00075);
#281=CIRCLE('',#6632,0.00075);
#282=CIRCLE('',#6642,0.00075);
#283=CIRCLE('',#6645,0.00075);
#284=CIRCLE('',#6688,0.001);
#285=CIRCLE('',#6689,0.001);
#286=CIRCLE('',#6690,0.001);
#287=CIRCLE('',#6692,0.001);
#288=CIRCLE('',#6693,0.001);
#289=CIRCLE('',#6694,0.001);
#290=CIRCLE('',#6696,0.001);
#291=CIRCLE('',#6697,0.001);
#292=CIRCLE('',#6698,0.001);
#293=CIRCLE('',#6699,0.001);
#294=CIRCLE('',#6700,0.001);
#295=CIRCLE('',#6702,0.001);
#296=CIRCLE('',#6703,0.001);
#297=CIRCLE('',#6704,0.001);
#298=CIRCLE('',#6706,0.001);
#299=CIRCLE('',#6707,0.001);
#300=ORIENTED_EDGE('',*,*,#2072,.T.);
#301=ORIENTED_EDGE('',*,*,#2073,.F.);
#302=ORIENTED_EDGE('',*,*,#2074,.F.);
#303=ORIENTED_EDGE('',*,*,#2075,.F.);
#304=ORIENTED_EDGE('',*,*,#2076,.T.);
#305=ORIENTED_EDGE('',*,*,#2077,.F.);
#306=ORIENTED_EDGE('',*,*,#2078,.F.);
#307=ORIENTED_EDGE('',*,*,#2079,.F.);
#308=ORIENTED_EDGE('',*,*,#2080,.T.);
#309=ORIENTED_EDGE('',*,*,#2081,.F.);
#310=ORIENTED_EDGE('',*,*,#2082,.F.);
#311=ORIENTED_EDGE('',*,*,#2083,.F.);
#312=ORIENTED_EDGE('',*,*,#2084,.T.);
#313=ORIENTED_EDGE('',*,*,#2085,.F.);
#314=ORIENTED_EDGE('',*,*,#2086,.F.);
#315=ORIENTED_EDGE('',*,*,#2087,.F.);
#316=ORIENTED_EDGE('',*,*,#2088,.T.);
#317=ORIENTED_EDGE('',*,*,#2089,.F.);
#318=ORIENTED_EDGE('',*,*,#2090,.F.);
#319=ORIENTED_EDGE('',*,*,#2091,.F.);
#320=ORIENTED_EDGE('',*,*,#2092,.T.);
#321=ORIENTED_EDGE('',*,*,#2093,.F.);
#322=ORIENTED_EDGE('',*,*,#2094,.F.);
#323=ORIENTED_EDGE('',*,*,#2095,.F.);
#324=ORIENTED_EDGE('',*,*,#2096,.F.);
#325=ORIENTED_EDGE('',*,*,#2097,.F.);
#326=ORIENTED_EDGE('',*,*,#2098,.F.);
#327=ORIENTED_EDGE('',*,*,#2099,.T.);
#328=ORIENTED_EDGE('',*,*,#2100,.F.);
#329=ORIENTED_EDGE('',*,*,#2101,.F.);
#330=ORIENTED_EDGE('',*,*,#2102,.T.);
#331=ORIENTED_EDGE('',*,*,#2103,.T.);
#332=ORIENTED_EDGE('',*,*,#2104,.F.);
#333=ORIENTED_EDGE('',*,*,#2105,.F.);
#334=ORIENTED_EDGE('',*,*,#2106,.T.);
#335=ORIENTED_EDGE('',*,*,#2107,.T.);
#336=ORIENTED_EDGE('',*,*,#2108,.T.);
#337=ORIENTED_EDGE('',*,*,#2109,.T.);
#338=ORIENTED_EDGE('',*,*,#2110,.T.);
#339=ORIENTED_EDGE('',*,*,#2111,.F.);
#340=ORIENTED_EDGE('',*,*,#2112,.T.);
#341=ORIENTED_EDGE('',*,*,#2113,.F.);
#342=ORIENTED_EDGE('',*,*,#2114,.F.);
#343=ORIENTED_EDGE('',*,*,#2115,.T.);
#344=ORIENTED_EDGE('',*,*,#2116,.F.);
#345=ORIENTED_EDGE('',*,*,#2117,.T.);
#346=ORIENTED_EDGE('',*,*,#2118,.T.);
#347=ORIENTED_EDGE('',*,*,#2119,.T.);
#348=ORIENTED_EDGE('',*,*,#2120,.T.);
#349=ORIENTED_EDGE('',*,*,#2121,.F.);
#350=ORIENTED_EDGE('',*,*,#2122,.T.);
#351=ORIENTED_EDGE('',*,*,#2123,.T.);
#352=ORIENTED_EDGE('',*,*,#2124,.T.);
#353=ORIENTED_EDGE('',*,*,#2125,.T.);
#354=ORIENTED_EDGE('',*,*,#2126,.T.);
#355=ORIENTED_EDGE('',*,*,#2127,.F.);
#356=ORIENTED_EDGE('',*,*,#2128,.T.);
#357=ORIENTED_EDGE('',*,*,#2129,.T.);
#358=ORIENTED_EDGE('',*,*,#2130,.T.);
#359=ORIENTED_EDGE('',*,*,#2131,.F.);
#360=ORIENTED_EDGE('',*,*,#2132,.T.);
#361=ORIENTED_EDGE('',*,*,#2133,.T.);
#362=ORIENTED_EDGE('',*,*,#2134,.T.);
#363=ORIENTED_EDGE('',*,*,#2135,.F.);
#364=ORIENTED_EDGE('',*,*,#2136,.T.);
#365=ORIENTED_EDGE('',*,*,#2137,.T.);
#366=ORIENTED_EDGE('',*,*,#2138,.T.);
#367=ORIENTED_EDGE('',*,*,#2139,.F.);
#368=ORIENTED_EDGE('',*,*,#2140,.T.);
#369=ORIENTED_EDGE('',*,*,#2141,.T.);
#370=ORIENTED_EDGE('',*,*,#2142,.T.);
#371=ORIENTED_EDGE('',*,*,#2143,.F.);
#372=ORIENTED_EDGE('',*,*,#2144,.T.);
#373=ORIENTED_EDGE('',*,*,#2145,.T.);
#374=ORIENTED_EDGE('',*,*,#2146,.T.);
#375=ORIENTED_EDGE('',*,*,#2147,.F.);
#376=ORIENTED_EDGE('',*,*,#2148,.T.);
#377=ORIENTED_EDGE('',*,*,#2149,.T.);
#378=ORIENTED_EDGE('',*,*,#2150,.T.);
#379=ORIENTED_EDGE('',*,*,#2151,.F.);
#380=ORIENTED_EDGE('',*,*,#2152,.T.);
#381=ORIENTED_EDGE('',*,*,#2153,.T.);
#382=ORIENTED_EDGE('',*,*,#2154,.T.);
#383=ORIENTED_EDGE('',*,*,#2155,.T.);
#384=ORIENTED_EDGE('',*,*,#2156,.T.);
#385=ORIENTED_EDGE('',*,*,#2157,.F.);
#386=ORIENTED_EDGE('',*,*,#2158,.T.);
#387=ORIENTED_EDGE('',*,*,#2159,.T.);
#388=ORIENTED_EDGE('',*,*,#2160,.F.);
#389=ORIENTED_EDGE('',*,*,#2161,.F.);
#390=ORIENTED_EDGE('',*,*,#2162,.T.);
#391=ORIENTED_EDGE('',*,*,#2163,.T.);
#392=ORIENTED_EDGE('',*,*,#2160,.T.);
#393=ORIENTED_EDGE('',*,*,#2164,.F.);
#394=ORIENTED_EDGE('',*,*,#2110,.F.);
#395=ORIENTED_EDGE('',*,*,#2165,.T.);
#396=ORIENTED_EDGE('',*,*,#2166,.T.);
#397=ORIENTED_EDGE('',*,*,#2115,.F.);
#398=ORIENTED_EDGE('',*,*,#2167,.F.);
#399=ORIENTED_EDGE('',*,*,#2163,.F.);
#400=ORIENTED_EDGE('',*,*,#2168,.F.);
#401=ORIENTED_EDGE('',*,*,#2169,.T.);
#402=ORIENTED_EDGE('',*,*,#2170,.F.);
#403=ORIENTED_EDGE('',*,*,#2171,.F.);
#404=ORIENTED_EDGE('',*,*,#2172,.F.);
#405=ORIENTED_EDGE('',*,*,#2098,.T.);
#406=ORIENTED_EDGE('',*,*,#2173,.T.);
#407=ORIENTED_EDGE('',*,*,#2174,.T.);
#408=ORIENTED_EDGE('',*,*,#2175,.F.);
#409=ORIENTED_EDGE('',*,*,#2176,.F.);
#410=ORIENTED_EDGE('',*,*,#2177,.T.);
#411=ORIENTED_EDGE('',*,*,#2178,.T.);
#412=ORIENTED_EDGE('',*,*,#2179,.T.);
#413=ORIENTED_EDGE('',*,*,#2125,.F.);
#414=ORIENTED_EDGE('',*,*,#2180,.T.);
#415=ORIENTED_EDGE('',*,*,#2181,.F.);
#416=ORIENTED_EDGE('',*,*,#2182,.T.);
#417=ORIENTED_EDGE('',*,*,#2183,.T.);
#418=ORIENTED_EDGE('',*,*,#2184,.T.);
#419=ORIENTED_EDGE('',*,*,#2185,.T.);
#420=ORIENTED_EDGE('',*,*,#2186,.T.);
#421=ORIENTED_EDGE('',*,*,#2187,.F.);
#422=ORIENTED_EDGE('',*,*,#2188,.T.);
#423=ORIENTED_EDGE('',*,*,#2189,.T.);
#424=ORIENTED_EDGE('',*,*,#2190,.F.);
#425=ORIENTED_EDGE('',*,*,#2191,.T.);
#426=ORIENTED_EDGE('',*,*,#2192,.T.);
#427=ORIENTED_EDGE('',*,*,#2104,.T.);
#428=ORIENTED_EDGE('',*,*,#2193,.F.);
#429=ORIENTED_EDGE('',*,*,#2194,.T.);
#430=ORIENTED_EDGE('',*,*,#2195,.T.);
#431=ORIENTED_EDGE('',*,*,#2196,.F.);
#432=ORIENTED_EDGE('',*,*,#2197,.T.);
#433=ORIENTED_EDGE('',*,*,#2198,.T.);
#434=ORIENTED_EDGE('',*,*,#2199,.T.);
#435=ORIENTED_EDGE('',*,*,#2200,.F.);
#436=ORIENTED_EDGE('',*,*,#2201,.F.);
#437=ORIENTED_EDGE('',*,*,#2202,.T.);
#438=ORIENTED_EDGE('',*,*,#2203,.F.);
#439=ORIENTED_EDGE('',*,*,#2204,.F.);
#440=ORIENTED_EDGE('',*,*,#2205,.F.);
#441=ORIENTED_EDGE('',*,*,#2206,.F.);
#442=ORIENTED_EDGE('',*,*,#2207,.F.);
#443=ORIENTED_EDGE('',*,*,#2208,.F.);
#444=ORIENTED_EDGE('',*,*,#2209,.F.);
#445=ORIENTED_EDGE('',*,*,#2210,.T.);
#446=ORIENTED_EDGE('',*,*,#2211,.T.);
#447=ORIENTED_EDGE('',*,*,#2212,.T.);
#448=ORIENTED_EDGE('',*,*,#2213,.F.);
#449=ORIENTED_EDGE('',*,*,#2214,.T.);
#450=ORIENTED_EDGE('',*,*,#2215,.F.);
#451=ORIENTED_EDGE('',*,*,#2216,.T.);
#452=ORIENTED_EDGE('',*,*,#2217,.T.);
#453=ORIENTED_EDGE('',*,*,#2218,.T.);
#454=ORIENTED_EDGE('',*,*,#2219,.F.);
#455=ORIENTED_EDGE('',*,*,#2220,.F.);
#456=ORIENTED_EDGE('',*,*,#2221,.T.);
#457=ORIENTED_EDGE('',*,*,#2222,.T.);
#458=ORIENTED_EDGE('',*,*,#2223,.T.);
#459=ORIENTED_EDGE('',*,*,#2224,.T.);
#460=ORIENTED_EDGE('',*,*,#2225,.T.);
#461=ORIENTED_EDGE('',*,*,#2226,.F.);
#462=ORIENTED_EDGE('',*,*,#2227,.T.);
#463=ORIENTED_EDGE('',*,*,#2228,.F.);
#464=ORIENTED_EDGE('',*,*,#2229,.T.);
#465=ORIENTED_EDGE('',*,*,#2230,.T.);
#466=ORIENTED_EDGE('',*,*,#2231,.T.);
#467=ORIENTED_EDGE('',*,*,#2232,.T.);
#468=ORIENTED_EDGE('',*,*,#2233,.T.);
#469=ORIENTED_EDGE('',*,*,#2234,.F.);
#470=ORIENTED_EDGE('',*,*,#2235,.T.);
#471=ORIENTED_EDGE('',*,*,#2236,.T.);
#472=ORIENTED_EDGE('',*,*,#2237,.T.);
#473=ORIENTED_EDGE('',*,*,#2238,.T.);
#474=ORIENTED_EDGE('',*,*,#2183,.F.);
#475=ORIENTED_EDGE('',*,*,#2239,.F.);
#476=ORIENTED_EDGE('',*,*,#2240,.T.);
#477=ORIENTED_EDGE('',*,*,#2241,.T.);
#478=ORIENTED_EDGE('',*,*,#2242,.T.);
#479=ORIENTED_EDGE('',*,*,#2243,.T.);
#480=ORIENTED_EDGE('',*,*,#2244,.T.);
#481=ORIENTED_EDGE('',*,*,#2245,.T.);
#482=ORIENTED_EDGE('',*,*,#2246,.T.);
#483=ORIENTED_EDGE('',*,*,#2247,.T.);
#484=ORIENTED_EDGE('',*,*,#2248,.F.);
#485=ORIENTED_EDGE('',*,*,#2249,.T.);
#486=ORIENTED_EDGE('',*,*,#2250,.F.);
#487=ORIENTED_EDGE('',*,*,#2251,.F.);
#488=ORIENTED_EDGE('',*,*,#2252,.T.);
#489=ORIENTED_EDGE('',*,*,#2253,.T.);
#490=ORIENTED_EDGE('',*,*,#2254,.T.);
#491=ORIENTED_EDGE('',*,*,#2255,.F.);
#492=ORIENTED_EDGE('',*,*,#2256,.T.);
#493=ORIENTED_EDGE('',*,*,#2257,.T.);
#494=ORIENTED_EDGE('',*,*,#2258,.F.);
#495=ORIENTED_EDGE('',*,*,#2259,.F.);
#496=ORIENTED_EDGE('',*,*,#2260,.F.);
#497=ORIENTED_EDGE('',*,*,#2261,.F.);
#498=ORIENTED_EDGE('',*,*,#2262,.T.);
#499=ORIENTED_EDGE('',*,*,#2263,.T.);
#500=ORIENTED_EDGE('',*,*,#2264,.T.);
#501=ORIENTED_EDGE('',*,*,#2265,.T.);
#502=ORIENTED_EDGE('',*,*,#2266,.T.);
#503=ORIENTED_EDGE('',*,*,#2267,.T.);
#504=ORIENTED_EDGE('',*,*,#2268,.T.);
#505=ORIENTED_EDGE('',*,*,#2269,.F.);
#506=ORIENTED_EDGE('',*,*,#2270,.T.);
#507=ORIENTED_EDGE('',*,*,#2271,.F.);
#508=ORIENTED_EDGE('',*,*,#2272,.T.);
#509=ORIENTED_EDGE('',*,*,#2273,.T.);
#510=ORIENTED_EDGE('',*,*,#2274,.T.);
#511=ORIENTED_EDGE('',*,*,#2275,.T.);
#512=ORIENTED_EDGE('',*,*,#2276,.F.);
#513=ORIENTED_EDGE('',*,*,#2277,.T.);
#514=ORIENTED_EDGE('',*,*,#2278,.F.);
#515=ORIENTED_EDGE('',*,*,#2279,.T.);
#516=ORIENTED_EDGE('',*,*,#2280,.T.);
#517=ORIENTED_EDGE('',*,*,#2281,.T.);
#518=ORIENTED_EDGE('',*,*,#2282,.T.);
#519=ORIENTED_EDGE('',*,*,#2283,.T.);
#520=ORIENTED_EDGE('',*,*,#2284,.T.);
#521=ORIENTED_EDGE('',*,*,#2285,.T.);
#522=ORIENTED_EDGE('',*,*,#2286,.T.);
#523=ORIENTED_EDGE('',*,*,#2287,.T.);
#524=ORIENTED_EDGE('',*,*,#2288,.T.);
#525=ORIENTED_EDGE('',*,*,#2289,.F.);
#526=ORIENTED_EDGE('',*,*,#2290,.T.);
#527=ORIENTED_EDGE('',*,*,#2291,.F.);
#528=ORIENTED_EDGE('',*,*,#2292,.T.);
#529=ORIENTED_EDGE('',*,*,#2293,.T.);
#530=ORIENTED_EDGE('',*,*,#2294,.T.);
#531=ORIENTED_EDGE('',*,*,#2295,.T.);
#532=ORIENTED_EDGE('',*,*,#2296,.T.);
#533=ORIENTED_EDGE('',*,*,#2297,.F.);
#534=ORIENTED_EDGE('',*,*,#2298,.T.);
#535=ORIENTED_EDGE('',*,*,#2299,.F.);
#536=ORIENTED_EDGE('',*,*,#2300,.T.);
#537=ORIENTED_EDGE('',*,*,#2301,.F.);
#538=ORIENTED_EDGE('',*,*,#2302,.T.);
#539=ORIENTED_EDGE('',*,*,#2303,.T.);
#540=ORIENTED_EDGE('',*,*,#2304,.F.);
#541=ORIENTED_EDGE('',*,*,#2305,.F.);
#542=ORIENTED_EDGE('',*,*,#2306,.F.);
#543=ORIENTED_EDGE('',*,*,#2307,.T.);
#544=ORIENTED_EDGE('',*,*,#2308,.T.);
#545=ORIENTED_EDGE('',*,*,#2309,.T.);
#546=ORIENTED_EDGE('',*,*,#2310,.F.);
#547=ORIENTED_EDGE('',*,*,#2311,.T.);
#548=ORIENTED_EDGE('',*,*,#2312,.T.);
#549=ORIENTED_EDGE('',*,*,#2313,.T.);
#550=ORIENTED_EDGE('',*,*,#2314,.F.);
#551=ORIENTED_EDGE('',*,*,#2315,.T.);
#552=ORIENTED_EDGE('',*,*,#2316,.F.);
#553=ORIENTED_EDGE('',*,*,#2317,.T.);
#554=ORIENTED_EDGE('',*,*,#2318,.F.);
#555=ORIENTED_EDGE('',*,*,#2319,.T.);
#556=ORIENTED_EDGE('',*,*,#2320,.T.);
#557=ORIENTED_EDGE('',*,*,#2321,.T.);
#558=ORIENTED_EDGE('',*,*,#2322,.T.);
#559=ORIENTED_EDGE('',*,*,#2323,.T.);
#560=ORIENTED_EDGE('',*,*,#2324,.T.);
#561=ORIENTED_EDGE('',*,*,#2325,.T.);
#562=ORIENTED_EDGE('',*,*,#2326,.T.);
#563=ORIENTED_EDGE('',*,*,#2327,.T.);
#564=ORIENTED_EDGE('',*,*,#2328,.T.);
#565=ORIENTED_EDGE('',*,*,#2329,.T.);
#566=ORIENTED_EDGE('',*,*,#2330,.T.);
#567=ORIENTED_EDGE('',*,*,#2331,.T.);
#568=ORIENTED_EDGE('',*,*,#2332,.T.);
#569=ORIENTED_EDGE('',*,*,#2333,.T.);
#570=ORIENTED_EDGE('',*,*,#2334,.T.);
#571=ORIENTED_EDGE('',*,*,#2335,.T.);
#572=ORIENTED_EDGE('',*,*,#2336,.F.);
#573=ORIENTED_EDGE('',*,*,#2337,.F.);
#574=ORIENTED_EDGE('',*,*,#2338,.T.);
#575=ORIENTED_EDGE('',*,*,#2339,.T.);
#576=ORIENTED_EDGE('',*,*,#2185,.F.);
#577=ORIENTED_EDGE('',*,*,#2340,.T.);
#578=ORIENTED_EDGE('',*,*,#2341,.T.);
#579=ORIENTED_EDGE('',*,*,#2342,.T.);
#580=ORIENTED_EDGE('',*,*,#2343,.T.);
#581=ORIENTED_EDGE('',*,*,#2181,.T.);
#582=ORIENTED_EDGE('',*,*,#2344,.T.);
#583=ORIENTED_EDGE('',*,*,#2345,.F.);
#584=ORIENTED_EDGE('',*,*,#2346,.T.);
#585=ORIENTED_EDGE('',*,*,#2347,.T.);
#586=ORIENTED_EDGE('',*,*,#2348,.F.);
#587=ORIENTED_EDGE('',*,*,#2349,.T.);
#588=ORIENTED_EDGE('',*,*,#2350,.T.);
#589=ORIENTED_EDGE('',*,*,#2351,.F.);
#590=ORIENTED_EDGE('',*,*,#2352,.F.);
#591=ORIENTED_EDGE('',*,*,#2353,.T.);
#592=ORIENTED_EDGE('',*,*,#2354,.T.);
#593=ORIENTED_EDGE('',*,*,#2355,.F.);
#594=ORIENTED_EDGE('',*,*,#2356,.T.);
#595=ORIENTED_EDGE('',*,*,#2357,.T.);
#596=ORIENTED_EDGE('',*,*,#2358,.T.);
#597=ORIENTED_EDGE('',*,*,#2189,.F.);
#598=ORIENTED_EDGE('',*,*,#2359,.T.);
#599=ORIENTED_EDGE('',*,*,#2301,.T.);
#600=ORIENTED_EDGE('',*,*,#2360,.T.);
#601=ORIENTED_EDGE('',*,*,#2361,.T.);
#602=ORIENTED_EDGE('',*,*,#2107,.F.);
#603=ORIENTED_EDGE('',*,*,#2362,.T.);
#604=ORIENTED_EDGE('',*,*,#2363,.F.);
#605=ORIENTED_EDGE('',*,*,#2364,.F.);
#606=ORIENTED_EDGE('',*,*,#2365,.F.);
#607=ORIENTED_EDGE('',*,*,#2366,.F.);
#608=ORIENTED_EDGE('',*,*,#2367,.F.);
#609=ORIENTED_EDGE('',*,*,#2368,.F.);
#610=ORIENTED_EDGE('',*,*,#2369,.T.);
#611=ORIENTED_EDGE('',*,*,#2370,.F.);
#612=ORIENTED_EDGE('',*,*,#2371,.F.);
#613=ORIENTED_EDGE('',*,*,#2372,.F.);
#614=ORIENTED_EDGE('',*,*,#2373,.T.);
#615=ORIENTED_EDGE('',*,*,#2374,.F.);
#616=ORIENTED_EDGE('',*,*,#2375,.F.);
#617=ORIENTED_EDGE('',*,*,#2376,.F.);
#618=ORIENTED_EDGE('',*,*,#2377,.T.);
#619=ORIENTED_EDGE('',*,*,#2378,.F.);
#620=ORIENTED_EDGE('',*,*,#2379,.F.);
#621=ORIENTED_EDGE('',*,*,#2380,.F.);
#622=ORIENTED_EDGE('',*,*,#2381,.T.);
#623=ORIENTED_EDGE('',*,*,#2382,.T.);
#624=ORIENTED_EDGE('',*,*,#2383,.T.);
#625=ORIENTED_EDGE('',*,*,#2161,.T.);
#626=ORIENTED_EDGE('',*,*,#2166,.F.);
#627=ORIENTED_EDGE('',*,*,#2384,.T.);
#628=ORIENTED_EDGE('',*,*,#2108,.F.);
#629=ORIENTED_EDGE('',*,*,#2361,.F.);
#630=ORIENTED_EDGE('',*,*,#2385,.F.);
#631=ORIENTED_EDGE('',*,*,#2386,.T.);
#632=ORIENTED_EDGE('',*,*,#2387,.T.);
#633=ORIENTED_EDGE('',*,*,#2388,.T.);
#634=ORIENTED_EDGE('',*,*,#2389,.F.);
#635=ORIENTED_EDGE('',*,*,#2390,.F.);
#636=ORIENTED_EDGE('',*,*,#2391,.T.);
#637=ORIENTED_EDGE('',*,*,#2392,.F.);
#638=ORIENTED_EDGE('',*,*,#2393,.F.);
#639=ORIENTED_EDGE('',*,*,#2394,.T.);
#640=ORIENTED_EDGE('',*,*,#2395,.F.);
#641=ORIENTED_EDGE('',*,*,#2396,.F.);
#642=ORIENTED_EDGE('',*,*,#2397,.F.);
#643=ORIENTED_EDGE('',*,*,#2398,.T.);
#644=ORIENTED_EDGE('',*,*,#2399,.T.);
#645=ORIENTED_EDGE('',*,*,#2400,.F.);
#646=ORIENTED_EDGE('',*,*,#2401,.F.);
#647=ORIENTED_EDGE('',*,*,#2402,.F.);
#648=ORIENTED_EDGE('',*,*,#2403,.T.);
#649=ORIENTED_EDGE('',*,*,#2404,.T.);
#650=ORIENTED_EDGE('',*,*,#2405,.T.);
#651=ORIENTED_EDGE('',*,*,#2406,.T.);
#652=ORIENTED_EDGE('',*,*,#2407,.T.);
#653=ORIENTED_EDGE('',*,*,#2408,.T.);
#654=ORIENTED_EDGE('',*,*,#2409,.F.);
#655=ORIENTED_EDGE('',*,*,#2410,.F.);
#656=ORIENTED_EDGE('',*,*,#2411,.T.);
#657=ORIENTED_EDGE('',*,*,#2412,.F.);
#658=ORIENTED_EDGE('',*,*,#2413,.F.);
#659=ORIENTED_EDGE('',*,*,#2414,.T.);
#660=ORIENTED_EDGE('',*,*,#2415,.T.);
#661=ORIENTED_EDGE('',*,*,#2416,.F.);
#662=ORIENTED_EDGE('',*,*,#2417,.F.);
#663=ORIENTED_EDGE('',*,*,#2418,.F.);
#664=ORIENTED_EDGE('',*,*,#2419,.T.);
#665=ORIENTED_EDGE('',*,*,#2420,.F.);
#666=ORIENTED_EDGE('',*,*,#2421,.F.);
#667=ORIENTED_EDGE('',*,*,#2422,.F.);
#668=ORIENTED_EDGE('',*,*,#2423,.T.);
#669=ORIENTED_EDGE('',*,*,#2424,.F.);
#670=ORIENTED_EDGE('',*,*,#2425,.F.);
#671=ORIENTED_EDGE('',*,*,#2426,.F.);
#672=ORIENTED_EDGE('',*,*,#2427,.T.);
#673=ORIENTED_EDGE('',*,*,#2428,.F.);
#674=ORIENTED_EDGE('',*,*,#2429,.F.);
#675=ORIENTED_EDGE('',*,*,#2430,.F.);
#676=ORIENTED_EDGE('',*,*,#2431,.T.);
#677=ORIENTED_EDGE('',*,*,#2432,.F.);
#678=ORIENTED_EDGE('',*,*,#2433,.F.);
#679=ORIENTED_EDGE('',*,*,#2434,.T.);
#680=ORIENTED_EDGE('',*,*,#2435,.F.);
#681=ORIENTED_EDGE('',*,*,#2436,.F.);
#682=ORIENTED_EDGE('',*,*,#2437,.T.);
#683=ORIENTED_EDGE('',*,*,#2438,.F.);
#684=ORIENTED_EDGE('',*,*,#2439,.F.);
#685=ORIENTED_EDGE('',*,*,#2440,.F.);
#686=ORIENTED_EDGE('',*,*,#2441,.T.);
#687=ORIENTED_EDGE('',*,*,#2442,.F.);
#688=ORIENTED_EDGE('',*,*,#2443,.F.);
#689=ORIENTED_EDGE('',*,*,#2444,.T.);
#690=ORIENTED_EDGE('',*,*,#2445,.T.);
#691=ORIENTED_EDGE('',*,*,#2446,.F.);
#692=ORIENTED_EDGE('',*,*,#2447,.F.);
#693=ORIENTED_EDGE('',*,*,#2448,.T.);
#694=ORIENTED_EDGE('',*,*,#2449,.T.);
#695=ORIENTED_EDGE('',*,*,#2450,.T.);
#696=ORIENTED_EDGE('',*,*,#2451,.F.);
#697=ORIENTED_EDGE('',*,*,#2452,.T.);
#698=ORIENTED_EDGE('',*,*,#2453,.T.);
#699=ORIENTED_EDGE('',*,*,#2454,.F.);
#700=ORIENTED_EDGE('',*,*,#2455,.F.);
#701=ORIENTED_EDGE('',*,*,#2171,.T.);
#702=ORIENTED_EDGE('',*,*,#2456,.F.);
#703=ORIENTED_EDGE('',*,*,#2457,.F.);
#704=ORIENTED_EDGE('',*,*,#2458,.F.);
#705=ORIENTED_EDGE('',*,*,#2459,.T.);
#706=ORIENTED_EDGE('',*,*,#2460,.T.);
#707=ORIENTED_EDGE('',*,*,#2461,.T.);
#708=ORIENTED_EDGE('',*,*,#2462,.T.);
#709=ORIENTED_EDGE('',*,*,#2100,.T.);
#710=ORIENTED_EDGE('',*,*,#2463,.T.);
#711=ORIENTED_EDGE('',*,*,#2464,.F.);
#712=ORIENTED_EDGE('',*,*,#2465,.F.);
#713=ORIENTED_EDGE('',*,*,#2466,.T.);
#714=ORIENTED_EDGE('',*,*,#2467,.T.);
#715=ORIENTED_EDGE('',*,*,#2468,.T.);
#716=ORIENTED_EDGE('',*,*,#2469,.F.);
#717=ORIENTED_EDGE('',*,*,#2470,.T.);
#718=ORIENTED_EDGE('',*,*,#2471,.T.);
#719=ORIENTED_EDGE('',*,*,#2472,.F.);
#720=ORIENTED_EDGE('',*,*,#2473,.F.);
#721=ORIENTED_EDGE('',*,*,#2474,.F.);
#722=ORIENTED_EDGE('',*,*,#2475,.F.);
#723=ORIENTED_EDGE('',*,*,#2476,.F.);
#724=ORIENTED_EDGE('',*,*,#2477,.T.);
#725=ORIENTED_EDGE('',*,*,#2478,.T.);
#726=ORIENTED_EDGE('',*,*,#2479,.T.);
#727=ORIENTED_EDGE('',*,*,#2480,.T.);
#728=ORIENTED_EDGE('',*,*,#2481,.T.);
#729=ORIENTED_EDGE('',*,*,#2482,.F.);
#730=ORIENTED_EDGE('',*,*,#2483,.T.);
#731=ORIENTED_EDGE('',*,*,#2484,.T.);
#732=ORIENTED_EDGE('',*,*,#2485,.T.);
#733=ORIENTED_EDGE('',*,*,#2486,.T.);
#734=ORIENTED_EDGE('',*,*,#2487,.T.);
#735=ORIENTED_EDGE('',*,*,#2488,.T.);
#736=ORIENTED_EDGE('',*,*,#2489,.F.);
#737=ORIENTED_EDGE('',*,*,#2490,.F.);
#738=ORIENTED_EDGE('',*,*,#2491,.T.);
#739=ORIENTED_EDGE('',*,*,#2492,.T.);
#740=ORIENTED_EDGE('',*,*,#2493,.F.);
#741=ORIENTED_EDGE('',*,*,#2494,.F.);
#742=ORIENTED_EDGE('',*,*,#2495,.T.);
#743=ORIENTED_EDGE('',*,*,#2496,.F.);
#744=ORIENTED_EDGE('',*,*,#2497,.T.);
#745=ORIENTED_EDGE('',*,*,#2498,.T.);
#746=ORIENTED_EDGE('',*,*,#2499,.F.);
#747=ORIENTED_EDGE('',*,*,#2500,.T.);
#748=ORIENTED_EDGE('',*,*,#2501,.T.);
#749=ORIENTED_EDGE('',*,*,#2502,.F.);
#750=ORIENTED_EDGE('',*,*,#2503,.T.);
#751=ORIENTED_EDGE('',*,*,#2504,.T.);
#752=ORIENTED_EDGE('',*,*,#2505,.T.);
#753=ORIENTED_EDGE('',*,*,#2506,.F.);
#754=ORIENTED_EDGE('',*,*,#2507,.T.);
#755=ORIENTED_EDGE('',*,*,#2508,.T.);
#756=ORIENTED_EDGE('',*,*,#2509,.T.);
#757=ORIENTED_EDGE('',*,*,#2510,.F.);
#758=ORIENTED_EDGE('',*,*,#2511,.F.);
#759=ORIENTED_EDGE('',*,*,#2512,.T.);
#760=ORIENTED_EDGE('',*,*,#2513,.T.);
#761=ORIENTED_EDGE('',*,*,#2514,.F.);
#762=ORIENTED_EDGE('',*,*,#2515,.F.);
#763=ORIENTED_EDGE('',*,*,#2516,.T.);
#764=ORIENTED_EDGE('',*,*,#2517,.T.);
#765=ORIENTED_EDGE('',*,*,#2518,.F.);
#766=ORIENTED_EDGE('',*,*,#2519,.T.);
#767=ORIENTED_EDGE('',*,*,#2520,.F.);
#768=ORIENTED_EDGE('',*,*,#2117,.F.);
#769=ORIENTED_EDGE('',*,*,#2521,.T.);
#770=ORIENTED_EDGE('',*,*,#2382,.F.);
#771=ORIENTED_EDGE('',*,*,#2522,.T.);
#772=ORIENTED_EDGE('',*,*,#2523,.T.);
#773=ORIENTED_EDGE('',*,*,#2524,.T.);
#774=ORIENTED_EDGE('',*,*,#2458,.T.);
#775=ORIENTED_EDGE('',*,*,#2165,.F.);
#776=ORIENTED_EDGE('',*,*,#2109,.F.);
#777=ORIENTED_EDGE('',*,*,#2384,.F.);
#778=ORIENTED_EDGE('',*,*,#2099,.F.);
#779=ORIENTED_EDGE('',*,*,#2172,.T.);
#780=ORIENTED_EDGE('',*,*,#2455,.T.);
#781=ORIENTED_EDGE('',*,*,#2525,.T.);
#782=ORIENTED_EDGE('',*,*,#2385,.T.);
#783=ORIENTED_EDGE('',*,*,#2360,.F.);
#784=ORIENTED_EDGE('',*,*,#2304,.T.);
#785=ORIENTED_EDGE('',*,*,#2526,.T.);
#786=ORIENTED_EDGE('',*,*,#2461,.F.);
#787=ORIENTED_EDGE('',*,*,#2527,.T.);
#788=ORIENTED_EDGE('',*,*,#2528,.T.);
#789=ORIENTED_EDGE('',*,*,#2529,.T.);
#790=ORIENTED_EDGE('',*,*,#2530,.T.);
#791=ORIENTED_EDGE('',*,*,#2531,.T.);
#792=ORIENTED_EDGE('',*,*,#2532,.T.);
#793=ORIENTED_EDGE('',*,*,#2533,.T.);
#794=ORIENTED_EDGE('',*,*,#2534,.T.);
#795=ORIENTED_EDGE('',*,*,#2535,.T.);
#796=ORIENTED_EDGE('',*,*,#2536,.T.);
#797=ORIENTED_EDGE('',*,*,#2537,.T.);
#798=ORIENTED_EDGE('',*,*,#2538,.T.);
#799=ORIENTED_EDGE('',*,*,#2539,.T.);
#800=ORIENTED_EDGE('',*,*,#2540,.F.);
#801=ORIENTED_EDGE('',*,*,#2541,.T.);
#802=ORIENTED_EDGE('',*,*,#2542,.T.);
#803=ORIENTED_EDGE('',*,*,#2543,.F.);
#804=ORIENTED_EDGE('',*,*,#2544,.T.);
#805=ORIENTED_EDGE('',*,*,#2545,.T.);
#806=ORIENTED_EDGE('',*,*,#2546,.F.);
#807=ORIENTED_EDGE('',*,*,#2547,.F.);
#808=ORIENTED_EDGE('',*,*,#2548,.T.);
#809=ORIENTED_EDGE('',*,*,#2549,.T.);
#810=ORIENTED_EDGE('',*,*,#2550,.F.);
#811=ORIENTED_EDGE('',*,*,#2551,.F.);
#812=ORIENTED_EDGE('',*,*,#2187,.T.);
#813=ORIENTED_EDGE('',*,*,#2552,.T.);
#814=ORIENTED_EDGE('',*,*,#2553,.F.);
#815=ORIENTED_EDGE('',*,*,#2101,.T.);
#816=ORIENTED_EDGE('',*,*,#2462,.F.);
#817=ORIENTED_EDGE('',*,*,#2526,.F.);
#818=ORIENTED_EDGE('',*,*,#2303,.F.);
#819=ORIENTED_EDGE('',*,*,#2554,.T.);
#820=ORIENTED_EDGE('',*,*,#2293,.F.);
#821=ORIENTED_EDGE('',*,*,#2555,.T.);
#822=ORIENTED_EDGE('',*,*,#2232,.F.);
#823=ORIENTED_EDGE('',*,*,#2556,.T.);
#824=ORIENTED_EDGE('',*,*,#2299,.T.);
#825=ORIENTED_EDGE('',*,*,#2557,.T.);
#826=ORIENTED_EDGE('',*,*,#2234,.T.);
#827=ORIENTED_EDGE('',*,*,#2558,.T.);
#828=ORIENTED_EDGE('',*,*,#2295,.F.);
#829=ORIENTED_EDGE('',*,*,#2559,.T.);
#830=ORIENTED_EDGE('',*,*,#2230,.F.);
#831=ORIENTED_EDGE('',*,*,#2560,.T.);
#832=ORIENTED_EDGE('',*,*,#2228,.T.);
#833=ORIENTED_EDGE('',*,*,#2561,.T.);
#834=ORIENTED_EDGE('',*,*,#2297,.T.);
#835=ORIENTED_EDGE('',*,*,#2562,.T.);
#836=ORIENTED_EDGE('',*,*,#2285,.F.);
#837=ORIENTED_EDGE('',*,*,#2563,.T.);
#838=ORIENTED_EDGE('',*,*,#2224,.F.);
#839=ORIENTED_EDGE('',*,*,#2564,.T.);
#840=ORIENTED_EDGE('',*,*,#2291,.T.);
#841=ORIENTED_EDGE('',*,*,#2565,.T.);
#842=ORIENTED_EDGE('',*,*,#2226,.T.);
#843=ORIENTED_EDGE('',*,*,#2566,.T.);
#844=ORIENTED_EDGE('',*,*,#2222,.F.);
#845=ORIENTED_EDGE('',*,*,#2567,.T.);
#846=ORIENTED_EDGE('',*,*,#2287,.F.);
#847=ORIENTED_EDGE('',*,*,#2568,.T.);
#848=ORIENTED_EDGE('',*,*,#2289,.T.);
#849=ORIENTED_EDGE('',*,*,#2569,.T.);
#850=ORIENTED_EDGE('',*,*,#2220,.T.);
#851=ORIENTED_EDGE('',*,*,#2570,.T.);
#852=ORIENTED_EDGE('',*,*,#2280,.F.);
#853=ORIENTED_EDGE('',*,*,#2571,.T.);
#854=ORIENTED_EDGE('',*,*,#2246,.F.);
#855=ORIENTED_EDGE('',*,*,#2572,.T.);
#856=ORIENTED_EDGE('',*,*,#2278,.T.);
#857=ORIENTED_EDGE('',*,*,#2573,.T.);
#858=ORIENTED_EDGE('',*,*,#2248,.T.);
#859=ORIENTED_EDGE('',*,*,#2574,.T.);
#860=ORIENTED_EDGE('',*,*,#2282,.F.);
#861=ORIENTED_EDGE('',*,*,#2575,.T.);
#862=ORIENTED_EDGE('',*,*,#2244,.F.);
#863=ORIENTED_EDGE('',*,*,#2576,.F.);
#864=ORIENTED_EDGE('',*,*,#2276,.T.);
#865=ORIENTED_EDGE('',*,*,#2577,.T.);
#866=ORIENTED_EDGE('',*,*,#2239,.T.);
#867=ORIENTED_EDGE('',*,*,#2578,.T.);
#868=ORIENTED_EDGE('',*,*,#2241,.F.);
#869=ORIENTED_EDGE('',*,*,#2579,.T.);
#870=ORIENTED_EDGE('',*,*,#2274,.F.);
#871=ORIENTED_EDGE('',*,*,#2580,.T.);
#872=ORIENTED_EDGE('',*,*,#2581,.T.);
#873=ORIENTED_EDGE('',*,*,#2242,.F.);
#874=ORIENTED_EDGE('',*,*,#2580,.F.);
#875=ORIENTED_EDGE('',*,*,#2284,.F.);
#876=ORIENTED_EDGE('',*,*,#2576,.T.);
#877=ORIENTED_EDGE('',*,*,#2243,.F.);
#878=ORIENTED_EDGE('',*,*,#2581,.F.);
#879=ORIENTED_EDGE('',*,*,#2283,.F.);
#880=ORIENTED_EDGE('',*,*,#2305,.T.);
#881=ORIENTED_EDGE('',*,*,#2219,.T.);
#882=ORIENTED_EDGE('',*,*,#2310,.T.);
#883=ORIENTED_EDGE('',*,*,#2582,.T.);
#884=ORIENTED_EDGE('',*,*,#2209,.T.);
#885=ORIENTED_EDGE('',*,*,#2583,.T.);
#886=ORIENTED_EDGE('',*,*,#2312,.F.);
#887=ORIENTED_EDGE('',*,*,#2584,.T.);
#888=ORIENTED_EDGE('',*,*,#2217,.F.);
#889=ORIENTED_EDGE('',*,*,#2585,.T.);
#890=ORIENTED_EDGE('',*,*,#2215,.T.);
#891=ORIENTED_EDGE('',*,*,#2586,.T.);
#892=ORIENTED_EDGE('',*,*,#2314,.T.);
#893=ORIENTED_EDGE('',*,*,#2587,.T.);
#894=ORIENTED_EDGE('',*,*,#2308,.F.);
#895=ORIENTED_EDGE('',*,*,#2588,.T.);
#896=ORIENTED_EDGE('',*,*,#2211,.F.);
#897=ORIENTED_EDGE('',*,*,#2589,.T.);
#898=ORIENTED_EDGE('',*,*,#2306,.T.);
#899=ORIENTED_EDGE('',*,*,#2590,.T.);
#900=ORIENTED_EDGE('',*,*,#2213,.T.);
#901=ORIENTED_EDGE('',*,*,#2591,.T.);
#902=ORIENTED_EDGE('',*,*,#2488,.F.);
#903=ORIENTED_EDGE('',*,*,#2592,.T.);
#904=ORIENTED_EDGE('',*,*,#2593,.F.);
#905=ORIENTED_EDGE('',*,*,#2459,.F.);
#906=ORIENTED_EDGE('',*,*,#2524,.F.);
#907=ORIENTED_EDGE('',*,*,#2594,.T.);
#908=ORIENTED_EDGE('',*,*,#2595,.T.);
#909=ORIENTED_EDGE('',*,*,#2596,.T.);
#910=ORIENTED_EDGE('',*,*,#2597,.T.);
#911=ORIENTED_EDGE('',*,*,#2536,.F.);
#912=ORIENTED_EDGE('',*,*,#2598,.T.);
#913=ORIENTED_EDGE('',*,*,#2594,.F.);
#914=ORIENTED_EDGE('',*,*,#2523,.F.);
#915=ORIENTED_EDGE('',*,*,#2530,.F.);
#916=ORIENTED_EDGE('',*,*,#2599,.T.);
#917=ORIENTED_EDGE('',*,*,#2600,.F.);
#918=ORIENTED_EDGE('',*,*,#2386,.F.);
#919=ORIENTED_EDGE('',*,*,#2525,.F.);
#920=ORIENTED_EDGE('',*,*,#2460,.F.);
#921=ORIENTED_EDGE('',*,*,#2593,.T.);
#922=ORIENTED_EDGE('',*,*,#2601,.T.);
#923=ORIENTED_EDGE('',*,*,#2600,.T.);
#924=ORIENTED_EDGE('',*,*,#2602,.T.);
#925=ORIENTED_EDGE('',*,*,#2408,.F.);
#926=ORIENTED_EDGE('',*,*,#2603,.T.);
#927=ORIENTED_EDGE('',*,*,#2596,.F.);
#928=ORIENTED_EDGE('',*,*,#2522,.F.);
#929=ORIENTED_EDGE('',*,*,#2387,.F.);
#930=ORIENTED_EDGE('',*,*,#2604,.T.);
#931=ORIENTED_EDGE('',*,*,#2605,.T.);
#932=ORIENTED_EDGE('',*,*,#2606,.T.);
#933=ORIENTED_EDGE('',*,*,#2607,.T.);
#934=ORIENTED_EDGE('',*,*,#2608,.T.);
#935=ORIENTED_EDGE('',*,*,#2609,.T.);
#936=ORIENTED_EDGE('',*,*,#2383,.F.);
#937=ORIENTED_EDGE('',*,*,#2521,.F.);
#938=ORIENTED_EDGE('',*,*,#2116,.T.);
#939=ORIENTED_EDGE('',*,*,#2168,.T.);
#940=ORIENTED_EDGE('',*,*,#2162,.F.);
#941=ORIENTED_EDGE('',*,*,#2610,.T.);
#942=ORIENTED_EDGE('',*,*,#2119,.F.);
#943=ORIENTED_EDGE('',*,*,#2611,.T.);
#944=ORIENTED_EDGE('',*,*,#2612,.T.);
#945=ORIENTED_EDGE('',*,*,#2613,.F.);
#946=ORIENTED_EDGE('',*,*,#2614,.F.);
#947=ORIENTED_EDGE('',*,*,#2615,.F.);
#948=ORIENTED_EDGE('',*,*,#2616,.F.);
#949=ORIENTED_EDGE('',*,*,#2617,.F.);
#950=ORIENTED_EDGE('',*,*,#2618,.F.);
#951=ORIENTED_EDGE('',*,*,#2520,.T.);
#952=ORIENTED_EDGE('',*,*,#2457,.T.);
#953=ORIENTED_EDGE('',*,*,#2619,.T.);
#954=ORIENTED_EDGE('',*,*,#2611,.F.);
#955=ORIENTED_EDGE('',*,*,#2118,.F.);
#956=ORIENTED_EDGE('',*,*,#2620,.F.);
#957=ORIENTED_EDGE('',*,*,#2621,.T.);
#958=ORIENTED_EDGE('',*,*,#2612,.F.);
#959=ORIENTED_EDGE('',*,*,#2619,.F.);
#960=ORIENTED_EDGE('',*,*,#2456,.T.);
#961=ORIENTED_EDGE('',*,*,#2170,.T.);
#962=ORIENTED_EDGE('',*,*,#2613,.T.);
#963=ORIENTED_EDGE('',*,*,#2622,.F.);
#964=ORIENTED_EDGE('',*,*,#2623,.F.);
#965=ORIENTED_EDGE('',*,*,#2624,.T.);
#966=ORIENTED_EDGE('',*,*,#2618,.T.);
#967=ORIENTED_EDGE('',*,*,#2625,.F.);
#968=ORIENTED_EDGE('',*,*,#2626,.F.);
#969=ORIENTED_EDGE('',*,*,#2622,.T.);
#970=ORIENTED_EDGE('',*,*,#2617,.T.);
#971=ORIENTED_EDGE('',*,*,#2627,.F.);
#972=ORIENTED_EDGE('',*,*,#2628,.F.);
#973=ORIENTED_EDGE('',*,*,#2625,.T.);
#974=ORIENTED_EDGE('',*,*,#2616,.T.);
#975=ORIENTED_EDGE('',*,*,#2629,.F.);
#976=ORIENTED_EDGE('',*,*,#2630,.F.);
#977=ORIENTED_EDGE('',*,*,#2627,.T.);
#978=ORIENTED_EDGE('',*,*,#2615,.T.);
#979=ORIENTED_EDGE('',*,*,#2631,.F.);
#980=ORIENTED_EDGE('',*,*,#2632,.F.);
#981=ORIENTED_EDGE('',*,*,#2629,.T.);
#982=ORIENTED_EDGE('',*,*,#2614,.T.);
#983=ORIENTED_EDGE('',*,*,#2624,.F.);
#984=ORIENTED_EDGE('',*,*,#2633,.F.);
#985=ORIENTED_EDGE('',*,*,#2631,.T.);
#986=ORIENTED_EDGE('',*,*,#2173,.F.);
#987=ORIENTED_EDGE('',*,*,#2623,.T.);
#988=ORIENTED_EDGE('',*,*,#2626,.T.);
#989=ORIENTED_EDGE('',*,*,#2628,.T.);
#990=ORIENTED_EDGE('',*,*,#2630,.T.);
#991=ORIENTED_EDGE('',*,*,#2632,.T.);
#992=ORIENTED_EDGE('',*,*,#2633,.T.);
#993=ORIENTED_EDGE('',*,*,#2605,.F.);
#994=ORIENTED_EDGE('',*,*,#2634,.F.);
#995=ORIENTED_EDGE('',*,*,#2635,.T.);
#996=ORIENTED_EDGE('',*,*,#2636,.T.);
#997=ORIENTED_EDGE('',*,*,#2606,.F.);
#998=ORIENTED_EDGE('',*,*,#2636,.F.);
#999=ORIENTED_EDGE('',*,*,#2637,.T.);
#1000=ORIENTED_EDGE('',*,*,#2638,.T.);
#1001=ORIENTED_EDGE('',*,*,#2607,.F.);
#1002=ORIENTED_EDGE('',*,*,#2638,.F.);
#1003=ORIENTED_EDGE('',*,*,#2639,.T.);
#1004=ORIENTED_EDGE('',*,*,#2640,.T.);
#1005=ORIENTED_EDGE('',*,*,#2608,.F.);
#1006=ORIENTED_EDGE('',*,*,#2640,.F.);
#1007=ORIENTED_EDGE('',*,*,#2641,.T.);
#1008=ORIENTED_EDGE('',*,*,#2642,.T.);
#1009=ORIENTED_EDGE('',*,*,#2609,.F.);
#1010=ORIENTED_EDGE('',*,*,#2642,.F.);
#1011=ORIENTED_EDGE('',*,*,#2643,.T.);
#1012=ORIENTED_EDGE('',*,*,#2644,.T.);
#1013=ORIENTED_EDGE('',*,*,#2604,.F.);
#1014=ORIENTED_EDGE('',*,*,#2644,.F.);
#1015=ORIENTED_EDGE('',*,*,#2645,.T.);
#1016=ORIENTED_EDGE('',*,*,#2634,.T.);
#1017=ORIENTED_EDGE('',*,*,#2176,.T.);
#1018=ORIENTED_EDGE('',*,*,#2635,.F.);
#1019=ORIENTED_EDGE('',*,*,#2645,.F.);
#1020=ORIENTED_EDGE('',*,*,#2643,.F.);
#1021=ORIENTED_EDGE('',*,*,#2641,.F.);
#1022=ORIENTED_EDGE('',*,*,#2639,.F.);
#1023=ORIENTED_EDGE('',*,*,#2637,.F.);
#1024=ORIENTED_EDGE('',*,*,#2646,.T.);
#1025=ORIENTED_EDGE('',*,*,#2551,.T.);
#1026=ORIENTED_EDGE('',*,*,#2647,.T.);
#1027=ORIENTED_EDGE('',*,*,#2356,.F.);
#1028=ORIENTED_EDGE('',*,*,#2648,.T.);
#1029=ORIENTED_EDGE('',*,*,#2649,.T.);
#1030=ORIENTED_EDGE('',*,*,#2650,.F.);
#1031=ORIENTED_EDGE('',*,*,#2549,.F.);
#1032=ORIENTED_EDGE('',*,*,#2651,.T.);
#1033=ORIENTED_EDGE('',*,*,#2652,.T.);
#1034=ORIENTED_EDGE('',*,*,#2653,.F.);
#1035=ORIENTED_EDGE('',*,*,#2547,.T.);
#1036=ORIENTED_EDGE('',*,*,#2654,.T.);
#1037=ORIENTED_EDGE('',*,*,#2655,.T.);
#1038=ORIENTED_EDGE('',*,*,#2656,.T.);
#1039=ORIENTED_EDGE('',*,*,#2657,.T.);
#1040=ORIENTED_EDGE('',*,*,#2653,.T.);
#1041=ORIENTED_EDGE('',*,*,#2658,.T.);
#1042=ORIENTED_EDGE('',*,*,#2648,.F.);
#1043=ORIENTED_EDGE('',*,*,#2548,.F.);
#1044=ORIENTED_EDGE('',*,*,#2650,.T.);
#1045=ORIENTED_EDGE('',*,*,#2659,.T.);
#1046=ORIENTED_EDGE('',*,*,#2651,.F.);
#1047=ORIENTED_EDGE('',*,*,#2550,.T.);
#1048=ORIENTED_EDGE('',*,*,#2660,.F.);
#1049=ORIENTED_EDGE('',*,*,#2661,.T.);
#1050=ORIENTED_EDGE('',*,*,#2662,.T.);
#1051=ORIENTED_EDGE('',*,*,#2543,.T.);
#1052=ORIENTED_EDGE('',*,*,#2663,.T.);
#1053=ORIENTED_EDGE('',*,*,#2664,.T.);
#1054=ORIENTED_EDGE('',*,*,#2665,.T.);
#1055=ORIENTED_EDGE('',*,*,#2666,.T.);
#1056=ORIENTED_EDGE('',*,*,#2667,.F.);
#1057=ORIENTED_EDGE('',*,*,#2668,.T.);
#1058=ORIENTED_EDGE('',*,*,#2669,.T.);
#1059=ORIENTED_EDGE('',*,*,#2545,.F.);
#1060=ORIENTED_EDGE('',*,*,#2662,.F.);
#1061=ORIENTED_EDGE('',*,*,#2670,.T.);
#1062=ORIENTED_EDGE('',*,*,#2667,.T.);
#1063=ORIENTED_EDGE('',*,*,#2544,.F.);
#1064=ORIENTED_EDGE('',*,*,#2669,.F.);
#1065=ORIENTED_EDGE('',*,*,#2671,.T.);
#1066=ORIENTED_EDGE('',*,*,#2660,.T.);
#1067=ORIENTED_EDGE('',*,*,#2546,.T.);
#1068=ORIENTED_EDGE('',*,*,#2672,.F.);
#1069=ORIENTED_EDGE('',*,*,#2673,.T.);
#1070=ORIENTED_EDGE('',*,*,#2674,.T.);
#1071=ORIENTED_EDGE('',*,*,#2353,.F.);
#1072=ORIENTED_EDGE('',*,*,#2675,.T.);
#1073=ORIENTED_EDGE('',*,*,#2676,.T.);
#1074=ORIENTED_EDGE('',*,*,#2677,.T.);
#1075=ORIENTED_EDGE('',*,*,#2678,.T.);
#1076=ORIENTED_EDGE('',*,*,#2679,.F.);
#1077=ORIENTED_EDGE('',*,*,#2680,.T.);
#1078=ORIENTED_EDGE('',*,*,#2681,.T.);
#1079=ORIENTED_EDGE('',*,*,#2355,.T.);
#1080=ORIENTED_EDGE('',*,*,#2681,.F.);
#1081=ORIENTED_EDGE('',*,*,#2682,.T.);
#1082=ORIENTED_EDGE('',*,*,#2672,.T.);
#1083=ORIENTED_EDGE('',*,*,#2352,.T.);
#1084=ORIENTED_EDGE('',*,*,#2674,.F.);
#1085=ORIENTED_EDGE('',*,*,#2683,.T.);
#1086=ORIENTED_EDGE('',*,*,#2679,.T.);
#1087=ORIENTED_EDGE('',*,*,#2354,.F.);
#1088=ORIENTED_EDGE('',*,*,#2684,.T.);
#1089=ORIENTED_EDGE('',*,*,#2685,.T.);
#1090=ORIENTED_EDGE('',*,*,#2686,.F.);
#1091=ORIENTED_EDGE('',*,*,#2351,.T.);
#1092=ORIENTED_EDGE('',*,*,#2687,.T.);
#1093=ORIENTED_EDGE('',*,*,#2688,.T.);
#1094=ORIENTED_EDGE('',*,*,#2689,.F.);
#1095=ORIENTED_EDGE('',*,*,#2349,.F.);
#1096=ORIENTED_EDGE('',*,*,#2690,.T.);
#1097=ORIENTED_EDGE('',*,*,#2691,.T.);
#1098=ORIENTED_EDGE('',*,*,#2692,.T.);
#1099=ORIENTED_EDGE('',*,*,#2693,.T.);
#1100=ORIENTED_EDGE('',*,*,#2686,.T.);
#1101=ORIENTED_EDGE('',*,*,#2694,.T.);
#1102=ORIENTED_EDGE('',*,*,#2687,.F.);
#1103=ORIENTED_EDGE('',*,*,#2348,.T.);
#1104=ORIENTED_EDGE('',*,*,#2689,.T.);
#1105=ORIENTED_EDGE('',*,*,#2695,.T.);
#1106=ORIENTED_EDGE('',*,*,#2684,.F.);
#1107=ORIENTED_EDGE('',*,*,#2350,.F.);
#1108=ORIENTED_EDGE('',*,*,#2696,.T.);
#1109=ORIENTED_EDGE('',*,*,#2697,.T.);
#1110=ORIENTED_EDGE('',*,*,#2698,.F.);
#1111=ORIENTED_EDGE('',*,*,#2541,.F.);
#1112=ORIENTED_EDGE('',*,*,#2699,.T.);
#1113=ORIENTED_EDGE('',*,*,#2700,.T.);
#1114=ORIENTED_EDGE('',*,*,#2696,.F.);
#1115=ORIENTED_EDGE('',*,*,#2540,.T.);
#1116=ORIENTED_EDGE('',*,*,#2698,.T.);
#1117=ORIENTED_EDGE('',*,*,#2701,.T.);
#1118=ORIENTED_EDGE('',*,*,#2702,.F.);
#1119=ORIENTED_EDGE('',*,*,#2542,.F.);
#1120=ORIENTED_EDGE('',*,*,#2702,.T.);
#1121=ORIENTED_EDGE('',*,*,#2703,.T.);
#1122=ORIENTED_EDGE('',*,*,#2699,.F.);
#1123=ORIENTED_EDGE('',*,*,#2539,.F.);
#1124=ORIENTED_EDGE('',*,*,#2465,.T.);
#1125=ORIENTED_EDGE('',*,*,#2704,.T.);
#1126=ORIENTED_EDGE('',*,*,#2496,.T.);
#1127=ORIENTED_EDGE('',*,*,#2705,.F.);
#1128=ORIENTED_EDGE('',*,*,#2464,.T.);
#1129=ORIENTED_EDGE('',*,*,#2706,.T.);
#1130=ORIENTED_EDGE('',*,*,#2494,.T.);
#1131=ORIENTED_EDGE('',*,*,#2704,.F.);
#1132=ORIENTED_EDGE('',*,*,#2705,.T.);
#1133=ORIENTED_EDGE('',*,*,#2495,.F.);
#1134=ORIENTED_EDGE('',*,*,#2706,.F.);
#1135=ORIENTED_EDGE('',*,*,#2463,.F.);
#1136=ORIENTED_EDGE('',*,*,#2454,.T.);
#1137=ORIENTED_EDGE('',*,*,#2707,.T.);
#1138=ORIENTED_EDGE('',*,*,#2499,.T.);
#1139=ORIENTED_EDGE('',*,*,#2708,.F.);
#1140=ORIENTED_EDGE('',*,*,#2709,.T.);
#1141=ORIENTED_EDGE('',*,*,#2497,.F.);
#1142=ORIENTED_EDGE('',*,*,#2707,.F.);
#1143=ORIENTED_EDGE('',*,*,#2453,.F.);
#1144=ORIENTED_EDGE('',*,*,#2708,.T.);
#1145=ORIENTED_EDGE('',*,*,#2498,.F.);
#1146=ORIENTED_EDGE('',*,*,#2709,.F.);
#1147=ORIENTED_EDGE('',*,*,#2452,.F.);
#1148=ORIENTED_EDGE('',*,*,#2469,.T.);
#1149=ORIENTED_EDGE('',*,*,#2710,.T.);
#1150=ORIENTED_EDGE('',*,*,#2502,.T.);
#1151=ORIENTED_EDGE('',*,*,#2711,.F.);
#1152=ORIENTED_EDGE('',*,*,#2712,.T.);
#1153=ORIENTED_EDGE('',*,*,#2503,.F.);
#1154=ORIENTED_EDGE('',*,*,#2710,.F.);
#1155=ORIENTED_EDGE('',*,*,#2468,.F.);
#1156=ORIENTED_EDGE('',*,*,#2713,.T.);
#1157=ORIENTED_EDGE('',*,*,#2500,.F.);
#1158=ORIENTED_EDGE('',*,*,#2712,.F.);
#1159=ORIENTED_EDGE('',*,*,#2467,.F.);
#1160=ORIENTED_EDGE('',*,*,#2711,.T.);
#1161=ORIENTED_EDGE('',*,*,#2501,.F.);
#1162=ORIENTED_EDGE('',*,*,#2713,.F.);
#1163=ORIENTED_EDGE('',*,*,#2466,.F.);
#1164=ORIENTED_EDGE('',*,*,#2451,.T.);
#1165=ORIENTED_EDGE('',*,*,#2714,.T.);
#1166=ORIENTED_EDGE('',*,*,#2506,.T.);
#1167=ORIENTED_EDGE('',*,*,#2715,.F.);
#1168=ORIENTED_EDGE('',*,*,#2716,.T.);
#1169=ORIENTED_EDGE('',*,*,#2507,.F.);
#1170=ORIENTED_EDGE('',*,*,#2714,.F.);
#1171=ORIENTED_EDGE('',*,*,#2450,.F.);
#1172=ORIENTED_EDGE('',*,*,#2717,.T.);
#1173=ORIENTED_EDGE('',*,*,#2504,.F.);
#1174=ORIENTED_EDGE('',*,*,#2716,.F.);
#1175=ORIENTED_EDGE('',*,*,#2449,.F.);
#1176=ORIENTED_EDGE('',*,*,#2715,.T.);
#1177=ORIENTED_EDGE('',*,*,#2505,.F.);
#1178=ORIENTED_EDGE('',*,*,#2717,.F.);
#1179=ORIENTED_EDGE('',*,*,#2448,.F.);
#1180=ORIENTED_EDGE('',*,*,#2473,.T.);
#1181=ORIENTED_EDGE('',*,*,#2718,.T.);
#1182=ORIENTED_EDGE('',*,*,#2510,.T.);
#1183=ORIENTED_EDGE('',*,*,#2719,.F.);
#1184=ORIENTED_EDGE('',*,*,#2472,.T.);
#1185=ORIENTED_EDGE('',*,*,#2720,.T.);
#1186=ORIENTED_EDGE('',*,*,#2511,.T.);
#1187=ORIENTED_EDGE('',*,*,#2718,.F.);
#1188=ORIENTED_EDGE('',*,*,#2721,.T.);
#1189=ORIENTED_EDGE('',*,*,#2508,.F.);
#1190=ORIENTED_EDGE('',*,*,#2720,.F.);
#1191=ORIENTED_EDGE('',*,*,#2471,.F.);
#1192=ORIENTED_EDGE('',*,*,#2719,.T.);
#1193=ORIENTED_EDGE('',*,*,#2509,.F.);
#1194=ORIENTED_EDGE('',*,*,#2721,.F.);
#1195=ORIENTED_EDGE('',*,*,#2470,.F.);
#1196=ORIENTED_EDGE('',*,*,#2447,.T.);
#1197=ORIENTED_EDGE('',*,*,#2722,.T.);
#1198=ORIENTED_EDGE('',*,*,#2514,.T.);
#1199=ORIENTED_EDGE('',*,*,#2723,.F.);
#1200=ORIENTED_EDGE('',*,*,#2446,.T.);
#1201=ORIENTED_EDGE('',*,*,#2724,.T.);
#1202=ORIENTED_EDGE('',*,*,#2515,.T.);
#1203=ORIENTED_EDGE('',*,*,#2722,.F.);
#1204=ORIENTED_EDGE('',*,*,#2725,.T.);
#1205=ORIENTED_EDGE('',*,*,#2512,.F.);
#1206=ORIENTED_EDGE('',*,*,#2724,.F.);
#1207=ORIENTED_EDGE('',*,*,#2445,.F.);
#1208=ORIENTED_EDGE('',*,*,#2723,.T.);
#1209=ORIENTED_EDGE('',*,*,#2513,.F.);
#1210=ORIENTED_EDGE('',*,*,#2725,.F.);
#1211=ORIENTED_EDGE('',*,*,#2444,.F.);
#1212=ORIENTED_EDGE('',*,*,#2726,.T.);
#1213=ORIENTED_EDGE('',*,*,#2491,.F.);
#1214=ORIENTED_EDGE('',*,*,#2727,.F.);
#1215=ORIENTED_EDGE('',*,*,#2478,.F.);
#1216=ORIENTED_EDGE('',*,*,#2728,.T.);
#1217=ORIENTED_EDGE('',*,*,#2492,.F.);
#1218=ORIENTED_EDGE('',*,*,#2726,.F.);
#1219=ORIENTED_EDGE('',*,*,#2477,.F.);
#1220=ORIENTED_EDGE('',*,*,#2474,.T.);
#1221=ORIENTED_EDGE('',*,*,#2727,.T.);
#1222=ORIENTED_EDGE('',*,*,#2490,.T.);
#1223=ORIENTED_EDGE('',*,*,#2729,.F.);
#1224=ORIENTED_EDGE('',*,*,#2476,.T.);
#1225=ORIENTED_EDGE('',*,*,#2730,.T.);
#1226=ORIENTED_EDGE('',*,*,#2493,.T.);
#1227=ORIENTED_EDGE('',*,*,#2728,.F.);
#1228=ORIENTED_EDGE('',*,*,#2475,.T.);
#1229=ORIENTED_EDGE('',*,*,#2729,.T.);
#1230=ORIENTED_EDGE('',*,*,#2489,.T.);
#1231=ORIENTED_EDGE('',*,*,#2730,.F.);
#1232=ORIENTED_EDGE('',*,*,#2482,.T.);
#1233=ORIENTED_EDGE('',*,*,#2731,.T.);
#1234=ORIENTED_EDGE('',*,*,#2518,.T.);
#1235=ORIENTED_EDGE('',*,*,#2732,.F.);
#1236=ORIENTED_EDGE('',*,*,#2733,.T.);
#1237=ORIENTED_EDGE('',*,*,#2519,.F.);
#1238=ORIENTED_EDGE('',*,*,#2731,.F.);
#1239=ORIENTED_EDGE('',*,*,#2481,.F.);
#1240=ORIENTED_EDGE('',*,*,#2734,.T.);
#1241=ORIENTED_EDGE('',*,*,#2516,.F.);
#1242=ORIENTED_EDGE('',*,*,#2733,.F.);
#1243=ORIENTED_EDGE('',*,*,#2480,.F.);
#1244=ORIENTED_EDGE('',*,*,#2732,.T.);
#1245=ORIENTED_EDGE('',*,*,#2517,.F.);
#1246=ORIENTED_EDGE('',*,*,#2734,.F.);
#1247=ORIENTED_EDGE('',*,*,#2479,.F.);
#1248=ORIENTED_EDGE('',*,*,#2390,.T.);
#1249=ORIENTED_EDGE('',*,*,#2735,.T.);
#1250=ORIENTED_EDGE('',*,*,#2435,.T.);
#1251=ORIENTED_EDGE('',*,*,#2736,.F.);
#1252=ORIENTED_EDGE('',*,*,#2389,.T.);
#1253=ORIENTED_EDGE('',*,*,#2737,.T.);
#1254=ORIENTED_EDGE('',*,*,#2433,.T.);
#1255=ORIENTED_EDGE('',*,*,#2735,.F.);
#1256=ORIENTED_EDGE('',*,*,#2736,.T.);
#1257=ORIENTED_EDGE('',*,*,#2434,.F.);
#1258=ORIENTED_EDGE('',*,*,#2737,.F.);
#1259=ORIENTED_EDGE('',*,*,#2388,.F.);
#1260=ORIENTED_EDGE('',*,*,#2378,.T.);
#1261=ORIENTED_EDGE('',*,*,#2738,.T.);
#1262=ORIENTED_EDGE('',*,*,#2430,.T.);
#1263=ORIENTED_EDGE('',*,*,#2739,.F.);
#1264=ORIENTED_EDGE('',*,*,#2740,.T.);
#1265=ORIENTED_EDGE('',*,*,#2431,.F.);
#1266=ORIENTED_EDGE('',*,*,#2738,.F.);
#1267=ORIENTED_EDGE('',*,*,#2381,.F.);
#1268=ORIENTED_EDGE('',*,*,#2380,.T.);
#1269=ORIENTED_EDGE('',*,*,#2741,.T.);
#1270=ORIENTED_EDGE('',*,*,#2432,.T.);
#1271=ORIENTED_EDGE('',*,*,#2740,.F.);
#1272=ORIENTED_EDGE('',*,*,#2379,.T.);
#1273=ORIENTED_EDGE('',*,*,#2739,.T.);
#1274=ORIENTED_EDGE('',*,*,#2429,.T.);
#1275=ORIENTED_EDGE('',*,*,#2741,.F.);
#1276=ORIENTED_EDGE('',*,*,#2374,.T.);
#1277=ORIENTED_EDGE('',*,*,#2742,.T.);
#1278=ORIENTED_EDGE('',*,*,#2426,.T.);
#1279=ORIENTED_EDGE('',*,*,#2743,.F.);
#1280=ORIENTED_EDGE('',*,*,#2744,.T.);
#1281=ORIENTED_EDGE('',*,*,#2427,.F.);
#1282=ORIENTED_EDGE('',*,*,#2742,.F.);
#1283=ORIENTED_EDGE('',*,*,#2377,.F.);
#1284=ORIENTED_EDGE('',*,*,#2376,.T.);
#1285=ORIENTED_EDGE('',*,*,#2745,.T.);
#1286=ORIENTED_EDGE('',*,*,#2428,.T.);
#1287=ORIENTED_EDGE('',*,*,#2744,.F.);
#1288=ORIENTED_EDGE('',*,*,#2375,.T.);
#1289=ORIENTED_EDGE('',*,*,#2743,.T.);
#1290=ORIENTED_EDGE('',*,*,#2425,.T.);
#1291=ORIENTED_EDGE('',*,*,#2745,.F.);
#1292=ORIENTED_EDGE('',*,*,#2370,.T.);
#1293=ORIENTED_EDGE('',*,*,#2746,.T.);
#1294=ORIENTED_EDGE('',*,*,#2422,.T.);
#1295=ORIENTED_EDGE('',*,*,#2747,.F.);
#1296=ORIENTED_EDGE('',*,*,#2748,.T.);
#1297=ORIENTED_EDGE('',*,*,#2423,.F.);
#1298=ORIENTED_EDGE('',*,*,#2746,.F.);
#1299=ORIENTED_EDGE('',*,*,#2373,.F.);
#1300=ORIENTED_EDGE('',*,*,#2372,.T.);
#1301=ORIENTED_EDGE('',*,*,#2749,.T.);
#1302=ORIENTED_EDGE('',*,*,#2424,.T.);
#1303=ORIENTED_EDGE('',*,*,#2748,.F.);
#1304=ORIENTED_EDGE('',*,*,#2371,.T.);
#1305=ORIENTED_EDGE('',*,*,#2747,.T.);
#1306=ORIENTED_EDGE('',*,*,#2421,.T.);
#1307=ORIENTED_EDGE('',*,*,#2749,.F.);
#1308=ORIENTED_EDGE('',*,*,#2366,.T.);
#1309=ORIENTED_EDGE('',*,*,#2750,.T.);
#1310=ORIENTED_EDGE('',*,*,#2418,.T.);
#1311=ORIENTED_EDGE('',*,*,#2751,.F.);
#1312=ORIENTED_EDGE('',*,*,#2752,.T.);
#1313=ORIENTED_EDGE('',*,*,#2419,.F.);
#1314=ORIENTED_EDGE('',*,*,#2750,.F.);
#1315=ORIENTED_EDGE('',*,*,#2369,.F.);
#1316=ORIENTED_EDGE('',*,*,#2368,.T.);
#1317=ORIENTED_EDGE('',*,*,#2753,.T.);
#1318=ORIENTED_EDGE('',*,*,#2420,.T.);
#1319=ORIENTED_EDGE('',*,*,#2752,.F.);
#1320=ORIENTED_EDGE('',*,*,#2367,.T.);
#1321=ORIENTED_EDGE('',*,*,#2751,.T.);
#1322=ORIENTED_EDGE('',*,*,#2417,.T.);
#1323=ORIENTED_EDGE('',*,*,#2753,.F.);
#1324=ORIENTED_EDGE('',*,*,#2365,.T.);
#1325=ORIENTED_EDGE('',*,*,#2754,.T.);
#1326=ORIENTED_EDGE('',*,*,#2438,.T.);
#1327=ORIENTED_EDGE('',*,*,#2755,.F.);
#1328=ORIENTED_EDGE('',*,*,#2364,.T.);
#1329=ORIENTED_EDGE('',*,*,#2756,.T.);
#1330=ORIENTED_EDGE('',*,*,#2439,.T.);
#1331=ORIENTED_EDGE('',*,*,#2754,.F.);
#1332=ORIENTED_EDGE('',*,*,#2363,.T.);
#1333=ORIENTED_EDGE('',*,*,#2757,.T.);
#1334=ORIENTED_EDGE('',*,*,#2436,.T.);
#1335=ORIENTED_EDGE('',*,*,#2756,.F.);
#1336=ORIENTED_EDGE('',*,*,#2755,.T.);
#1337=ORIENTED_EDGE('',*,*,#2437,.F.);
#1338=ORIENTED_EDGE('',*,*,#2757,.F.);
#1339=ORIENTED_EDGE('',*,*,#2362,.F.);
#1340=ORIENTED_EDGE('',*,*,#2758,.T.);
#1341=ORIENTED_EDGE('',*,*,#2415,.F.);
#1342=ORIENTED_EDGE('',*,*,#2759,.F.);
#1343=ORIENTED_EDGE('',*,*,#2394,.F.);
#1344=ORIENTED_EDGE('',*,*,#2393,.T.);
#1345=ORIENTED_EDGE('',*,*,#2760,.T.);
#1346=ORIENTED_EDGE('',*,*,#2416,.T.);
#1347=ORIENTED_EDGE('',*,*,#2758,.F.);
#1348=ORIENTED_EDGE('',*,*,#2759,.T.);
#1349=ORIENTED_EDGE('',*,*,#2414,.F.);
#1350=ORIENTED_EDGE('',*,*,#2761,.F.);
#1351=ORIENTED_EDGE('',*,*,#2391,.F.);
#1352=ORIENTED_EDGE('',*,*,#2392,.T.);
#1353=ORIENTED_EDGE('',*,*,#2761,.T.);
#1354=ORIENTED_EDGE('',*,*,#2413,.T.);
#1355=ORIENTED_EDGE('',*,*,#2760,.F.);
#1356=ORIENTED_EDGE('',*,*,#2395,.T.);
#1357=ORIENTED_EDGE('',*,*,#2762,.T.);
#1358=ORIENTED_EDGE('',*,*,#2410,.T.);
#1359=ORIENTED_EDGE('',*,*,#2763,.F.);
#1360=ORIENTED_EDGE('',*,*,#2764,.T.);
#1361=ORIENTED_EDGE('',*,*,#2411,.F.);
#1362=ORIENTED_EDGE('',*,*,#2762,.F.);
#1363=ORIENTED_EDGE('',*,*,#2398,.F.);
#1364=ORIENTED_EDGE('',*,*,#2397,.T.);
#1365=ORIENTED_EDGE('',*,*,#2765,.T.);
#1366=ORIENTED_EDGE('',*,*,#2412,.T.);
#1367=ORIENTED_EDGE('',*,*,#2764,.F.);
#1368=ORIENTED_EDGE('',*,*,#2396,.T.);
#1369=ORIENTED_EDGE('',*,*,#2763,.T.);
#1370=ORIENTED_EDGE('',*,*,#2409,.T.);
#1371=ORIENTED_EDGE('',*,*,#2765,.F.);
#1372=ORIENTED_EDGE('',*,*,#2402,.T.);
#1373=ORIENTED_EDGE('',*,*,#2766,.T.);
#1374=ORIENTED_EDGE('',*,*,#2442,.T.);
#1375=ORIENTED_EDGE('',*,*,#2767,.F.);
#1376=ORIENTED_EDGE('',*,*,#2401,.T.);
#1377=ORIENTED_EDGE('',*,*,#2768,.T.);
#1378=ORIENTED_EDGE('',*,*,#2443,.T.);
#1379=ORIENTED_EDGE('',*,*,#2766,.F.);
#1380=ORIENTED_EDGE('',*,*,#2400,.T.);
#1381=ORIENTED_EDGE('',*,*,#2769,.T.);
#1382=ORIENTED_EDGE('',*,*,#2440,.T.);
#1383=ORIENTED_EDGE('',*,*,#2768,.F.);
#1384=ORIENTED_EDGE('',*,*,#2767,.T.);
#1385=ORIENTED_EDGE('',*,*,#2441,.F.);
#1386=ORIENTED_EDGE('',*,*,#2769,.F.);
#1387=ORIENTED_EDGE('',*,*,#2399,.F.);
#1388=ORIENTED_EDGE('',*,*,#2195,.F.);
#1389=ORIENTED_EDGE('',*,*,#2770,.T.);
#1390=ORIENTED_EDGE('',*,*,#2771,.T.);
#1391=ORIENTED_EDGE('',*,*,#2552,.F.);
#1392=ORIENTED_EDGE('',*,*,#2772,.F.);
#1393=ORIENTED_EDGE('',*,*,#2773,.T.);
#1394=ORIENTED_EDGE('',*,*,#2193,.T.);
#1395=ORIENTED_EDGE('',*,*,#2103,.F.);
#1396=ORIENTED_EDGE('',*,*,#2774,.F.);
#1397=ORIENTED_EDGE('',*,*,#2771,.F.);
#1398=ORIENTED_EDGE('',*,*,#2775,.T.);
#1399=ORIENTED_EDGE('',*,*,#2772,.T.);
#1400=ORIENTED_EDGE('',*,*,#2102,.F.);
#1401=ORIENTED_EDGE('',*,*,#2553,.T.);
#1402=ORIENTED_EDGE('',*,*,#2776,.F.);
#1403=ORIENTED_EDGE('',*,*,#2777,.T.);
#1404=ORIENTED_EDGE('',*,*,#2190,.T.);
#1405=ORIENTED_EDGE('',*,*,#2358,.F.);
#1406=ORIENTED_EDGE('',*,*,#2192,.F.);
#1407=ORIENTED_EDGE('',*,*,#2778,.T.);
#1408=ORIENTED_EDGE('',*,*,#2779,.T.);
#1409=ORIENTED_EDGE('',*,*,#2105,.T.);
#1410=ORIENTED_EDGE('',*,*,#2780,.T.);
#1411=ORIENTED_EDGE('',*,*,#2779,.F.);
#1412=ORIENTED_EDGE('',*,*,#2781,.T.);
#1413=ORIENTED_EDGE('',*,*,#2776,.T.);
#1414=ORIENTED_EDGE('',*,*,#2357,.F.);
#1415=ORIENTED_EDGE('',*,*,#2106,.F.);
#1416=ORIENTED_EDGE('',*,*,#2782,.T.);
#1417=ORIENTED_EDGE('',*,*,#2345,.T.);
#1418=ORIENTED_EDGE('',*,*,#2783,.T.);
#1419=ORIENTED_EDGE('',*,*,#2784,.F.);
#1420=ORIENTED_EDGE('',*,*,#2785,.F.);
#1421=ORIENTED_EDGE('',*,*,#2786,.T.);
#1422=ORIENTED_EDGE('',*,*,#2346,.F.);
#1423=ORIENTED_EDGE('',*,*,#2786,.F.);
#1424=ORIENTED_EDGE('',*,*,#2787,.T.);
#1425=ORIENTED_EDGE('',*,*,#2788,.T.);
#1426=ORIENTED_EDGE('',*,*,#2789,.F.);
#1427=ORIENTED_EDGE('',*,*,#2790,.T.);
#1428=ORIENTED_EDGE('',*,*,#2791,.T.);
#1429=ORIENTED_EDGE('',*,*,#2347,.F.);
#1430=ORIENTED_EDGE('',*,*,#2788,.F.);
#1431=ORIENTED_EDGE('',*,*,#2792,.T.);
#1432=ORIENTED_EDGE('',*,*,#2784,.T.);
#1433=ORIENTED_EDGE('',*,*,#2793,.T.);
#1434=ORIENTED_EDGE('',*,*,#2790,.F.);
#1435=ORIENTED_EDGE('',*,*,#2794,.F.);
#1436=ORIENTED_EDGE('',*,*,#2785,.T.);
#1437=ORIENTED_EDGE('',*,*,#2794,.T.);
#1438=ORIENTED_EDGE('',*,*,#2792,.F.);
#1439=ORIENTED_EDGE('',*,*,#2787,.F.);
#1440=ORIENTED_EDGE('',*,*,#2795,.F.);
#1441=ORIENTED_EDGE('',*,*,#2796,.T.);
#1442=ORIENTED_EDGE('',*,*,#2797,.T.);
#1443=ORIENTED_EDGE('',*,*,#2338,.F.);
#1444=ORIENTED_EDGE('',*,*,#2798,.F.);
#1445=ORIENTED_EDGE('',*,*,#2799,.T.);
#1446=ORIENTED_EDGE('',*,*,#2337,.T.);
#1447=ORIENTED_EDGE('',*,*,#2800,.F.);
#1448=ORIENTED_EDGE('',*,*,#2801,.F.);
#1449=ORIENTED_EDGE('',*,*,#2798,.T.);
#1450=ORIENTED_EDGE('',*,*,#2802,.T.);
#1451=ORIENTED_EDGE('',*,*,#2336,.T.);
#1452=ORIENTED_EDGE('',*,*,#2803,.T.);
#1453=ORIENTED_EDGE('',*,*,#2804,.F.);
#1454=ORIENTED_EDGE('',*,*,#2805,.F.);
#1455=ORIENTED_EDGE('',*,*,#2800,.T.);
#1456=ORIENTED_EDGE('',*,*,#2804,.T.);
#1457=ORIENTED_EDGE('',*,*,#2806,.T.);
#1458=ORIENTED_EDGE('',*,*,#2796,.F.);
#1459=ORIENTED_EDGE('',*,*,#2807,.T.);
#1460=ORIENTED_EDGE('',*,*,#2799,.F.);
#1461=ORIENTED_EDGE('',*,*,#2801,.T.);
#1462=ORIENTED_EDGE('',*,*,#2805,.T.);
#1463=ORIENTED_EDGE('',*,*,#2807,.F.);
#1464=ORIENTED_EDGE('',*,*,#2808,.T.);
#1465=ORIENTED_EDGE('',*,*,#2809,.T.);
#1466=ORIENTED_EDGE('',*,*,#2810,.F.);
#1467=ORIENTED_EDGE('',*,*,#2251,.T.);
#1468=ORIENTED_EDGE('',*,*,#2810,.T.);
#1469=ORIENTED_EDGE('',*,*,#2811,.T.);
#1470=ORIENTED_EDGE('',*,*,#2318,.T.);
#1471=ORIENTED_EDGE('',*,*,#2812,.T.);
#1472=ORIENTED_EDGE('',*,*,#2813,.F.);
#1473=ORIENTED_EDGE('',*,*,#2252,.F.);
#1474=ORIENTED_EDGE('',*,*,#2813,.T.);
#1475=ORIENTED_EDGE('',*,*,#2814,.T.);
#1476=ORIENTED_EDGE('',*,*,#2815,.F.);
#1477=ORIENTED_EDGE('',*,*,#2253,.F.);
#1478=ORIENTED_EDGE('',*,*,#2316,.T.);
#1479=ORIENTED_EDGE('',*,*,#2816,.T.);
#1480=ORIENTED_EDGE('',*,*,#2817,.F.);
#1481=ORIENTED_EDGE('',*,*,#2254,.F.);
#1482=ORIENTED_EDGE('',*,*,#2815,.T.);
#1483=ORIENTED_EDGE('',*,*,#2818,.T.);
#1484=ORIENTED_EDGE('',*,*,#2817,.T.);
#1485=ORIENTED_EDGE('',*,*,#2819,.T.);
#1486=ORIENTED_EDGE('',*,*,#2820,.F.);
#1487=ORIENTED_EDGE('',*,*,#2255,.T.);
#1488=ORIENTED_EDGE('',*,*,#2820,.T.);
#1489=ORIENTED_EDGE('',*,*,#2821,.T.);
#1490=ORIENTED_EDGE('',*,*,#2822,.F.);
#1491=ORIENTED_EDGE('',*,*,#2256,.F.);
#1492=ORIENTED_EDGE('',*,*,#2822,.T.);
#1493=ORIENTED_EDGE('',*,*,#2823,.T.);
#1494=ORIENTED_EDGE('',*,*,#2824,.F.);
#1495=ORIENTED_EDGE('',*,*,#2257,.F.);
#1496=ORIENTED_EDGE('',*,*,#2824,.T.);
#1497=ORIENTED_EDGE('',*,*,#2825,.T.);
#1498=ORIENTED_EDGE('',*,*,#2826,.F.);
#1499=ORIENTED_EDGE('',*,*,#2258,.T.);
#1500=ORIENTED_EDGE('',*,*,#2826,.T.);
#1501=ORIENTED_EDGE('',*,*,#2827,.T.);
#1502=ORIENTED_EDGE('',*,*,#2828,.F.);
#1503=ORIENTED_EDGE('',*,*,#2259,.T.);
#1504=ORIENTED_EDGE('',*,*,#2828,.T.);
#1505=ORIENTED_EDGE('',*,*,#2829,.T.);
#1506=ORIENTED_EDGE('',*,*,#2322,.F.);
#1507=ORIENTED_EDGE('',*,*,#2830,.T.);
#1508=ORIENTED_EDGE('',*,*,#2831,.F.);
#1509=ORIENTED_EDGE('',*,*,#2260,.T.);
#1510=ORIENTED_EDGE('',*,*,#2320,.F.);
#1511=ORIENTED_EDGE('',*,*,#2832,.T.);
#1512=ORIENTED_EDGE('',*,*,#2808,.F.);
#1513=ORIENTED_EDGE('',*,*,#2250,.T.);
#1514=ORIENTED_EDGE('',*,*,#2833,.T.);
#1515=ORIENTED_EDGE('',*,*,#2834,.T.);
#1516=ORIENTED_EDGE('',*,*,#2831,.T.);
#1517=ORIENTED_EDGE('',*,*,#2835,.T.);
#1518=ORIENTED_EDGE('',*,*,#2833,.F.);
#1519=ORIENTED_EDGE('',*,*,#2261,.T.);
#1520=ORIENTED_EDGE('',*,*,#2836,.T.);
#1521=ORIENTED_EDGE('',*,*,#2837,.T.);
#1522=ORIENTED_EDGE('',*,*,#2271,.T.);
#1523=ORIENTED_EDGE('',*,*,#2838,.T.);
#1524=ORIENTED_EDGE('',*,*,#2839,.F.);
#1525=ORIENTED_EDGE('',*,*,#2197,.F.);
#1526=ORIENTED_EDGE('',*,*,#2839,.T.);
#1527=ORIENTED_EDGE('',*,*,#2840,.T.);
#1528=ORIENTED_EDGE('',*,*,#2841,.F.);
#1529=ORIENTED_EDGE('',*,*,#2198,.F.);
#1530=ORIENTED_EDGE('',*,*,#2269,.T.);
#1531=ORIENTED_EDGE('',*,*,#2842,.T.);
#1532=ORIENTED_EDGE('',*,*,#2843,.F.);
#1533=ORIENTED_EDGE('',*,*,#2199,.F.);
#1534=ORIENTED_EDGE('',*,*,#2841,.T.);
#1535=ORIENTED_EDGE('',*,*,#2844,.T.);
#1536=ORIENTED_EDGE('',*,*,#2843,.T.);
#1537=ORIENTED_EDGE('',*,*,#2845,.T.);
#1538=ORIENTED_EDGE('',*,*,#2846,.F.);
#1539=ORIENTED_EDGE('',*,*,#2200,.T.);
#1540=ORIENTED_EDGE('',*,*,#2846,.T.);
#1541=ORIENTED_EDGE('',*,*,#2847,.T.);
#1542=ORIENTED_EDGE('',*,*,#2848,.F.);
#1543=ORIENTED_EDGE('',*,*,#2201,.T.);
#1544=ORIENTED_EDGE('',*,*,#2848,.T.);
#1545=ORIENTED_EDGE('',*,*,#2849,.T.);
#1546=ORIENTED_EDGE('',*,*,#2850,.F.);
#1547=ORIENTED_EDGE('',*,*,#2202,.F.);
#1548=ORIENTED_EDGE('',*,*,#2850,.T.);
#1549=ORIENTED_EDGE('',*,*,#2851,.T.);
#1550=ORIENTED_EDGE('',*,*,#2852,.F.);
#1551=ORIENTED_EDGE('',*,*,#2203,.T.);
#1552=ORIENTED_EDGE('',*,*,#2852,.T.);
#1553=ORIENTED_EDGE('',*,*,#2853,.T.);
#1554=ORIENTED_EDGE('',*,*,#2854,.F.);
#1555=ORIENTED_EDGE('',*,*,#2204,.T.);
#1556=ORIENTED_EDGE('',*,*,#2854,.T.);
#1557=ORIENTED_EDGE('',*,*,#2855,.T.);
#1558=ORIENTED_EDGE('',*,*,#2263,.F.);
#1559=ORIENTED_EDGE('',*,*,#2856,.T.);
#1560=ORIENTED_EDGE('',*,*,#2857,.F.);
#1561=ORIENTED_EDGE('',*,*,#2205,.T.);
#1562=ORIENTED_EDGE('',*,*,#2857,.T.);
#1563=ORIENTED_EDGE('',*,*,#2858,.T.);
#1564=ORIENTED_EDGE('',*,*,#2859,.F.);
#1565=ORIENTED_EDGE('',*,*,#2206,.T.);
#1566=ORIENTED_EDGE('',*,*,#2860,.T.);
#1567=ORIENTED_EDGE('',*,*,#2861,.T.);
#1568=ORIENTED_EDGE('',*,*,#2836,.F.);
#1569=ORIENTED_EDGE('',*,*,#2208,.T.);
#1570=ORIENTED_EDGE('',*,*,#2273,.F.);
#1571=ORIENTED_EDGE('',*,*,#2862,.T.);
#1572=ORIENTED_EDGE('',*,*,#2860,.F.);
#1573=ORIENTED_EDGE('',*,*,#2207,.T.);
#1574=ORIENTED_EDGE('',*,*,#2859,.T.);
#1575=ORIENTED_EDGE('',*,*,#2863,.T.);
#1576=ORIENTED_EDGE('',*,*,#2774,.T.);
#1577=ORIENTED_EDGE('',*,*,#2802,.F.);
#1578=ORIENTED_EDGE('',*,*,#2196,.T.);
#1579=ORIENTED_EDGE('',*,*,#2795,.T.);
#1580=ORIENTED_EDGE('',*,*,#2780,.F.);
#1581=ORIENTED_EDGE('',*,*,#2789,.T.);
#1582=ORIENTED_EDGE('',*,*,#2179,.F.);
#1583=ORIENTED_EDGE('',*,*,#2782,.F.);
#1584=ORIENTED_EDGE('',*,*,#2343,.F.);
#1585=ORIENTED_EDGE('',*,*,#2864,.T.);
#1586=ORIENTED_EDGE('',*,*,#2865,.T.);
#1587=ORIENTED_EDGE('',*,*,#2866,.T.);
#1588=ORIENTED_EDGE('',*,*,#2236,.F.);
#1589=ORIENTED_EDGE('',*,*,#2182,.F.);
#1590=ORIENTED_EDGE('',*,*,#2529,.F.);
#1591=ORIENTED_EDGE('',*,*,#2867,.T.);
#1592=ORIENTED_EDGE('',*,*,#2403,.F.);
#1593=ORIENTED_EDGE('',*,*,#2602,.F.);
#1594=ORIENTED_EDGE('',*,*,#2599,.F.);
#1595=ORIENTED_EDGE('',*,*,#2868,.T.);
#1596=ORIENTED_EDGE('',*,*,#2869,.T.);
#1597=ORIENTED_EDGE('',*,*,#2333,.F.);
#1598=ORIENTED_EDGE('',*,*,#2184,.F.);
#1599=ORIENTED_EDGE('',*,*,#2238,.F.);
#1600=ORIENTED_EDGE('',*,*,#2870,.T.);
#1601=ORIENTED_EDGE('',*,*,#2487,.F.);
#1602=ORIENTED_EDGE('',*,*,#2871,.T.);
#1603=ORIENTED_EDGE('',*,*,#2531,.F.);
#1604=ORIENTED_EDGE('',*,*,#2601,.F.);
#1605=ORIENTED_EDGE('',*,*,#2592,.F.);
#1606=ORIENTED_EDGE('',*,*,#2872,.T.);
#1607=ORIENTED_EDGE('',*,*,#2873,.T.);
#1608=ORIENTED_EDGE('',*,*,#2341,.F.);
#1609=ORIENTED_EDGE('',*,*,#2791,.F.);
#1610=ORIENTED_EDGE('',*,*,#2793,.F.);
#1611=ORIENTED_EDGE('',*,*,#2783,.F.);
#1612=ORIENTED_EDGE('',*,*,#2344,.F.);
#1613=ORIENTED_EDGE('',*,*,#2180,.F.);
#1614=ORIENTED_EDGE('',*,*,#2124,.F.);
#1615=ORIENTED_EDGE('',*,*,#2874,.T.);
#1616=ORIENTED_EDGE('',*,*,#2407,.F.);
#1617=ORIENTED_EDGE('',*,*,#2875,.T.);
#1618=ORIENTED_EDGE('',*,*,#2537,.F.);
#1619=ORIENTED_EDGE('',*,*,#2597,.F.);
#1620=ORIENTED_EDGE('',*,*,#2603,.F.);
#1621=ORIENTED_EDGE('',*,*,#2335,.F.);
#1622=ORIENTED_EDGE('',*,*,#2876,.T.);
#1623=ORIENTED_EDGE('',*,*,#2877,.T.);
#1624=ORIENTED_EDGE('',*,*,#2878,.T.);
#1625=ORIENTED_EDGE('',*,*,#2122,.F.);
#1626=ORIENTED_EDGE('',*,*,#2186,.F.);
#1627=ORIENTED_EDGE('',*,*,#2339,.F.);
#1628=ORIENTED_EDGE('',*,*,#2797,.F.);
#1629=ORIENTED_EDGE('',*,*,#2806,.F.);
#1630=ORIENTED_EDGE('',*,*,#2803,.F.);
#1631=ORIENTED_EDGE('',*,*,#2535,.F.);
#1632=ORIENTED_EDGE('',*,*,#2879,.T.);
#1633=ORIENTED_EDGE('',*,*,#2483,.F.);
#1634=ORIENTED_EDGE('',*,*,#2595,.F.);
#1635=ORIENTED_EDGE('',*,*,#2598,.F.);
#1636=ORIENTED_EDGE('',*,*,#2275,.F.);
#1637=ORIENTED_EDGE('',*,*,#2579,.F.);
#1638=ORIENTED_EDGE('',*,*,#2240,.F.);
#1639=ORIENTED_EDGE('',*,*,#2577,.F.);
#1640=ORIENTED_EDGE('',*,*,#2277,.F.);
#1641=ORIENTED_EDGE('',*,*,#2578,.F.);
#1642=ORIENTED_EDGE('',*,*,#2249,.F.);
#1643=ORIENTED_EDGE('',*,*,#2573,.F.);
#1644=ORIENTED_EDGE('',*,*,#2279,.F.);
#1645=ORIENTED_EDGE('',*,*,#2574,.F.);
#1646=ORIENTED_EDGE('',*,*,#2247,.F.);
#1647=ORIENTED_EDGE('',*,*,#2571,.F.);
#1648=ORIENTED_EDGE('',*,*,#2281,.F.);
#1649=ORIENTED_EDGE('',*,*,#2572,.F.);
#1650=ORIENTED_EDGE('',*,*,#2245,.F.);
#1651=ORIENTED_EDGE('',*,*,#2575,.F.);
#1652=ORIENTED_EDGE('',*,*,#2288,.F.);
#1653=ORIENTED_EDGE('',*,*,#2567,.F.);
#1654=ORIENTED_EDGE('',*,*,#2221,.F.);
#1655=ORIENTED_EDGE('',*,*,#2569,.F.);
#1656=ORIENTED_EDGE('',*,*,#2290,.F.);
#1657=ORIENTED_EDGE('',*,*,#2570,.F.);
#1658=ORIENTED_EDGE('',*,*,#2227,.F.);
#1659=ORIENTED_EDGE('',*,*,#2565,.F.);
#1660=ORIENTED_EDGE('',*,*,#2292,.F.);
#1661=ORIENTED_EDGE('',*,*,#2566,.F.);
#1662=ORIENTED_EDGE('',*,*,#2225,.F.);
#1663=ORIENTED_EDGE('',*,*,#2563,.F.);
#1664=ORIENTED_EDGE('',*,*,#2286,.F.);
#1665=ORIENTED_EDGE('',*,*,#2564,.F.);
#1666=ORIENTED_EDGE('',*,*,#2223,.F.);
#1667=ORIENTED_EDGE('',*,*,#2568,.F.);
#1668=ORIENTED_EDGE('',*,*,#2298,.F.);
#1669=ORIENTED_EDGE('',*,*,#2561,.F.);
#1670=ORIENTED_EDGE('',*,*,#2235,.F.);
#1671=ORIENTED_EDGE('',*,*,#2557,.F.);
#1672=ORIENTED_EDGE('',*,*,#2300,.F.);
#1673=ORIENTED_EDGE('',*,*,#2558,.F.);
#1674=ORIENTED_EDGE('',*,*,#2233,.F.);
#1675=ORIENTED_EDGE('',*,*,#2555,.F.);
#1676=ORIENTED_EDGE('',*,*,#2294,.F.);
#1677=ORIENTED_EDGE('',*,*,#2556,.F.);
#1678=ORIENTED_EDGE('',*,*,#2231,.F.);
#1679=ORIENTED_EDGE('',*,*,#2559,.F.);
#1680=ORIENTED_EDGE('',*,*,#2296,.F.);
#1681=ORIENTED_EDGE('',*,*,#2560,.F.);
#1682=ORIENTED_EDGE('',*,*,#2229,.F.);
#1683=ORIENTED_EDGE('',*,*,#2562,.F.);
#1684=ORIENTED_EDGE('',*,*,#2315,.F.);
#1685=ORIENTED_EDGE('',*,*,#2586,.F.);
#1686=ORIENTED_EDGE('',*,*,#2214,.F.);
#1687=ORIENTED_EDGE('',*,*,#2590,.F.);
#1688=ORIENTED_EDGE('',*,*,#2307,.F.);
#1689=ORIENTED_EDGE('',*,*,#2591,.F.);
#1690=ORIENTED_EDGE('',*,*,#2212,.F.);
#1691=ORIENTED_EDGE('',*,*,#2588,.F.);
#1692=ORIENTED_EDGE('',*,*,#2309,.F.);
#1693=ORIENTED_EDGE('',*,*,#2589,.F.);
#1694=ORIENTED_EDGE('',*,*,#2210,.F.);
#1695=ORIENTED_EDGE('',*,*,#2582,.F.);
#1696=ORIENTED_EDGE('',*,*,#2311,.F.);
#1697=ORIENTED_EDGE('',*,*,#2583,.F.);
#1698=ORIENTED_EDGE('',*,*,#2218,.F.);
#1699=ORIENTED_EDGE('',*,*,#2584,.F.);
#1700=ORIENTED_EDGE('',*,*,#2313,.F.);
#1701=ORIENTED_EDGE('',*,*,#2585,.F.);
#1702=ORIENTED_EDGE('',*,*,#2216,.F.);
#1703=ORIENTED_EDGE('',*,*,#2587,.F.);
#1704=ORIENTED_EDGE('',*,*,#2880,.F.);
#1705=ORIENTED_EDGE('',*,*,#2878,.F.);
#1706=ORIENTED_EDGE('',*,*,#2881,.F.);
#1707=ORIENTED_EDGE('',*,*,#2534,.F.);
#1708=ORIENTED_EDGE('',*,*,#2881,.T.);
#1709=ORIENTED_EDGE('',*,*,#2877,.F.);
#1710=ORIENTED_EDGE('',*,*,#2882,.F.);
#1711=ORIENTED_EDGE('',*,*,#2879,.F.);
#1712=ORIENTED_EDGE('',*,*,#2880,.T.);
#1713=ORIENTED_EDGE('',*,*,#2533,.F.);
#1714=ORIENTED_EDGE('',*,*,#2883,.F.);
#1715=ORIENTED_EDGE('',*,*,#2123,.F.);
#1716=ORIENTED_EDGE('',*,*,#2882,.T.);
#1717=ORIENTED_EDGE('',*,*,#2876,.F.);
#1718=ORIENTED_EDGE('',*,*,#2884,.F.);
#1719=ORIENTED_EDGE('',*,*,#2484,.F.);
#1720=ORIENTED_EDGE('',*,*,#2883,.T.);
#1721=ORIENTED_EDGE('',*,*,#2538,.F.);
#1722=ORIENTED_EDGE('',*,*,#2885,.F.);
#1723=ORIENTED_EDGE('',*,*,#2874,.F.);
#1724=ORIENTED_EDGE('',*,*,#2884,.T.);
#1725=ORIENTED_EDGE('',*,*,#2334,.F.);
#1726=ORIENTED_EDGE('',*,*,#2886,.F.);
#1727=ORIENTED_EDGE('',*,*,#2485,.F.);
#1728=ORIENTED_EDGE('',*,*,#2885,.T.);
#1729=ORIENTED_EDGE('',*,*,#2875,.F.);
#1730=ORIENTED_EDGE('',*,*,#2887,.F.);
#1731=ORIENTED_EDGE('',*,*,#2872,.F.);
#1732=ORIENTED_EDGE('',*,*,#2886,.T.);
#1733=ORIENTED_EDGE('',*,*,#2869,.F.);
#1734=ORIENTED_EDGE('',*,*,#2888,.F.);
#1735=ORIENTED_EDGE('',*,*,#2486,.F.);
#1736=ORIENTED_EDGE('',*,*,#2887,.T.);
#1737=ORIENTED_EDGE('',*,*,#2406,.F.);
#1738=ORIENTED_EDGE('',*,*,#2889,.F.);
#1739=ORIENTED_EDGE('',*,*,#2873,.F.);
#1740=ORIENTED_EDGE('',*,*,#2888,.T.);
#1741=ORIENTED_EDGE('',*,*,#2868,.F.);
#1742=ORIENTED_EDGE('',*,*,#2890,.F.);
#1743=ORIENTED_EDGE('',*,*,#2871,.F.);
#1744=ORIENTED_EDGE('',*,*,#2889,.T.);
#1745=ORIENTED_EDGE('',*,*,#2405,.F.);
#1746=ORIENTED_EDGE('',*,*,#2891,.F.);
#1747=ORIENTED_EDGE('',*,*,#2342,.F.);
#1748=ORIENTED_EDGE('',*,*,#2890,.T.);
#1749=ORIENTED_EDGE('',*,*,#2870,.F.);
#1750=ORIENTED_EDGE('',*,*,#2892,.F.);
#1751=ORIENTED_EDGE('',*,*,#2532,.F.);
#1752=ORIENTED_EDGE('',*,*,#2891,.T.);
#1753=ORIENTED_EDGE('',*,*,#2404,.F.);
#1754=ORIENTED_EDGE('',*,*,#2893,.F.);
#1755=ORIENTED_EDGE('',*,*,#2864,.F.);
#1756=ORIENTED_EDGE('',*,*,#2892,.T.);
#1757=ORIENTED_EDGE('',*,*,#2237,.F.);
#1758=ORIENTED_EDGE('',*,*,#2894,.F.);
#1759=ORIENTED_EDGE('',*,*,#2527,.F.);
#1760=ORIENTED_EDGE('',*,*,#2893,.T.);
#1761=ORIENTED_EDGE('',*,*,#2867,.F.);
#1762=ORIENTED_EDGE('',*,*,#2895,.F.);
#1763=ORIENTED_EDGE('',*,*,#2865,.F.);
#1764=ORIENTED_EDGE('',*,*,#2894,.T.);
#1765=ORIENTED_EDGE('',*,*,#2866,.F.);
#1766=ORIENTED_EDGE('',*,*,#2895,.T.);
#1767=ORIENTED_EDGE('',*,*,#2528,.F.);
#1768=ORIENTED_EDGE('',*,*,#2896,.F.);
#1769=ORIENTED_EDGE('',*,*,#2683,.F.);
#1770=ORIENTED_EDGE('',*,*,#2897,.F.);
#1771=ORIENTED_EDGE('',*,*,#2677,.F.);
#1772=ORIENTED_EDGE('',*,*,#2897,.T.);
#1773=ORIENTED_EDGE('',*,*,#2673,.F.);
#1774=ORIENTED_EDGE('',*,*,#2898,.F.);
#1775=ORIENTED_EDGE('',*,*,#2678,.F.);
#1776=ORIENTED_EDGE('',*,*,#2896,.T.);
#1777=ORIENTED_EDGE('',*,*,#2676,.F.);
#1778=ORIENTED_EDGE('',*,*,#2899,.F.);
#1779=ORIENTED_EDGE('',*,*,#2680,.F.);
#1780=ORIENTED_EDGE('',*,*,#2898,.T.);
#1781=ORIENTED_EDGE('',*,*,#2682,.F.);
#1782=ORIENTED_EDGE('',*,*,#2899,.T.);
#1783=ORIENTED_EDGE('',*,*,#2675,.F.);
#1784=ORIENTED_EDGE('',*,*,#2900,.F.);
#1785=ORIENTED_EDGE('',*,*,#2690,.F.);
#1786=ORIENTED_EDGE('',*,*,#2901,.F.);
#1787=ORIENTED_EDGE('',*,*,#2695,.F.);
#1788=ORIENTED_EDGE('',*,*,#2901,.T.);
#1789=ORIENTED_EDGE('',*,*,#2693,.F.);
#1790=ORIENTED_EDGE('',*,*,#2902,.F.);
#1791=ORIENTED_EDGE('',*,*,#2685,.F.);
#1792=ORIENTED_EDGE('',*,*,#2900,.T.);
#1793=ORIENTED_EDGE('',*,*,#2688,.F.);
#1794=ORIENTED_EDGE('',*,*,#2903,.F.);
#1795=ORIENTED_EDGE('',*,*,#2691,.F.);
#1796=ORIENTED_EDGE('',*,*,#2902,.T.);
#1797=ORIENTED_EDGE('',*,*,#2692,.F.);
#1798=ORIENTED_EDGE('',*,*,#2903,.T.);
#1799=ORIENTED_EDGE('',*,*,#2694,.F.);
#1800=ORIENTED_EDGE('',*,*,#2904,.F.);
#1801=ORIENTED_EDGE('',*,*,#2663,.F.);
#1802=ORIENTED_EDGE('',*,*,#2905,.F.);
#1803=ORIENTED_EDGE('',*,*,#2671,.F.);
#1804=ORIENTED_EDGE('',*,*,#2905,.T.);
#1805=ORIENTED_EDGE('',*,*,#2666,.F.);
#1806=ORIENTED_EDGE('',*,*,#2906,.F.);
#1807=ORIENTED_EDGE('',*,*,#2661,.F.);
#1808=ORIENTED_EDGE('',*,*,#2904,.T.);
#1809=ORIENTED_EDGE('',*,*,#2668,.F.);
#1810=ORIENTED_EDGE('',*,*,#2907,.F.);
#1811=ORIENTED_EDGE('',*,*,#2664,.F.);
#1812=ORIENTED_EDGE('',*,*,#2906,.T.);
#1813=ORIENTED_EDGE('',*,*,#2665,.F.);
#1814=ORIENTED_EDGE('',*,*,#2907,.T.);
#1815=ORIENTED_EDGE('',*,*,#2670,.F.);
#1816=ORIENTED_EDGE('',*,*,#2908,.F.);
#1817=ORIENTED_EDGE('',*,*,#2659,.F.);
#1818=ORIENTED_EDGE('',*,*,#2909,.F.);
#1819=ORIENTED_EDGE('',*,*,#2656,.F.);
#1820=ORIENTED_EDGE('',*,*,#2909,.T.);
#1821=ORIENTED_EDGE('',*,*,#2649,.F.);
#1822=ORIENTED_EDGE('',*,*,#2910,.F.);
#1823=ORIENTED_EDGE('',*,*,#2657,.F.);
#1824=ORIENTED_EDGE('',*,*,#2908,.T.);
#1825=ORIENTED_EDGE('',*,*,#2655,.F.);
#1826=ORIENTED_EDGE('',*,*,#2911,.F.);
#1827=ORIENTED_EDGE('',*,*,#2652,.F.);
#1828=ORIENTED_EDGE('',*,*,#2910,.T.);
#1829=ORIENTED_EDGE('',*,*,#2658,.F.);
#1830=ORIENTED_EDGE('',*,*,#2911,.T.);
#1831=ORIENTED_EDGE('',*,*,#2654,.F.);
#1832=ORIENTED_EDGE('',*,*,#2775,.F.);
#1833=ORIENTED_EDGE('',*,*,#2770,.F.);
#1834=ORIENTED_EDGE('',*,*,#2194,.F.);
#1835=ORIENTED_EDGE('',*,*,#2773,.F.);
#1836=ORIENTED_EDGE('',*,*,#2781,.F.);
#1837=ORIENTED_EDGE('',*,*,#2778,.F.);
#1838=ORIENTED_EDGE('',*,*,#2191,.F.);
#1839=ORIENTED_EDGE('',*,*,#2777,.F.);
#1840=ORIENTED_EDGE('',*,*,#2812,.F.);
#1841=ORIENTED_EDGE('',*,*,#2317,.F.);
#1842=ORIENTED_EDGE('',*,*,#2818,.F.);
#1843=ORIENTED_EDGE('',*,*,#2814,.F.);
#1844=ORIENTED_EDGE('',*,*,#2834,.F.);
#1845=ORIENTED_EDGE('',*,*,#2835,.F.);
#1846=ORIENTED_EDGE('',*,*,#2830,.F.);
#1847=ORIENTED_EDGE('',*,*,#2321,.F.);
#1848=ORIENTED_EDGE('',*,*,#2811,.F.);
#1849=ORIENTED_EDGE('',*,*,#2809,.F.);
#1850=ORIENTED_EDGE('',*,*,#2832,.F.);
#1851=ORIENTED_EDGE('',*,*,#2319,.F.);
#1852=ORIENTED_EDGE('',*,*,#2829,.F.);
#1853=ORIENTED_EDGE('',*,*,#2827,.F.);
#1854=ORIENTED_EDGE('',*,*,#2912,.F.);
#1855=ORIENTED_EDGE('',*,*,#2323,.F.);
#1856=ORIENTED_EDGE('',*,*,#2912,.T.);
#1857=ORIENTED_EDGE('',*,*,#2825,.F.);
#1858=ORIENTED_EDGE('',*,*,#2913,.F.);
#1859=ORIENTED_EDGE('',*,*,#2324,.F.);
#1860=ORIENTED_EDGE('',*,*,#2913,.T.);
#1861=ORIENTED_EDGE('',*,*,#2823,.F.);
#1862=ORIENTED_EDGE('',*,*,#2914,.F.);
#1863=ORIENTED_EDGE('',*,*,#2325,.F.);
#1864=ORIENTED_EDGE('',*,*,#2914,.T.);
#1865=ORIENTED_EDGE('',*,*,#2821,.F.);
#1866=ORIENTED_EDGE('',*,*,#2915,.F.);
#1867=ORIENTED_EDGE('',*,*,#2326,.F.);
#1868=ORIENTED_EDGE('',*,*,#2915,.T.);
#1869=ORIENTED_EDGE('',*,*,#2819,.F.);
#1870=ORIENTED_EDGE('',*,*,#2816,.F.);
#1871=ORIENTED_EDGE('',*,*,#2327,.F.);
#1872=ORIENTED_EDGE('',*,*,#2863,.F.);
#1873=ORIENTED_EDGE('',*,*,#2858,.F.);
#1874=ORIENTED_EDGE('',*,*,#2856,.F.);
#1875=ORIENTED_EDGE('',*,*,#2262,.F.);
#1876=ORIENTED_EDGE('',*,*,#2838,.F.);
#1877=ORIENTED_EDGE('',*,*,#2270,.F.);
#1878=ORIENTED_EDGE('',*,*,#2844,.F.);
#1879=ORIENTED_EDGE('',*,*,#2840,.F.);
#1880=ORIENTED_EDGE('',*,*,#2837,.F.);
#1881=ORIENTED_EDGE('',*,*,#2861,.F.);
#1882=ORIENTED_EDGE('',*,*,#2862,.F.);
#1883=ORIENTED_EDGE('',*,*,#2272,.F.);
#1884=ORIENTED_EDGE('',*,*,#2855,.F.);
#1885=ORIENTED_EDGE('',*,*,#2853,.F.);
#1886=ORIENTED_EDGE('',*,*,#2916,.F.);
#1887=ORIENTED_EDGE('',*,*,#2264,.F.);
#1888=ORIENTED_EDGE('',*,*,#2916,.T.);
#1889=ORIENTED_EDGE('',*,*,#2851,.F.);
#1890=ORIENTED_EDGE('',*,*,#2917,.F.);
#1891=ORIENTED_EDGE('',*,*,#2265,.F.);
#1892=ORIENTED_EDGE('',*,*,#2917,.T.);
#1893=ORIENTED_EDGE('',*,*,#2849,.F.);
#1894=ORIENTED_EDGE('',*,*,#2918,.F.);
#1895=ORIENTED_EDGE('',*,*,#2266,.F.);
#1896=ORIENTED_EDGE('',*,*,#2918,.T.);
#1897=ORIENTED_EDGE('',*,*,#2847,.F.);
#1898=ORIENTED_EDGE('',*,*,#2919,.F.);
#1899=ORIENTED_EDGE('',*,*,#2267,.F.);
#1900=ORIENTED_EDGE('',*,*,#2919,.T.);
#1901=ORIENTED_EDGE('',*,*,#2845,.F.);
#1902=ORIENTED_EDGE('',*,*,#2842,.F.);
#1903=ORIENTED_EDGE('',*,*,#2268,.F.);
#1904=ORIENTED_EDGE('',*,*,#2359,.F.);
#1905=ORIENTED_EDGE('',*,*,#2188,.F.);
#1906=ORIENTED_EDGE('',*,*,#2554,.F.);
#1907=ORIENTED_EDGE('',*,*,#2302,.F.);
#1908=ORIENTED_EDGE('',*,*,#2920,.F.);
#1909=ORIENTED_EDGE('',*,*,#2331,.F.);
#1910=ORIENTED_EDGE('',*,*,#2921,.F.);
#1911=ORIENTED_EDGE('',*,*,#2701,.F.);
#1912=ORIENTED_EDGE('',*,*,#2921,.T.);
#1913=ORIENTED_EDGE('',*,*,#2330,.F.);
#1914=ORIENTED_EDGE('',*,*,#2922,.F.);
#1915=ORIENTED_EDGE('',*,*,#2703,.F.);
#1916=ORIENTED_EDGE('',*,*,#2920,.T.);
#1917=ORIENTED_EDGE('',*,*,#2697,.F.);
#1918=ORIENTED_EDGE('',*,*,#2923,.F.);
#1919=ORIENTED_EDGE('',*,*,#2328,.F.);
#1920=ORIENTED_EDGE('',*,*,#2922,.T.);
#1921=ORIENTED_EDGE('',*,*,#2329,.F.);
#1922=ORIENTED_EDGE('',*,*,#2923,.T.);
#1923=ORIENTED_EDGE('',*,*,#2700,.F.);
#1924=ORIENTED_EDGE('',*,*,#2332,.F.);
#1925=ORIENTED_EDGE('',*,*,#2646,.F.);
#1926=ORIENTED_EDGE('',*,*,#2647,.F.);
#1927=ORIENTED_EDGE('',*,*,#2340,.F.);
#1928=ORIENTED_EDGE('',*,*,#2924,.F.);
#1929=ORIENTED_EDGE('',*,*,#2158,.F.);
#1930=ORIENTED_EDGE('',*,*,#2167,.T.);
#1931=ORIENTED_EDGE('',*,*,#2114,.T.);
#1932=ORIENTED_EDGE('',*,*,#2925,.T.);
#1933=ORIENTED_EDGE('',*,*,#2129,.F.);
#1934=ORIENTED_EDGE('',*,*,#2926,.F.);
#1935=ORIENTED_EDGE('',*,*,#2178,.F.);
#1936=ORIENTED_EDGE('',*,*,#2926,.T.);
#1937=ORIENTED_EDGE('',*,*,#2128,.F.);
#1938=ORIENTED_EDGE('',*,*,#2927,.F.);
#1939=ORIENTED_EDGE('',*,*,#2111,.T.);
#1940=ORIENTED_EDGE('',*,*,#2164,.T.);
#1941=ORIENTED_EDGE('',*,*,#2159,.F.);
#1942=ORIENTED_EDGE('',*,*,#2924,.T.);
#1943=ORIENTED_EDGE('',*,*,#2177,.F.);
#1944=ORIENTED_EDGE('',*,*,#2113,.T.);
#1945=ORIENTED_EDGE('',*,*,#2928,.T.);
#1946=ORIENTED_EDGE('',*,*,#2126,.F.);
#1947=ORIENTED_EDGE('',*,*,#2925,.F.);
#1948=ORIENTED_EDGE('',*,*,#2927,.T.);
#1949=ORIENTED_EDGE('',*,*,#2127,.T.);
#1950=ORIENTED_EDGE('',*,*,#2928,.F.);
#1951=ORIENTED_EDGE('',*,*,#2112,.F.);
#1952=ORIENTED_EDGE('',*,*,#2121,.T.);
#1953=ORIENTED_EDGE('',*,*,#2929,.T.);
#1954=ORIENTED_EDGE('',*,*,#2156,.F.);
#1955=ORIENTED_EDGE('',*,*,#2930,.F.);
#1956=ORIENTED_EDGE('',*,*,#2096,.T.);
#1957=ORIENTED_EDGE('',*,*,#2930,.T.);
#1958=ORIENTED_EDGE('',*,*,#2155,.F.);
#1959=ORIENTED_EDGE('',*,*,#2931,.F.);
#1960=ORIENTED_EDGE('',*,*,#2175,.T.);
#1961=ORIENTED_EDGE('',*,*,#2932,.T.);
#1962=ORIENTED_EDGE('',*,*,#2157,.T.);
#1963=ORIENTED_EDGE('',*,*,#2929,.F.);
#1964=ORIENTED_EDGE('',*,*,#2120,.F.);
#1965=ORIENTED_EDGE('',*,*,#2610,.F.);
#1966=ORIENTED_EDGE('',*,*,#2621,.F.);
#1967=ORIENTED_EDGE('',*,*,#2933,.T.);
#1968=ORIENTED_EDGE('',*,*,#2933,.F.);
#1969=ORIENTED_EDGE('',*,*,#2620,.T.);
#1970=ORIENTED_EDGE('',*,*,#2169,.F.);
#1971=ORIENTED_EDGE('',*,*,#2097,.T.);
#1972=ORIENTED_EDGE('',*,*,#2931,.T.);
#1973=ORIENTED_EDGE('',*,*,#2154,.F.);
#1974=ORIENTED_EDGE('',*,*,#2932,.F.);
#1975=ORIENTED_EDGE('',*,*,#2174,.F.);
#1976=ORIENTED_EDGE('',*,*,#2094,.T.);
#1977=ORIENTED_EDGE('',*,*,#2934,.T.);
#1978=ORIENTED_EDGE('',*,*,#2133,.F.);
#1979=ORIENTED_EDGE('',*,*,#2935,.F.);
#1980=ORIENTED_EDGE('',*,*,#2095,.T.);
#1981=ORIENTED_EDGE('',*,*,#2935,.T.);
#1982=ORIENTED_EDGE('',*,*,#2132,.F.);
#1983=ORIENTED_EDGE('',*,*,#2936,.F.);
#1984=ORIENTED_EDGE('',*,*,#2093,.T.);
#1985=ORIENTED_EDGE('',*,*,#2937,.T.);
#1986=ORIENTED_EDGE('',*,*,#2130,.F.);
#1987=ORIENTED_EDGE('',*,*,#2934,.F.);
#1988=ORIENTED_EDGE('',*,*,#2936,.T.);
#1989=ORIENTED_EDGE('',*,*,#2131,.T.);
#1990=ORIENTED_EDGE('',*,*,#2937,.F.);
#1991=ORIENTED_EDGE('',*,*,#2092,.F.);
#1992=ORIENTED_EDGE('',*,*,#2938,.T.);
#1993=ORIENTED_EDGE('',*,*,#2135,.T.);
#1994=ORIENTED_EDGE('',*,*,#2939,.F.);
#1995=ORIENTED_EDGE('',*,*,#2088,.F.);
#1996=ORIENTED_EDGE('',*,*,#2089,.T.);
#1997=ORIENTED_EDGE('',*,*,#2939,.T.);
#1998=ORIENTED_EDGE('',*,*,#2134,.F.);
#1999=ORIENTED_EDGE('',*,*,#2940,.F.);
#2000=ORIENTED_EDGE('',*,*,#2091,.T.);
#2001=ORIENTED_EDGE('',*,*,#2941,.T.);
#2002=ORIENTED_EDGE('',*,*,#2136,.F.);
#2003=ORIENTED_EDGE('',*,*,#2938,.F.);
#2004=ORIENTED_EDGE('',*,*,#2090,.T.);
#2005=ORIENTED_EDGE('',*,*,#2940,.T.);
#2006=ORIENTED_EDGE('',*,*,#2137,.F.);
#2007=ORIENTED_EDGE('',*,*,#2941,.F.);
#2008=ORIENTED_EDGE('',*,*,#2086,.T.);
#2009=ORIENTED_EDGE('',*,*,#2942,.T.);
#2010=ORIENTED_EDGE('',*,*,#2141,.F.);
#2011=ORIENTED_EDGE('',*,*,#2943,.F.);
#2012=ORIENTED_EDGE('',*,*,#2087,.T.);
#2013=ORIENTED_EDGE('',*,*,#2943,.T.);
#2014=ORIENTED_EDGE('',*,*,#2140,.F.);
#2015=ORIENTED_EDGE('',*,*,#2944,.F.);
#2016=ORIENTED_EDGE('',*,*,#2085,.T.);
#2017=ORIENTED_EDGE('',*,*,#2945,.T.);
#2018=ORIENTED_EDGE('',*,*,#2138,.F.);
#2019=ORIENTED_EDGE('',*,*,#2942,.F.);
#2020=ORIENTED_EDGE('',*,*,#2944,.T.);
#2021=ORIENTED_EDGE('',*,*,#2139,.T.);
#2022=ORIENTED_EDGE('',*,*,#2945,.F.);
#2023=ORIENTED_EDGE('',*,*,#2084,.F.);
#2024=ORIENTED_EDGE('',*,*,#2082,.T.);
#2025=ORIENTED_EDGE('',*,*,#2946,.T.);
#2026=ORIENTED_EDGE('',*,*,#2145,.F.);
#2027=ORIENTED_EDGE('',*,*,#2947,.F.);
#2028=ORIENTED_EDGE('',*,*,#2083,.T.);
#2029=ORIENTED_EDGE('',*,*,#2947,.T.);
#2030=ORIENTED_EDGE('',*,*,#2144,.F.);
#2031=ORIENTED_EDGE('',*,*,#2948,.F.);
#2032=ORIENTED_EDGE('',*,*,#2081,.T.);
#2033=ORIENTED_EDGE('',*,*,#2949,.T.);
#2034=ORIENTED_EDGE('',*,*,#2142,.F.);
#2035=ORIENTED_EDGE('',*,*,#2946,.F.);
#2036=ORIENTED_EDGE('',*,*,#2948,.T.);
#2037=ORIENTED_EDGE('',*,*,#2143,.T.);
#2038=ORIENTED_EDGE('',*,*,#2949,.F.);
#2039=ORIENTED_EDGE('',*,*,#2080,.F.);
#2040=ORIENTED_EDGE('',*,*,#2950,.T.);
#2041=ORIENTED_EDGE('',*,*,#2147,.T.);
#2042=ORIENTED_EDGE('',*,*,#2951,.F.);
#2043=ORIENTED_EDGE('',*,*,#2076,.F.);
#2044=ORIENTED_EDGE('',*,*,#2077,.T.);
#2045=ORIENTED_EDGE('',*,*,#2951,.T.);
#2046=ORIENTED_EDGE('',*,*,#2146,.F.);
#2047=ORIENTED_EDGE('',*,*,#2952,.F.);
#2048=ORIENTED_EDGE('',*,*,#2079,.T.);
#2049=ORIENTED_EDGE('',*,*,#2953,.T.);
#2050=ORIENTED_EDGE('',*,*,#2148,.F.);
#2051=ORIENTED_EDGE('',*,*,#2950,.F.);
#2052=ORIENTED_EDGE('',*,*,#2078,.T.);
#2053=ORIENTED_EDGE('',*,*,#2952,.T.);
#2054=ORIENTED_EDGE('',*,*,#2149,.F.);
#2055=ORIENTED_EDGE('',*,*,#2953,.F.);
#2056=ORIENTED_EDGE('',*,*,#2074,.T.);
#2057=ORIENTED_EDGE('',*,*,#2954,.T.);
#2058=ORIENTED_EDGE('',*,*,#2153,.F.);
#2059=ORIENTED_EDGE('',*,*,#2955,.F.);
#2060=ORIENTED_EDGE('',*,*,#2075,.T.);
#2061=ORIENTED_EDGE('',*,*,#2955,.T.);
#2062=ORIENTED_EDGE('',*,*,#2152,.F.);
#2063=ORIENTED_EDGE('',*,*,#2956,.F.);
#2064=ORIENTED_EDGE('',*,*,#2073,.T.);
#2065=ORIENTED_EDGE('',*,*,#2957,.T.);
#2066=ORIENTED_EDGE('',*,*,#2150,.F.);
#2067=ORIENTED_EDGE('',*,*,#2954,.F.);
#2068=ORIENTED_EDGE('',*,*,#2956,.T.);
#2069=ORIENTED_EDGE('',*,*,#2151,.T.);
#2070=ORIENTED_EDGE('',*,*,#2957,.F.);
#2071=ORIENTED_EDGE('',*,*,#2072,.F.);
#2072=EDGE_CURVE('',#2958,#2959,#3540,.T.);
#2073=EDGE_CURVE('',#2960,#2959,#162,.T.);
#2074=EDGE_CURVE('',#2961,#2960,#3541,.T.);
#2075=EDGE_CURVE('',#2958,#2961,#163,.T.);
#2076=EDGE_CURVE('',#2962,#2963,#3542,.T.);
#2077=EDGE_CURVE('',#2964,#2963,#164,.T.);
#2078=EDGE_CURVE('',#2965,#2964,#3543,.T.);
#2079=EDGE_CURVE('',#2962,#2965,#165,.T.);
#2080=EDGE_CURVE('',#2966,#2967,#3544,.T.);
#2081=EDGE_CURVE('',#2968,#2967,#166,.T.);
#2082=EDGE_CURVE('',#2969,#2968,#3545,.T.);
#2083=EDGE_CURVE('',#2966,#2969,#167,.T.);
#2084=EDGE_CURVE('',#2970,#2971,#3546,.T.);
#2085=EDGE_CURVE('',#2972,#2971,#168,.T.);
#2086=EDGE_CURVE('',#2973,#2972,#3547,.T.);
#2087=EDGE_CURVE('',#2970,#2973,#169,.T.);
#2088=EDGE_CURVE('',#2974,#2975,#3548,.T.);
#2089=EDGE_CURVE('',#2976,#2975,#170,.T.);
#2090=EDGE_CURVE('',#2977,#2976,#3549,.T.);
#2091=EDGE_CURVE('',#2974,#2977,#171,.T.);
#2092=EDGE_CURVE('',#2978,#2979,#3550,.T.);
#2093=EDGE_CURVE('',#2980,#2979,#172,.T.);
#2094=EDGE_CURVE('',#2981,#2980,#3551,.T.);
#2095=EDGE_CURVE('',#2978,#2981,#173,.T.);
#2096=EDGE_CURVE('',#2982,#2983,#3552,.T.);
#2097=EDGE_CURVE('',#2984,#2982,#174,.T.);
#2098=EDGE_CURVE('',#2985,#2984,#3553,.T.);
#2099=EDGE_CURVE('',#2985,#2986,#3554,.T.);
#2100=EDGE_CURVE('',#2987,#2986,#3555,.F.);
#2101=EDGE_CURVE('',#2988,#2987,#3556,.T.);
#2102=EDGE_CURVE('',#2988,#2989,#3557,.T.);
#2103=EDGE_CURVE('',#2989,#2990,#3558,.T.);
#2104=EDGE_CURVE('',#2991,#2990,#3559,.T.);
#2105=EDGE_CURVE('',#2992,#2991,#3560,.T.);
#2106=EDGE_CURVE('',#2992,#2993,#3561,.T.);
#2107=EDGE_CURVE('',#2993,#2994,#3562,.T.);
#2108=EDGE_CURVE('',#2994,#2995,#3563,.T.);
#2109=EDGE_CURVE('',#2995,#2996,#3564,.T.);
#2110=EDGE_CURVE('',#2996,#2997,#3565,.T.);
#2111=EDGE_CURVE('',#2998,#2997,#175,.T.);
#2112=EDGE_CURVE('',#2998,#2999,#3566,.T.);
#2113=EDGE_CURVE('',#3000,#2999,#176,.T.);
#2114=EDGE_CURVE('',#3001,#3000,#3567,.T.);
#2115=EDGE_CURVE('',#3001,#3002,#3568,.T.);
#2116=EDGE_CURVE('',#3003,#3002,#3569,.T.);
#2117=EDGE_CURVE('',#3003,#3004,#3570,.T.);
#2118=EDGE_CURVE('',#3004,#3005,#3571,.T.);
#2119=EDGE_CURVE('',#3005,#3006,#3572,.T.);
#2120=EDGE_CURVE('',#3006,#3007,#3573,.T.);
#2121=EDGE_CURVE('',#2983,#3007,#177,.T.);
#2122=EDGE_CURVE('',#3008,#3009,#3574,.T.);
#2123=EDGE_CURVE('',#3009,#3010,#3575,.F.);
#2124=EDGE_CURVE('',#3010,#3011,#3576,.F.);
#2125=EDGE_CURVE('',#3011,#3008,#3577,.T.);
#2126=EDGE_CURVE('',#3012,#3013,#178,.T.);
#2127=EDGE_CURVE('',#3014,#3013,#3578,.T.);
#2128=EDGE_CURVE('',#3014,#3015,#179,.T.);
#2129=EDGE_CURVE('',#3015,#3012,#3579,.T.);
#2130=EDGE_CURVE('',#3016,#3017,#180,.T.);
#2131=EDGE_CURVE('',#3018,#3017,#3580,.T.);
#2132=EDGE_CURVE('',#3018,#3019,#181,.T.);
#2133=EDGE_CURVE('',#3019,#3016,#3581,.T.);
#2134=EDGE_CURVE('',#3020,#3021,#182,.T.);
#2135=EDGE_CURVE('',#3022,#3021,#3582,.T.);
#2136=EDGE_CURVE('',#3022,#3023,#183,.T.);
#2137=EDGE_CURVE('',#3023,#3020,#3583,.T.);
#2138=EDGE_CURVE('',#3024,#3025,#184,.T.);
#2139=EDGE_CURVE('',#3026,#3025,#3584,.T.);
#2140=EDGE_CURVE('',#3026,#3027,#185,.T.);
#2141=EDGE_CURVE('',#3027,#3024,#3585,.T.);
#2142=EDGE_CURVE('',#3028,#3029,#186,.T.);
#2143=EDGE_CURVE('',#3030,#3029,#3586,.T.);
#2144=EDGE_CURVE('',#3030,#3031,#187,.T.);
#2145=EDGE_CURVE('',#3031,#3028,#3587,.T.);
#2146=EDGE_CURVE('',#3032,#3033,#188,.T.);
#2147=EDGE_CURVE('',#3034,#3033,#3588,.T.);
#2148=EDGE_CURVE('',#3034,#3035,#189,.T.);
#2149=EDGE_CURVE('',#3035,#3032,#3589,.T.);
#2150=EDGE_CURVE('',#3036,#3037,#190,.T.);
#2151=EDGE_CURVE('',#3038,#3037,#3590,.T.);
#2152=EDGE_CURVE('',#3038,#3039,#191,.T.);
#2153=EDGE_CURVE('',#3039,#3036,#3591,.T.);
#2154=EDGE_CURVE('',#3040,#3041,#192,.T.);
#2155=EDGE_CURVE('',#3041,#3042,#3592,.T.);
#2156=EDGE_CURVE('',#3042,#3043,#193,.T.);
#2157=EDGE_CURVE('',#3040,#3043,#3593,.T.);
#2158=EDGE_CURVE('',#3044,#3045,#3594,.T.);
#2159=EDGE_CURVE('',#3045,#3046,#194,.T.);
#2160=EDGE_CURVE('',#3047,#3046,#3595,.T.);
#2161=EDGE_CURVE('',#3048,#3047,#3596,.T.);
#2162=EDGE_CURVE('',#3048,#3049,#3597,.T.);
#2163=EDGE_CURVE('',#3049,#3044,#3598,.T.);
#2164=EDGE_CURVE('',#2997,#3046,#3599,.F.);
#2165=EDGE_CURVE('',#2996,#3050,#3600,.T.);
#2166=EDGE_CURVE('',#3050,#3047,#3601,.T.);
#2167=EDGE_CURVE('',#3044,#3001,#3602,.T.);
#2168=EDGE_CURVE('',#3002,#3049,#3603,.T.);
#2169=EDGE_CURVE('',#2984,#3051,#3604,.F.);
#2170=EDGE_CURVE('',#3052,#3051,#3605,.T.);
#2171=EDGE_CURVE('',#3053,#3052,#3606,.F.);
#2172=EDGE_CURVE('',#2985,#3053,#3607,.T.);
#2173=EDGE_CURVE('',#3054,#3054,#195,.T.);
#2174=EDGE_CURVE('',#3055,#3056,#72,.T.);
#2175=EDGE_CURVE('',#3055,#3056,#196,.T.);
#2176=EDGE_CURVE('',#3057,#3057,#197,.T.);
#2177=EDGE_CURVE('',#3058,#3059,#73,.T.);
#2178=EDGE_CURVE('',#3059,#3058,#198,.T.);
#2179=EDGE_CURVE('',#3060,#3060,#199,.F.);
#2180=EDGE_CURVE('',#3011,#3061,#200,.T.);
#2181=EDGE_CURVE('',#3062,#3061,#3608,.T.);
#2182=EDGE_CURVE('',#3062,#3063,#201,.T.);
#2183=EDGE_CURVE('',#3063,#3064,#3609,.T.);
#2184=EDGE_CURVE('',#3064,#3065,#202,.T.);
#2185=EDGE_CURVE('',#3065,#3066,#3610,.T.);
#2186=EDGE_CURVE('',#3066,#3008,#203,.T.);
#2187=EDGE_CURVE('',#3067,#3068,#3611,.T.);
#2188=EDGE_CURVE('',#3067,#3069,#3612,.T.);
#2189=EDGE_CURVE('',#3069,#3070,#3613,.T.);
#2190=EDGE_CURVE('',#3071,#3070,#3614,.T.);
#2191=EDGE_CURVE('',#3071,#3072,#204,.T.);
#2192=EDGE_CURVE('',#3072,#2991,#3615,.T.);
#2193=EDGE_CURVE('',#3073,#2990,#3616,.T.);
#2194=EDGE_CURVE('',#3073,#3074,#205,.T.);
#2195=EDGE_CURVE('',#3074,#3068,#3617,.T.);
#2196=EDGE_CURVE('',#3075,#3075,#206,.T.);
#2197=EDGE_CURVE('',#3076,#3077,#3618,.T.);
#2198=EDGE_CURVE('',#3077,#3078,#3619,.T.);
#2199=EDGE_CURVE('',#3078,#3079,#3620,.T.);
#2200=EDGE_CURVE('',#3080,#3079,#3621,.T.);
#2201=EDGE_CURVE('',#3081,#3080,#207,.T.);
#2202=EDGE_CURVE('',#3081,#3082,#3622,.T.);
#2203=EDGE_CURVE('',#3083,#3082,#208,.T.);
#2204=EDGE_CURVE('',#3084,#3083,#3623,.T.);
#2205=EDGE_CURVE('',#3085,#3084,#3624,.T.);
#2206=EDGE_CURVE('',#3086,#3085,#3625,.T.);
#2207=EDGE_CURVE('',#3087,#3086,#3626,.T.);
#2208=EDGE_CURVE('',#3076,#3087,#3627,.T.);
#2209=EDGE_CURVE('',#3088,#3089,#3628,.T.);
#2210=EDGE_CURVE('',#3088,#3090,#209,.F.);
#2211=EDGE_CURVE('',#3090,#3091,#3629,.T.);
#2212=EDGE_CURVE('',#3091,#3092,#210,.F.);
#2213=EDGE_CURVE('',#3093,#3092,#3630,.T.);
#2214=EDGE_CURVE('',#3093,#3094,#211,.F.);
#2215=EDGE_CURVE('',#3095,#3094,#3631,.T.);
#2216=EDGE_CURVE('',#3095,#3096,#212,.F.);
#2217=EDGE_CURVE('',#3096,#3097,#3632,.T.);
#2218=EDGE_CURVE('',#3097,#3089,#213,.F.);
#2219=EDGE_CURVE('',#3098,#3098,#214,.T.);
#2220=EDGE_CURVE('',#3099,#3100,#3633,.T.);
#2221=EDGE_CURVE('',#3099,#3101,#215,.F.);
#2222=EDGE_CURVE('',#3101,#3102,#3634,.T.);
#2223=EDGE_CURVE('',#3102,#3103,#216,.F.);
#2224=EDGE_CURVE('',#3103,#3104,#3635,.T.);
#2225=EDGE_CURVE('',#3104,#3105,#217,.F.);
#2226=EDGE_CURVE('',#3106,#3105,#3636,.T.);
#2227=EDGE_CURVE('',#3106,#3100,#218,.F.);
#2228=EDGE_CURVE('',#3107,#3108,#3637,.T.);
#2229=EDGE_CURVE('',#3107,#3109,#219,.F.);
#2230=EDGE_CURVE('',#3109,#3110,#3638,.T.);
#2231=EDGE_CURVE('',#3110,#3111,#220,.F.);
#2232=EDGE_CURVE('',#3111,#3112,#3639,.T.);
#2233=EDGE_CURVE('',#3112,#3113,#221,.F.);
#2234=EDGE_CURVE('',#3114,#3113,#3640,.T.);
#2235=EDGE_CURVE('',#3114,#3108,#222,.F.);
#2236=EDGE_CURVE('',#3063,#3115,#3641,.T.);
#2237=EDGE_CURVE('',#3115,#3116,#3642,.F.);
#2238=EDGE_CURVE('',#3116,#3064,#3643,.F.);
#2239=EDGE_CURVE('',#3117,#3118,#3644,.T.);
#2240=EDGE_CURVE('',#3117,#3119,#223,.T.);
#2241=EDGE_CURVE('',#3119,#3120,#224,.T.);
#2242=EDGE_CURVE('',#3120,#3121,#3645,.T.);
#2243=EDGE_CURVE('',#3121,#3122,#225,.T.);
#2244=EDGE_CURVE('',#3122,#3123,#3646,.T.);
#2245=EDGE_CURVE('',#3123,#3124,#226,.F.);
#2246=EDGE_CURVE('',#3124,#3125,#3647,.T.);
#2247=EDGE_CURVE('',#3125,#3126,#227,.F.);
#2248=EDGE_CURVE('',#3127,#3126,#3648,.T.);
#2249=EDGE_CURVE('',#3127,#3118,#228,.F.);
#2250=EDGE_CURVE('',#3128,#3129,#3649,.T.);
#2251=EDGE_CURVE('',#3130,#3128,#3650,.T.);
#2252=EDGE_CURVE('',#3130,#3131,#3651,.T.);
#2253=EDGE_CURVE('',#3131,#3132,#3652,.T.);
#2254=EDGE_CURVE('',#3132,#3133,#3653,.T.);
#2255=EDGE_CURVE('',#3134,#3133,#3654,.T.);
#2256=EDGE_CURVE('',#3134,#3135,#229,.F.);
#2257=EDGE_CURVE('',#3135,#3136,#3655,.T.);
#2258=EDGE_CURVE('',#3137,#3136,#230,.T.);
#2259=EDGE_CURVE('',#3138,#3137,#3656,.T.);
#2260=EDGE_CURVE('',#3139,#3138,#3657,.T.);
#2261=EDGE_CURVE('',#3129,#3139,#3658,.T.);
#2262=EDGE_CURVE('',#3140,#3141,#3659,.T.);
#2263=EDGE_CURVE('',#3141,#3142,#3660,.T.);
#2264=EDGE_CURVE('',#3142,#3143,#3661,.T.);
#2265=EDGE_CURVE('',#3143,#3144,#231,.T.);
#2266=EDGE_CURVE('',#3144,#3145,#3662,.T.);
#2267=EDGE_CURVE('',#3145,#3146,#232,.T.);
#2268=EDGE_CURVE('',#3146,#3147,#3663,.T.);
#2269=EDGE_CURVE('',#3148,#3147,#3664,.T.);
#2270=EDGE_CURVE('',#3148,#3149,#3665,.T.);
#2271=EDGE_CURVE('',#3150,#3149,#3666,.T.);
#2272=EDGE_CURVE('',#3150,#3151,#3667,.T.);
#2273=EDGE_CURVE('',#3151,#3140,#3668,.T.);
#2274=EDGE_CURVE('',#3152,#3153,#233,.F.);
#2275=EDGE_CURVE('',#3153,#3154,#234,.F.);
#2276=EDGE_CURVE('',#3155,#3154,#3669,.T.);
#2277=EDGE_CURVE('',#3155,#3156,#235,.T.);
#2278=EDGE_CURVE('',#3157,#3156,#3670,.T.);
#2279=EDGE_CURVE('',#3157,#3158,#236,.T.);
#2280=EDGE_CURVE('',#3158,#3159,#3671,.T.);
#2281=EDGE_CURVE('',#3159,#3160,#237,.T.);
#2282=EDGE_CURVE('',#3160,#3161,#3672,.T.);
#2283=EDGE_CURVE('',#3161,#3162,#238,.T.);
#2284=EDGE_CURVE('',#3162,#3152,#3673,.T.);
#2285=EDGE_CURVE('',#3163,#3164,#3674,.T.);
#2286=EDGE_CURVE('',#3164,#3165,#239,.T.);
#2287=EDGE_CURVE('',#3165,#3166,#3675,.T.);
#2288=EDGE_CURVE('',#3166,#3167,#240,.T.);
#2289=EDGE_CURVE('',#3168,#3167,#3676,.T.);
#2290=EDGE_CURVE('',#3168,#3169,#241,.T.);
#2291=EDGE_CURVE('',#3170,#3169,#3677,.T.);
#2292=EDGE_CURVE('',#3170,#3163,#242,.T.);
#2293=EDGE_CURVE('',#3171,#3172,#3678,.T.);
#2294=EDGE_CURVE('',#3172,#3173,#243,.T.);
#2295=EDGE_CURVE('',#3173,#3174,#3679,.T.);
#2296=EDGE_CURVE('',#3174,#3175,#244,.T.);
#2297=EDGE_CURVE('',#3176,#3175,#3680,.T.);
#2298=EDGE_CURVE('',#3176,#3177,#245,.T.);
#2299=EDGE_CURVE('',#3178,#3177,#3681,.T.);
#2300=EDGE_CURVE('',#3178,#3171,#246,.T.);
#2301=EDGE_CURVE('',#3179,#3180,#3682,.T.);
#2302=EDGE_CURVE('',#3179,#3181,#3683,.T.);
#2303=EDGE_CURVE('',#3181,#3182,#3684,.T.);
#2304=EDGE_CURVE('',#3180,#3182,#3685,.F.);
#2305=EDGE_CURVE('',#3183,#3183,#247,.F.);
#2306=EDGE_CURVE('',#3184,#3185,#3686,.T.);
#2307=EDGE_CURVE('',#3184,#3186,#248,.T.);
#2308=EDGE_CURVE('',#3186,#3187,#3687,.T.);
#2309=EDGE_CURVE('',#3187,#3188,#249,.T.);
#2310=EDGE_CURVE('',#3189,#3188,#3688,.T.);
#2311=EDGE_CURVE('',#3189,#3190,#250,.T.);
#2312=EDGE_CURVE('',#3190,#3191,#3689,.T.);
#2313=EDGE_CURVE('',#3191,#3192,#251,.T.);
#2314=EDGE_CURVE('',#3193,#3192,#3690,.T.);
#2315=EDGE_CURVE('',#3193,#3185,#252,.T.);
#2316=EDGE_CURVE('',#3194,#3195,#3691,.T.);
#2317=EDGE_CURVE('',#3194,#3196,#3692,.T.);
#2318=EDGE_CURVE('',#3197,#3196,#3693,.T.);
#2319=EDGE_CURVE('',#3197,#3198,#3694,.T.);
#2320=EDGE_CURVE('',#3198,#3199,#3695,.T.);
#2321=EDGE_CURVE('',#3199,#3200,#3696,.T.);
#2322=EDGE_CURVE('',#3200,#3201,#3697,.T.);
#2323=EDGE_CURVE('',#3201,#3202,#3698,.T.);
#2324=EDGE_CURVE('',#3202,#3203,#253,.T.);
#2325=EDGE_CURVE('',#3203,#3204,#3699,.T.);
#2326=EDGE_CURVE('',#3204,#3205,#254,.T.);
#2327=EDGE_CURVE('',#3205,#3195,#3700,.T.);
#2328=EDGE_CURVE('',#3206,#3207,#255,.F.);
#2329=EDGE_CURVE('',#3207,#3208,#3701,.T.);
#2330=EDGE_CURVE('',#3208,#3209,#256,.F.);
#2331=EDGE_CURVE('',#3209,#3206,#3702,.T.);
#2332=EDGE_CURVE('',#3210,#3210,#257,.F.);
#2333=EDGE_CURVE('',#3065,#3211,#3703,.T.);
#2334=EDGE_CURVE('',#3211,#3212,#3704,.F.);
#2335=EDGE_CURVE('',#3212,#3213,#3705,.F.);
#2336=EDGE_CURVE('',#3214,#3213,#3706,.T.);
#2337=EDGE_CURVE('',#3215,#3214,#3707,.T.);
#2338=EDGE_CURVE('',#3215,#3216,#3708,.T.);
#2339=EDGE_CURVE('',#3216,#3066,#3709,.F.);
#2340=EDGE_CURVE('',#3217,#3217,#258,.T.);
#2341=EDGE_CURVE('',#3218,#3219,#3710,.T.);
#2342=EDGE_CURVE('',#3219,#3220,#3711,.F.);
#2343=EDGE_CURVE('',#3220,#3062,#3712,.F.);
#2344=EDGE_CURVE('',#3061,#3221,#3713,.T.);
#2345=EDGE_CURVE('',#3222,#3221,#3714,.T.);
#2346=EDGE_CURVE('',#3222,#3223,#3715,.T.);
#2347=EDGE_CURVE('',#3223,#3218,#3716,.T.);
#2348=EDGE_CURVE('',#3224,#3225,#3717,.T.);
#2349=EDGE_CURVE('',#3224,#3226,#3718,.T.);
#2350=EDGE_CURVE('',#3226,#3227,#3719,.T.);
#2351=EDGE_CURVE('',#3225,#3227,#3720,.T.);
#2352=EDGE_CURVE('',#3228,#3229,#3721,.T.);
#2353=EDGE_CURVE('',#3228,#3230,#3722,.T.);
#2354=EDGE_CURVE('',#3230,#3231,#3723,.T.);
#2355=EDGE_CURVE('',#3229,#3231,#3724,.T.);
#2356=EDGE_CURVE('',#3232,#3232,#259,.F.);
#2357=EDGE_CURVE('',#2993,#3233,#3725,.T.);
#2358=EDGE_CURVE('',#3233,#3070,#3726,.T.);
#2359=EDGE_CURVE('',#3069,#3179,#3727,.T.);
#2360=EDGE_CURVE('',#3180,#3234,#3728,.F.);
#2361=EDGE_CURVE('',#3234,#2994,#3729,.T.);
#2362=EDGE_CURVE('',#3235,#3236,#3730,.T.);
#2363=EDGE_CURVE('',#3237,#3236,#3731,.T.);
#2364=EDGE_CURVE('',#3238,#3237,#3732,.T.);
#2365=EDGE_CURVE('',#3235,#3238,#3733,.T.);
#2366=EDGE_CURVE('',#3239,#3240,#3734,.T.);
#2367=EDGE_CURVE('',#3241,#3239,#3735,.T.);
#2368=EDGE_CURVE('',#3242,#3241,#3736,.T.);
#2369=EDGE_CURVE('',#3242,#3240,#3737,.T.);
#2370=EDGE_CURVE('',#3243,#3244,#3738,.T.);
#2371=EDGE_CURVE('',#3245,#3243,#3739,.T.);
#2372=EDGE_CURVE('',#3246,#3245,#3740,.T.);
#2373=EDGE_CURVE('',#3246,#3244,#3741,.T.);
#2374=EDGE_CURVE('',#3247,#3248,#3742,.T.);
#2375=EDGE_CURVE('',#3249,#3247,#3743,.T.);
#2376=EDGE_CURVE('',#3250,#3249,#3744,.T.);
#2377=EDGE_CURVE('',#3250,#3248,#3745,.T.);
#2378=EDGE_CURVE('',#3251,#3252,#3746,.T.);
#2379=EDGE_CURVE('',#3253,#3251,#3747,.T.);
#2380=EDGE_CURVE('',#3254,#3253,#3748,.T.);
#2381=EDGE_CURVE('',#3254,#3252,#3749,.T.);
#2382=EDGE_CURVE('',#3255,#3256,#3750,.T.);
#2383=EDGE_CURVE('',#3256,#3048,#3751,.T.);
#2384=EDGE_CURVE('',#3050,#2995,#3752,.T.);
#2385=EDGE_CURVE('',#3257,#3234,#3753,.F.);
#2386=EDGE_CURVE('',#3257,#3258,#3754,.T.);
#2387=EDGE_CURVE('',#3258,#3255,#3755,.T.);
#2388=EDGE_CURVE('',#3259,#3260,#3756,.T.);
#2389=EDGE_CURVE('',#3261,#3260,#3757,.T.);
#2390=EDGE_CURVE('',#3259,#3261,#3758,.T.);
#2391=EDGE_CURVE('',#3262,#3263,#3759,.T.);
#2392=EDGE_CURVE('',#3264,#3263,#3760,.T.);
#2393=EDGE_CURVE('',#3265,#3264,#3761,.T.);
#2394=EDGE_CURVE('',#3265,#3262,#3762,.T.);
#2395=EDGE_CURVE('',#3266,#3267,#3763,.T.);
#2396=EDGE_CURVE('',#3268,#3266,#3764,.T.);
#2397=EDGE_CURVE('',#3269,#3268,#3765,.T.);
#2398=EDGE_CURVE('',#3269,#3267,#3766,.T.);
#2399=EDGE_CURVE('',#3270,#3271,#3767,.T.);
#2400=EDGE_CURVE('',#3272,#3271,#3768,.T.);
#2401=EDGE_CURVE('',#3273,#3272,#3769,.T.);
#2402=EDGE_CURVE('',#3270,#3273,#3770,.T.);
#2403=EDGE_CURVE('',#3274,#3275,#3771,.F.);
#2404=EDGE_CURVE('',#3275,#3276,#32,.T.);
#2405=EDGE_CURVE('',#3276,#3277,#3772,.T.);
#2406=EDGE_CURVE('',#3277,#3278,#33,.T.);
#2407=EDGE_CURVE('',#3278,#3279,#3773,.F.);
#2408=EDGE_CURVE('',#3279,#3274,#3774,.T.);
#2409=EDGE_CURVE('',#3280,#3281,#3775,.T.);
#2410=EDGE_CURVE('',#3282,#3280,#3776,.T.);
#2411=EDGE_CURVE('',#3282,#3283,#3777,.T.);
#2412=EDGE_CURVE('',#3281,#3283,#3778,.T.);
#2413=EDGE_CURVE('',#3284,#3285,#3779,.T.);
#2414=EDGE_CURVE('',#3284,#3286,#3780,.T.);
#2415=EDGE_CURVE('',#3286,#3287,#3781,.T.);
#2416=EDGE_CURVE('',#3285,#3287,#3782,.T.);
#2417=EDGE_CURVE('',#3288,#3289,#3783,.T.);
#2418=EDGE_CURVE('',#3290,#3288,#3784,.T.);
#2419=EDGE_CURVE('',#3290,#3291,#3785,.T.);
#2420=EDGE_CURVE('',#3289,#3291,#3786,.T.);
#2421=EDGE_CURVE('',#3292,#3293,#3787,.T.);
#2422=EDGE_CURVE('',#3294,#3292,#3788,.T.);
#2423=EDGE_CURVE('',#3294,#3295,#3789,.T.);
#2424=EDGE_CURVE('',#3293,#3295,#3790,.T.);
#2425=EDGE_CURVE('',#3296,#3297,#3791,.T.);
#2426=EDGE_CURVE('',#3298,#3296,#3792,.T.);
#2427=EDGE_CURVE('',#3298,#3299,#3793,.T.);
#2428=EDGE_CURVE('',#3297,#3299,#3794,.T.);
#2429=EDGE_CURVE('',#3300,#3301,#3795,.T.);
#2430=EDGE_CURVE('',#3302,#3300,#3796,.T.);
#2431=EDGE_CURVE('',#3302,#3303,#3797,.T.);
#2432=EDGE_CURVE('',#3301,#3303,#3798,.T.);
#2433=EDGE_CURVE('',#3304,#3305,#3799,.T.);
#2434=EDGE_CURVE('',#3304,#3306,#3800,.T.);
#2435=EDGE_CURVE('',#3305,#3306,#3801,.T.);
#2436=EDGE_CURVE('',#3307,#3308,#3802,.T.);
#2437=EDGE_CURVE('',#3307,#3309,#3803,.T.);
#2438=EDGE_CURVE('',#3310,#3309,#3804,.T.);
#2439=EDGE_CURVE('',#3308,#3310,#3805,.T.);
#2440=EDGE_CURVE('',#3311,#3312,#3806,.T.);
#2441=EDGE_CURVE('',#3311,#3313,#3807,.T.);
#2442=EDGE_CURVE('',#3314,#3313,#3808,.T.);
#2443=EDGE_CURVE('',#3312,#3314,#3809,.T.);
#2444=EDGE_CURVE('',#3315,#3316,#3810,.F.);
#2445=EDGE_CURVE('',#3316,#3317,#3811,.F.);
#2446=EDGE_CURVE('',#3318,#3317,#3812,.F.);
#2447=EDGE_CURVE('',#3315,#3318,#3813,.F.);
#2448=EDGE_CURVE('',#3319,#3320,#3814,.F.);
#2449=EDGE_CURVE('',#3320,#3321,#3815,.F.);
#2450=EDGE_CURVE('',#3321,#3322,#3816,.F.);
#2451=EDGE_CURVE('',#3319,#3322,#3817,.F.);
#2452=EDGE_CURVE('',#3323,#3324,#3818,.F.);
#2453=EDGE_CURVE('',#3324,#3325,#3819,.F.);
#2454=EDGE_CURVE('',#3323,#3325,#3820,.F.);
#2455=EDGE_CURVE('',#3053,#2986,#3821,.F.);
#2456=EDGE_CURVE('',#3326,#3052,#3822,.F.);
#2457=EDGE_CURVE('',#3327,#3326,#3823,.F.);
#2458=EDGE_CURVE('',#3328,#3327,#3824,.F.);
#2459=EDGE_CURVE('',#3328,#3329,#3825,.F.);
#2460=EDGE_CURVE('',#3329,#3330,#3826,.F.);
#2461=EDGE_CURVE('',#3330,#3331,#3827,.T.);
#2462=EDGE_CURVE('',#3331,#2987,#3828,.F.);
#2463=EDGE_CURVE('',#3332,#3333,#3829,.F.);
#2464=EDGE_CURVE('',#3334,#3333,#3830,.F.);
#2465=EDGE_CURVE('',#3332,#3334,#3831,.F.);
#2466=EDGE_CURVE('',#3335,#3336,#3832,.F.);
#2467=EDGE_CURVE('',#3336,#3337,#3833,.F.);
#2468=EDGE_CURVE('',#3337,#3338,#3834,.F.);
#2469=EDGE_CURVE('',#3335,#3338,#3835,.F.);
#2470=EDGE_CURVE('',#3339,#3340,#3836,.F.);
#2471=EDGE_CURVE('',#3340,#3341,#3837,.F.);
#2472=EDGE_CURVE('',#3342,#3341,#3838,.F.);
#2473=EDGE_CURVE('',#3339,#3342,#3839,.F.);
#2474=EDGE_CURVE('',#3343,#3344,#3840,.F.);
#2475=EDGE_CURVE('',#3345,#3343,#3841,.F.);
#2476=EDGE_CURVE('',#3346,#3345,#3842,.F.);
#2477=EDGE_CURVE('',#3346,#3347,#3843,.F.);
#2478=EDGE_CURVE('',#3347,#3344,#3844,.F.);
#2479=EDGE_CURVE('',#3348,#3349,#3845,.F.);
#2480=EDGE_CURVE('',#3349,#3350,#3846,.F.);
#2481=EDGE_CURVE('',#3350,#3351,#3847,.F.);
#2482=EDGE_CURVE('',#3348,#3351,#3848,.F.);
#2483=EDGE_CURVE('',#3352,#3353,#3849,.T.);
#2484=EDGE_CURVE('',#3353,#3354,#34,.F.);
#2485=EDGE_CURVE('',#3354,#3355,#3850,.F.);
#2486=EDGE_CURVE('',#3355,#3356,#35,.F.);
#2487=EDGE_CURVE('',#3356,#3357,#3851,.T.);
#2488=EDGE_CURVE('',#3357,#3352,#3852,.F.);
#2489=EDGE_CURVE('',#3358,#3359,#3853,.T.);
#2490=EDGE_CURVE('',#3360,#3358,#3854,.T.);
#2491=EDGE_CURVE('',#3360,#3361,#3855,.T.);
#2492=EDGE_CURVE('',#3361,#3362,#3856,.T.);
#2493=EDGE_CURVE('',#3359,#3362,#3857,.T.);
#2494=EDGE_CURVE('',#3363,#3364,#3858,.T.);
#2495=EDGE_CURVE('',#3363,#3365,#3859,.T.);
#2496=EDGE_CURVE('',#3364,#3365,#3860,.T.);
#2497=EDGE_CURVE('',#3366,#3367,#3861,.T.);
#2498=EDGE_CURVE('',#3367,#3368,#3862,.T.);
#2499=EDGE_CURVE('',#3366,#3368,#3863,.T.);
#2500=EDGE_CURVE('',#3369,#3370,#3864,.T.);
#2501=EDGE_CURVE('',#3370,#3371,#3865,.T.);
#2502=EDGE_CURVE('',#3372,#3371,#3866,.T.);
#2503=EDGE_CURVE('',#3372,#3369,#3867,.T.);
#2504=EDGE_CURVE('',#3373,#3374,#3868,.T.);
#2505=EDGE_CURVE('',#3374,#3375,#3869,.T.);
#2506=EDGE_CURVE('',#3376,#3375,#3870,.T.);
#2507=EDGE_CURVE('',#3376,#3373,#3871,.T.);
#2508=EDGE_CURVE('',#3377,#3378,#3872,.T.);
#2509=EDGE_CURVE('',#3378,#3379,#3873,.T.);
#2510=EDGE_CURVE('',#3380,#3379,#3874,.T.);
#2511=EDGE_CURVE('',#3377,#3380,#3875,.T.);
#2512=EDGE_CURVE('',#3381,#3382,#3876,.T.);
#2513=EDGE_CURVE('',#3382,#3383,#3877,.T.);
#2514=EDGE_CURVE('',#3384,#3383,#3878,.T.);
#2515=EDGE_CURVE('',#3381,#3384,#3879,.T.);
#2516=EDGE_CURVE('',#3385,#3386,#3880,.T.);
#2517=EDGE_CURVE('',#3386,#3387,#3881,.T.);
#2518=EDGE_CURVE('',#3388,#3387,#3882,.T.);
#2519=EDGE_CURVE('',#3388,#3385,#3883,.T.);
#2520=EDGE_CURVE('',#3004,#3327,#3884,.T.);
#2521=EDGE_CURVE('',#3003,#3256,#3885,.T.);
#2522=EDGE_CURVE('',#3255,#3389,#3886,.T.);
#2523=EDGE_CURVE('',#3389,#3390,#3887,.T.);
#2524=EDGE_CURVE('',#3390,#3328,#3888,.T.);
#2525=EDGE_CURVE('',#3330,#3257,#3889,.F.);
#2526=EDGE_CURVE('',#3182,#3331,#3890,.F.);
#2527=EDGE_CURVE('',#3391,#3392,#3891,.F.);
#2528=EDGE_CURVE('',#3392,#3393,#36,.F.);
#2529=EDGE_CURVE('',#3393,#3394,#3892,.F.);
#2530=EDGE_CURVE('',#3394,#3395,#3893,.F.);
#2531=EDGE_CURVE('',#3395,#3396,#3894,.F.);
#2532=EDGE_CURVE('',#3396,#3391,#37,.F.);
#2533=EDGE_CURVE('',#3397,#3398,#3895,.T.);
#2534=EDGE_CURVE('',#3398,#3399,#38,.T.);
#2535=EDGE_CURVE('',#3399,#3400,#3896,.T.);
#2536=EDGE_CURVE('',#3400,#3401,#3897,.T.);
#2537=EDGE_CURVE('',#3401,#3402,#3898,.T.);
#2538=EDGE_CURVE('',#3402,#3397,#39,.T.);
#2539=EDGE_CURVE('',#3403,#3404,#260,.T.);
#2540=EDGE_CURVE('',#3405,#3404,#3899,.T.);
#2541=EDGE_CURVE('',#3405,#3406,#261,.T.);
#2542=EDGE_CURVE('',#3406,#3403,#3900,.T.);
#2543=EDGE_CURVE('',#3407,#3408,#3901,.T.);
#2544=EDGE_CURVE('',#3407,#3409,#3902,.T.);
#2545=EDGE_CURVE('',#3409,#3410,#3903,.T.);
#2546=EDGE_CURVE('',#3408,#3410,#3904,.T.);
#2547=EDGE_CURVE('',#3411,#3412,#3905,.T.);
#2548=EDGE_CURVE('',#3411,#3413,#3906,.T.);
#2549=EDGE_CURVE('',#3413,#3414,#3907,.T.);
#2550=EDGE_CURVE('',#3412,#3414,#3908,.T.);
#2551=EDGE_CURVE('',#3415,#3415,#262,.F.);
#2552=EDGE_CURVE('',#3068,#3416,#3909,.T.);
#2553=EDGE_CURVE('',#2988,#3416,#3910,.T.);
#2554=EDGE_CURVE('',#3181,#3067,#3911,.T.);
#2555=EDGE_CURVE('',#3171,#3112,#3912,.T.);
#2556=EDGE_CURVE('',#3111,#3172,#3913,.F.);
#2557=EDGE_CURVE('',#3177,#3114,#3914,.T.);
#2558=EDGE_CURVE('',#3113,#3178,#3915,.F.);
#2559=EDGE_CURVE('',#3173,#3110,#3916,.T.);
#2560=EDGE_CURVE('',#3109,#3174,#3917,.F.);
#2561=EDGE_CURVE('',#3108,#3176,#3918,.F.);
#2562=EDGE_CURVE('',#3175,#3107,#3919,.T.);
#2563=EDGE_CURVE('',#3163,#3104,#3920,.T.);
#2564=EDGE_CURVE('',#3103,#3164,#3921,.F.);
#2565=EDGE_CURVE('',#3169,#3106,#3922,.T.);
#2566=EDGE_CURVE('',#3105,#3170,#3923,.F.);
#2567=EDGE_CURVE('',#3101,#3166,#3924,.F.);
#2568=EDGE_CURVE('',#3165,#3102,#3925,.T.);
#2569=EDGE_CURVE('',#3167,#3099,#3926,.T.);
#2570=EDGE_CURVE('',#3100,#3168,#3927,.F.);
#2571=EDGE_CURVE('',#3158,#3125,#3928,.T.);
#2572=EDGE_CURVE('',#3124,#3159,#3929,.F.);
#2573=EDGE_CURVE('',#3156,#3127,#3930,.T.);
#2574=EDGE_CURVE('',#3126,#3157,#3931,.F.);
#2575=EDGE_CURVE('',#3160,#3123,#3932,.T.);
#2576=EDGE_CURVE('',#3161,#3122,#3933,.T.);
#2577=EDGE_CURVE('',#3154,#3117,#3934,.F.);
#2578=EDGE_CURVE('',#3118,#3155,#3935,.F.);
#2579=EDGE_CURVE('',#3119,#3153,#3936,.F.);
#2580=EDGE_CURVE('',#3152,#3120,#3937,.T.);
#2581=EDGE_CURVE('',#3162,#3121,#3938,.T.);
#2582=EDGE_CURVE('',#3188,#3088,#3939,.T.);
#2583=EDGE_CURVE('',#3089,#3189,#3940,.F.);
#2584=EDGE_CURVE('',#3190,#3097,#3941,.T.);
#2585=EDGE_CURVE('',#3096,#3191,#3942,.F.);
#2586=EDGE_CURVE('',#3094,#3193,#3943,.F.);
#2587=EDGE_CURVE('',#3192,#3095,#3944,.T.);
#2588=EDGE_CURVE('',#3186,#3091,#3945,.T.);
#2589=EDGE_CURVE('',#3090,#3187,#3946,.F.);
#2590=EDGE_CURVE('',#3185,#3093,#3947,.T.);
#2591=EDGE_CURVE('',#3092,#3184,#3948,.F.);
#2592=EDGE_CURVE('',#3357,#3417,#40,.T.);
#2593=EDGE_CURVE('',#3329,#3417,#3949,.T.);
#2594=EDGE_CURVE('',#3390,#3418,#3950,.T.);
#2595=EDGE_CURVE('',#3418,#3352,#41,.T.);
#2596=EDGE_CURVE('',#3389,#3419,#3951,.T.);
#2597=EDGE_CURVE('',#3419,#3401,#42,.T.);
#2598=EDGE_CURVE('',#3400,#3418,#43,.T.);
#2599=EDGE_CURVE('',#3394,#3420,#44,.T.);
#2600=EDGE_CURVE('',#3258,#3420,#3952,.T.);
#2601=EDGE_CURVE('',#3417,#3395,#45,.T.);
#2602=EDGE_CURVE('',#3420,#3274,#46,.T.);
#2603=EDGE_CURVE('',#3279,#3419,#47,.T.);
#2604=EDGE_CURVE('',#3421,#3422,#3953,.T.);
#2605=EDGE_CURVE('',#3422,#3423,#3954,.T.);
#2606=EDGE_CURVE('',#3423,#3424,#3955,.T.);
#2607=EDGE_CURVE('',#3424,#3425,#3956,.T.);
#2608=EDGE_CURVE('',#3425,#3426,#3957,.T.);
#2609=EDGE_CURVE('',#3426,#3421,#3958,.T.);
#2610=EDGE_CURVE('',#3427,#3006,#3959,.T.);
#2611=EDGE_CURVE('',#3005,#3428,#3960,.T.);
#2612=EDGE_CURVE('',#3428,#3427,#3961,.T.);
#2613=EDGE_CURVE('',#3429,#3430,#3962,.T.);
#2614=EDGE_CURVE('',#3431,#3429,#3963,.T.);
#2615=EDGE_CURVE('',#3432,#3431,#3964,.T.);
#2616=EDGE_CURVE('',#3433,#3432,#3965,.T.);
#2617=EDGE_CURVE('',#3434,#3433,#3966,.T.);
#2618=EDGE_CURVE('',#3430,#3434,#3967,.T.);
#2619=EDGE_CURVE('',#3326,#3428,#3968,.T.);
#2620=EDGE_CURVE('',#3435,#3051,#263,.T.);
#2621=EDGE_CURVE('',#3435,#3427,#3969,.T.);
#2622=EDGE_CURVE('',#3436,#3430,#3970,.T.);
#2623=EDGE_CURVE('',#3437,#3436,#3971,.T.);
#2624=EDGE_CURVE('',#3437,#3429,#3972,.T.);
#2625=EDGE_CURVE('',#3438,#3434,#3973,.T.);
#2626=EDGE_CURVE('',#3436,#3438,#3974,.T.);
#2627=EDGE_CURVE('',#3439,#3433,#3975,.T.);
#2628=EDGE_CURVE('',#3438,#3439,#3976,.T.);
#2629=EDGE_CURVE('',#3440,#3432,#3977,.T.);
#2630=EDGE_CURVE('',#3439,#3440,#3978,.T.);
#2631=EDGE_CURVE('',#3441,#3431,#3979,.T.);
#2632=EDGE_CURVE('',#3440,#3441,#3980,.T.);
#2633=EDGE_CURVE('',#3441,#3437,#3981,.T.);
#2634=EDGE_CURVE('',#3442,#3422,#3982,.T.);
#2635=EDGE_CURVE('',#3442,#3443,#3983,.T.);
#2636=EDGE_CURVE('',#3443,#3423,#3984,.T.);
#2637=EDGE_CURVE('',#3443,#3444,#3985,.T.);
#2638=EDGE_CURVE('',#3444,#3424,#3986,.T.);
#2639=EDGE_CURVE('',#3444,#3445,#3987,.T.);
#2640=EDGE_CURVE('',#3445,#3425,#3988,.T.);
#2641=EDGE_CURVE('',#3445,#3446,#3989,.T.);
#2642=EDGE_CURVE('',#3446,#3426,#3990,.T.);
#2643=EDGE_CURVE('',#3446,#3447,#3991,.T.);
#2644=EDGE_CURVE('',#3447,#3421,#3992,.T.);
#2645=EDGE_CURVE('',#3447,#3442,#3993,.T.);
#2646=EDGE_CURVE('',#3448,#3448,#264,.T.);
#2647=EDGE_CURVE('',#3449,#3449,#265,.F.);
#2648=EDGE_CURVE('',#3413,#3450,#3994,.T.);
#2649=EDGE_CURVE('',#3450,#3451,#3995,.T.);
#2650=EDGE_CURVE('',#3414,#3451,#3996,.T.);
#2651=EDGE_CURVE('',#3412,#3452,#3997,.T.);
#2652=EDGE_CURVE('',#3452,#3453,#3998,.F.);
#2653=EDGE_CURVE('',#3411,#3453,#3999,.T.);
#2654=EDGE_CURVE('',#3454,#3455,#4000,.T.);
#2655=EDGE_CURVE('',#3455,#3456,#4001,.T.);
#2656=EDGE_CURVE('',#3456,#3457,#4002,.F.);
#2657=EDGE_CURVE('',#3457,#3454,#4003,.F.);
#2658=EDGE_CURVE('',#3453,#3450,#4004,.F.);
#2659=EDGE_CURVE('',#3451,#3452,#4005,.T.);
#2660=EDGE_CURVE('',#3458,#3408,#4006,.T.);
#2661=EDGE_CURVE('',#3458,#3459,#4007,.F.);
#2662=EDGE_CURVE('',#3459,#3407,#4008,.T.);
#2663=EDGE_CURVE('',#3460,#3461,#4009,.T.);
#2664=EDGE_CURVE('',#3461,#3462,#4010,.F.);
#2665=EDGE_CURVE('',#3462,#3463,#4011,.F.);
#2666=EDGE_CURVE('',#3463,#3460,#4012,.T.);
#2667=EDGE_CURVE('',#3464,#3409,#4013,.T.);
#2668=EDGE_CURVE('',#3464,#3465,#4014,.T.);
#2669=EDGE_CURVE('',#3465,#3410,#4015,.T.);
#2670=EDGE_CURVE('',#3459,#3464,#4016,.T.);
#2671=EDGE_CURVE('',#3465,#3458,#4017,.F.);
#2672=EDGE_CURVE('',#3466,#3228,#4018,.T.);
#2673=EDGE_CURVE('',#3466,#3467,#4019,.T.);
#2674=EDGE_CURVE('',#3467,#3230,#4020,.T.);
#2675=EDGE_CURVE('',#3468,#3469,#4021,.T.);
#2676=EDGE_CURVE('',#3469,#3470,#4022,.T.);
#2677=EDGE_CURVE('',#3470,#3471,#4023,.F.);
#2678=EDGE_CURVE('',#3471,#3468,#4024,.F.);
#2679=EDGE_CURVE('',#3472,#3231,#4025,.T.);
#2680=EDGE_CURVE('',#3472,#3473,#4026,.F.);
#2681=EDGE_CURVE('',#3473,#3229,#4027,.T.);
#2682=EDGE_CURVE('',#3473,#3466,#4028,.F.);
#2683=EDGE_CURVE('',#3467,#3472,#4029,.T.);
#2684=EDGE_CURVE('',#3227,#3474,#4030,.T.);
#2685=EDGE_CURVE('',#3474,#3475,#4031,.F.);
#2686=EDGE_CURVE('',#3225,#3475,#4032,.T.);
#2687=EDGE_CURVE('',#3224,#3476,#4033,.T.);
#2688=EDGE_CURVE('',#3476,#3477,#4034,.T.);
#2689=EDGE_CURVE('',#3226,#3477,#4035,.T.);
#2690=EDGE_CURVE('',#3478,#3479,#4036,.T.);
#2691=EDGE_CURVE('',#3479,#3480,#4037,.F.);
#2692=EDGE_CURVE('',#3480,#3481,#4038,.F.);
#2693=EDGE_CURVE('',#3481,#3478,#4039,.T.);
#2694=EDGE_CURVE('',#3475,#3476,#4040,.T.);
#2695=EDGE_CURVE('',#3477,#3474,#4041,.F.);
#2696=EDGE_CURVE('',#3405,#3482,#4042,.T.);
#2697=EDGE_CURVE('',#3482,#3483,#266,.T.);
#2698=EDGE_CURVE('',#3406,#3483,#4043,.T.);
#2699=EDGE_CURVE('',#3404,#3484,#4044,.T.);
#2700=EDGE_CURVE('',#3484,#3482,#4045,.T.);
#2701=EDGE_CURVE('',#3483,#3485,#4046,.T.);
#2702=EDGE_CURVE('',#3403,#3485,#4047,.T.);
#2703=EDGE_CURVE('',#3485,#3484,#267,.T.);
#2704=EDGE_CURVE('',#3334,#3364,#4048,.T.);
#2705=EDGE_CURVE('',#3332,#3365,#4049,.T.);
#2706=EDGE_CURVE('',#3333,#3363,#4050,.T.);
#2707=EDGE_CURVE('',#3325,#3366,#4051,.T.);
#2708=EDGE_CURVE('',#3323,#3368,#4052,.T.);
#2709=EDGE_CURVE('',#3324,#3367,#4053,.T.);
#2710=EDGE_CURVE('',#3338,#3372,#4054,.T.);
#2711=EDGE_CURVE('',#3335,#3371,#4055,.T.);
#2712=EDGE_CURVE('',#3337,#3369,#4056,.T.);
#2713=EDGE_CURVE('',#3336,#3370,#4057,.T.);
#2714=EDGE_CURVE('',#3322,#3376,#4058,.T.);
#2715=EDGE_CURVE('',#3319,#3375,#4059,.T.);
#2716=EDGE_CURVE('',#3321,#3373,#4060,.T.);
#2717=EDGE_CURVE('',#3320,#3374,#4061,.T.);
#2718=EDGE_CURVE('',#3342,#3380,#4062,.T.);
#2719=EDGE_CURVE('',#3339,#3379,#4063,.T.);
#2720=EDGE_CURVE('',#3341,#3377,#4064,.T.);
#2721=EDGE_CURVE('',#3340,#3378,#4065,.T.);
#2722=EDGE_CURVE('',#3318,#3384,#4066,.T.);
#2723=EDGE_CURVE('',#3315,#3383,#4067,.T.);
#2724=EDGE_CURVE('',#3317,#3381,#4068,.T.);
#2725=EDGE_CURVE('',#3316,#3382,#4069,.T.);
#2726=EDGE_CURVE('',#3347,#3361,#4070,.T.);
#2727=EDGE_CURVE('',#3344,#3360,#4071,.T.);
#2728=EDGE_CURVE('',#3346,#3362,#4072,.T.);
#2729=EDGE_CURVE('',#3343,#3358,#4073,.T.);
#2730=EDGE_CURVE('',#3345,#3359,#4074,.T.);
#2731=EDGE_CURVE('',#3351,#3388,#4075,.T.);
#2732=EDGE_CURVE('',#3348,#3387,#4076,.T.);
#2733=EDGE_CURVE('',#3350,#3385,#4077,.T.);
#2734=EDGE_CURVE('',#3349,#3386,#4078,.T.);
#2735=EDGE_CURVE('',#3261,#3305,#4079,.T.);
#2736=EDGE_CURVE('',#3259,#3306,#4080,.T.);
#2737=EDGE_CURVE('',#3260,#3304,#4081,.T.);
#2738=EDGE_CURVE('',#3252,#3302,#4082,.T.);
#2739=EDGE_CURVE('',#3251,#3300,#4083,.T.);
#2740=EDGE_CURVE('',#3254,#3303,#4084,.T.);
#2741=EDGE_CURVE('',#3253,#3301,#4085,.T.);
#2742=EDGE_CURVE('',#3248,#3298,#4086,.T.);
#2743=EDGE_CURVE('',#3247,#3296,#4087,.T.);
#2744=EDGE_CURVE('',#3250,#3299,#4088,.T.);
#2745=EDGE_CURVE('',#3249,#3297,#4089,.T.);
#2746=EDGE_CURVE('',#3244,#3294,#4090,.T.);
#2747=EDGE_CURVE('',#3243,#3292,#4091,.T.);
#2748=EDGE_CURVE('',#3246,#3295,#4092,.T.);
#2749=EDGE_CURVE('',#3245,#3293,#4093,.T.);
#2750=EDGE_CURVE('',#3240,#3290,#4094,.T.);
#2751=EDGE_CURVE('',#3239,#3288,#4095,.T.);
#2752=EDGE_CURVE('',#3242,#3291,#4096,.T.);
#2753=EDGE_CURVE('',#3241,#3289,#4097,.T.);
#2754=EDGE_CURVE('',#3238,#3310,#4098,.T.);
#2755=EDGE_CURVE('',#3235,#3309,#4099,.T.);
#2756=EDGE_CURVE('',#3237,#3308,#4100,.T.);
#2757=EDGE_CURVE('',#3236,#3307,#4101,.T.);
#2758=EDGE_CURVE('',#3265,#3287,#4102,.T.);
#2759=EDGE_CURVE('',#3262,#3286,#4103,.T.);
#2760=EDGE_CURVE('',#3264,#3285,#4104,.T.);
#2761=EDGE_CURVE('',#3263,#3284,#4105,.T.);
#2762=EDGE_CURVE('',#3267,#3282,#4106,.T.);
#2763=EDGE_CURVE('',#3266,#3280,#4107,.T.);
#2764=EDGE_CURVE('',#3269,#3283,#4108,.T.);
#2765=EDGE_CURVE('',#3268,#3281,#4109,.T.);
#2766=EDGE_CURVE('',#3273,#3314,#4110,.T.);
#2767=EDGE_CURVE('',#3270,#3313,#4111,.T.);
#2768=EDGE_CURVE('',#3272,#3312,#4112,.T.);
#2769=EDGE_CURVE('',#3271,#3311,#4113,.T.);
#2770=EDGE_CURVE('',#3074,#3486,#4114,.F.);
#2771=EDGE_CURVE('',#3486,#3416,#4115,.T.);
#2772=EDGE_CURVE('',#3487,#2989,#4116,.T.);
#2773=EDGE_CURVE('',#3487,#3073,#4117,.T.);
#2774=EDGE_CURVE('',#3488,#3488,#268,.F.);
#2775=EDGE_CURVE('',#3486,#3487,#269,.F.);
#2776=EDGE_CURVE('',#3489,#3233,#4118,.T.);
#2777=EDGE_CURVE('',#3489,#3071,#4119,.T.);
#2778=EDGE_CURVE('',#3072,#3490,#4120,.F.);
#2779=EDGE_CURVE('',#3490,#2992,#4121,.T.);
#2780=EDGE_CURVE('',#3491,#3491,#270,.T.);
#2781=EDGE_CURVE('',#3490,#3489,#271,.F.);
#2782=EDGE_CURVE('',#3492,#3492,#272,.F.);
#2783=EDGE_CURVE('',#3221,#3493,#273,.T.);
#2784=EDGE_CURVE('',#3494,#3493,#4122,.T.);
#2785=EDGE_CURVE('',#3495,#3494,#4123,.T.);
#2786=EDGE_CURVE('',#3495,#3222,#4124,.T.);
#2787=EDGE_CURVE('',#3495,#3496,#4125,.T.);
#2788=EDGE_CURVE('',#3496,#3223,#4126,.T.);
#2789=EDGE_CURVE('',#3497,#3497,#274,.F.);
#2790=EDGE_CURVE('',#3498,#3499,#4127,.T.);
#2791=EDGE_CURVE('',#3499,#3218,#275,.F.);
#2792=EDGE_CURVE('',#3496,#3498,#4128,.T.);
#2793=EDGE_CURVE('',#3493,#3499,#4129,.T.);
#2794=EDGE_CURVE('',#3494,#3498,#4130,.T.);
#2795=EDGE_CURVE('',#3500,#3500,#276,.T.);
#2796=EDGE_CURVE('',#3501,#3502,#4131,.T.);
#2797=EDGE_CURVE('',#3502,#3216,#277,.T.);
#2798=EDGE_CURVE('',#3503,#3215,#4132,.T.);
#2799=EDGE_CURVE('',#3503,#3501,#4133,.T.);
#2800=EDGE_CURVE('',#3504,#3214,#4134,.T.);
#2801=EDGE_CURVE('',#3503,#3504,#4135,.T.);
#2802=EDGE_CURVE('',#3505,#3505,#278,.T.);
#2803=EDGE_CURVE('',#3213,#3506,#279,.F.);
#2804=EDGE_CURVE('',#3507,#3506,#4136,.T.);
#2805=EDGE_CURVE('',#3504,#3507,#4137,.T.);
#2806=EDGE_CURVE('',#3506,#3502,#4138,.T.);
#2807=EDGE_CURVE('',#3501,#3507,#4139,.T.);
#2808=EDGE_CURVE('',#3128,#3508,#4140,.T.);
#2809=EDGE_CURVE('',#3508,#3509,#4141,.T.);
#2810=EDGE_CURVE('',#3130,#3509,#4142,.T.);
#2811=EDGE_CURVE('',#3509,#3197,#4143,.T.);
#2812=EDGE_CURVE('',#3196,#3510,#4144,.F.);
#2813=EDGE_CURVE('',#3131,#3510,#4145,.T.);
#2814=EDGE_CURVE('',#3510,#3511,#4146,.T.);
#2815=EDGE_CURVE('',#3132,#3511,#4147,.T.);
#2816=EDGE_CURVE('',#3195,#3512,#4148,.T.);
#2817=EDGE_CURVE('',#3133,#3512,#4149,.T.);
#2818=EDGE_CURVE('',#3511,#3194,#4150,.F.);
#2819=EDGE_CURVE('',#3512,#3513,#4151,.T.);
#2820=EDGE_CURVE('',#3134,#3513,#4152,.T.);
#2821=EDGE_CURVE('',#3513,#3514,#280,.F.);
#2822=EDGE_CURVE('',#3135,#3514,#4153,.T.);
#2823=EDGE_CURVE('',#3514,#3515,#4154,.T.);
#2824=EDGE_CURVE('',#3136,#3515,#4155,.T.);
#2825=EDGE_CURVE('',#3515,#3516,#281,.F.);
#2826=EDGE_CURVE('',#3137,#3516,#4156,.T.);
#2827=EDGE_CURVE('',#3516,#3517,#4157,.T.);
#2828=EDGE_CURVE('',#3138,#3517,#4158,.T.);
#2829=EDGE_CURVE('',#3517,#3201,#4159,.T.);
#2830=EDGE_CURVE('',#3200,#3518,#4160,.T.);
#2831=EDGE_CURVE('',#3139,#3518,#4161,.T.);
#2832=EDGE_CURVE('',#3198,#3508,#4162,.T.);
#2833=EDGE_CURVE('',#3129,#3519,#4163,.T.);
#2834=EDGE_CURVE('',#3519,#3199,#4164,.T.);
#2835=EDGE_CURVE('',#3518,#3519,#4165,.T.);
#2836=EDGE_CURVE('',#3076,#3520,#4166,.T.);
#2837=EDGE_CURVE('',#3520,#3150,#4167,.T.);
#2838=EDGE_CURVE('',#3149,#3521,#4168,.F.);
#2839=EDGE_CURVE('',#3077,#3521,#4169,.T.);
#2840=EDGE_CURVE('',#3521,#3522,#4170,.T.);
#2841=EDGE_CURVE('',#3078,#3522,#4171,.T.);
#2842=EDGE_CURVE('',#3147,#3523,#4172,.T.);
#2843=EDGE_CURVE('',#3079,#3523,#4173,.T.);
#2844=EDGE_CURVE('',#3522,#3148,#4174,.F.);
#2845=EDGE_CURVE('',#3523,#3524,#4175,.T.);
#2846=EDGE_CURVE('',#3080,#3524,#4176,.T.);
#2847=EDGE_CURVE('',#3524,#3525,#282,.F.);
#2848=EDGE_CURVE('',#3081,#3525,#4177,.T.);
#2849=EDGE_CURVE('',#3525,#3526,#4178,.T.);
#2850=EDGE_CURVE('',#3082,#3526,#4179,.T.);
#2851=EDGE_CURVE('',#3526,#3527,#283,.F.);
#2852=EDGE_CURVE('',#3083,#3527,#4180,.T.);
#2853=EDGE_CURVE('',#3527,#3528,#4181,.T.);
#2854=EDGE_CURVE('',#3084,#3528,#4182,.T.);
#2855=EDGE_CURVE('',#3528,#3142,#4183,.T.);
#2856=EDGE_CURVE('',#3141,#3529,#4184,.T.);
#2857=EDGE_CURVE('',#3085,#3529,#4185,.T.);
#2858=EDGE_CURVE('',#3529,#3530,#4186,.T.);
#2859=EDGE_CURVE('',#3086,#3530,#4187,.T.);
#2860=EDGE_CURVE('',#3087,#3531,#4188,.T.);
#2861=EDGE_CURVE('',#3531,#3520,#4189,.T.);
#2862=EDGE_CURVE('',#3151,#3531,#4190,.T.);
#2863=EDGE_CURVE('',#3530,#3140,#4191,.T.);
#2864=EDGE_CURVE('',#3220,#3532,#48,.T.);
#2865=EDGE_CURVE('',#3532,#3533,#74,.T.);
#2866=EDGE_CURVE('',#3533,#3115,#49,.F.);
#2867=EDGE_CURVE('',#3393,#3275,#75,.T.);
#2868=EDGE_CURVE('',#3534,#3535,#76,.T.);
#2869=EDGE_CURVE('',#3535,#3211,#50,.F.);
#2870=EDGE_CURVE('',#3116,#3534,#51,.F.);
#2871=EDGE_CURVE('',#3356,#3396,#77,.T.);
#2872=EDGE_CURVE('',#3536,#3537,#78,.T.);
#2873=EDGE_CURVE('',#3537,#3219,#52,.T.);
#2874=EDGE_CURVE('',#3010,#3536,#53,.T.);
#2875=EDGE_CURVE('',#3278,#3402,#79,.T.);
#2876=EDGE_CURVE('',#3212,#3538,#54,.F.);
#2877=EDGE_CURVE('',#3538,#3539,#80,.T.);
#2878=EDGE_CURVE('',#3539,#3009,#55,.T.);
#2879=EDGE_CURVE('',#3399,#3353,#81,.T.);
#2880=EDGE_CURVE('',#3009,#3398,#284,.T.);
#2881=EDGE_CURVE('',#3399,#3539,#285,.T.);
#2882=EDGE_CURVE('',#3353,#3538,#286,.T.);
#2883=EDGE_CURVE('',#3010,#3397,#287,.T.);
#2884=EDGE_CURVE('',#3354,#3212,#288,.T.);
#2885=EDGE_CURVE('',#3536,#3402,#289,.T.);
#2886=EDGE_CURVE('',#3355,#3211,#290,.T.);
#2887=EDGE_CURVE('',#3537,#3278,#291,.T.);
#2888=EDGE_CURVE('',#3356,#3535,#292,.T.);
#2889=EDGE_CURVE('',#3219,#3277,#293,.T.);
#2890=EDGE_CURVE('',#3396,#3534,#294,.T.);
#2891=EDGE_CURVE('',#3220,#3276,#295,.T.);
#2892=EDGE_CURVE('',#3391,#3116,#296,.T.);
#2893=EDGE_CURVE('',#3532,#3275,#297,.T.);
#2894=EDGE_CURVE('',#3392,#3115,#298,.T.);
#2895=EDGE_CURVE('',#3533,#3393,#299,.T.);
#2896=EDGE_CURVE('',#3472,#3470,#56,.F.);
#2897=EDGE_CURVE('',#3471,#3467,#57,.T.);
#2898=EDGE_CURVE('',#3468,#3466,#58,.T.);
#2899=EDGE_CURVE('',#3473,#3469,#59,.F.);
#2900=EDGE_CURVE('',#3479,#3477,#60,.T.);
#2901=EDGE_CURVE('',#3474,#3478,#61,.F.);
#2902=EDGE_CURVE('',#3475,#3481,#62,.F.);
#2903=EDGE_CURVE('',#3480,#3476,#63,.T.);
#2904=EDGE_CURVE('',#3461,#3465,#64,.F.);
#2905=EDGE_CURVE('',#3458,#3460,#65,.T.);
#2906=EDGE_CURVE('',#3459,#3463,#66,.T.);
#2907=EDGE_CURVE('',#3462,#3464,#67,.F.);
#2908=EDGE_CURVE('',#3452,#3456,#68,.T.);
#2909=EDGE_CURVE('',#3457,#3451,#69,.F.);
#2910=EDGE_CURVE('',#3454,#3450,#70,.F.);
#2911=EDGE_CURVE('',#3453,#3455,#71,.T.);
#2912=EDGE_CURVE('',#3202,#3516,#4192,.T.);
#2913=EDGE_CURVE('',#3203,#3515,#4193,.T.);
#2914=EDGE_CURVE('',#3204,#3514,#4194,.T.);
#2915=EDGE_CURVE('',#3205,#3513,#4195,.T.);
#2916=EDGE_CURVE('',#3143,#3527,#4196,.T.);
#2917=EDGE_CURVE('',#3144,#3526,#4197,.T.);
#2918=EDGE_CURVE('',#3145,#3525,#4198,.T.);
#2919=EDGE_CURVE('',#3146,#3524,#4199,.T.);
#2920=EDGE_CURVE('',#3206,#3483,#4200,.T.);
#2921=EDGE_CURVE('',#3485,#3209,#4201,.T.);
#2922=EDGE_CURVE('',#3484,#3208,#4202,.T.);
#2923=EDGE_CURVE('',#3207,#3482,#4203,.T.);
#2924=EDGE_CURVE('',#3045,#3059,#4204,.T.);
#2925=EDGE_CURVE('',#3000,#3012,#4205,.T.);
#2926=EDGE_CURVE('',#3058,#3015,#4206,.T.);
#2927=EDGE_CURVE('',#2998,#3014,#4207,.T.);
#2928=EDGE_CURVE('',#2999,#3013,#4208,.T.);
#2929=EDGE_CURVE('',#3007,#3043,#4209,.T.);
#2930=EDGE_CURVE('',#2983,#3042,#4210,.T.);
#2931=EDGE_CURVE('',#2982,#3041,#4211,.T.);
#2932=EDGE_CURVE('',#3056,#3040,#4212,.T.);
#2933=EDGE_CURVE('',#3435,#3055,#4213,.T.);
#2934=EDGE_CURVE('',#2980,#3016,#4214,.T.);
#2935=EDGE_CURVE('',#2981,#3019,#4215,.T.);
#2936=EDGE_CURVE('',#2978,#3018,#4216,.T.);
#2937=EDGE_CURVE('',#2979,#3017,#4217,.T.);
#2938=EDGE_CURVE('',#2974,#3022,#4218,.T.);
#2939=EDGE_CURVE('',#2975,#3021,#4219,.T.);
#2940=EDGE_CURVE('',#2976,#3020,#4220,.T.);
#2941=EDGE_CURVE('',#2977,#3023,#4221,.T.);
#2942=EDGE_CURVE('',#2972,#3024,#4222,.T.);
#2943=EDGE_CURVE('',#2973,#3027,#4223,.T.);
#2944=EDGE_CURVE('',#2970,#3026,#4224,.T.);
#2945=EDGE_CURVE('',#2971,#3025,#4225,.T.);
#2946=EDGE_CURVE('',#2968,#3028,#4226,.T.);
#2947=EDGE_CURVE('',#2969,#3031,#4227,.T.);
#2948=EDGE_CURVE('',#2966,#3030,#4228,.T.);
#2949=EDGE_CURVE('',#2967,#3029,#4229,.T.);
#2950=EDGE_CURVE('',#2962,#3034,#4230,.T.);
#2951=EDGE_CURVE('',#2963,#3033,#4231,.T.);
#2952=EDGE_CURVE('',#2964,#3032,#4232,.T.);
#2953=EDGE_CURVE('',#2965,#3035,#4233,.T.);
#2954=EDGE_CURVE('',#2960,#3036,#4234,.T.);
#2955=EDGE_CURVE('',#2961,#3039,#4235,.T.);
#2956=EDGE_CURVE('',#2958,#3038,#4236,.T.);
#2957=EDGE_CURVE('',#2959,#3037,#4237,.T.);
#2958=VERTEX_POINT('',#8468);
#2959=VERTEX_POINT('',#8469);
#2960=VERTEX_POINT('',#8471);
#2961=VERTEX_POINT('',#8473);
#2962=VERTEX_POINT('',#8476);
#2963=VERTEX_POINT('',#8477);
#2964=VERTEX_POINT('',#8479);
#2965=VERTEX_POINT('',#8481);
#2966=VERTEX_POINT('',#8484);
#2967=VERTEX_POINT('',#8485);
#2968=VERTEX_POINT('',#8487);
#2969=VERTEX_POINT('',#8489);
#2970=VERTEX_POINT('',#8492);
#2971=VERTEX_POINT('',#8493);
#2972=VERTEX_POINT('',#8495);
#2973=VERTEX_POINT('',#8497);
#2974=VERTEX_POINT('',#8500);
#2975=VERTEX_POINT('',#8501);
#2976=VERTEX_POINT('',#8503);
#2977=VERTEX_POINT('',#8505);
#2978=VERTEX_POINT('',#8508);
#2979=VERTEX_POINT('',#8509);
#2980=VERTEX_POINT('',#8511);
#2981=VERTEX_POINT('',#8513);
#2982=VERTEX_POINT('',#8516);
#2983=VERTEX_POINT('',#8517);
#2984=VERTEX_POINT('',#8519);
#2985=VERTEX_POINT('',#8521);
#2986=VERTEX_POINT('',#8523);
#2987=VERTEX_POINT('',#8525);
#2988=VERTEX_POINT('',#8527);
#2989=VERTEX_POINT('',#8529);
#2990=VERTEX_POINT('',#8531);
#2991=VERTEX_POINT('',#8533);
#2992=VERTEX_POINT('',#8535);
#2993=VERTEX_POINT('',#8537);
#2994=VERTEX_POINT('',#8539);
#2995=VERTEX_POINT('',#8541);
#2996=VERTEX_POINT('',#8543);
#2997=VERTEX_POINT('',#8545);
#2998=VERTEX_POINT('',#8547);
#2999=VERTEX_POINT('',#8549);
#3000=VERTEX_POINT('',#8551);
#3001=VERTEX_POINT('',#8553);
#3002=VERTEX_POINT('',#8555);
#3003=VERTEX_POINT('',#8557);
#3004=VERTEX_POINT('',#8559);
#3005=VERTEX_POINT('',#8561);
#3006=VERTEX_POINT('',#8563);
#3007=VERTEX_POINT('',#8565);
#3008=VERTEX_POINT('',#8569);
#3009=VERTEX_POINT('',#8570);
#3010=VERTEX_POINT('',#8572);
#3011=VERTEX_POINT('',#8574);
#3012=VERTEX_POINT('',#8577);
#3013=VERTEX_POINT('',#8578);
#3014=VERTEX_POINT('',#8580);
#3015=VERTEX_POINT('',#8582);
#3016=VERTEX_POINT('',#8585);
#3017=VERTEX_POINT('',#8586);
#3018=VERTEX_POINT('',#8588);
#3019=VERTEX_POINT('',#8590);
#3020=VERTEX_POINT('',#8593);
#3021=VERTEX_POINT('',#8594);
#3022=VERTEX_POINT('',#8596);
#3023=VERTEX_POINT('',#8598);
#3024=VERTEX_POINT('',#8601);
#3025=VERTEX_POINT('',#8602);
#3026=VERTEX_POINT('',#8604);
#3027=VERTEX_POINT('',#8606);
#3028=VERTEX_POINT('',#8609);
#3029=VERTEX_POINT('',#8610);
#3030=VERTEX_POINT('',#8612);
#3031=VERTEX_POINT('',#8614);
#3032=VERTEX_POINT('',#8617);
#3033=VERTEX_POINT('',#8618);
#3034=VERTEX_POINT('',#8620);
#3035=VERTEX_POINT('',#8622);
#3036=VERTEX_POINT('',#8625);
#3037=VERTEX_POINT('',#8626);
#3038=VERTEX_POINT('',#8628);
#3039=VERTEX_POINT('',#8630);
#3040=VERTEX_POINT('',#8633);
#3041=VERTEX_POINT('',#8634);
#3042=VERTEX_POINT('',#8636);
#3043=VERTEX_POINT('',#8638);
#3044=VERTEX_POINT('',#8642);
#3045=VERTEX_POINT('',#8643);
#3046=VERTEX_POINT('',#8645);
#3047=VERTEX_POINT('',#8647);
#3048=VERTEX_POINT('',#8649);
#3049=VERTEX_POINT('',#8651);
#3050=VERTEX_POINT('',#8656);
#3051=VERTEX_POINT('',#8663);
#3052=VERTEX_POINT('',#8665);
#3053=VERTEX_POINT('',#8667);
#3054=VERTEX_POINT('',#8671);
#3055=VERTEX_POINT('',#8677);
#3056=VERTEX_POINT('',#8678);
#3057=VERTEX_POINT('',#8682);
#3058=VERTEX_POINT('',#8688);
#3059=VERTEX_POINT('',#8689);
#3060=VERTEX_POINT('',#8693);
#3061=VERTEX_POINT('',#8695);
#3062=VERTEX_POINT('',#8697);
#3063=VERTEX_POINT('',#8699);
#3064=VERTEX_POINT('',#8701);
#3065=VERTEX_POINT('',#8703);
#3066=VERTEX_POINT('',#8705);
#3067=VERTEX_POINT('',#8708);
#3068=VERTEX_POINT('',#8709);
#3069=VERTEX_POINT('',#8711);
#3070=VERTEX_POINT('',#8713);
#3071=VERTEX_POINT('',#8715);
#3072=VERTEX_POINT('',#8717);
#3073=VERTEX_POINT('',#8720);
#3074=VERTEX_POINT('',#8722);
#3075=VERTEX_POINT('',#8725);
#3076=VERTEX_POINT('',#8728);
#3077=VERTEX_POINT('',#8729);
#3078=VERTEX_POINT('',#8731);
#3079=VERTEX_POINT('',#8733);
#3080=VERTEX_POINT('',#8735);
#3081=VERTEX_POINT('',#8737);
#3082=VERTEX_POINT('',#8739);
#3083=VERTEX_POINT('',#8741);
#3084=VERTEX_POINT('',#8743);
#3085=VERTEX_POINT('',#8745);
#3086=VERTEX_POINT('',#8747);
#3087=VERTEX_POINT('',#8749);
#3088=VERTEX_POINT('',#8752);
#3089=VERTEX_POINT('',#8753);
#3090=VERTEX_POINT('',#8755);
#3091=VERTEX_POINT('',#8757);
#3092=VERTEX_POINT('',#8759);
#3093=VERTEX_POINT('',#8761);
#3094=VERTEX_POINT('',#8763);
#3095=VERTEX_POINT('',#8765);
#3096=VERTEX_POINT('',#8767);
#3097=VERTEX_POINT('',#8769);
#3098=VERTEX_POINT('',#8772);
#3099=VERTEX_POINT('',#8774);
#3100=VERTEX_POINT('',#8775);
#3101=VERTEX_POINT('',#8777);
#3102=VERTEX_POINT('',#8779);
#3103=VERTEX_POINT('',#8781);
#3104=VERTEX_POINT('',#8783);
#3105=VERTEX_POINT('',#8785);
#3106=VERTEX_POINT('',#8787);
#3107=VERTEX_POINT('',#8790);
#3108=VERTEX_POINT('',#8791);
#3109=VERTEX_POINT('',#8793);
#3110=VERTEX_POINT('',#8795);
#3111=VERTEX_POINT('',#8797);
#3112=VERTEX_POINT('',#8799);
#3113=VERTEX_POINT('',#8801);
#3114=VERTEX_POINT('',#8803);
#3115=VERTEX_POINT('',#8806);
#3116=VERTEX_POINT('',#8808);
#3117=VERTEX_POINT('',#8811);
#3118=VERTEX_POINT('',#8812);
#3119=VERTEX_POINT('',#8814);
#3120=VERTEX_POINT('',#8816);
#3121=VERTEX_POINT('',#8818);
#3122=VERTEX_POINT('',#8820);
#3123=VERTEX_POINT('',#8822);
#3124=VERTEX_POINT('',#8824);
#3125=VERTEX_POINT('',#8826);
#3126=VERTEX_POINT('',#8828);
#3127=VERTEX_POINT('',#8830);
#3128=VERTEX_POINT('',#8833);
#3129=VERTEX_POINT('',#8834);
#3130=VERTEX_POINT('',#8836);
#3131=VERTEX_POINT('',#8838);
#3132=VERTEX_POINT('',#8840);
#3133=VERTEX_POINT('',#8842);
#3134=VERTEX_POINT('',#8844);
#3135=VERTEX_POINT('',#8846);
#3136=VERTEX_POINT('',#8848);
#3137=VERTEX_POINT('',#8850);
#3138=VERTEX_POINT('',#8852);
#3139=VERTEX_POINT('',#8854);
#3140=VERTEX_POINT('',#8858);
#3141=VERTEX_POINT('',#8859);
#3142=VERTEX_POINT('',#8861);
#3143=VERTEX_POINT('',#8863);
#3144=VERTEX_POINT('',#8865);
#3145=VERTEX_POINT('',#8867);
#3146=VERTEX_POINT('',#8869);
#3147=VERTEX_POINT('',#8871);
#3148=VERTEX_POINT('',#8873);
#3149=VERTEX_POINT('',#8875);
#3150=VERTEX_POINT('',#8877);
#3151=VERTEX_POINT('',#8879);
#3152=VERTEX_POINT('',#8882);
#3153=VERTEX_POINT('',#8883);
#3154=VERTEX_POINT('',#8885);
#3155=VERTEX_POINT('',#8887);
#3156=VERTEX_POINT('',#8889);
#3157=VERTEX_POINT('',#8891);
#3158=VERTEX_POINT('',#8893);
#3159=VERTEX_POINT('',#8895);
#3160=VERTEX_POINT('',#8897);
#3161=VERTEX_POINT('',#8899);
#3162=VERTEX_POINT('',#8901);
#3163=VERTEX_POINT('',#8904);
#3164=VERTEX_POINT('',#8905);
#3165=VERTEX_POINT('',#8907);
#3166=VERTEX_POINT('',#8909);
#3167=VERTEX_POINT('',#8911);
#3168=VERTEX_POINT('',#8913);
#3169=VERTEX_POINT('',#8915);
#3170=VERTEX_POINT('',#8917);
#3171=VERTEX_POINT('',#8920);
#3172=VERTEX_POINT('',#8921);
#3173=VERTEX_POINT('',#8923);
#3174=VERTEX_POINT('',#8925);
#3175=VERTEX_POINT('',#8927);
#3176=VERTEX_POINT('',#8929);
#3177=VERTEX_POINT('',#8931);
#3178=VERTEX_POINT('',#8933);
#3179=VERTEX_POINT('',#8936);
#3180=VERTEX_POINT('',#8937);
#3181=VERTEX_POINT('',#8939);
#3182=VERTEX_POINT('',#8941);
#3183=VERTEX_POINT('',#8944);
#3184=VERTEX_POINT('',#8946);
#3185=VERTEX_POINT('',#8947);
#3186=VERTEX_POINT('',#8949);
#3187=VERTEX_POINT('',#8951);
#3188=VERTEX_POINT('',#8953);
#3189=VERTEX_POINT('',#8955);
#3190=VERTEX_POINT('',#8957);
#3191=VERTEX_POINT('',#8959);
#3192=VERTEX_POINT('',#8961);
#3193=VERTEX_POINT('',#8963);
#3194=VERTEX_POINT('',#8966);
#3195=VERTEX_POINT('',#8967);
#3196=VERTEX_POINT('',#8969);
#3197=VERTEX_POINT('',#8971);
#3198=VERTEX_POINT('',#8973);
#3199=VERTEX_POINT('',#8975);
#3200=VERTEX_POINT('',#8977);
#3201=VERTEX_POINT('',#8979);
#3202=VERTEX_POINT('',#8981);
#3203=VERTEX_POINT('',#8983);
#3204=VERTEX_POINT('',#8985);
#3205=VERTEX_POINT('',#8987);
#3206=VERTEX_POINT('',#8991);
#3207=VERTEX_POINT('',#8992);
#3208=VERTEX_POINT('',#8994);
#3209=VERTEX_POINT('',#8996);
#3210=VERTEX_POINT('',#8999);
#3211=VERTEX_POINT('',#9001);
#3212=VERTEX_POINT('',#9003);
#3213=VERTEX_POINT('',#9005);
#3214=VERTEX_POINT('',#9007);
#3215=VERTEX_POINT('',#9009);
#3216=VERTEX_POINT('',#9011);
#3217=VERTEX_POINT('',#9015);
#3218=VERTEX_POINT('',#9017);
#3219=VERTEX_POINT('',#9018);
#3220=VERTEX_POINT('',#9020);
#3221=VERTEX_POINT('',#9023);
#3222=VERTEX_POINT('',#9025);
#3223=VERTEX_POINT('',#9027);
#3224=VERTEX_POINT('',#9031);
#3225=VERTEX_POINT('',#9032);
#3226=VERTEX_POINT('',#9034);
#3227=VERTEX_POINT('',#9036);
#3228=VERTEX_POINT('',#9039);
#3229=VERTEX_POINT('',#9040);
#3230=VERTEX_POINT('',#9042);
#3231=VERTEX_POINT('',#9044);
#3232=VERTEX_POINT('',#9047);
#3233=VERTEX_POINT('',#9049);
#3234=VERTEX_POINT('',#9053);
#3235=VERTEX_POINT('',#9057);
#3236=VERTEX_POINT('',#9058);
#3237=VERTEX_POINT('',#9060);
#3238=VERTEX_POINT('',#9062);
#3239=VERTEX_POINT('',#9065);
#3240=VERTEX_POINT('',#9066);
#3241=VERTEX_POINT('',#9068);
#3242=VERTEX_POINT('',#9070);
#3243=VERTEX_POINT('',#9073);
#3244=VERTEX_POINT('',#9074);
#3245=VERTEX_POINT('',#9076);
#3246=VERTEX_POINT('',#9078);
#3247=VERTEX_POINT('',#9081);
#3248=VERTEX_POINT('',#9082);
#3249=VERTEX_POINT('',#9084);
#3250=VERTEX_POINT('',#9086);
#3251=VERTEX_POINT('',#9089);
#3252=VERTEX_POINT('',#9090);
#3253=VERTEX_POINT('',#9092);
#3254=VERTEX_POINT('',#9094);
#3255=VERTEX_POINT('',#9097);
#3256=VERTEX_POINT('',#9098);
#3257=VERTEX_POINT('',#9102);
#3258=VERTEX_POINT('',#9104);
#3259=VERTEX_POINT('',#9107);
#3260=VERTEX_POINT('',#9108);
#3261=VERTEX_POINT('',#9110);
#3262=VERTEX_POINT('',#9113);
#3263=VERTEX_POINT('',#9114);
#3264=VERTEX_POINT('',#9116);
#3265=VERTEX_POINT('',#9118);
#3266=VERTEX_POINT('',#9121);
#3267=VERTEX_POINT('',#9122);
#3268=VERTEX_POINT('',#9124);
#3269=VERTEX_POINT('',#9126);
#3270=VERTEX_POINT('',#9129);
#3271=VERTEX_POINT('',#9130);
#3272=VERTEX_POINT('',#9132);
#3273=VERTEX_POINT('',#9134);
#3274=VERTEX_POINT('',#9138);
#3275=VERTEX_POINT('',#9139);
#3276=VERTEX_POINT('',#9141);
#3277=VERTEX_POINT('',#9143);
#3278=VERTEX_POINT('',#9145);
#3279=VERTEX_POINT('',#9147);
#3280=VERTEX_POINT('',#9150);
#3281=VERTEX_POINT('',#9151);
#3282=VERTEX_POINT('',#9153);
#3283=VERTEX_POINT('',#9155);
#3284=VERTEX_POINT('',#9158);
#3285=VERTEX_POINT('',#9159);
#3286=VERTEX_POINT('',#9161);
#3287=VERTEX_POINT('',#9163);
#3288=VERTEX_POINT('',#9166);
#3289=VERTEX_POINT('',#9167);
#3290=VERTEX_POINT('',#9169);
#3291=VERTEX_POINT('',#9171);
#3292=VERTEX_POINT('',#9174);
#3293=VERTEX_POINT('',#9175);
#3294=VERTEX_POINT('',#9177);
#3295=VERTEX_POINT('',#9179);
#3296=VERTEX_POINT('',#9182);
#3297=VERTEX_POINT('',#9183);
#3298=VERTEX_POINT('',#9185);
#3299=VERTEX_POINT('',#9187);
#3300=VERTEX_POINT('',#9190);
#3301=VERTEX_POINT('',#9191);
#3302=VERTEX_POINT('',#9193);
#3303=VERTEX_POINT('',#9195);
#3304=VERTEX_POINT('',#9198);
#3305=VERTEX_POINT('',#9199);
#3306=VERTEX_POINT('',#9201);
#3307=VERTEX_POINT('',#9204);
#3308=VERTEX_POINT('',#9205);
#3309=VERTEX_POINT('',#9207);
#3310=VERTEX_POINT('',#9209);
#3311=VERTEX_POINT('',#9212);
#3312=VERTEX_POINT('',#9213);
#3313=VERTEX_POINT('',#9215);
#3314=VERTEX_POINT('',#9217);
#3315=VERTEX_POINT('',#9221);
#3316=VERTEX_POINT('',#9222);
#3317=VERTEX_POINT('',#9224);
#3318=VERTEX_POINT('',#9226);
#3319=VERTEX_POINT('',#9229);
#3320=VERTEX_POINT('',#9230);
#3321=VERTEX_POINT('',#9232);
#3322=VERTEX_POINT('',#9234);
#3323=VERTEX_POINT('',#9237);
#3324=VERTEX_POINT('',#9238);
#3325=VERTEX_POINT('',#9240);
#3326=VERTEX_POINT('',#9244);
#3327=VERTEX_POINT('',#9246);
#3328=VERTEX_POINT('',#9248);
#3329=VERTEX_POINT('',#9250);
#3330=VERTEX_POINT('',#9252);
#3331=VERTEX_POINT('',#9254);
#3332=VERTEX_POINT('',#9257);
#3333=VERTEX_POINT('',#9258);
#3334=VERTEX_POINT('',#9260);
#3335=VERTEX_POINT('',#9263);
#3336=VERTEX_POINT('',#9264);
#3337=VERTEX_POINT('',#9266);
#3338=VERTEX_POINT('',#9268);
#3339=VERTEX_POINT('',#9271);
#3340=VERTEX_POINT('',#9272);
#3341=VERTEX_POINT('',#9274);
#3342=VERTEX_POINT('',#9276);
#3343=VERTEX_POINT('',#9279);
#3344=VERTEX_POINT('',#9280);
#3345=VERTEX_POINT('',#9282);
#3346=VERTEX_POINT('',#9284);
#3347=VERTEX_POINT('',#9286);
#3348=VERTEX_POINT('',#9289);
#3349=VERTEX_POINT('',#9290);
#3350=VERTEX_POINT('',#9292);
#3351=VERTEX_POINT('',#9294);
#3352=VERTEX_POINT('',#9298);
#3353=VERTEX_POINT('',#9299);
#3354=VERTEX_POINT('',#9301);
#3355=VERTEX_POINT('',#9303);
#3356=VERTEX_POINT('',#9305);
#3357=VERTEX_POINT('',#9307);
#3358=VERTEX_POINT('',#9310);
#3359=VERTEX_POINT('',#9311);
#3360=VERTEX_POINT('',#9313);
#3361=VERTEX_POINT('',#9315);
#3362=VERTEX_POINT('',#9317);
#3363=VERTEX_POINT('',#9320);
#3364=VERTEX_POINT('',#9321);
#3365=VERTEX_POINT('',#9323);
#3366=VERTEX_POINT('',#9326);
#3367=VERTEX_POINT('',#9327);
#3368=VERTEX_POINT('',#9329);
#3369=VERTEX_POINT('',#9332);
#3370=VERTEX_POINT('',#9333);
#3371=VERTEX_POINT('',#9335);
#3372=VERTEX_POINT('',#9337);
#3373=VERTEX_POINT('',#9340);
#3374=VERTEX_POINT('',#9341);
#3375=VERTEX_POINT('',#9343);
#3376=VERTEX_POINT('',#9345);
#3377=VERTEX_POINT('',#9348);
#3378=VERTEX_POINT('',#9349);
#3379=VERTEX_POINT('',#9351);
#3380=VERTEX_POINT('',#9353);
#3381=VERTEX_POINT('',#9356);
#3382=VERTEX_POINT('',#9357);
#3383=VERTEX_POINT('',#9359);
#3384=VERTEX_POINT('',#9361);
#3385=VERTEX_POINT('',#9364);
#3386=VERTEX_POINT('',#9365);
#3387=VERTEX_POINT('',#9367);
#3388=VERTEX_POINT('',#9369);
#3389=VERTEX_POINT('',#9375);
#3390=VERTEX_POINT('',#9377);
#3391=VERTEX_POINT('',#9386);
#3392=VERTEX_POINT('',#9387);
#3393=VERTEX_POINT('',#9389);
#3394=VERTEX_POINT('',#9391);
#3395=VERTEX_POINT('',#9393);
#3396=VERTEX_POINT('',#9395);
#3397=VERTEX_POINT('',#9399);
#3398=VERTEX_POINT('',#9400);
#3399=VERTEX_POINT('',#9402);
#3400=VERTEX_POINT('',#9404);
#3401=VERTEX_POINT('',#9406);
#3402=VERTEX_POINT('',#9408);
#3403=VERTEX_POINT('',#9412);
#3404=VERTEX_POINT('',#9413);
#3405=VERTEX_POINT('',#9415);
#3406=VERTEX_POINT('',#9417);
#3407=VERTEX_POINT('',#9420);
#3408=VERTEX_POINT('',#9421);
#3409=VERTEX_POINT('',#9423);
#3410=VERTEX_POINT('',#9425);
#3411=VERTEX_POINT('',#9428);
#3412=VERTEX_POINT('',#9429);
#3413=VERTEX_POINT('',#9431);
#3414=VERTEX_POINT('',#9433);
#3415=VERTEX_POINT('',#9436);
#3416=VERTEX_POINT('',#9438);
#3417=VERTEX_POINT('',#9501);
#3418=VERTEX_POINT('',#9504);
#3419=VERTEX_POINT('',#9508);
#3420=VERTEX_POINT('',#9513);
#3421=VERTEX_POINT('',#9521);
#3422=VERTEX_POINT('',#9522);
#3423=VERTEX_POINT('',#9524);
#3424=VERTEX_POINT('',#9526);
#3425=VERTEX_POINT('',#9528);
#3426=VERTEX_POINT('',#9530);
#3427=VERTEX_POINT('',#9534);
#3428=VERTEX_POINT('',#9536);
#3429=VERTEX_POINT('',#9540);
#3430=VERTEX_POINT('',#9541);
#3431=VERTEX_POINT('',#9543);
#3432=VERTEX_POINT('',#9545);
#3433=VERTEX_POINT('',#9547);
#3434=VERTEX_POINT('',#9549);
#3435=VERTEX_POINT('',#9554);
#3436=VERTEX_POINT('',#9558);
#3437=VERTEX_POINT('',#9560);
#3438=VERTEX_POINT('',#9564);
#3439=VERTEX_POINT('',#9568);
#3440=VERTEX_POINT('',#9572);
#3441=VERTEX_POINT('',#9576);
#3442=VERTEX_POINT('',#9583);
#3443=VERTEX_POINT('',#9585);
#3444=VERTEX_POINT('',#9589);
#3445=VERTEX_POINT('',#9593);
#3446=VERTEX_POINT('',#9597);
#3447=VERTEX_POINT('',#9601);
#3448=VERTEX_POINT('',#9608);
#3449=VERTEX_POINT('',#9611);
#3450=VERTEX_POINT('',#9614);
#3451=VERTEX_POINT('',#9616);
#3452=VERTEX_POINT('',#9620);
#3453=VERTEX_POINT('',#9622);
#3454=VERTEX_POINT('',#9626);
#3455=VERTEX_POINT('',#9627);
#3456=VERTEX_POINT('',#9629);
#3457=VERTEX_POINT('',#9631);
#3458=VERTEX_POINT('',#9639);
#3459=VERTEX_POINT('',#9641);
#3460=VERTEX_POINT('',#9645);
#3461=VERTEX_POINT('',#9646);
#3462=VERTEX_POINT('',#9648);
#3463=VERTEX_POINT('',#9650);
#3464=VERTEX_POINT('',#9654);
#3465=VERTEX_POINT('',#9656);
#3466=VERTEX_POINT('',#9664);
#3467=VERTEX_POINT('',#9666);
#3468=VERTEX_POINT('',#9670);
#3469=VERTEX_POINT('',#9671);
#3470=VERTEX_POINT('',#9673);
#3471=VERTEX_POINT('',#9675);
#3472=VERTEX_POINT('',#9679);
#3473=VERTEX_POINT('',#9681);
#3474=VERTEX_POINT('',#9689);
#3475=VERTEX_POINT('',#9691);
#3476=VERTEX_POINT('',#9695);
#3477=VERTEX_POINT('',#9697);
#3478=VERTEX_POINT('',#9701);
#3479=VERTEX_POINT('',#9702);
#3480=VERTEX_POINT('',#9704);
#3481=VERTEX_POINT('',#9706);
#3482=VERTEX_POINT('',#9714);
#3483=VERTEX_POINT('',#9716);
#3484=VERTEX_POINT('',#9720);
#3485=VERTEX_POINT('',#9724);
#3486=VERTEX_POINT('',#9862);
#3487=VERTEX_POINT('',#9866);
#3488=VERTEX_POINT('',#9870);
#3489=VERTEX_POINT('',#9874);
#3490=VERTEX_POINT('',#9878);
#3491=VERTEX_POINT('',#9882);
#3492=VERTEX_POINT('',#9886);
#3493=VERTEX_POINT('',#9888);
#3494=VERTEX_POINT('',#9890);
#3495=VERTEX_POINT('',#9892);
#3496=VERTEX_POINT('',#9896);
#3497=VERTEX_POINT('',#9900);
#3498=VERTEX_POINT('',#9902);
#3499=VERTEX_POINT('',#9903);
#3500=VERTEX_POINT('',#9912);
#3501=VERTEX_POINT('',#9914);
#3502=VERTEX_POINT('',#9915);
#3503=VERTEX_POINT('',#9918);
#3504=VERTEX_POINT('',#9922);
#3505=VERTEX_POINT('',#9926);
#3506=VERTEX_POINT('',#9928);
#3507=VERTEX_POINT('',#9930);
#3508=VERTEX_POINT('',#9938);
#3509=VERTEX_POINT('',#9940);
#3510=VERTEX_POINT('',#9945);
#3511=VERTEX_POINT('',#9949);
#3512=VERTEX_POINT('',#9953);
#3513=VERTEX_POINT('',#9958);
#3514=VERTEX_POINT('',#9962);
#3515=VERTEX_POINT('',#9966);
#3516=VERTEX_POINT('',#9970);
#3517=VERTEX_POINT('',#9974);
#3518=VERTEX_POINT('',#9979);
#3519=VERTEX_POINT('',#9984);
#3520=VERTEX_POINT('',#9990);
#3521=VERTEX_POINT('',#9993);
#3522=VERTEX_POINT('',#9997);
#3523=VERTEX_POINT('',#10001);
#3524=VERTEX_POINT('',#10006);
#3525=VERTEX_POINT('',#10010);
#3526=VERTEX_POINT('',#10014);
#3527=VERTEX_POINT('',#10018);
#3528=VERTEX_POINT('',#10022);
#3529=VERTEX_POINT('',#10027);
#3530=VERTEX_POINT('',#10031);
#3531=VERTEX_POINT('',#10035);
#3532=VERTEX_POINT('',#10046);
#3533=VERTEX_POINT('',#10051);
#3534=VERTEX_POINT('',#10063);
#3535=VERTEX_POINT('',#10064);
#3536=VERTEX_POINT('',#10077);
#3537=VERTEX_POINT('',#10078);
#3538=VERTEX_POINT('',#10088);
#3539=VERTEX_POINT('',#10093);
#3540=LINE('',#8467,#4238);
#3541=LINE('',#8472,#4239);
#3542=LINE('',#8475,#4240);
#3543=LINE('',#8480,#4241);
#3544=LINE('',#8483,#4242);
#3545=LINE('',#8488,#4243);
#3546=LINE('',#8491,#4244);
#3547=LINE('',#8496,#4245);
#3548=LINE('',#8499,#4246);
#3549=LINE('',#8504,#4247);
#3550=LINE('',#8507,#4248);
#3551=LINE('',#8512,#4249);
#3552=LINE('',#8515,#4250);
#3553=LINE('',#8520,#4251);
#3554=LINE('',#8522,#4252);
#3555=LINE('',#8524,#4253);
#3556=LINE('',#8526,#4254);
#3557=LINE('',#8528,#4255);
#3558=LINE('',#8530,#4256);
#3559=LINE('',#8532,#4257);
#3560=LINE('',#8534,#4258);
#3561=LINE('',#8536,#4259);
#3562=LINE('',#8538,#4260);
#3563=LINE('',#8540,#4261);
#3564=LINE('',#8542,#4262);
#3565=LINE('',#8544,#4263);
#3566=LINE('',#8548,#4264);
#3567=LINE('',#8552,#4265);
#3568=LINE('',#8554,#4266);
#3569=LINE('',#8556,#4267);
#3570=LINE('',#8558,#4268);
#3571=LINE('',#8560,#4269);
#3572=LINE('',#8562,#4270);
#3573=LINE('',#8564,#4271);
#3574=LINE('',#8568,#4272);
#3575=LINE('',#8571,#4273);
#3576=LINE('',#8573,#4274);
#3577=LINE('',#8575,#4275);
#3578=LINE('',#8579,#4276);
#3579=LINE('',#8583,#4277);
#3580=LINE('',#8587,#4278);
#3581=LINE('',#8591,#4279);
#3582=LINE('',#8595,#4280);
#3583=LINE('',#8599,#4281);
#3584=LINE('',#8603,#4282);
#3585=LINE('',#8607,#4283);
#3586=LINE('',#8611,#4284);
#3587=LINE('',#8615,#4285);
#3588=LINE('',#8619,#4286);
#3589=LINE('',#8623,#4287);
#3590=LINE('',#8627,#4288);
#3591=LINE('',#8631,#4289);
#3592=LINE('',#8635,#4290);
#3593=LINE('',#8639,#4291);
#3594=LINE('',#8641,#4292);
#3595=LINE('',#8646,#4293);
#3596=LINE('',#8648,#4294);
#3597=LINE('',#8650,#4295);
#3598=LINE('',#8652,#4296);
#3599=LINE('',#8654,#4297);
#3600=LINE('',#8655,#4298);
#3601=LINE('',#8657,#4299);
#3602=LINE('',#8659,#4300);
#3603=LINE('',#8660,#4301);
#3604=LINE('',#8662,#4302);
#3605=LINE('',#8664,#4303);
#3606=LINE('',#8666,#4304);
#3607=LINE('',#8668,#4305);
#3608=LINE('',#8696,#4306);
#3609=LINE('',#8700,#4307);
#3610=LINE('',#8704,#4308);
#3611=LINE('',#8707,#4309);
#3612=LINE('',#8710,#4310);
#3613=LINE('',#8712,#4311);
#3614=LINE('',#8714,#4312);
#3615=LINE('',#8718,#4313);
#3616=LINE('',#8719,#4314);
#3617=LINE('',#8723,#4315);
#3618=LINE('',#8727,#4316);
#3619=LINE('',#8730,#4317);
#3620=LINE('',#8732,#4318);
#3621=LINE('',#8734,#4319);
#3622=LINE('',#8738,#4320);
#3623=LINE('',#8742,#4321);
#3624=LINE('',#8744,#4322);
#3625=LINE('',#8746,#4323);
#3626=LINE('',#8748,#4324);
#3627=LINE('',#8750,#4325);
#3628=LINE('',#8751,#4326);
#3629=LINE('',#8756,#4327);
#3630=LINE('',#8760,#4328);
#3631=LINE('',#8764,#4329);
#3632=LINE('',#8768,#4330);
#3633=LINE('',#8773,#4331);
#3634=LINE('',#8778,#4332);
#3635=LINE('',#8782,#4333);
#3636=LINE('',#8786,#4334);
#3637=LINE('',#8789,#4335);
#3638=LINE('',#8794,#4336);
#3639=LINE('',#8798,#4337);
#3640=LINE('',#8802,#4338);
#3641=LINE('',#8805,#4339);
#3642=LINE('',#8807,#4340);
#3643=LINE('',#8809,#4341);
#3644=LINE('',#8810,#4342);
#3645=LINE('',#8817,#4343);
#3646=LINE('',#8821,#4344);
#3647=LINE('',#8825,#4345);
#3648=LINE('',#8829,#4346);
#3649=LINE('',#8832,#4347);
#3650=LINE('',#8835,#4348);
#3651=LINE('',#8837,#4349);
#3652=LINE('',#8839,#4350);
#3653=LINE('',#8841,#4351);
#3654=LINE('',#8843,#4352);
#3655=LINE('',#8847,#4353);
#3656=LINE('',#8851,#4354);
#3657=LINE('',#8853,#4355);
#3658=LINE('',#8855,#4356);
#3659=LINE('',#8857,#4357);
#3660=LINE('',#8860,#4358);
#3661=LINE('',#8862,#4359);
#3662=LINE('',#8866,#4360);
#3663=LINE('',#8870,#4361);
#3664=LINE('',#8872,#4362);
#3665=LINE('',#8874,#4363);
#3666=LINE('',#8876,#4364);
#3667=LINE('',#8878,#4365);
#3668=LINE('',#8880,#4366);
#3669=LINE('',#8886,#4367);
#3670=LINE('',#8890,#4368);
#3671=LINE('',#8894,#4369);
#3672=LINE('',#8898,#4370);
#3673=LINE('',#8902,#4371);
#3674=LINE('',#8903,#4372);
#3675=LINE('',#8908,#4373);
#3676=LINE('',#8912,#4374);
#3677=LINE('',#8916,#4375);
#3678=LINE('',#8919,#4376);
#3679=LINE('',#8924,#4377);
#3680=LINE('',#8928,#4378);
#3681=LINE('',#8932,#4379);
#3682=LINE('',#8935,#4380);
#3683=LINE('',#8938,#4381);
#3684=LINE('',#8940,#4382);
#3685=LINE('',#8942,#4383);
#3686=LINE('',#8945,#4384);
#3687=LINE('',#8950,#4385);
#3688=LINE('',#8954,#4386);
#3689=LINE('',#8958,#4387);
#3690=LINE('',#8962,#4388);
#3691=LINE('',#8965,#4389);
#3692=LINE('',#8968,#4390);
#3693=LINE('',#8970,#4391);
#3694=LINE('',#8972,#4392);
#3695=LINE('',#8974,#4393);
#3696=LINE('',#8976,#4394);
#3697=LINE('',#8978,#4395);
#3698=LINE('',#8980,#4396);
#3699=LINE('',#8984,#4397);
#3700=LINE('',#8988,#4398);
#3701=LINE('',#8993,#4399);
#3702=LINE('',#8997,#4400);
#3703=LINE('',#9000,#4401);
#3704=LINE('',#9002,#4402);
#3705=LINE('',#9004,#4403);
#3706=LINE('',#9006,#4404);
#3707=LINE('',#9008,#4405);
#3708=LINE('',#9010,#4406);
#3709=LINE('',#9012,#4407);
#3710=LINE('',#9016,#4408);
#3711=LINE('',#9019,#4409);
#3712=LINE('',#9021,#4410);
#3713=LINE('',#9022,#4411);
#3714=LINE('',#9024,#4412);
#3715=LINE('',#9026,#4413);
#3716=LINE('',#9028,#4414);
#3717=LINE('',#9030,#4415);
#3718=LINE('',#9033,#4416);
#3719=LINE('',#9035,#4417);
#3720=LINE('',#9037,#4418);
#3721=LINE('',#9038,#4419);
#3722=LINE('',#9041,#4420);
#3723=LINE('',#9043,#4421);
#3724=LINE('',#9045,#4422);
#3725=LINE('',#9048,#4423);
#3726=LINE('',#9050,#4424);
#3727=LINE('',#9051,#4425);
#3728=LINE('',#9052,#4426);
#3729=LINE('',#9054,#4427);
#3730=LINE('',#9056,#4428);
#3731=LINE('',#9059,#4429);
#3732=LINE('',#9061,#4430);
#3733=LINE('',#9063,#4431);
#3734=LINE('',#9064,#4432);
#3735=LINE('',#9067,#4433);
#3736=LINE('',#9069,#4434);
#3737=LINE('',#9071,#4435);
#3738=LINE('',#9072,#4436);
#3739=LINE('',#9075,#4437);
#3740=LINE('',#9077,#4438);
#3741=LINE('',#9079,#4439);
#3742=LINE('',#9080,#4440);
#3743=LINE('',#9083,#4441);
#3744=LINE('',#9085,#4442);
#3745=LINE('',#9087,#4443);
#3746=LINE('',#9088,#4444);
#3747=LINE('',#9091,#4445);
#3748=LINE('',#9093,#4446);
#3749=LINE('',#9095,#4447);
#3750=LINE('',#9096,#4448);
#3751=LINE('',#9099,#4449);
#3752=LINE('',#9100,#4450);
#3753=LINE('',#9101,#4451);
#3754=LINE('',#9103,#4452);
#3755=LINE('',#9105,#4453);
#3756=LINE('',#9106,#4454);
#3757=LINE('',#9109,#4455);
#3758=LINE('',#9111,#4456);
#3759=LINE('',#9112,#4457);
#3760=LINE('',#9115,#4458);
#3761=LINE('',#9117,#4459);
#3762=LINE('',#9119,#4460);
#3763=LINE('',#9120,#4461);
#3764=LINE('',#9123,#4462);
#3765=LINE('',#9125,#4463);
#3766=LINE('',#9127,#4464);
#3767=LINE('',#9128,#4465);
#3768=LINE('',#9131,#4466);
#3769=LINE('',#9133,#4467);
#3770=LINE('',#9135,#4468);
#3771=LINE('',#9137,#4469);
#3772=LINE('',#9142,#4470);
#3773=LINE('',#9146,#4471);
#3774=LINE('',#9148,#4472);
#3775=LINE('',#9149,#4473);
#3776=LINE('',#9152,#4474);
#3777=LINE('',#9154,#4475);
#3778=LINE('',#9156,#4476);
#3779=LINE('',#9157,#4477);
#3780=LINE('',#9160,#4478);
#3781=LINE('',#9162,#4479);
#3782=LINE('',#9164,#4480);
#3783=LINE('',#9165,#4481);
#3784=LINE('',#9168,#4482);
#3785=LINE('',#9170,#4483);
#3786=LINE('',#9172,#4484);
#3787=LINE('',#9173,#4485);
#3788=LINE('',#9176,#4486);
#3789=LINE('',#9178,#4487);
#3790=LINE('',#9180,#4488);
#3791=LINE('',#9181,#4489);
#3792=LINE('',#9184,#4490);
#3793=LINE('',#9186,#4491);
#3794=LINE('',#9188,#4492);
#3795=LINE('',#9189,#4493);
#3796=LINE('',#9192,#4494);
#3797=LINE('',#9194,#4495);
#3798=LINE('',#9196,#4496);
#3799=LINE('',#9197,#4497);
#3800=LINE('',#9200,#4498);
#3801=LINE('',#9202,#4499);
#3802=LINE('',#9203,#4500);
#3803=LINE('',#9206,#4501);
#3804=LINE('',#9208,#4502);
#3805=LINE('',#9210,#4503);
#3806=LINE('',#9211,#4504);
#3807=LINE('',#9214,#4505);
#3808=LINE('',#9216,#4506);
#3809=LINE('',#9218,#4507);
#3810=LINE('',#9220,#4508);
#3811=LINE('',#9223,#4509);
#3812=LINE('',#9225,#4510);
#3813=LINE('',#9227,#4511);
#3814=LINE('',#9228,#4512);
#3815=LINE('',#9231,#4513);
#3816=LINE('',#9233,#4514);
#3817=LINE('',#9235,#4515);
#3818=LINE('',#9236,#4516);
#3819=LINE('',#9239,#4517);
#3820=LINE('',#9241,#4518);
#3821=LINE('',#9242,#4519);
#3822=LINE('',#9243,#4520);
#3823=LINE('',#9245,#4521);
#3824=LINE('',#9247,#4522);
#3825=LINE('',#9249,#4523);
#3826=LINE('',#9251,#4524);
#3827=LINE('',#9253,#4525);
#3828=LINE('',#9255,#4526);
#3829=LINE('',#9256,#4527);
#3830=LINE('',#9259,#4528);
#3831=LINE('',#9261,#4529);
#3832=LINE('',#9262,#4530);
#3833=LINE('',#9265,#4531);
#3834=LINE('',#9267,#4532);
#3835=LINE('',#9269,#4533);
#3836=LINE('',#9270,#4534);
#3837=LINE('',#9273,#4535);
#3838=LINE('',#9275,#4536);
#3839=LINE('',#9277,#4537);
#3840=LINE('',#9278,#4538);
#3841=LINE('',#9281,#4539);
#3842=LINE('',#9283,#4540);
#3843=LINE('',#9285,#4541);
#3844=LINE('',#9287,#4542);
#3845=LINE('',#9288,#4543);
#3846=LINE('',#9291,#4544);
#3847=LINE('',#9293,#4545);
#3848=LINE('',#9295,#4546);
#3849=LINE('',#9297,#4547);
#3850=LINE('',#9302,#4548);
#3851=LINE('',#9306,#4549);
#3852=LINE('',#9308,#4550);
#3853=LINE('',#9309,#4551);
#3854=LINE('',#9312,#4552);
#3855=LINE('',#9314,#4553);
#3856=LINE('',#9316,#4554);
#3857=LINE('',#9318,#4555);
#3858=LINE('',#9319,#4556);
#3859=LINE('',#9322,#4557);
#3860=LINE('',#9324,#4558);
#3861=LINE('',#9325,#4559);
#3862=LINE('',#9328,#4560);
#3863=LINE('',#9330,#4561);
#3864=LINE('',#9331,#4562);
#3865=LINE('',#9334,#4563);
#3866=LINE('',#9336,#4564);
#3867=LINE('',#9338,#4565);
#3868=LINE('',#9339,#4566);
#3869=LINE('',#9342,#4567);
#3870=LINE('',#9344,#4568);
#3871=LINE('',#9346,#4569);
#3872=LINE('',#9347,#4570);
#3873=LINE('',#9350,#4571);
#3874=LINE('',#9352,#4572);
#3875=LINE('',#9354,#4573);
#3876=LINE('',#9355,#4574);
#3877=LINE('',#9358,#4575);
#3878=LINE('',#9360,#4576);
#3879=LINE('',#9362,#4577);
#3880=LINE('',#9363,#4578);
#3881=LINE('',#9366,#4579);
#3882=LINE('',#9368,#4580);
#3883=LINE('',#9370,#4581);
#3884=LINE('',#9372,#4582);
#3885=LINE('',#9373,#4583);
#3886=LINE('',#9374,#4584);
#3887=LINE('',#9376,#4585);
#3888=LINE('',#9378,#4586);
#3889=LINE('',#9382,#4587);
#3890=LINE('',#9383,#4588);
#3891=LINE('',#9385,#4589);
#3892=LINE('',#9390,#4590);
#3893=LINE('',#9392,#4591);
#3894=LINE('',#9394,#4592);
#3895=LINE('',#9398,#4593);
#3896=LINE('',#9403,#4594);
#3897=LINE('',#9405,#4595);
#3898=LINE('',#9407,#4596);
#3899=LINE('',#9414,#4597);
#3900=LINE('',#9418,#4598);
#3901=LINE('',#9419,#4599);
#3902=LINE('',#9422,#4600);
#3903=LINE('',#9424,#4601);
#3904=LINE('',#9426,#4602);
#3905=LINE('',#9427,#4603);
#3906=LINE('',#9430,#4604);
#3907=LINE('',#9432,#4605);
#3908=LINE('',#9434,#4606);
#3909=LINE('',#9437,#4607);
#3910=LINE('',#9439,#4608);
#3911=LINE('',#9440,#4609);
#3912=LINE('',#9442,#4610);
#3913=LINE('',#9443,#4611);
#3914=LINE('',#9445,#4612);
#3915=LINE('',#9446,#4613);
#3916=LINE('',#9448,#4614);
#3917=LINE('',#9449,#4615);
#3918=LINE('',#9451,#4616);
#3919=LINE('',#9452,#4617);
#3920=LINE('',#9454,#4618);
#3921=LINE('',#9455,#4619);
#3922=LINE('',#9457,#4620);
#3923=LINE('',#9458,#4621);
#3924=LINE('',#9460,#4622);
#3925=LINE('',#9461,#4623);
#3926=LINE('',#9463,#4624);
#3927=LINE('',#9464,#4625);
#3928=LINE('',#9466,#4626);
#3929=LINE('',#9467,#4627);
#3930=LINE('',#9469,#4628);
#3931=LINE('',#9470,#4629);
#3932=LINE('',#9472,#4630);
#3933=LINE('',#9473,#4631);
#3934=LINE('',#9475,#4632);
#3935=LINE('',#9476,#4633);
#3936=LINE('',#9478,#4634);
#3937=LINE('',#9479,#4635);
#3938=LINE('',#9481,#4636);
#3939=LINE('',#9485,#4637);
#3940=LINE('',#9486,#4638);
#3941=LINE('',#9488,#4639);
#3942=LINE('',#9489,#4640);
#3943=LINE('',#9491,#4641);
#3944=LINE('',#9492,#4642);
#3945=LINE('',#9494,#4643);
#3946=LINE('',#9495,#4644);
#3947=LINE('',#9497,#4645);
#3948=LINE('',#9498,#4646);
#3949=LINE('',#9502,#4647);
#3950=LINE('',#9503,#4648);
#3951=LINE('',#9507,#4649);
#3952=LINE('',#9514,#4650);
#3953=LINE('',#9520,#4651);
#3954=LINE('',#9523,#4652);
#3955=LINE('',#9525,#4653);
#3956=LINE('',#9527,#4654);
#3957=LINE('',#9529,#4655);
#3958=LINE('',#9531,#4656);
#3959=LINE('',#9533,#4657);
#3960=LINE('',#9535,#4658);
#3961=LINE('',#9537,#4659);
#3962=LINE('',#9539,#4660);
#3963=LINE('',#9542,#4661);
#3964=LINE('',#9544,#4662);
#3965=LINE('',#9546,#4663);
#3966=LINE('',#9548,#4664);
#3967=LINE('',#9550,#4665);
#3968=LINE('',#9551,#4666);
#3969=LINE('',#9555,#4667);
#3970=LINE('',#9557,#4668);
#3971=LINE('',#9559,#4669);
#3972=LINE('',#9561,#4670);
#3973=LINE('',#9563,#4671);
#3974=LINE('',#9565,#4672);
#3975=LINE('',#9567,#4673);
#3976=LINE('',#9569,#4674);
#3977=LINE('',#9571,#4675);
#3978=LINE('',#9573,#4676);
#3979=LINE('',#9575,#4677);
#3980=LINE('',#9577,#4678);
#3981=LINE('',#9579,#4679);
#3982=LINE('',#9582,#4680);
#3983=LINE('',#9584,#4681);
#3984=LINE('',#9586,#4682);
#3985=LINE('',#9588,#4683);
#3986=LINE('',#9590,#4684);
#3987=LINE('',#9592,#4685);
#3988=LINE('',#9594,#4686);
#3989=LINE('',#9596,#4687);
#3990=LINE('',#9598,#4688);
#3991=LINE('',#9600,#4689);
#3992=LINE('',#9602,#4690);
#3993=LINE('',#9604,#4691);
#3994=LINE('',#9613,#4692);
#3995=LINE('',#9615,#4693);
#3996=LINE('',#9617,#4694);
#3997=LINE('',#9619,#4695);
#3998=LINE('',#9621,#4696);
#3999=LINE('',#9623,#4697);
#4000=LINE('',#9625,#4698);
#4001=LINE('',#9628,#4699);
#4002=LINE('',#9630,#4700);
#4003=LINE('',#9632,#4701);
#4004=LINE('',#9634,#4702);
#4005=LINE('',#9636,#4703);
#4006=LINE('',#9638,#4704);
#4007=LINE('',#9640,#4705);
#4008=LINE('',#9642,#4706);
#4009=LINE('',#9644,#4707);
#4010=LINE('',#9647,#4708);
#4011=LINE('',#9649,#4709);
#4012=LINE('',#9651,#4710);
#4013=LINE('',#9653,#4711);
#4014=LINE('',#9655,#4712);
#4015=LINE('',#9657,#4713);
#4016=LINE('',#9659,#4714);
#4017=LINE('',#9661,#4715);
#4018=LINE('',#9663,#4716);
#4019=LINE('',#9665,#4717);
#4020=LINE('',#9667,#4718);
#4021=LINE('',#9669,#4719);
#4022=LINE('',#9672,#4720);
#4023=LINE('',#9674,#4721);
#4024=LINE('',#9676,#4722);
#4025=LINE('',#9678,#4723);
#4026=LINE('',#9680,#4724);
#4027=LINE('',#9682,#4725);
#4028=LINE('',#9684,#4726);
#4029=LINE('',#9686,#4727);
#4030=LINE('',#9688,#4728);
#4031=LINE('',#9690,#4729);
#4032=LINE('',#9692,#4730);
#4033=LINE('',#9694,#4731);
#4034=LINE('',#9696,#4732);
#4035=LINE('',#9698,#4733);
#4036=LINE('',#9700,#4734);
#4037=LINE('',#9703,#4735);
#4038=LINE('',#9705,#4736);
#4039=LINE('',#9707,#4737);
#4040=LINE('',#9709,#4738);
#4041=LINE('',#9711,#4739);
#4042=LINE('',#9713,#4740);
#4043=LINE('',#9717,#4741);
#4044=LINE('',#9719,#4742);
#4045=LINE('',#9721,#4743);
#4046=LINE('',#9723,#4744);
#4047=LINE('',#9725,#4745);
#4048=LINE('',#9729,#4746);
#4049=LINE('',#9730,#4747);
#4050=LINE('',#9732,#4748);
#4051=LINE('',#9735,#4749);
#4052=LINE('',#9736,#4750);
#4053=LINE('',#9738,#4751);
#4054=LINE('',#9741,#4752);
#4055=LINE('',#9742,#4753);
#4056=LINE('',#9744,#4754);
#4057=LINE('',#9746,#4755);
#4058=LINE('',#9749,#4756);
#4059=LINE('',#9750,#4757);
#4060=LINE('',#9752,#4758);
#4061=LINE('',#9754,#4759);
#4062=LINE('',#9757,#4760);
#4063=LINE('',#9758,#4761);
#4064=LINE('',#9760,#4762);
#4065=LINE('',#9762,#4763);
#4066=LINE('',#9765,#4764);
#4067=LINE('',#9766,#4765);
#4068=LINE('',#9768,#4766);
#4069=LINE('',#9770,#4767);
#4070=LINE('',#9773,#4768);
#4071=LINE('',#9774,#4769);
#4072=LINE('',#9776,#4770);
#4073=LINE('',#9778,#4771);
#4074=LINE('',#9780,#4772);
#4075=LINE('',#9783,#4773);
#4076=LINE('',#9784,#4774);
#4077=LINE('',#9786,#4775);
#4078=LINE('',#9788,#4776);
#4079=LINE('',#9791,#4777);
#4080=LINE('',#9792,#4778);
#4081=LINE('',#9794,#4779);
#4082=LINE('',#9797,#4780);
#4083=LINE('',#9798,#4781);
#4084=LINE('',#9800,#4782);
#4085=LINE('',#9802,#4783);
#4086=LINE('',#9805,#4784);
#4087=LINE('',#9806,#4785);
#4088=LINE('',#9808,#4786);
#4089=LINE('',#9810,#4787);
#4090=LINE('',#9813,#4788);
#4091=LINE('',#9814,#4789);
#4092=LINE('',#9816,#4790);
#4093=LINE('',#9818,#4791);
#4094=LINE('',#9821,#4792);
#4095=LINE('',#9822,#4793);
#4096=LINE('',#9824,#4794);
#4097=LINE('',#9826,#4795);
#4098=LINE('',#9829,#4796);
#4099=LINE('',#9830,#4797);
#4100=LINE('',#9832,#4798);
#4101=LINE('',#9834,#4799);
#4102=LINE('',#9837,#4800);
#4103=LINE('',#9838,#4801);
#4104=LINE('',#9840,#4802);
#4105=LINE('',#9842,#4803);
#4106=LINE('',#9845,#4804);
#4107=LINE('',#9846,#4805);
#4108=LINE('',#9848,#4806);
#4109=LINE('',#9850,#4807);
#4110=LINE('',#9853,#4808);
#4111=LINE('',#9854,#4809);
#4112=LINE('',#9856,#4810);
#4113=LINE('',#9858,#4811);
#4114=LINE('',#9861,#4812);
#4115=LINE('',#9863,#4813);
#4116=LINE('',#9865,#4814);
#4117=LINE('',#9867,#4815);
#4118=LINE('',#9873,#4816);
#4119=LINE('',#9875,#4817);
#4120=LINE('',#9877,#4818);
#4121=LINE('',#9879,#4819);
#4122=LINE('',#9889,#4820);
#4123=LINE('',#9891,#4821);
#4124=LINE('',#9893,#4822);
#4125=LINE('',#9895,#4823);
#4126=LINE('',#9897,#4824);
#4127=LINE('',#9901,#4825);
#4128=LINE('',#9905,#4826);
#4129=LINE('',#9907,#4827);
#4130=LINE('',#9908,#4828);
#4131=LINE('',#9913,#4829);
#4132=LINE('',#9917,#4830);
#4133=LINE('',#9919,#4831);
#4134=LINE('',#9921,#4832);
#4135=LINE('',#9923,#4833);
#4136=LINE('',#9929,#4834);
#4137=LINE('',#9931,#4835);
#4138=LINE('',#9933,#4836);
#4139=LINE('',#9934,#4837);
#4140=LINE('',#9937,#4838);
#4141=LINE('',#9939,#4839);
#4142=LINE('',#9941,#4840);
#4143=LINE('',#9943,#4841);
#4144=LINE('',#9944,#4842);
#4145=LINE('',#9946,#4843);
#4146=LINE('',#9948,#4844);
#4147=LINE('',#9950,#4845);
#4148=LINE('',#9952,#4846);
#4149=LINE('',#9954,#4847);
#4150=LINE('',#9955,#4848);
#4151=LINE('',#9957,#4849);
#4152=LINE('',#9959,#4850);
#4153=LINE('',#9963,#4851);
#4154=LINE('',#9965,#4852);
#4155=LINE('',#9967,#4853);
#4156=LINE('',#9971,#4854);
#4157=LINE('',#9973,#4855);
#4158=LINE('',#9975,#4856);
#4159=LINE('',#9977,#4857);
#4160=LINE('',#9978,#4858);
#4161=LINE('',#9980,#4859);
#4162=LINE('',#9982,#4860);
#4163=LINE('',#9983,#4861);
#4164=LINE('',#9985,#4862);
#4165=LINE('',#9987,#4863);
#4166=LINE('',#9989,#4864);
#4167=LINE('',#9991,#4865);
#4168=LINE('',#9992,#4866);
#4169=LINE('',#9994,#4867);
#4170=LINE('',#9996,#4868);
#4171=LINE('',#9998,#4869);
#4172=LINE('',#10000,#4870);
#4173=LINE('',#10002,#4871);
#4174=LINE('',#10003,#4872);
#4175=LINE('',#10005,#4873);
#4176=LINE('',#10007,#4874);
#4177=LINE('',#10011,#4875);
#4178=LINE('',#10013,#4876);
#4179=LINE('',#10015,#4877);
#4180=LINE('',#10019,#4878);
#4181=LINE('',#10021,#4879);
#4182=LINE('',#10023,#4880);
#4183=LINE('',#10025,#4881);
#4184=LINE('',#10026,#4882);
#4185=LINE('',#10028,#4883);
#4186=LINE('',#10030,#4884);
#4187=LINE('',#10032,#4885);
#4188=LINE('',#10034,#4886);
#4189=LINE('',#10036,#4887);
#4190=LINE('',#10038,#4888);
#4191=LINE('',#10039,#4889);
#4192=LINE('',#10319,#4890);
#4193=LINE('',#10321,#4891);
#4194=LINE('',#10323,#4892);
#4195=LINE('',#10325,#4893);
#4196=LINE('',#10331,#4894);
#4197=LINE('',#10333,#4895);
#4198=LINE('',#10335,#4896);
#4199=LINE('',#10337,#4897);
#4200=LINE('',#10341,#4898);
#4201=LINE('',#10342,#4899);
#4202=LINE('',#10344,#4900);
#4203=LINE('',#10346,#4901);
#4204=LINE('',#10351,#4902);
#4205=LINE('',#10352,#4903);
#4206=LINE('',#10353,#4904);
#4207=LINE('',#10355,#4905);
#4208=LINE('',#10357,#4906);
#4209=LINE('',#10360,#4907);
#4210=LINE('',#10361,#4908);
#4211=LINE('',#10363,#4909);
#4212=LINE('',#10365,#4910);
#4213=LINE('',#10366,#4911);
#4214=LINE('',#10369,#4912);
#4215=LINE('',#10370,#4913);
#4216=LINE('',#10372,#4914);
#4217=LINE('',#10374,#4915);
#4218=LINE('',#10377,#4916);
#4219=LINE('',#10378,#4917);
#4220=LINE('',#10380,#4918);
#4221=LINE('',#10382,#4919);
#4222=LINE('',#10385,#4920);
#4223=LINE('',#10386,#4921);
#4224=LINE('',#10388,#4922);
#4225=LINE('',#10390,#4923);
#4226=LINE('',#10393,#4924);
#4227=LINE('',#10394,#4925);
#4228=LINE('',#10396,#4926);
#4229=LINE('',#10398,#4927);
#4230=LINE('',#10401,#4928);
#4231=LINE('',#10402,#4929);
#4232=LINE('',#10404,#4930);
#4233=LINE('',#10406,#4931);
#4234=LINE('',#10409,#4932);
#4235=LINE('',#10410,#4933);
#4236=LINE('',#10412,#4934);
#4237=LINE('',#10414,#4935);
#4238=VECTOR('',#6801,1.);
#4239=VECTOR('',#6804,1.);
#4240=VECTOR('',#6807,1.);
#4241=VECTOR('',#6810,1.);
#4242=VECTOR('',#6813,1.);
#4243=VECTOR('',#6816,1.);
#4244=VECTOR('',#6819,1.);
#4245=VECTOR('',#6822,1.);
#4246=VECTOR('',#6825,1.);
#4247=VECTOR('',#6828,1.);
#4248=VECTOR('',#6831,1.);
#4249=VECTOR('',#6834,1.);
#4250=VECTOR('',#6837,1.);
#4251=VECTOR('',#6840,1.);
#4252=VECTOR('',#6841,1.);
#4253=VECTOR('',#6842,1.);
#4254=VECTOR('',#6843,1.);
#4255=VECTOR('',#6844,1.);
#4256=VECTOR('',#6845,1.);
#4257=VECTOR('',#6846,1.);
#4258=VECTOR('',#6847,1.);
#4259=VECTOR('',#6848,1.);
#4260=VECTOR('',#6849,1.);
#4261=VECTOR('',#6850,1.);
#4262=VECTOR('',#6851,1.);
#4263=VECTOR('',#6852,1.);
#4264=VECTOR('',#6855,1.);
#4265=VECTOR('',#6858,1.);
#4266=VECTOR('',#6859,1.);
#4267=VECTOR('',#6860,1.);
#4268=VECTOR('',#6861,1.);
#4269=VECTOR('',#6862,1.);
#4270=VECTOR('',#6863,1.);
#4271=VECTOR('',#6864,1.);
#4272=VECTOR('',#6869,1.);
#4273=VECTOR('',#6870,1.);
#4274=VECTOR('',#6871,1.);
#4275=VECTOR('',#6872,1.);
#4276=VECTOR('',#6875,1.);
#4277=VECTOR('',#6878,1.);
#4278=VECTOR('',#6881,1.);
#4279=VECTOR('',#6884,1.);
#4280=VECTOR('',#6887,1.);
#4281=VECTOR('',#6890,1.);
#4282=VECTOR('',#6893,1.);
#4283=VECTOR('',#6896,1.);
#4284=VECTOR('',#6899,1.);
#4285=VECTOR('',#6902,1.);
#4286=VECTOR('',#6905,1.);
#4287=VECTOR('',#6908,1.);
#4288=VECTOR('',#6911,1.);
#4289=VECTOR('',#6914,1.);
#4290=VECTOR('',#6917,1.);
#4291=VECTOR('',#6920,1.);
#4292=VECTOR('',#6923,1.);
#4293=VECTOR('',#6926,1.);
#4294=VECTOR('',#6927,1.);
#4295=VECTOR('',#6928,1.);
#4296=VECTOR('',#6929,1.);
#4297=VECTOR('',#6932,1.);
#4298=VECTOR('',#6933,1.);
#4299=VECTOR('',#6934,1.);
#4300=VECTOR('',#6937,1.);
#4301=VECTOR('',#6938,1.);
#4302=VECTOR('',#6941,1.);
#4303=VECTOR('',#6942,1.);
#4304=VECTOR('',#6943,1.);
#4305=VECTOR('',#6944,1.);
#4306=VECTOR('',#6963,1.);
#4307=VECTOR('',#6966,1.);
#4308=VECTOR('',#6969,1.);
#4309=VECTOR('',#6972,1.);
#4310=VECTOR('',#6973,1.);
#4311=VECTOR('',#6974,1.);
#4312=VECTOR('',#6975,1.);
#4313=VECTOR('',#6978,1.);
#4314=VECTOR('',#6979,1.);
#4315=VECTOR('',#6982,1.);
#4316=VECTOR('',#6987,1.);
#4317=VECTOR('',#6988,1.);
#4318=VECTOR('',#6989,1.);
#4319=VECTOR('',#6990,1.);
#4320=VECTOR('',#6993,1.);
#4321=VECTOR('',#6996,1.);
#4322=VECTOR('',#6997,1.);
#4323=VECTOR('',#6998,1.);
#4324=VECTOR('',#6999,1.);
#4325=VECTOR('',#7000,1.);
#4326=VECTOR('',#7001,1.);
#4327=VECTOR('',#7004,1.);
#4328=VECTOR('',#7007,1.);
#4329=VECTOR('',#7010,1.);
#4330=VECTOR('',#7013,1.);
#4331=VECTOR('',#7018,1.);
#4332=VECTOR('',#7021,1.);
#4333=VECTOR('',#7024,1.);
#4334=VECTOR('',#7027,1.);
#4335=VECTOR('',#7030,1.);
#4336=VECTOR('',#7033,1.);
#4337=VECTOR('',#7036,1.);
#4338=VECTOR('',#7039,1.);
#4339=VECTOR('',#7042,1.);
#4340=VECTOR('',#7043,1.);
#4341=VECTOR('',#7044,1.);
#4342=VECTOR('',#7045,1.);
#4343=VECTOR('',#7050,1.);
#4344=VECTOR('',#7053,1.);
#4345=VECTOR('',#7056,1.);
#4346=VECTOR('',#7059,1.);
#4347=VECTOR('',#7062,1.);
#4348=VECTOR('',#7063,1.);
#4349=VECTOR('',#7064,1.);
#4350=VECTOR('',#7065,1.);
#4351=VECTOR('',#7066,1.);
#4352=VECTOR('',#7067,1.);
#4353=VECTOR('',#7070,1.);
#4354=VECTOR('',#7073,1.);
#4355=VECTOR('',#7074,1.);
#4356=VECTOR('',#7075,1.);
#4357=VECTOR('',#7078,1.);
#4358=VECTOR('',#7079,1.);
#4359=VECTOR('',#7080,1.);
#4360=VECTOR('',#7083,1.);
#4361=VECTOR('',#7086,1.);
#4362=VECTOR('',#7087,1.);
#4363=VECTOR('',#7088,1.);
#4364=VECTOR('',#7089,1.);
#4365=VECTOR('',#7090,1.);
#4366=VECTOR('',#7091,1.);
#4367=VECTOR('',#7096,1.);
#4368=VECTOR('',#7099,1.);
#4369=VECTOR('',#7102,1.);
#4370=VECTOR('',#7105,1.);
#4371=VECTOR('',#7108,1.);
#4372=VECTOR('',#7109,1.);
#4373=VECTOR('',#7112,1.);
#4374=VECTOR('',#7115,1.);
#4375=VECTOR('',#7118,1.);
#4376=VECTOR('',#7121,1.);
#4377=VECTOR('',#7124,1.);
#4378=VECTOR('',#7127,1.);
#4379=VECTOR('',#7130,1.);
#4380=VECTOR('',#7133,1.);
#4381=VECTOR('',#7134,1.);
#4382=VECTOR('',#7135,1.);
#4383=VECTOR('',#7136,1.);
#4384=VECTOR('',#7139,1.);
#4385=VECTOR('',#7142,1.);
#4386=VECTOR('',#7145,1.);
#4387=VECTOR('',#7148,1.);
#4388=VECTOR('',#7151,1.);
#4389=VECTOR('',#7154,1.);
#4390=VECTOR('',#7155,1.);
#4391=VECTOR('',#7156,1.);
#4392=VECTOR('',#7157,1.);
#4393=VECTOR('',#7158,1.);
#4394=VECTOR('',#7159,1.);
#4395=VECTOR('',#7160,1.);
#4396=VECTOR('',#7161,1.);
#4397=VECTOR('',#7164,1.);
#4398=VECTOR('',#7167,1.);
#4399=VECTOR('',#7172,1.);
#4400=VECTOR('',#7175,1.);
#4401=VECTOR('',#7178,1.);
#4402=VECTOR('',#7179,1.);
#4403=VECTOR('',#7180,1.);
#4404=VECTOR('',#7181,1.);
#4405=VECTOR('',#7182,1.);
#4406=VECTOR('',#7183,1.);
#4407=VECTOR('',#7184,1.);
#4408=VECTOR('',#7189,1.);
#4409=VECTOR('',#7190,1.);
#4410=VECTOR('',#7191,1.);
#4411=VECTOR('',#7192,1.);
#4412=VECTOR('',#7193,1.);
#4413=VECTOR('',#7194,1.);
#4414=VECTOR('',#7195,1.);
#4415=VECTOR('',#7198,1.);
#4416=VECTOR('',#7199,1.);
#4417=VECTOR('',#7200,1.);
#4418=VECTOR('',#7201,1.);
#4419=VECTOR('',#7202,1.);
#4420=VECTOR('',#7203,1.);
#4421=VECTOR('',#7204,1.);
#4422=VECTOR('',#7205,1.);
#4423=VECTOR('',#7208,1.);
#4424=VECTOR('',#7209,1.);
#4425=VECTOR('',#7210,1.);
#4426=VECTOR('',#7211,1.);
#4427=VECTOR('',#7212,1.);
#4428=VECTOR('',#7215,1.);
#4429=VECTOR('',#7216,1.);
#4430=VECTOR('',#7217,1.);
#4431=VECTOR('',#7218,1.);
#4432=VECTOR('',#7219,1.);
#4433=VECTOR('',#7220,1.);
#4434=VECTOR('',#7221,1.);
#4435=VECTOR('',#7222,1.);
#4436=VECTOR('',#7223,1.);
#4437=VECTOR('',#7224,1.);
#4438=VECTOR('',#7225,1.);
#4439=VECTOR('',#7226,1.);
#4440=VECTOR('',#7227,1.);
#4441=VECTOR('',#7228,1.);
#4442=VECTOR('',#7229,1.);
#4443=VECTOR('',#7230,1.);
#4444=VECTOR('',#7231,1.);
#4445=VECTOR('',#7232,1.);
#4446=VECTOR('',#7233,1.);
#4447=VECTOR('',#7234,1.);
#4448=VECTOR('',#7235,1.);
#4449=VECTOR('',#7236,1.);
#4450=VECTOR('',#7237,1.);
#4451=VECTOR('',#7238,1.);
#4452=VECTOR('',#7239,1.);
#4453=VECTOR('',#7240,1.);
#4454=VECTOR('',#7241,1.);
#4455=VECTOR('',#7242,1.);
#4456=VECTOR('',#7243,1.);
#4457=VECTOR('',#7244,1.);
#4458=VECTOR('',#7245,1.);
#4459=VECTOR('',#7246,1.);
#4460=VECTOR('',#7247,1.);
#4461=VECTOR('',#7248,1.);
#4462=VECTOR('',#7249,1.);
#4463=VECTOR('',#7250,1.);
#4464=VECTOR('',#7251,1.);
#4465=VECTOR('',#7252,1.);
#4466=VECTOR('',#7253,1.);
#4467=VECTOR('',#7254,1.);
#4468=VECTOR('',#7255,1.);
#4469=VECTOR('',#7258,1.);
#4470=VECTOR('',#7261,1.);
#4471=VECTOR('',#7264,1.);
#4472=VECTOR('',#7265,1.);
#4473=VECTOR('',#7266,1.);
#4474=VECTOR('',#7267,1.);
#4475=VECTOR('',#7268,1.);
#4476=VECTOR('',#7269,1.);
#4477=VECTOR('',#7270,1.);
#4478=VECTOR('',#7271,1.);
#4479=VECTOR('',#7272,1.);
#4480=VECTOR('',#7273,1.);
#4481=VECTOR('',#7274,1.);
#4482=VECTOR('',#7275,1.);
#4483=VECTOR('',#7276,1.);
#4484=VECTOR('',#7277,1.);
#4485=VECTOR('',#7278,1.);
#4486=VECTOR('',#7279,1.);
#4487=VECTOR('',#7280,1.);
#4488=VECTOR('',#7281,1.);
#4489=VECTOR('',#7282,1.);
#4490=VECTOR('',#7283,1.);
#4491=VECTOR('',#7284,1.);
#4492=VECTOR('',#7285,1.);
#4493=VECTOR('',#7286,1.);
#4494=VECTOR('',#7287,1.);
#4495=VECTOR('',#7288,1.);
#4496=VECTOR('',#7289,1.);
#4497=VECTOR('',#7290,1.);
#4498=VECTOR('',#7291,1.);
#4499=VECTOR('',#7292,1.);
#4500=VECTOR('',#7293,1.);
#4501=VECTOR('',#7294,1.);
#4502=VECTOR('',#7295,1.);
#4503=VECTOR('',#7296,1.);
#4504=VECTOR('',#7297,1.);
#4505=VECTOR('',#7298,1.);
#4506=VECTOR('',#7299,1.);
#4507=VECTOR('',#7300,1.);
#4508=VECTOR('',#7303,1.);
#4509=VECTOR('',#7304,1.);
#4510=VECTOR('',#7305,1.);
#4511=VECTOR('',#7306,1.);
#4512=VECTOR('',#7307,1.);
#4513=VECTOR('',#7308,1.);
#4514=VECTOR('',#7309,1.);
#4515=VECTOR('',#7310,1.);
#4516=VECTOR('',#7311,1.);
#4517=VECTOR('',#7312,1.);
#4518=VECTOR('',#7313,1.);
#4519=VECTOR('',#7314,1.);
#4520=VECTOR('',#7315,1.);
#4521=VECTOR('',#7316,1.);
#4522=VECTOR('',#7317,1.);
#4523=VECTOR('',#7318,1.);
#4524=VECTOR('',#7319,1.);
#4525=VECTOR('',#7320,1.);
#4526=VECTOR('',#7321,1.);
#4527=VECTOR('',#7322,1.);
#4528=VECTOR('',#7323,1.);
#4529=VECTOR('',#7324,1.);
#4530=VECTOR('',#7325,1.);
#4531=VECTOR('',#7326,1.);
#4532=VECTOR('',#7327,1.);
#4533=VECTOR('',#7328,1.);
#4534=VECTOR('',#7329,1.);
#4535=VECTOR('',#7330,1.);
#4536=VECTOR('',#7331,1.);
#4537=VECTOR('',#7332,1.);
#4538=VECTOR('',#7333,1.);
#4539=VECTOR('',#7334,1.);
#4540=VECTOR('',#7335,1.);
#4541=VECTOR('',#7336,1.);
#4542=VECTOR('',#7337,1.);
#4543=VECTOR('',#7338,1.);
#4544=VECTOR('',#7339,1.);
#4545=VECTOR('',#7340,1.);
#4546=VECTOR('',#7341,1.);
#4547=VECTOR('',#7344,1.);
#4548=VECTOR('',#7347,1.);
#4549=VECTOR('',#7350,1.);
#4550=VECTOR('',#7351,1.);
#4551=VECTOR('',#7352,1.);
#4552=VECTOR('',#7353,1.);
#4553=VECTOR('',#7354,1.);
#4554=VECTOR('',#7355,1.);
#4555=VECTOR('',#7356,1.);
#4556=VECTOR('',#7357,1.);
#4557=VECTOR('',#7358,1.);
#4558=VECTOR('',#7359,1.);
#4559=VECTOR('',#7360,1.);
#4560=VECTOR('',#7361,1.);
#4561=VECTOR('',#7362,1.);
#4562=VECTOR('',#7363,1.);
#4563=VECTOR('',#7364,1.);
#4564=VECTOR('',#7365,1.);
#4565=VECTOR('',#7366,1.);
#4566=VECTOR('',#7367,1.);
#4567=VECTOR('',#7368,1.);
#4568=VECTOR('',#7369,1.);
#4569=VECTOR('',#7370,1.);
#4570=VECTOR('',#7371,1.);
#4571=VECTOR('',#7372,1.);
#4572=VECTOR('',#7373,1.);
#4573=VECTOR('',#7374,1.);
#4574=VECTOR('',#7375,1.);
#4575=VECTOR('',#7376,1.);
#4576=VECTOR('',#7377,1.);
#4577=VECTOR('',#7378,1.);
#4578=VECTOR('',#7379,1.);
#4579=VECTOR('',#7380,1.);
#4580=VECTOR('',#7381,1.);
#4581=VECTOR('',#7382,1.);
#4582=VECTOR('',#7385,1.);
#4583=VECTOR('',#7386,1.);
#4584=VECTOR('',#7387,1.);
#4585=VECTOR('',#7388,1.);
#4586=VECTOR('',#7389,1.);
#4587=VECTOR('',#7396,1.);
#4588=VECTOR('',#7397,1.);
#4589=VECTOR('',#7400,1.);
#4590=VECTOR('',#7403,1.);
#4591=VECTOR('',#7404,1.);
#4592=VECTOR('',#7405,1.);
#4593=VECTOR('',#7410,1.);
#4594=VECTOR('',#7413,1.);
#4595=VECTOR('',#7414,1.);
#4596=VECTOR('',#7415,1.);
#4597=VECTOR('',#7422,1.);
#4598=VECTOR('',#7425,1.);
#4599=VECTOR('',#7426,1.);
#4600=VECTOR('',#7427,1.);
#4601=VECTOR('',#7428,1.);
#4602=VECTOR('',#7429,1.);
#4603=VECTOR('',#7430,1.);
#4604=VECTOR('',#7431,1.);
#4605=VECTOR('',#7432,1.);
#4606=VECTOR('',#7433,1.);
#4607=VECTOR('',#7436,1.);
#4608=VECTOR('',#7437,1.);
#4609=VECTOR('',#7438,1.);
#4610=VECTOR('',#7441,1.);
#4611=VECTOR('',#7442,1.);
#4612=VECTOR('',#7445,1.);
#4613=VECTOR('',#7446,1.);
#4614=VECTOR('',#7449,1.);
#4615=VECTOR('',#7450,1.);
#4616=VECTOR('',#7453,1.);
#4617=VECTOR('',#7454,1.);
#4618=VECTOR('',#7457,1.);
#4619=VECTOR('',#7458,1.);
#4620=VECTOR('',#7461,1.);
#4621=VECTOR('',#7462,1.);
#4622=VECTOR('',#7465,1.);
#4623=VECTOR('',#7466,1.);
#4624=VECTOR('',#7469,1.);
#4625=VECTOR('',#7470,1.);
#4626=VECTOR('',#7473,1.);
#4627=VECTOR('',#7474,1.);
#4628=VECTOR('',#7477,1.);
#4629=VECTOR('',#7478,1.);
#4630=VECTOR('',#7481,1.);
#4631=VECTOR('',#7482,1.);
#4632=VECTOR('',#7485,1.);
#4633=VECTOR('',#7486,1.);
#4634=VECTOR('',#7489,1.);
#4635=VECTOR('',#7490,1.);
#4636=VECTOR('',#7493,1.);
#4637=VECTOR('',#7500,1.);
#4638=VECTOR('',#7501,1.);
#4639=VECTOR('',#7504,1.);
#4640=VECTOR('',#7505,1.);
#4641=VECTOR('',#7508,1.);
#4642=VECTOR('',#7509,1.);
#4643=VECTOR('',#7512,1.);
#4644=VECTOR('',#7513,1.);
#4645=VECTOR('',#7516,1.);
#4646=VECTOR('',#7517,1.);
#4647=VECTOR('',#7522,1.);
#4648=VECTOR('',#7523,1.);
#4649=VECTOR('',#7528,1.);
#4650=VECTOR('',#7537,1.);
#4651=VECTOR('',#7548,1.);
#4652=VECTOR('',#7549,1.);
#4653=VECTOR('',#7550,1.);
#4654=VECTOR('',#7551,1.);
#4655=VECTOR('',#7552,1.);
#4656=VECTOR('',#7553,1.);
#4657=VECTOR('',#7556,1.);
#4658=VECTOR('',#7557,1.);
#4659=VECTOR('',#7558,1.);
#4660=VECTOR('',#7561,1.);
#4661=VECTOR('',#7562,1.);
#4662=VECTOR('',#7563,1.);
#4663=VECTOR('',#7564,1.);
#4664=VECTOR('',#7565,1.);
#4665=VECTOR('',#7566,1.);
#4666=VECTOR('',#7567,1.);
#4667=VECTOR('',#7572,1.);
#4668=VECTOR('',#7575,1.);
#4669=VECTOR('',#7576,1.);
#4670=VECTOR('',#7577,1.);
#4671=VECTOR('',#7580,1.);
#4672=VECTOR('',#7581,1.);
#4673=VECTOR('',#7584,1.);
#4674=VECTOR('',#7585,1.);
#4675=VECTOR('',#7588,1.);
#4676=VECTOR('',#7589,1.);
#4677=VECTOR('',#7592,1.);
#4678=VECTOR('',#7593,1.);
#4679=VECTOR('',#7596,1.);
#4680=VECTOR('',#7601,1.);
#4681=VECTOR('',#7602,1.);
#4682=VECTOR('',#7603,1.);
#4683=VECTOR('',#7606,1.);
#4684=VECTOR('',#7607,1.);
#4685=VECTOR('',#7610,1.);
#4686=VECTOR('',#7611,1.);
#4687=VECTOR('',#7614,1.);
#4688=VECTOR('',#7615,1.);
#4689=VECTOR('',#7618,1.);
#4690=VECTOR('',#7619,1.);
#4691=VECTOR('',#7622,1.);
#4692=VECTOR('',#7635,1.);
#4693=VECTOR('',#7636,1.);
#4694=VECTOR('',#7637,1.);
#4695=VECTOR('',#7640,1.);
#4696=VECTOR('',#7641,1.);
#4697=VECTOR('',#7642,1.);
#4698=VECTOR('',#7645,1.);
#4699=VECTOR('',#7646,1.);
#4700=VECTOR('',#7647,1.);
#4701=VECTOR('',#7648,1.);
#4702=VECTOR('',#7651,1.);
#4703=VECTOR('',#7654,1.);
#4704=VECTOR('',#7657,1.);
#4705=VECTOR('',#7658,1.);
#4706=VECTOR('',#7659,1.);
#4707=VECTOR('',#7662,1.);
#4708=VECTOR('',#7663,1.);
#4709=VECTOR('',#7664,1.);
#4710=VECTOR('',#7665,1.);
#4711=VECTOR('',#7668,1.);
#4712=VECTOR('',#7669,1.);
#4713=VECTOR('',#7670,1.);
#4714=VECTOR('',#7673,1.);
#4715=VECTOR('',#7676,1.);
#4716=VECTOR('',#7679,1.);
#4717=VECTOR('',#7680,1.);
#4718=VECTOR('',#7681,1.);
#4719=VECTOR('',#7684,1.);
#4720=VECTOR('',#7685,1.);
#4721=VECTOR('',#7686,1.);
#4722=VECTOR('',#7687,1.);
#4723=VECTOR('',#7690,1.);
#4724=VECTOR('',#7691,1.);
#4725=VECTOR('',#7692,1.);
#4726=VECTOR('',#7695,1.);
#4727=VECTOR('',#7698,1.);
#4728=VECTOR('',#7701,1.);
#4729=VECTOR('',#7702,1.);
#4730=VECTOR('',#7703,1.);
#4731=VECTOR('',#7706,1.);
#4732=VECTOR('',#7707,1.);
#4733=VECTOR('',#7708,1.);
#4734=VECTOR('',#7711,1.);
#4735=VECTOR('',#7712,1.);
#4736=VECTOR('',#7713,1.);
#4737=VECTOR('',#7714,1.);
#4738=VECTOR('',#7717,1.);
#4739=VECTOR('',#7720,1.);
#4740=VECTOR('',#7723,1.);
#4741=VECTOR('',#7726,1.);
#4742=VECTOR('',#7729,1.);
#4743=VECTOR('',#7730,1.);
#4744=VECTOR('',#7733,1.);
#4745=VECTOR('',#7734,1.);
#4746=VECTOR('',#7741,1.);
#4747=VECTOR('',#7742,1.);
#4748=VECTOR('',#7745,1.);
#4749=VECTOR('',#7750,1.);
#4750=VECTOR('',#7751,1.);
#4751=VECTOR('',#7754,1.);
#4752=VECTOR('',#7759,1.);
#4753=VECTOR('',#7760,1.);
#4754=VECTOR('',#7763,1.);
#4755=VECTOR('',#7766,1.);
#4756=VECTOR('',#7771,1.);
#4757=VECTOR('',#7772,1.);
#4758=VECTOR('',#7775,1.);
#4759=VECTOR('',#7778,1.);
#4760=VECTOR('',#7783,1.);
#4761=VECTOR('',#7784,1.);
#4762=VECTOR('',#7787,1.);
#4763=VECTOR('',#7790,1.);
#4764=VECTOR('',#7795,1.);
#4765=VECTOR('',#7796,1.);
#4766=VECTOR('',#7799,1.);
#4767=VECTOR('',#7802,1.);
#4768=VECTOR('',#7807,1.);
#4769=VECTOR('',#7808,1.);
#4770=VECTOR('',#7811,1.);
#4771=VECTOR('',#7814,1.);
#4772=VECTOR('',#7817,1.);
#4773=VECTOR('',#7822,1.);
#4774=VECTOR('',#7823,1.);
#4775=VECTOR('',#7826,1.);
#4776=VECTOR('',#7829,1.);
#4777=VECTOR('',#7834,1.);
#4778=VECTOR('',#7835,1.);
#4779=VECTOR('',#7838,1.);
#4780=VECTOR('',#7843,1.);
#4781=VECTOR('',#7844,1.);
#4782=VECTOR('',#7847,1.);
#4783=VECTOR('',#7850,1.);
#4784=VECTOR('',#7855,1.);
#4785=VECTOR('',#7856,1.);
#4786=VECTOR('',#7859,1.);
#4787=VECTOR('',#7862,1.);
#4788=VECTOR('',#7867,1.);
#4789=VECTOR('',#7868,1.);
#4790=VECTOR('',#7871,1.);
#4791=VECTOR('',#7874,1.);
#4792=VECTOR('',#7879,1.);
#4793=VECTOR('',#7880,1.);
#4794=VECTOR('',#7883,1.);
#4795=VECTOR('',#7886,1.);
#4796=VECTOR('',#7891,1.);
#4797=VECTOR('',#7892,1.);
#4798=VECTOR('',#7895,1.);
#4799=VECTOR('',#7898,1.);
#4800=VECTOR('',#7903,1.);
#4801=VECTOR('',#7904,1.);
#4802=VECTOR('',#7907,1.);
#4803=VECTOR('',#7910,1.);
#4804=VECTOR('',#7915,1.);
#4805=VECTOR('',#7916,1.);
#4806=VECTOR('',#7919,1.);
#4807=VECTOR('',#7922,1.);
#4808=VECTOR('',#7927,1.);
#4809=VECTOR('',#7928,1.);
#4810=VECTOR('',#7931,1.);
#4811=VECTOR('',#7934,1.);
#4812=VECTOR('',#7939,1.);
#4813=VECTOR('',#7940,1.);
#4814=VECTOR('',#7943,1.);
#4815=VECTOR('',#7944,1.);
#4816=VECTOR('',#7953,1.);
#4817=VECTOR('',#7954,1.);
#4818=VECTOR('',#7957,1.);
#4819=VECTOR('',#7958,1.);
#4820=VECTOR('',#7971,1.);
#4821=VECTOR('',#7972,1.);
#4822=VECTOR('',#7973,1.);
#4823=VECTOR('',#7976,1.);
#4824=VECTOR('',#7977,1.);
#4825=VECTOR('',#7982,1.);
#4826=VECTOR('',#7985,1.);
#4827=VECTOR('',#7988,1.);
#4828=VECTOR('',#7989,1.);
#4829=VECTOR('',#7996,1.);
#4830=VECTOR('',#7999,1.);
#4831=VECTOR('',#8000,1.);
#4832=VECTOR('',#8003,1.);
#4833=VECTOR('',#8004,1.);
#4834=VECTOR('',#8011,1.);
#4835=VECTOR('',#8012,1.);
#4836=VECTOR('',#8015,1.);
#4837=VECTOR('',#8016,1.);
#4838=VECTOR('',#8021,1.);
#4839=VECTOR('',#8022,1.);
#4840=VECTOR('',#8023,1.);
#4841=VECTOR('',#8026,1.);
#4842=VECTOR('',#8027,1.);
#4843=VECTOR('',#8028,1.);
#4844=VECTOR('',#8031,1.);
#4845=VECTOR('',#8032,1.);
#4846=VECTOR('',#8035,1.);
#4847=VECTOR('',#8036,1.);
#4848=VECTOR('',#8037,1.);
#4849=VECTOR('',#8040,1.);
#4850=VECTOR('',#8041,1.);
#4851=VECTOR('',#8046,1.);
#4852=VECTOR('',#8049,1.);
#4853=VECTOR('',#8050,1.);
#4854=VECTOR('',#8055,1.);
#4855=VECTOR('',#8058,1.);
#4856=VECTOR('',#8059,1.);
#4857=VECTOR('',#8062,1.);
#4858=VECTOR('',#8063,1.);
#4859=VECTOR('',#8064,1.);
#4860=VECTOR('',#8067,1.);
#4861=VECTOR('',#8068,1.);
#4862=VECTOR('',#8069,1.);
#4863=VECTOR('',#8072,1.);
#4864=VECTOR('',#8075,1.);
#4865=VECTOR('',#8076,1.);
#4866=VECTOR('',#8077,1.);
#4867=VECTOR('',#8078,1.);
#4868=VECTOR('',#8081,1.);
#4869=VECTOR('',#8082,1.);
#4870=VECTOR('',#8085,1.);
#4871=VECTOR('',#8086,1.);
#4872=VECTOR('',#8087,1.);
#4873=VECTOR('',#8090,1.);
#4874=VECTOR('',#8091,1.);
#4875=VECTOR('',#8096,1.);
#4876=VECTOR('',#8099,1.);
#4877=VECTOR('',#8100,1.);
#4878=VECTOR('',#8105,1.);
#4879=VECTOR('',#8108,1.);
#4880=VECTOR('',#8109,1.);
#4881=VECTOR('',#8112,1.);
#4882=VECTOR('',#8113,1.);
#4883=VECTOR('',#8114,1.);
#4884=VECTOR('',#8117,1.);
#4885=VECTOR('',#8118,1.);
#4886=VECTOR('',#8121,1.);
#4887=VECTOR('',#8122,1.);
#4888=VECTOR('',#8125,1.);
#4889=VECTOR('',#8126,1.);
#4890=VECTOR('',#8317,1.);
#4891=VECTOR('',#8320,1.);
#4892=VECTOR('',#8323,1.);
#4893=VECTOR('',#8326,1.);
#4894=VECTOR('',#8337,1.);
#4895=VECTOR('',#8340,1.);
#4896=VECTOR('',#8343,1.);
#4897=VECTOR('',#8346,1.);
#4898=VECTOR('',#8353,1.);
#4899=VECTOR('',#8354,1.);
#4900=VECTOR('',#8357,1.);
#4901=VECTOR('',#8360,1.);
#4902=VECTOR('',#8369,1.);
#4903=VECTOR('',#8370,1.);
#4904=VECTOR('',#8371,1.);
#4905=VECTOR('',#8374,1.);
#4906=VECTOR('',#8377,1.);
#4907=VECTOR('',#8382,1.);
#4908=VECTOR('',#8383,1.);
#4909=VECTOR('',#8386,1.);
#4910=VECTOR('',#8389,1.);
#4911=VECTOR('',#8390,1.);
#4912=VECTOR('',#8395,1.);
#4913=VECTOR('',#8396,1.);
#4914=VECTOR('',#8399,1.);
#4915=VECTOR('',#8402,1.);
#4916=VECTOR('',#8407,1.);
#4917=VECTOR('',#8408,1.);
#4918=VECTOR('',#8411,1.);
#4919=VECTOR('',#8414,1.);
#4920=VECTOR('',#8419,1.);
#4921=VECTOR('',#8420,1.);
#4922=VECTOR('',#8423,1.);
#4923=VECTOR('',#8426,1.);
#4924=VECTOR('',#8431,1.);
#4925=VECTOR('',#8432,1.);
#4926=VECTOR('',#8435,1.);
#4927=VECTOR('',#8438,1.);
#4928=VECTOR('',#8443,1.);
#4929=VECTOR('',#8444,1.);
#4930=VECTOR('',#8447,1.);
#4931=VECTOR('',#8450,1.);
#4932=VECTOR('',#8455,1.);
#4933=VECTOR('',#8456,1.);
#4934=VECTOR('',#8459,1.);
#4935=VECTOR('',#8462,1.);
#4936=EDGE_LOOP('',(#300,#301,#302,#303));
#4937=EDGE_LOOP('',(#304,#305,#306,#307));
#4938=EDGE_LOOP('',(#308,#309,#310,#311));
#4939=EDGE_LOOP('',(#312,#313,#314,#315));
#4940=EDGE_LOOP('',(#316,#317,#318,#319));
#4941=EDGE_LOOP('',(#320,#321,#322,#323));
#4942=EDGE_LOOP('',(#324,#325,#326,#327,#328,#329,#330,#331,#332,#333,#334,
#335,#336,#337,#338,#339,#340,#341,#342,#343,#344,#345,#346,#347,#348,#349));
#4943=EDGE_LOOP('',(#350,#351,#352,#353));
#4944=EDGE_LOOP('',(#354,#355,#356,#357));
#4945=EDGE_LOOP('',(#358,#359,#360,#361));
#4946=EDGE_LOOP('',(#362,#363,#364,#365));
#4947=EDGE_LOOP('',(#366,#367,#368,#369));
#4948=EDGE_LOOP('',(#370,#371,#372,#373));
#4949=EDGE_LOOP('',(#374,#375,#376,#377));
#4950=EDGE_LOOP('',(#378,#379,#380,#381));
#4951=EDGE_LOOP('',(#382,#383,#384,#385));
#4952=EDGE_LOOP('',(#386,#387,#388,#389,#390,#391));
#4953=EDGE_LOOP('',(#392,#393,#394,#395,#396));
#4954=EDGE_LOOP('',(#397,#398,#399,#400));
#4955=EDGE_LOOP('',(#401,#402,#403,#404,#405));
#4956=EDGE_LOOP('',(#406));
#4957=EDGE_LOOP('',(#407,#408));
#4958=EDGE_LOOP('',(#409));
#4959=EDGE_LOOP('',(#410,#411));
#4960=EDGE_LOOP('',(#412));
#4961=EDGE_LOOP('',(#413,#414,#415,#416,#417,#418,#419,#420));
#4962=EDGE_LOOP('',(#421,#422,#423,#424,#425,#426,#427,#428,#429,#430));
#4963=EDGE_LOOP('',(#431));
#4964=EDGE_LOOP('',(#432,#433,#434,#435,#436,#437,#438,#439,#440,#441,#442,
#443));
#4965=EDGE_LOOP('',(#444,#445,#446,#447,#448,#449,#450,#451,#452,#453));
#4966=EDGE_LOOP('',(#454));
#4967=EDGE_LOOP('',(#455,#456,#457,#458,#459,#460,#461,#462));
#4968=EDGE_LOOP('',(#463,#464,#465,#466,#467,#468,#469,#470));
#4969=EDGE_LOOP('',(#471,#472,#473,#474));
#4970=EDGE_LOOP('',(#475,#476,#477,#478,#479,#480,#481,#482,#483,#484,#485));
#4971=EDGE_LOOP('',(#486,#487,#488,#489,#490,#491,#492,#493,#494,#495,#496,
#497));
#4972=EDGE_LOOP('',(#498,#499,#500,#501,#502,#503,#504,#505,#506,#507,#508,
#509));
#4973=EDGE_LOOP('',(#510,#511,#512,#513,#514,#515,#516,#517,#518,#519,#520));
#4974=EDGE_LOOP('',(#521,#522,#523,#524,#525,#526,#527,#528));
#4975=EDGE_LOOP('',(#529,#530,#531,#532,#533,#534,#535,#536));
#4976=EDGE_LOOP('',(#537,#538,#539,#540));
#4977=EDGE_LOOP('',(#541));
#4978=EDGE_LOOP('',(#542,#543,#544,#545,#546,#547,#548,#549,#550,#551));
#4979=EDGE_LOOP('',(#552,#553,#554,#555,#556,#557,#558,#559,#560,#561,#562,
#563));
#4980=EDGE_LOOP('',(#564,#565,#566,#567));
#4981=EDGE_LOOP('',(#568));
#4982=EDGE_LOOP('',(#569,#570,#571,#572,#573,#574,#575,#576));
#4983=EDGE_LOOP('',(#577));
#4984=EDGE_LOOP('',(#578,#579,#580,#581,#582,#583,#584,#585));
#4985=EDGE_LOOP('',(#586,#587,#588,#589));
#4986=EDGE_LOOP('',(#590,#591,#592,#593));
#4987=EDGE_LOOP('',(#594));
#4988=EDGE_LOOP('',(#595,#596,#597,#598,#599,#600,#601,#602));
#4989=EDGE_LOOP('',(#603,#604,#605,#606));
#4990=EDGE_LOOP('',(#607,#608,#609,#610));
#4991=EDGE_LOOP('',(#611,#612,#613,#614));
#4992=EDGE_LOOP('',(#615,#616,#617,#618));
#4993=EDGE_LOOP('',(#619,#620,#621,#622));
#4994=EDGE_LOOP('',(#623,#624,#625,#626,#627,#628,#629,#630,#631,#632));
#4995=EDGE_LOOP('',(#633,#634,#635));
#4996=EDGE_LOOP('',(#636,#637,#638,#639));
#4997=EDGE_LOOP('',(#640,#641,#642,#643));
#4998=EDGE_LOOP('',(#644,#645,#646,#647));
#4999=EDGE_LOOP('',(#648,#649,#650,#651,#652,#653));
#5000=EDGE_LOOP('',(#654,#655,#656,#657));
#5001=EDGE_LOOP('',(#658,#659,#660,#661));
#5002=EDGE_LOOP('',(#662,#663,#664,#665));
#5003=EDGE_LOOP('',(#666,#667,#668,#669));
#5004=EDGE_LOOP('',(#670,#671,#672,#673));
#5005=EDGE_LOOP('',(#674,#675,#676,#677));
#5006=EDGE_LOOP('',(#678,#679,#680));
#5007=EDGE_LOOP('',(#681,#682,#683,#684));
#5008=EDGE_LOOP('',(#685,#686,#687,#688));
#5009=EDGE_LOOP('',(#689,#690,#691,#692));
#5010=EDGE_LOOP('',(#693,#694,#695,#696));
#5011=EDGE_LOOP('',(#697,#698,#699));
#5012=EDGE_LOOP('',(#700,#701,#702,#703,#704,#705,#706,#707,#708,#709));
#5013=EDGE_LOOP('',(#710,#711,#712));
#5014=EDGE_LOOP('',(#713,#714,#715,#716));
#5015=EDGE_LOOP('',(#717,#718,#719,#720));
#5016=EDGE_LOOP('',(#721,#722,#723,#724,#725));
#5017=EDGE_LOOP('',(#726,#727,#728,#729));
#5018=EDGE_LOOP('',(#730,#731,#732,#733,#734,#735));
#5019=EDGE_LOOP('',(#736,#737,#738,#739,#740));
#5020=EDGE_LOOP('',(#741,#742,#743));
#5021=EDGE_LOOP('',(#744,#745,#746));
#5022=EDGE_LOOP('',(#747,#748,#749,#750));
#5023=EDGE_LOOP('',(#751,#752,#753,#754));
#5024=EDGE_LOOP('',(#755,#756,#757,#758));
#5025=EDGE_LOOP('',(#759,#760,#761,#762));
#5026=EDGE_LOOP('',(#763,#764,#765,#766));
#5027=EDGE_LOOP('',(#767,#768,#769,#770,#771,#772,#773,#774));
#5028=EDGE_LOOP('',(#775,#776,#777));
#5029=EDGE_LOOP('',(#778,#779,#780));
#5030=EDGE_LOOP('',(#781,#782,#783,#784,#785,#786));
#5031=EDGE_LOOP('',(#787,#788,#789,#790,#791,#792));
#5032=EDGE_LOOP('',(#793,#794,#795,#796,#797,#798));
#5033=EDGE_LOOP('',(#799,#800,#801,#802));
#5034=EDGE_LOOP('',(#803,#804,#805,#806));
#5035=EDGE_LOOP('',(#807,#808,#809,#810));
#5036=EDGE_LOOP('',(#811));
#5037=EDGE_LOOP('',(#812,#813,#814,#815,#816,#817,#818,#819));
#5038=EDGE_LOOP('',(#820,#821,#822,#823));
#5039=EDGE_LOOP('',(#824,#825,#826,#827));
#5040=EDGE_LOOP('',(#828,#829,#830,#831));
#5041=EDGE_LOOP('',(#832,#833,#834,#835));
#5042=EDGE_LOOP('',(#836,#837,#838,#839));
#5043=EDGE_LOOP('',(#840,#841,#842,#843));
#5044=EDGE_LOOP('',(#844,#845,#846,#847));
#5045=EDGE_LOOP('',(#848,#849,#850,#851));
#5046=EDGE_LOOP('',(#852,#853,#854,#855));
#5047=EDGE_LOOP('',(#856,#857,#858,#859));
#5048=EDGE_LOOP('',(#860,#861,#862,#863));
#5049=EDGE_LOOP('',(#864,#865,#866,#867));
#5050=EDGE_LOOP('',(#868,#869,#870,#871));
#5051=EDGE_LOOP('',(#872,#873,#874,#875));
#5052=EDGE_LOOP('',(#876,#877,#878,#879));
#5053=EDGE_LOOP('',(#880));
#5054=EDGE_LOOP('',(#881));
#5055=EDGE_LOOP('',(#882,#883,#884,#885));
#5056=EDGE_LOOP('',(#886,#887,#888,#889));
#5057=EDGE_LOOP('',(#890,#891,#892,#893));
#5058=EDGE_LOOP('',(#894,#895,#896,#897));
#5059=EDGE_LOOP('',(#898,#899,#900,#901));
#5060=EDGE_LOOP('',(#902,#903,#904,#905,#906,#907,#908));
#5061=EDGE_LOOP('',(#909,#910,#911,#912,#913,#914));
#5062=EDGE_LOOP('',(#915,#916,#917,#918,#919,#920,#921,#922));
#5063=EDGE_LOOP('',(#923,#924,#925,#926,#927,#928,#929));
#5064=EDGE_LOOP('',(#930,#931,#932,#933,#934,#935));
#5065=EDGE_LOOP('',(#936,#937,#938,#939,#940));
#5066=EDGE_LOOP('',(#941,#942,#943,#944));
#5067=EDGE_LOOP('',(#945,#946,#947,#948,#949,#950));
#5068=EDGE_LOOP('',(#951,#952,#953,#954,#955));
#5069=EDGE_LOOP('',(#956,#957,#958,#959,#960,#961));
#5070=EDGE_LOOP('',(#962,#963,#964,#965));
#5071=EDGE_LOOP('',(#966,#967,#968,#969));
#5072=EDGE_LOOP('',(#970,#971,#972,#973));
#5073=EDGE_LOOP('',(#974,#975,#976,#977));
#5074=EDGE_LOOP('',(#978,#979,#980,#981));
#5075=EDGE_LOOP('',(#982,#983,#984,#985));
#5076=EDGE_LOOP('',(#986));
#5077=EDGE_LOOP('',(#987,#988,#989,#990,#991,#992));
#5078=EDGE_LOOP('',(#993,#994,#995,#996));
#5079=EDGE_LOOP('',(#997,#998,#999,#1000));
#5080=EDGE_LOOP('',(#1001,#1002,#1003,#1004));
#5081=EDGE_LOOP('',(#1005,#1006,#1007,#1008));
#5082=EDGE_LOOP('',(#1009,#1010,#1011,#1012));
#5083=EDGE_LOOP('',(#1013,#1014,#1015,#1016));
#5084=EDGE_LOOP('',(#1017));
#5085=EDGE_LOOP('',(#1018,#1019,#1020,#1021,#1022,#1023));
#5086=EDGE_LOOP('',(#1024));
#5087=EDGE_LOOP('',(#1025));
#5088=EDGE_LOOP('',(#1026));
#5089=EDGE_LOOP('',(#1027));
#5090=EDGE_LOOP('',(#1028,#1029,#1030,#1031));
#5091=EDGE_LOOP('',(#1032,#1033,#1034,#1035));
#5092=EDGE_LOOP('',(#1036,#1037,#1038,#1039));
#5093=EDGE_LOOP('',(#1040,#1041,#1042,#1043));
#5094=EDGE_LOOP('',(#1044,#1045,#1046,#1047));
#5095=EDGE_LOOP('',(#1048,#1049,#1050,#1051));
#5096=EDGE_LOOP('',(#1052,#1053,#1054,#1055));
#5097=EDGE_LOOP('',(#1056,#1057,#1058,#1059));
#5098=EDGE_LOOP('',(#1060,#1061,#1062,#1063));
#5099=EDGE_LOOP('',(#1064,#1065,#1066,#1067));
#5100=EDGE_LOOP('',(#1068,#1069,#1070,#1071));
#5101=EDGE_LOOP('',(#1072,#1073,#1074,#1075));
#5102=EDGE_LOOP('',(#1076,#1077,#1078,#1079));
#5103=EDGE_LOOP('',(#1080,#1081,#1082,#1083));
#5104=EDGE_LOOP('',(#1084,#1085,#1086,#1087));
#5105=EDGE_LOOP('',(#1088,#1089,#1090,#1091));
#5106=EDGE_LOOP('',(#1092,#1093,#1094,#1095));
#5107=EDGE_LOOP('',(#1096,#1097,#1098,#1099));
#5108=EDGE_LOOP('',(#1100,#1101,#1102,#1103));
#5109=EDGE_LOOP('',(#1104,#1105,#1106,#1107));
#5110=EDGE_LOOP('',(#1108,#1109,#1110,#1111));
#5111=EDGE_LOOP('',(#1112,#1113,#1114,#1115));
#5112=EDGE_LOOP('',(#1116,#1117,#1118,#1119));
#5113=EDGE_LOOP('',(#1120,#1121,#1122,#1123));
#5114=EDGE_LOOP('',(#1124,#1125,#1126,#1127));
#5115=EDGE_LOOP('',(#1128,#1129,#1130,#1131));
#5116=EDGE_LOOP('',(#1132,#1133,#1134,#1135));
#5117=EDGE_LOOP('',(#1136,#1137,#1138,#1139));
#5118=EDGE_LOOP('',(#1140,#1141,#1142,#1143));
#5119=EDGE_LOOP('',(#1144,#1145,#1146,#1147));
#5120=EDGE_LOOP('',(#1148,#1149,#1150,#1151));
#5121=EDGE_LOOP('',(#1152,#1153,#1154,#1155));
#5122=EDGE_LOOP('',(#1156,#1157,#1158,#1159));
#5123=EDGE_LOOP('',(#1160,#1161,#1162,#1163));
#5124=EDGE_LOOP('',(#1164,#1165,#1166,#1167));
#5125=EDGE_LOOP('',(#1168,#1169,#1170,#1171));
#5126=EDGE_LOOP('',(#1172,#1173,#1174,#1175));
#5127=EDGE_LOOP('',(#1176,#1177,#1178,#1179));
#5128=EDGE_LOOP('',(#1180,#1181,#1182,#1183));
#5129=EDGE_LOOP('',(#1184,#1185,#1186,#1187));
#5130=EDGE_LOOP('',(#1188,#1189,#1190,#1191));
#5131=EDGE_LOOP('',(#1192,#1193,#1194,#1195));
#5132=EDGE_LOOP('',(#1196,#1197,#1198,#1199));
#5133=EDGE_LOOP('',(#1200,#1201,#1202,#1203));
#5134=EDGE_LOOP('',(#1204,#1205,#1206,#1207));
#5135=EDGE_LOOP('',(#1208,#1209,#1210,#1211));
#5136=EDGE_LOOP('',(#1212,#1213,#1214,#1215));
#5137=EDGE_LOOP('',(#1216,#1217,#1218,#1219));
#5138=EDGE_LOOP('',(#1220,#1221,#1222,#1223));
#5139=EDGE_LOOP('',(#1224,#1225,#1226,#1227));
#5140=EDGE_LOOP('',(#1228,#1229,#1230,#1231));
#5141=EDGE_LOOP('',(#1232,#1233,#1234,#1235));
#5142=EDGE_LOOP('',(#1236,#1237,#1238,#1239));
#5143=EDGE_LOOP('',(#1240,#1241,#1242,#1243));
#5144=EDGE_LOOP('',(#1244,#1245,#1246,#1247));
#5145=EDGE_LOOP('',(#1248,#1249,#1250,#1251));
#5146=EDGE_LOOP('',(#1252,#1253,#1254,#1255));
#5147=EDGE_LOOP('',(#1256,#1257,#1258,#1259));
#5148=EDGE_LOOP('',(#1260,#1261,#1262,#1263));
#5149=EDGE_LOOP('',(#1264,#1265,#1266,#1267));
#5150=EDGE_LOOP('',(#1268,#1269,#1270,#1271));
#5151=EDGE_LOOP('',(#1272,#1273,#1274,#1275));
#5152=EDGE_LOOP('',(#1276,#1277,#1278,#1279));
#5153=EDGE_LOOP('',(#1280,#1281,#1282,#1283));
#5154=EDGE_LOOP('',(#1284,#1285,#1286,#1287));
#5155=EDGE_LOOP('',(#1288,#1289,#1290,#1291));
#5156=EDGE_LOOP('',(#1292,#1293,#1294,#1295));
#5157=EDGE_LOOP('',(#1296,#1297,#1298,#1299));
#5158=EDGE_LOOP('',(#1300,#1301,#1302,#1303));
#5159=EDGE_LOOP('',(#1304,#1305,#1306,#1307));
#5160=EDGE_LOOP('',(#1308,#1309,#1310,#1311));
#5161=EDGE_LOOP('',(#1312,#1313,#1314,#1315));
#5162=EDGE_LOOP('',(#1316,#1317,#1318,#1319));
#5163=EDGE_LOOP('',(#1320,#1321,#1322,#1323));
#5164=EDGE_LOOP('',(#1324,#1325,#1326,#1327));
#5165=EDGE_LOOP('',(#1328,#1329,#1330,#1331));
#5166=EDGE_LOOP('',(#1332,#1333,#1334,#1335));
#5167=EDGE_LOOP('',(#1336,#1337,#1338,#1339));
#5168=EDGE_LOOP('',(#1340,#1341,#1342,#1343));
#5169=EDGE_LOOP('',(#1344,#1345,#1346,#1347));
#5170=EDGE_LOOP('',(#1348,#1349,#1350,#1351));
#5171=EDGE_LOOP('',(#1352,#1353,#1354,#1355));
#5172=EDGE_LOOP('',(#1356,#1357,#1358,#1359));
#5173=EDGE_LOOP('',(#1360,#1361,#1362,#1363));
#5174=EDGE_LOOP('',(#1364,#1365,#1366,#1367));
#5175=EDGE_LOOP('',(#1368,#1369,#1370,#1371));
#5176=EDGE_LOOP('',(#1372,#1373,#1374,#1375));
#5177=EDGE_LOOP('',(#1376,#1377,#1378,#1379));
#5178=EDGE_LOOP('',(#1380,#1381,#1382,#1383));
#5179=EDGE_LOOP('',(#1384,#1385,#1386,#1387));
#5180=EDGE_LOOP('',(#1388,#1389,#1390,#1391));
#5181=EDGE_LOOP('',(#1392,#1393,#1394,#1395));
#5182=EDGE_LOOP('',(#1396));
#5183=EDGE_LOOP('',(#1397,#1398,#1399,#1400,#1401));
#5184=EDGE_LOOP('',(#1402,#1403,#1404,#1405));
#5185=EDGE_LOOP('',(#1406,#1407,#1408,#1409));
#5186=EDGE_LOOP('',(#1410));
#5187=EDGE_LOOP('',(#1411,#1412,#1413,#1414,#1415));
#5188=EDGE_LOOP('',(#1416));
#5189=EDGE_LOOP('',(#1417,#1418,#1419,#1420,#1421));
#5190=EDGE_LOOP('',(#1422,#1423,#1424,#1425));
#5191=EDGE_LOOP('',(#1426));
#5192=EDGE_LOOP('',(#1427,#1428,#1429,#1430,#1431));
#5193=EDGE_LOOP('',(#1432,#1433,#1434,#1435));
#5194=EDGE_LOOP('',(#1436,#1437,#1438,#1439));
#5195=EDGE_LOOP('',(#1440));
#5196=EDGE_LOOP('',(#1441,#1442,#1443,#1444,#1445));
#5197=EDGE_LOOP('',(#1446,#1447,#1448,#1449));
#5198=EDGE_LOOP('',(#1450));
#5199=EDGE_LOOP('',(#1451,#1452,#1453,#1454,#1455));
#5200=EDGE_LOOP('',(#1456,#1457,#1458,#1459));
#5201=EDGE_LOOP('',(#1460,#1461,#1462,#1463));
#5202=EDGE_LOOP('',(#1464,#1465,#1466,#1467));
#5203=EDGE_LOOP('',(#1468,#1469,#1470,#1471,#1472,#1473));
#5204=EDGE_LOOP('',(#1474,#1475,#1476,#1477));
#5205=EDGE_LOOP('',(#1478,#1479,#1480,#1481,#1482,#1483));
#5206=EDGE_LOOP('',(#1484,#1485,#1486,#1487));
#5207=EDGE_LOOP('',(#1488,#1489,#1490,#1491));
#5208=EDGE_LOOP('',(#1492,#1493,#1494,#1495));
#5209=EDGE_LOOP('',(#1496,#1497,#1498,#1499));
#5210=EDGE_LOOP('',(#1500,#1501,#1502,#1503));
#5211=EDGE_LOOP('',(#1504,#1505,#1506,#1507,#1508,#1509));
#5212=EDGE_LOOP('',(#1510,#1511,#1512,#1513,#1514,#1515));
#5213=EDGE_LOOP('',(#1516,#1517,#1518,#1519));
#5214=EDGE_LOOP('',(#1520,#1521,#1522,#1523,#1524,#1525));
#5215=EDGE_LOOP('',(#1526,#1527,#1528,#1529));
#5216=EDGE_LOOP('',(#1530,#1531,#1532,#1533,#1534,#1535));
#5217=EDGE_LOOP('',(#1536,#1537,#1538,#1539));
#5218=EDGE_LOOP('',(#1540,#1541,#1542,#1543));
#5219=EDGE_LOOP('',(#1544,#1545,#1546,#1547));
#5220=EDGE_LOOP('',(#1548,#1549,#1550,#1551));
#5221=EDGE_LOOP('',(#1552,#1553,#1554,#1555));
#5222=EDGE_LOOP('',(#1556,#1557,#1558,#1559,#1560,#1561));
#5223=EDGE_LOOP('',(#1562,#1563,#1564,#1565));
#5224=EDGE_LOOP('',(#1566,#1567,#1568,#1569));
#5225=EDGE_LOOP('',(#1570,#1571,#1572,#1573,#1574,#1575));
#5226=EDGE_LOOP('',(#1576));
#5227=EDGE_LOOP('',(#1577));
#5228=EDGE_LOOP('',(#1578));
#5229=EDGE_LOOP('',(#1579));
#5230=EDGE_LOOP('',(#1580));
#5231=EDGE_LOOP('',(#1581));
#5232=EDGE_LOOP('',(#1582));
#5233=EDGE_LOOP('',(#1583));
#5234=EDGE_LOOP('',(#1584,#1585,#1586,#1587,#1588,#1589));
#5235=EDGE_LOOP('',(#1590,#1591,#1592,#1593,#1594));
#5236=EDGE_LOOP('',(#1595,#1596,#1597,#1598,#1599,#1600));
#5237=EDGE_LOOP('',(#1601,#1602,#1603,#1604,#1605));
#5238=EDGE_LOOP('',(#1606,#1607,#1608,#1609,#1610,#1611,#1612,#1613,#1614,
#1615));
#5239=EDGE_LOOP('',(#1616,#1617,#1618,#1619,#1620));
#5240=EDGE_LOOP('',(#1621,#1622,#1623,#1624,#1625,#1626,#1627,#1628,#1629,
#1630));
#5241=EDGE_LOOP('',(#1631,#1632,#1633,#1634,#1635));
#5242=EDGE_LOOP('',(#1636,#1637,#1638,#1639));
#5243=EDGE_LOOP('',(#1640,#1641,#1642,#1643));
#5244=EDGE_LOOP('',(#1644,#1645,#1646,#1647));
#5245=EDGE_LOOP('',(#1648,#1649,#1650,#1651));
#5246=EDGE_LOOP('',(#1652,#1653,#1654,#1655));
#5247=EDGE_LOOP('',(#1656,#1657,#1658,#1659));
#5248=EDGE_LOOP('',(#1660,#1661,#1662,#1663));
#5249=EDGE_LOOP('',(#1664,#1665,#1666,#1667));
#5250=EDGE_LOOP('',(#1668,#1669,#1670,#1671));
#5251=EDGE_LOOP('',(#1672,#1673,#1674,#1675));
#5252=EDGE_LOOP('',(#1676,#1677,#1678,#1679));
#5253=EDGE_LOOP('',(#1680,#1681,#1682,#1683));
#5254=EDGE_LOOP('',(#1684,#1685,#1686,#1687));
#5255=EDGE_LOOP('',(#1688,#1689,#1690,#1691));
#5256=EDGE_LOOP('',(#1692,#1693,#1694,#1695));
#5257=EDGE_LOOP('',(#1696,#1697,#1698,#1699));
#5258=EDGE_LOOP('',(#1700,#1701,#1702,#1703));
#5259=EDGE_LOOP('',(#1704,#1705,#1706,#1707));
#5260=EDGE_LOOP('',(#1708,#1709,#1710,#1711));
#5261=EDGE_LOOP('',(#1712,#1713,#1714,#1715));
#5262=EDGE_LOOP('',(#1716,#1717,#1718,#1719));
#5263=EDGE_LOOP('',(#1720,#1721,#1722,#1723));
#5264=EDGE_LOOP('',(#1724,#1725,#1726,#1727));
#5265=EDGE_LOOP('',(#1728,#1729,#1730,#1731));
#5266=EDGE_LOOP('',(#1732,#1733,#1734,#1735));
#5267=EDGE_LOOP('',(#1736,#1737,#1738,#1739));
#5268=EDGE_LOOP('',(#1740,#1741,#1742,#1743));
#5269=EDGE_LOOP('',(#1744,#1745,#1746,#1747));
#5270=EDGE_LOOP('',(#1748,#1749,#1750,#1751));
#5271=EDGE_LOOP('',(#1752,#1753,#1754,#1755));
#5272=EDGE_LOOP('',(#1756,#1757,#1758,#1759));
#5273=EDGE_LOOP('',(#1760,#1761,#1762,#1763));
#5274=EDGE_LOOP('',(#1764,#1765,#1766,#1767));
#5275=EDGE_LOOP('',(#1768,#1769,#1770,#1771));
#5276=EDGE_LOOP('',(#1772,#1773,#1774,#1775));
#5277=EDGE_LOOP('',(#1776,#1777,#1778,#1779));
#5278=EDGE_LOOP('',(#1780,#1781,#1782,#1783));
#5279=EDGE_LOOP('',(#1784,#1785,#1786,#1787));
#5280=EDGE_LOOP('',(#1788,#1789,#1790,#1791));
#5281=EDGE_LOOP('',(#1792,#1793,#1794,#1795));
#5282=EDGE_LOOP('',(#1796,#1797,#1798,#1799));
#5283=EDGE_LOOP('',(#1800,#1801,#1802,#1803));
#5284=EDGE_LOOP('',(#1804,#1805,#1806,#1807));
#5285=EDGE_LOOP('',(#1808,#1809,#1810,#1811));
#5286=EDGE_LOOP('',(#1812,#1813,#1814,#1815));
#5287=EDGE_LOOP('',(#1816,#1817,#1818,#1819));
#5288=EDGE_LOOP('',(#1820,#1821,#1822,#1823));
#5289=EDGE_LOOP('',(#1824,#1825,#1826,#1827));
#5290=EDGE_LOOP('',(#1828,#1829,#1830,#1831));
#5291=EDGE_LOOP('',(#1832,#1833,#1834,#1835));
#5292=EDGE_LOOP('',(#1836,#1837,#1838,#1839));
#5293=EDGE_LOOP('',(#1840,#1841,#1842,#1843));
#5294=EDGE_LOOP('',(#1844,#1845,#1846,#1847));
#5295=EDGE_LOOP('',(#1848,#1849,#1850,#1851));
#5296=EDGE_LOOP('',(#1852,#1853,#1854,#1855));
#5297=EDGE_LOOP('',(#1856,#1857,#1858,#1859));
#5298=EDGE_LOOP('',(#1860,#1861,#1862,#1863));
#5299=EDGE_LOOP('',(#1864,#1865,#1866,#1867));
#5300=EDGE_LOOP('',(#1868,#1869,#1870,#1871));
#5301=EDGE_LOOP('',(#1872,#1873,#1874,#1875));
#5302=EDGE_LOOP('',(#1876,#1877,#1878,#1879));
#5303=EDGE_LOOP('',(#1880,#1881,#1882,#1883));
#5304=EDGE_LOOP('',(#1884,#1885,#1886,#1887));
#5305=EDGE_LOOP('',(#1888,#1889,#1890,#1891));
#5306=EDGE_LOOP('',(#1892,#1893,#1894,#1895));
#5307=EDGE_LOOP('',(#1896,#1897,#1898,#1899));
#5308=EDGE_LOOP('',(#1900,#1901,#1902,#1903));
#5309=EDGE_LOOP('',(#1904,#1905,#1906,#1907));
#5310=EDGE_LOOP('',(#1908,#1909,#1910,#1911));
#5311=EDGE_LOOP('',(#1912,#1913,#1914,#1915));
#5312=EDGE_LOOP('',(#1916,#1917,#1918,#1919));
#5313=EDGE_LOOP('',(#1920,#1921,#1922,#1923));
#5314=EDGE_LOOP('',(#1924));
#5315=EDGE_LOOP('',(#1925));
#5316=EDGE_LOOP('',(#1926));
#5317=EDGE_LOOP('',(#1927));
#5318=EDGE_LOOP('',(#1928,#1929,#1930,#1931,#1932,#1933,#1934,#1935));
#5319=EDGE_LOOP('',(#1936,#1937,#1938,#1939,#1940,#1941,#1942,#1943));
#5320=EDGE_LOOP('',(#1944,#1945,#1946,#1947));
#5321=EDGE_LOOP('',(#1948,#1949,#1950,#1951));
#5322=EDGE_LOOP('',(#1952,#1953,#1954,#1955));
#5323=EDGE_LOOP('',(#1956,#1957,#1958,#1959));
#5324=EDGE_LOOP('',(#1960,#1961,#1962,#1963,#1964,#1965,#1966,#1967));
#5325=EDGE_LOOP('',(#1968,#1969,#1970,#1971,#1972,#1973,#1974,#1975));
#5326=EDGE_LOOP('',(#1976,#1977,#1978,#1979));
#5327=EDGE_LOOP('',(#1980,#1981,#1982,#1983));
#5328=EDGE_LOOP('',(#1984,#1985,#1986,#1987));
#5329=EDGE_LOOP('',(#1988,#1989,#1990,#1991));
#5330=EDGE_LOOP('',(#1992,#1993,#1994,#1995));
#5331=EDGE_LOOP('',(#1996,#1997,#1998,#1999));
#5332=EDGE_LOOP('',(#2000,#2001,#2002,#2003));
#5333=EDGE_LOOP('',(#2004,#2005,#2006,#2007));
#5334=EDGE_LOOP('',(#2008,#2009,#2010,#2011));
#5335=EDGE_LOOP('',(#2012,#2013,#2014,#2015));
#5336=EDGE_LOOP('',(#2016,#2017,#2018,#2019));
#5337=EDGE_LOOP('',(#2020,#2021,#2022,#2023));
#5338=EDGE_LOOP('',(#2024,#2025,#2026,#2027));
#5339=EDGE_LOOP('',(#2028,#2029,#2030,#2031));
#5340=EDGE_LOOP('',(#2032,#2033,#2034,#2035));
#5341=EDGE_LOOP('',(#2036,#2037,#2038,#2039));
#5342=EDGE_LOOP('',(#2040,#2041,#2042,#2043));
#5343=EDGE_LOOP('',(#2044,#2045,#2046,#2047));
#5344=EDGE_LOOP('',(#2048,#2049,#2050,#2051));
#5345=EDGE_LOOP('',(#2052,#2053,#2054,#2055));
#5346=EDGE_LOOP('',(#2056,#2057,#2058,#2059));
#5347=EDGE_LOOP('',(#2060,#2061,#2062,#2063));
#5348=EDGE_LOOP('',(#2064,#2065,#2066,#2067));
#5349=EDGE_LOOP('',(#2068,#2069,#2070,#2071));
#5350=FACE_BOUND('',#4936,.T.);
#5351=FACE_BOUND('',#4937,.T.);
#5352=FACE_BOUND('',#4938,.T.);
#5353=FACE_BOUND('',#4939,.T.);
#5354=FACE_BOUND('',#4940,.T.);
#5355=FACE_BOUND('',#4941,.T.);
#5356=FACE_BOUND('',#4942,.T.);
#5357=FACE_BOUND('',#4943,.T.);
#5358=FACE_BOUND('',#4944,.T.);
#5359=FACE_BOUND('',#4945,.T.);
#5360=FACE_BOUND('',#4946,.T.);
#5361=FACE_BOUND('',#4947,.T.);
#5362=FACE_BOUND('',#4948,.T.);
#5363=FACE_BOUND('',#4949,.T.);
#5364=FACE_BOUND('',#4950,.T.);
#5365=FACE_BOUND('',#4951,.T.);
#5366=FACE_BOUND('',#4952,.T.);
#5367=FACE_BOUND('',#4953,.T.);
#5368=FACE_BOUND('',#4954,.T.);
#5369=FACE_BOUND('',#4955,.T.);
#5370=FACE_BOUND('',#4956,.T.);
#5371=FACE_BOUND('',#4957,.T.);
#5372=FACE_BOUND('',#4958,.T.);
#5373=FACE_BOUND('',#4959,.T.);
#5374=FACE_BOUND('',#4960,.T.);
#5375=FACE_BOUND('',#4961,.T.);
#5376=FACE_BOUND('',#4962,.T.);
#5377=FACE_BOUND('',#4963,.T.);
#5378=FACE_BOUND('',#4964,.T.);
#5379=FACE_BOUND('',#4965,.T.);
#5380=FACE_BOUND('',#4966,.T.);
#5381=FACE_BOUND('',#4967,.T.);
#5382=FACE_BOUND('',#4968,.T.);
#5383=FACE_BOUND('',#4969,.T.);
#5384=FACE_BOUND('',#4970,.T.);
#5385=FACE_BOUND('',#4971,.T.);
#5386=FACE_BOUND('',#4972,.T.);
#5387=FACE_BOUND('',#4973,.T.);
#5388=FACE_BOUND('',#4974,.T.);
#5389=FACE_BOUND('',#4975,.T.);
#5390=FACE_BOUND('',#4976,.T.);
#5391=FACE_BOUND('',#4977,.T.);
#5392=FACE_BOUND('',#4978,.T.);
#5393=FACE_BOUND('',#4979,.T.);
#5394=FACE_BOUND('',#4980,.T.);
#5395=FACE_BOUND('',#4981,.T.);
#5396=FACE_BOUND('',#4982,.T.);
#5397=FACE_BOUND('',#4983,.T.);
#5398=FACE_BOUND('',#4984,.T.);
#5399=FACE_BOUND('',#4985,.T.);
#5400=FACE_BOUND('',#4986,.T.);
#5401=FACE_BOUND('',#4987,.T.);
#5402=FACE_BOUND('',#4988,.T.);
#5403=FACE_BOUND('',#4989,.T.);
#5404=FACE_BOUND('',#4990,.T.);
#5405=FACE_BOUND('',#4991,.T.);
#5406=FACE_BOUND('',#4992,.T.);
#5407=FACE_BOUND('',#4993,.T.);
#5408=FACE_BOUND('',#4994,.T.);
#5409=FACE_BOUND('',#4995,.T.);
#5410=FACE_BOUND('',#4996,.T.);
#5411=FACE_BOUND('',#4997,.T.);
#5412=FACE_BOUND('',#4998,.T.);
#5413=FACE_BOUND('',#4999,.T.);
#5414=FACE_BOUND('',#5000,.T.);
#5415=FACE_BOUND('',#5001,.T.);
#5416=FACE_BOUND('',#5002,.T.);
#5417=FACE_BOUND('',#5003,.T.);
#5418=FACE_BOUND('',#5004,.T.);
#5419=FACE_BOUND('',#5005,.T.);
#5420=FACE_BOUND('',#5006,.T.);
#5421=FACE_BOUND('',#5007,.T.);
#5422=FACE_BOUND('',#5008,.T.);
#5423=FACE_BOUND('',#5009,.T.);
#5424=FACE_BOUND('',#5010,.T.);
#5425=FACE_BOUND('',#5011,.T.);
#5426=FACE_BOUND('',#5012,.T.);
#5427=FACE_BOUND('',#5013,.T.);
#5428=FACE_BOUND('',#5014,.T.);
#5429=FACE_BOUND('',#5015,.T.);
#5430=FACE_BOUND('',#5016,.T.);
#5431=FACE_BOUND('',#5017,.T.);
#5432=FACE_BOUND('',#5018,.T.);
#5433=FACE_BOUND('',#5019,.T.);
#5434=FACE_BOUND('',#5020,.T.);
#5435=FACE_BOUND('',#5021,.T.);
#5436=FACE_BOUND('',#5022,.T.);
#5437=FACE_BOUND('',#5023,.T.);
#5438=FACE_BOUND('',#5024,.T.);
#5439=FACE_BOUND('',#5025,.T.);
#5440=FACE_BOUND('',#5026,.T.);
#5441=FACE_BOUND('',#5027,.T.);
#5442=FACE_BOUND('',#5028,.T.);
#5443=FACE_BOUND('',#5029,.T.);
#5444=FACE_BOUND('',#5030,.T.);
#5445=FACE_BOUND('',#5031,.T.);
#5446=FACE_BOUND('',#5032,.T.);
#5447=FACE_BOUND('',#5033,.T.);
#5448=FACE_BOUND('',#5034,.T.);
#5449=FACE_BOUND('',#5035,.T.);
#5450=FACE_BOUND('',#5036,.T.);
#5451=FACE_BOUND('',#5037,.T.);
#5452=FACE_BOUND('',#5038,.T.);
#5453=FACE_BOUND('',#5039,.T.);
#5454=FACE_BOUND('',#5040,.T.);
#5455=FACE_BOUND('',#5041,.T.);
#5456=FACE_BOUND('',#5042,.T.);
#5457=FACE_BOUND('',#5043,.T.);
#5458=FACE_BOUND('',#5044,.T.);
#5459=FACE_BOUND('',#5045,.T.);
#5460=FACE_BOUND('',#5046,.T.);
#5461=FACE_BOUND('',#5047,.T.);
#5462=FACE_BOUND('',#5048,.T.);
#5463=FACE_BOUND('',#5049,.T.);
#5464=FACE_BOUND('',#5050,.T.);
#5465=FACE_BOUND('',#5051,.T.);
#5466=FACE_BOUND('',#5052,.T.);
#5467=FACE_BOUND('',#5053,.T.);
#5468=FACE_BOUND('',#5054,.T.);
#5469=FACE_BOUND('',#5055,.T.);
#5470=FACE_BOUND('',#5056,.T.);
#5471=FACE_BOUND('',#5057,.T.);
#5472=FACE_BOUND('',#5058,.T.);
#5473=FACE_BOUND('',#5059,.T.);
#5474=FACE_BOUND('',#5060,.T.);
#5475=FACE_BOUND('',#5061,.T.);
#5476=FACE_BOUND('',#5062,.T.);
#5477=FACE_BOUND('',#5063,.T.);
#5478=FACE_BOUND('',#5064,.T.);
#5479=FACE_BOUND('',#5065,.T.);
#5480=FACE_BOUND('',#5066,.T.);
#5481=FACE_BOUND('',#5067,.T.);
#5482=FACE_BOUND('',#5068,.T.);
#5483=FACE_BOUND('',#5069,.T.);
#5484=FACE_BOUND('',#5070,.T.);
#5485=FACE_BOUND('',#5071,.T.);
#5486=FACE_BOUND('',#5072,.T.);
#5487=FACE_BOUND('',#5073,.T.);
#5488=FACE_BOUND('',#5074,.T.);
#5489=FACE_BOUND('',#5075,.T.);
#5490=FACE_BOUND('',#5076,.T.);
#5491=FACE_BOUND('',#5077,.T.);
#5492=FACE_BOUND('',#5078,.T.);
#5493=FACE_BOUND('',#5079,.T.);
#5494=FACE_BOUND('',#5080,.T.);
#5495=FACE_BOUND('',#5081,.T.);
#5496=FACE_BOUND('',#5082,.T.);
#5497=FACE_BOUND('',#5083,.T.);
#5498=FACE_BOUND('',#5084,.T.);
#5499=FACE_BOUND('',#5085,.T.);
#5500=FACE_BOUND('',#5086,.T.);
#5501=FACE_BOUND('',#5087,.T.);
#5502=FACE_BOUND('',#5088,.T.);
#5503=FACE_BOUND('',#5089,.T.);
#5504=FACE_BOUND('',#5090,.T.);
#5505=FACE_BOUND('',#5091,.T.);
#5506=FACE_BOUND('',#5092,.T.);
#5507=FACE_BOUND('',#5093,.T.);
#5508=FACE_BOUND('',#5094,.T.);
#5509=FACE_BOUND('',#5095,.T.);
#5510=FACE_BOUND('',#5096,.T.);
#5511=FACE_BOUND('',#5097,.T.);
#5512=FACE_BOUND('',#5098,.T.);
#5513=FACE_BOUND('',#5099,.T.);
#5514=FACE_BOUND('',#5100,.T.);
#5515=FACE_BOUND('',#5101,.T.);
#5516=FACE_BOUND('',#5102,.T.);
#5517=FACE_BOUND('',#5103,.T.);
#5518=FACE_BOUND('',#5104,.T.);
#5519=FACE_BOUND('',#5105,.T.);
#5520=FACE_BOUND('',#5106,.T.);
#5521=FACE_BOUND('',#5107,.T.);
#5522=FACE_BOUND('',#5108,.T.);
#5523=FACE_BOUND('',#5109,.T.);
#5524=FACE_BOUND('',#5110,.T.);
#5525=FACE_BOUND('',#5111,.T.);
#5526=FACE_BOUND('',#5112,.T.);
#5527=FACE_BOUND('',#5113,.T.);
#5528=FACE_BOUND('',#5114,.T.);
#5529=FACE_BOUND('',#5115,.T.);
#5530=FACE_BOUND('',#5116,.T.);
#5531=FACE_BOUND('',#5117,.T.);
#5532=FACE_BOUND('',#5118,.T.);
#5533=FACE_BOUND('',#5119,.T.);
#5534=FACE_BOUND('',#5120,.T.);
#5535=FACE_BOUND('',#5121,.T.);
#5536=FACE_BOUND('',#5122,.T.);
#5537=FACE_BOUND('',#5123,.T.);
#5538=FACE_BOUND('',#5124,.T.);
#5539=FACE_BOUND('',#5125,.T.);
#5540=FACE_BOUND('',#5126,.T.);
#5541=FACE_BOUND('',#5127,.T.);
#5542=FACE_BOUND('',#5128,.T.);
#5543=FACE_BOUND('',#5129,.T.);
#5544=FACE_BOUND('',#5130,.T.);
#5545=FACE_BOUND('',#5131,.T.);
#5546=FACE_BOUND('',#5132,.T.);
#5547=FACE_BOUND('',#5133,.T.);
#5548=FACE_BOUND('',#5134,.T.);
#5549=FACE_BOUND('',#5135,.T.);
#5550=FACE_BOUND('',#5136,.T.);
#5551=FACE_BOUND('',#5137,.T.);
#5552=FACE_BOUND('',#5138,.T.);
#5553=FACE_BOUND('',#5139,.T.);
#5554=FACE_BOUND('',#5140,.T.);
#5555=FACE_BOUND('',#5141,.T.);
#5556=FACE_BOUND('',#5142,.T.);
#5557=FACE_BOUND('',#5143,.T.);
#5558=FACE_BOUND('',#5144,.T.);
#5559=FACE_BOUND('',#5145,.T.);
#5560=FACE_BOUND('',#5146,.T.);
#5561=FACE_BOUND('',#5147,.T.);
#5562=FACE_BOUND('',#5148,.T.);
#5563=FACE_BOUND('',#5149,.T.);
#5564=FACE_BOUND('',#5150,.T.);
#5565=FACE_BOUND('',#5151,.T.);
#5566=FACE_BOUND('',#5152,.T.);
#5567=FACE_BOUND('',#5153,.T.);
#5568=FACE_BOUND('',#5154,.T.);
#5569=FACE_BOUND('',#5155,.T.);
#5570=FACE_BOUND('',#5156,.T.);
#5571=FACE_BOUND('',#5157,.T.);
#5572=FACE_BOUND('',#5158,.T.);
#5573=FACE_BOUND('',#5159,.T.);
#5574=FACE_BOUND('',#5160,.T.);
#5575=FACE_BOUND('',#5161,.T.);
#5576=FACE_BOUND('',#5162,.T.);
#5577=FACE_BOUND('',#5163,.T.);
#5578=FACE_BOUND('',#5164,.T.);
#5579=FACE_BOUND('',#5165,.T.);
#5580=FACE_BOUND('',#5166,.T.);
#5581=FACE_BOUND('',#5167,.T.);
#5582=FACE_BOUND('',#5168,.T.);
#5583=FACE_BOUND('',#5169,.T.);
#5584=FACE_BOUND('',#5170,.T.);
#5585=FACE_BOUND('',#5171,.T.);
#5586=FACE_BOUND('',#5172,.T.);
#5587=FACE_BOUND('',#5173,.T.);
#5588=FACE_BOUND('',#5174,.T.);
#5589=FACE_BOUND('',#5175,.T.);
#5590=FACE_BOUND('',#5176,.T.);
#5591=FACE_BOUND('',#5177,.T.);
#5592=FACE_BOUND('',#5178,.T.);
#5593=FACE_BOUND('',#5179,.T.);
#5594=FACE_BOUND('',#5180,.T.);
#5595=FACE_BOUND('',#5181,.T.);
#5596=FACE_BOUND('',#5182,.T.);
#5597=FACE_BOUND('',#5183,.T.);
#5598=FACE_BOUND('',#5184,.T.);
#5599=FACE_BOUND('',#5185,.T.);
#5600=FACE_BOUND('',#5186,.T.);
#5601=FACE_BOUND('',#5187,.T.);
#5602=FACE_BOUND('',#5188,.T.);
#5603=FACE_BOUND('',#5189,.T.);
#5604=FACE_BOUND('',#5190,.T.);
#5605=FACE_BOUND('',#5191,.T.);
#5606=FACE_BOUND('',#5192,.T.);
#5607=FACE_BOUND('',#5193,.T.);
#5608=FACE_BOUND('',#5194,.T.);
#5609=FACE_BOUND('',#5195,.T.);
#5610=FACE_BOUND('',#5196,.T.);
#5611=FACE_BOUND('',#5197,.T.);
#5612=FACE_BOUND('',#5198,.T.);
#5613=FACE_BOUND('',#5199,.T.);
#5614=FACE_BOUND('',#5200,.T.);
#5615=FACE_BOUND('',#5201,.T.);
#5616=FACE_BOUND('',#5202,.T.);
#5617=FACE_BOUND('',#5203,.T.);
#5618=FACE_BOUND('',#5204,.T.);
#5619=FACE_BOUND('',#5205,.T.);
#5620=FACE_BOUND('',#5206,.T.);
#5621=FACE_BOUND('',#5207,.T.);
#5622=FACE_BOUND('',#5208,.T.);
#5623=FACE_BOUND('',#5209,.T.);
#5624=FACE_BOUND('',#5210,.T.);
#5625=FACE_BOUND('',#5211,.T.);
#5626=FACE_BOUND('',#5212,.T.);
#5627=FACE_BOUND('',#5213,.T.);
#5628=FACE_BOUND('',#5214,.T.);
#5629=FACE_BOUND('',#5215,.T.);
#5630=FACE_BOUND('',#5216,.T.);
#5631=FACE_BOUND('',#5217,.T.);
#5632=FACE_BOUND('',#5218,.T.);
#5633=FACE_BOUND('',#5219,.T.);
#5634=FACE_BOUND('',#5220,.T.);
#5635=FACE_BOUND('',#5221,.T.);
#5636=FACE_BOUND('',#5222,.T.);
#5637=FACE_BOUND('',#5223,.T.);
#5638=FACE_BOUND('',#5224,.T.);
#5639=FACE_BOUND('',#5225,.T.);
#5640=FACE_BOUND('',#5226,.T.);
#5641=FACE_BOUND('',#5227,.T.);
#5642=FACE_BOUND('',#5228,.T.);
#5643=FACE_BOUND('',#5229,.T.);
#5644=FACE_BOUND('',#5230,.T.);
#5645=FACE_BOUND('',#5231,.T.);
#5646=FACE_BOUND('',#5232,.T.);
#5647=FACE_BOUND('',#5233,.T.);
#5648=FACE_BOUND('',#5234,.T.);
#5649=FACE_BOUND('',#5235,.T.);
#5650=FACE_BOUND('',#5236,.T.);
#5651=FACE_BOUND('',#5237,.T.);
#5652=FACE_BOUND('',#5238,.T.);
#5653=FACE_BOUND('',#5239,.T.);
#5654=FACE_BOUND('',#5240,.T.);
#5655=FACE_BOUND('',#5241,.T.);
#5656=FACE_BOUND('',#5242,.T.);
#5657=FACE_BOUND('',#5243,.T.);
#5658=FACE_BOUND('',#5244,.T.);
#5659=FACE_BOUND('',#5245,.T.);
#5660=FACE_BOUND('',#5246,.T.);
#5661=FACE_BOUND('',#5247,.T.);
#5662=FACE_BOUND('',#5248,.T.);
#5663=FACE_BOUND('',#5249,.T.);
#5664=FACE_BOUND('',#5250,.T.);
#5665=FACE_BOUND('',#5251,.T.);
#5666=FACE_BOUND('',#5252,.T.);
#5667=FACE_BOUND('',#5253,.T.);
#5668=FACE_BOUND('',#5254,.T.);
#5669=FACE_BOUND('',#5255,.T.);
#5670=FACE_BOUND('',#5256,.T.);
#5671=FACE_BOUND('',#5257,.T.);
#5672=FACE_BOUND('',#5258,.T.);
#5673=FACE_BOUND('',#5259,.T.);
#5674=FACE_BOUND('',#5260,.T.);
#5675=FACE_BOUND('',#5261,.T.);
#5676=FACE_BOUND('',#5262,.T.);
#5677=FACE_BOUND('',#5263,.T.);
#5678=FACE_BOUND('',#5264,.T.);
#5679=FACE_BOUND('',#5265,.T.);
#5680=FACE_BOUND('',#5266,.T.);
#5681=FACE_BOUND('',#5267,.T.);
#5682=FACE_BOUND('',#5268,.T.);
#5683=FACE_BOUND('',#5269,.T.);
#5684=FACE_BOUND('',#5270,.T.);
#5685=FACE_BOUND('',#5271,.T.);
#5686=FACE_BOUND('',#5272,.T.);
#5687=FACE_BOUND('',#5273,.T.);
#5688=FACE_BOUND('',#5274,.T.);
#5689=FACE_BOUND('',#5275,.T.);
#5690=FACE_BOUND('',#5276,.T.);
#5691=FACE_BOUND('',#5277,.T.);
#5692=FACE_BOUND('',#5278,.T.);
#5693=FACE_BOUND('',#5279,.T.);
#5694=FACE_BOUND('',#5280,.T.);
#5695=FACE_BOUND('',#5281,.T.);
#5696=FACE_BOUND('',#5282,.T.);
#5697=FACE_BOUND('',#5283,.T.);
#5698=FACE_BOUND('',#5284,.T.);
#5699=FACE_BOUND('',#5285,.T.);
#5700=FACE_BOUND('',#5286,.T.);
#5701=FACE_BOUND('',#5287,.T.);
#5702=FACE_BOUND('',#5288,.T.);
#5703=FACE_BOUND('',#5289,.T.);
#5704=FACE_BOUND('',#5290,.T.);
#5705=FACE_BOUND('',#5291,.T.);
#5706=FACE_BOUND('',#5292,.T.);
#5707=FACE_BOUND('',#5293,.T.);
#5708=FACE_BOUND('',#5294,.T.);
#5709=FACE_BOUND('',#5295,.T.);
#5710=FACE_BOUND('',#5296,.T.);
#5711=FACE_BOUND('',#5297,.T.);
#5712=FACE_BOUND('',#5298,.T.);
#5713=FACE_BOUND('',#5299,.T.);
#5714=FACE_BOUND('',#5300,.T.);
#5715=FACE_BOUND('',#5301,.T.);
#5716=FACE_BOUND('',#5302,.T.);
#5717=FACE_BOUND('',#5303,.T.);
#5718=FACE_BOUND('',#5304,.T.);
#5719=FACE_BOUND('',#5305,.T.);
#5720=FACE_BOUND('',#5306,.T.);
#5721=FACE_BOUND('',#5307,.T.);
#5722=FACE_BOUND('',#5308,.T.);
#5723=FACE_BOUND('',#5309,.T.);
#5724=FACE_BOUND('',#5310,.T.);
#5725=FACE_BOUND('',#5311,.T.);
#5726=FACE_BOUND('',#5312,.T.);
#5727=FACE_BOUND('',#5313,.T.);
#5728=FACE_BOUND('',#5314,.T.);
#5729=FACE_BOUND('',#5315,.T.);
#5730=FACE_BOUND('',#5316,.T.);
#5731=FACE_BOUND('',#5317,.T.);
#5732=FACE_BOUND('',#5318,.T.);
#5733=FACE_BOUND('',#5319,.T.);
#5734=FACE_BOUND('',#5320,.T.);
#5735=FACE_BOUND('',#5321,.T.);
#5736=FACE_BOUND('',#5322,.T.);
#5737=FACE_BOUND('',#5323,.T.);
#5738=FACE_BOUND('',#5324,.T.);
#5739=FACE_BOUND('',#5325,.T.);
#5740=FACE_BOUND('',#5326,.T.);
#5741=FACE_BOUND('',#5327,.T.);
#5742=FACE_BOUND('',#5328,.T.);
#5743=FACE_BOUND('',#5329,.T.);
#5744=FACE_BOUND('',#5330,.T.);
#5745=FACE_BOUND('',#5331,.T.);
#5746=FACE_BOUND('',#5332,.T.);
#5747=FACE_BOUND('',#5333,.T.);
#5748=FACE_BOUND('',#5334,.T.);
#5749=FACE_BOUND('',#5335,.T.);
#5750=FACE_BOUND('',#5336,.T.);
#5751=FACE_BOUND('',#5337,.T.);
#5752=FACE_BOUND('',#5338,.T.);
#5753=FACE_BOUND('',#5339,.T.);
#5754=FACE_BOUND('',#5340,.T.);
#5755=FACE_BOUND('',#5341,.T.);
#5756=FACE_BOUND('',#5342,.T.);
#5757=FACE_BOUND('',#5343,.T.);
#5758=FACE_BOUND('',#5344,.T.);
#5759=FACE_BOUND('',#5345,.T.);
#5760=FACE_BOUND('',#5346,.T.);
#5761=FACE_BOUND('',#5347,.T.);
#5762=FACE_BOUND('',#5348,.T.);
#5763=FACE_BOUND('',#5349,.T.);
#5764=PLANE('',#6313);
#5765=PLANE('',#6330);
#5766=PLANE('',#6347);
#5767=PLANE('',#6349);
#5768=PLANE('',#6350);
#5769=PLANE('',#6351);
#5770=PLANE('',#6358);
#5771=PLANE('',#6367);
#5772=PLANE('',#6392);
#5773=PLANE('',#6417);
#5774=PLANE('',#6421);
#5775=PLANE('',#6423);
#5776=PLANE('',#6425);
#5777=PLANE('',#6426);
#5778=PLANE('',#6429);
#5779=PLANE('',#6430);
#5780=PLANE('',#6433);
#5781=PLANE('',#6434);
#5782=PLANE('',#6435);
#5783=PLANE('',#6436);
#5784=PLANE('',#6437);
#5785=PLANE('',#6440);
#5786=PLANE('',#6443);
#5787=PLANE('',#6447);
#5788=PLANE('',#6448);
#5789=PLANE('',#6449);
#5790=PLANE('',#6450);
#5791=PLANE('',#6451);
#5792=PLANE('',#6452);
#5793=PLANE('',#6453);
#5794=PLANE('',#6454);
#5795=PLANE('',#6455);
#5796=PLANE('',#6456);
#5797=PLANE('',#6457);
#5798=PLANE('',#6458);
#5799=PLANE('',#6460);
#5800=PLANE('',#6463);
#5801=PLANE('',#6464);
#5802=PLANE('',#6465);
#5803=PLANE('',#6466);
#5804=PLANE('',#6467);
#5805=PLANE('',#6468);
#5806=PLANE('',#6471);
#5807=PLANE('',#6474);
#5808=PLANE('',#6477);
#5809=PLANE('',#6480);
#5810=PLANE('',#6481);
#5811=PLANE('',#6482);
#5812=PLANE('',#6483);
#5813=PLANE('',#6485);
#5814=PLANE('',#6486);
#5815=PLANE('',#6487);
#5816=PLANE('',#6488);
#5817=PLANE('',#6489);
#5818=PLANE('',#6490);
#5819=PLANE('',#6491);
#5820=PLANE('',#6492);
#5821=PLANE('',#6493);
#5822=PLANE('',#6494);
#5823=PLANE('',#6495);
#5824=PLANE('',#6496);
#5825=PLANE('',#6497);
#5826=PLANE('',#6498);
#5827=PLANE('',#6503);
#5828=PLANE('',#6504);
#5829=PLANE('',#6505);
#5830=PLANE('',#6506);
#5831=PLANE('',#6507);
#5832=PLANE('',#6508);
#5833=PLANE('',#6509);
#5834=PLANE('',#6510);
#5835=PLANE('',#6511);
#5836=PLANE('',#6512);
#5837=PLANE('',#6513);
#5838=PLANE('',#6514);
#5839=PLANE('',#6515);
#5840=PLANE('',#6516);
#5841=PLANE('',#6517);
#5842=PLANE('',#6518);
#5843=PLANE('',#6519);
#5844=PLANE('',#6520);
#5845=PLANE('',#6521);
#5846=PLANE('',#6522);
#5847=PLANE('',#6525);
#5848=PLANE('',#6526);
#5849=PLANE('',#6529);
#5850=PLANE('',#6530);
#5851=PLANE('',#6531);
#5852=PLANE('',#6532);
#5853=PLANE('',#6533);
#5854=PLANE('',#6534);
#5855=PLANE('',#6535);
#5856=PLANE('',#6536);
#5857=PLANE('',#6537);
#5858=PLANE('',#6538);
#5859=PLANE('',#6539);
#5860=PLANE('',#6540);
#5861=PLANE('',#6541);
#5862=PLANE('',#6542);
#5863=PLANE('',#6543);
#5864=PLANE('',#6544);
#5865=PLANE('',#6545);
#5866=PLANE('',#6546);
#5867=PLANE('',#6547);
#5868=PLANE('',#6548);
#5869=PLANE('',#6549);
#5870=PLANE('',#6550);
#5871=PLANE('',#6551);
#5872=PLANE('',#6552);
#5873=PLANE('',#6553);
#5874=PLANE('',#6554);
#5875=PLANE('',#6555);
#5876=PLANE('',#6556);
#5877=PLANE('',#6557);
#5878=PLANE('',#6558);
#5879=PLANE('',#6559);
#5880=PLANE('',#6560);
#5881=PLANE('',#6561);
#5882=PLANE('',#6562);
#5883=PLANE('',#6563);
#5884=PLANE('',#6564);
#5885=PLANE('',#6565);
#5886=PLANE('',#6566);
#5887=PLANE('',#6567);
#5888=PLANE('',#6568);
#5889=PLANE('',#6569);
#5890=PLANE('',#6570);
#5891=PLANE('',#6571);
#5892=PLANE('',#6572);
#5893=PLANE('',#6573);
#5894=PLANE('',#6574);
#5895=PLANE('',#6575);
#5896=PLANE('',#6576);
#5897=PLANE('',#6577);
#5898=PLANE('',#6578);
#5899=PLANE('',#6579);
#5900=PLANE('',#6580);
#5901=PLANE('',#6581);
#5902=PLANE('',#6582);
#5903=PLANE('',#6583);
#5904=PLANE('',#6584);
#5905=PLANE('',#6585);
#5906=PLANE('',#6586);
#5907=PLANE('',#6587);
#5908=PLANE('',#6588);
#5909=PLANE('',#6589);
#5910=PLANE('',#6590);
#5911=PLANE('',#6591);
#5912=PLANE('',#6592);
#5913=PLANE('',#6593);
#5914=PLANE('',#6594);
#5915=PLANE('',#6595);
#5916=PLANE('',#6596);
#5917=PLANE('',#6597);
#5918=PLANE('',#6600);
#5919=PLANE('',#6601);
#5920=PLANE('',#6602);
#5921=PLANE('',#6605);
#5922=PLANE('',#6608);
#5923=PLANE('',#6609);
#5924=PLANE('',#6612);
#5925=PLANE('',#6613);
#5926=PLANE('',#6614);
#5927=PLANE('',#6617);
#5928=PLANE('',#6618);
#5929=PLANE('',#6621);
#5930=PLANE('',#6622);
#5931=PLANE('',#6623);
#5932=PLANE('',#6624);
#5933=PLANE('',#6625);
#5934=PLANE('',#6626);
#5935=PLANE('',#6627);
#5936=PLANE('',#6630);
#5937=PLANE('',#6633);
#5938=PLANE('',#6634);
#5939=PLANE('',#6635);
#5940=PLANE('',#6636);
#5941=PLANE('',#6637);
#5942=PLANE('',#6638);
#5943=PLANE('',#6639);
#5944=PLANE('',#6640);
#5945=PLANE('',#6643);
#5946=PLANE('',#6646);
#5947=PLANE('',#6647);
#5948=PLANE('',#6648);
#5949=PLANE('',#6649);
#5950=PLANE('',#6650);
#5951=PLANE('',#6742);
#5952=PLANE('',#6743);
#5953=PLANE('',#6744);
#5954=PLANE('',#6745);
#5955=PLANE('',#6747);
#5956=PLANE('',#6749);
#5957=PLANE('',#6750);
#5958=PLANE('',#6751);
#5959=PLANE('',#6752);
#5960=PLANE('',#6753);
#5961=PLANE('',#6755);
#5962=PLANE('',#6757);
#5963=PLANE('',#6758);
#5964=PLANE('',#6759);
#5965=PLANE('',#6762);
#5966=PLANE('',#6765);
#5967=PLANE('',#6768);
#5968=PLANE('',#6770);
#5969=PLANE('',#6771);
#5970=PLANE('',#6773);
#5971=PLANE('',#6776);
#5972=PLANE('',#6777);
#5973=PLANE('',#6780);
#5974=PLANE('',#6781);
#5975=PLANE('',#6784);
#5976=PLANE('',#6785);
#5977=PLANE('',#6788);
#5978=PLANE('',#6789);
#5979=PLANE('',#6792);
#5980=PLANE('',#6793);
#5981=PLANE('',#6796);
#5982=ADVANCED_FACE('',(#5350,#5351,#5352,#5353,#5354,#5355,#5356),#5764,
 .T.);
#5983=ADVANCED_FACE('',(#5357,#5358,#5359,#5360,#5361,#5362,#5363,#5364,
#5365),#5765,.F.);
#5984=ADVANCED_FACE('',(#5366),#5766,.F.);
#5985=ADVANCED_FACE('',(#5367),#5767,.T.);
#5986=ADVANCED_FACE('',(#5368),#5768,.T.);
#5987=ADVANCED_FACE('',(#5369),#5769,.F.);
#5988=ADVANCED_FACE('',(#5370,#5371),#82,.F.);
#5989=ADVANCED_FACE('',(#5372,#5373),#83,.F.);
#5990=ADVANCED_FACE('',(#5374,#5375,#5376,#5377),#5770,.T.);
#5991=ADVANCED_FACE('',(#5378,#5379,#5380,#5381,#5382,#5383,#5384,#5385),
#5771,.T.);
#5992=ADVANCED_FACE('',(#5386,#5387,#5388,#5389,#5390,#5391,#5392,#5393),
#5772,.F.);
#5993=ADVANCED_FACE('',(#5394,#5395,#5396),#5773,.T.);
#5994=ADVANCED_FACE('',(#5397,#5398),#5774,.F.);
#5995=ADVANCED_FACE('',(#5399,#5400,#5401,#5402),#5775,.T.);
#5996=ADVANCED_FACE('',(#5403,#5404,#5405,#5406,#5407,#5408,#5409,#5410,
#5411,#5412),#5776,.F.);
#5997=ADVANCED_FACE('',(#5413,#5414,#5415,#5416,#5417,#5418,#5419,#5420,
#5421,#5422),#5777,.T.);
#5998=ADVANCED_FACE('',(#5423,#5424,#5425,#5426,#5427,#5428,#5429,#5430,
#5431),#5778,.T.);
#5999=ADVANCED_FACE('',(#5432,#5433,#5434,#5435,#5436,#5437,#5438,#5439,
#5440),#5779,.F.);
#6000=ADVANCED_FACE('',(#5441),#5780,.F.);
#6001=ADVANCED_FACE('',(#5442),#5781,.F.);
#6002=ADVANCED_FACE('',(#5443),#5782,.F.);
#6003=ADVANCED_FACE('',(#5444),#5783,.T.);
#6004=ADVANCED_FACE('',(#5445),#5784,.F.);
#6005=ADVANCED_FACE('',(#5446),#5785,.T.);
#6006=ADVANCED_FACE('',(#5447,#5448,#5449,#5450,#5451),#5786,.F.);
#6007=ADVANCED_FACE('',(#5452),#5787,.T.);
#6008=ADVANCED_FACE('',(#5453),#5788,.F.);
#6009=ADVANCED_FACE('',(#5454),#5789,.T.);
#6010=ADVANCED_FACE('',(#5455),#5790,.F.);
#6011=ADVANCED_FACE('',(#5456),#5791,.T.);
#6012=ADVANCED_FACE('',(#5457),#5792,.F.);
#6013=ADVANCED_FACE('',(#5458),#5793,.T.);
#6014=ADVANCED_FACE('',(#5459),#5794,.F.);
#6015=ADVANCED_FACE('',(#5460),#5795,.T.);
#6016=ADVANCED_FACE('',(#5461),#5796,.F.);
#6017=ADVANCED_FACE('',(#5462),#5797,.T.);
#6018=ADVANCED_FACE('',(#5463),#5798,.F.);
#6019=ADVANCED_FACE('',(#5464),#84,.T.);
#6020=ADVANCED_FACE('',(#5465),#5799,.T.);
#6021=ADVANCED_FACE('',(#5466),#85,.F.);
#6022=ADVANCED_FACE('',(#5467,#5468),#86,.F.);
#6023=ADVANCED_FACE('',(#5469),#5800,.F.);
#6024=ADVANCED_FACE('',(#5470),#5801,.T.);
#6025=ADVANCED_FACE('',(#5471),#5802,.F.);
#6026=ADVANCED_FACE('',(#5472),#5803,.T.);
#6027=ADVANCED_FACE('',(#5473),#5804,.F.);
#6028=ADVANCED_FACE('',(#5474),#5805,.T.);
#6029=ADVANCED_FACE('',(#5475),#5806,.T.);
#6030=ADVANCED_FACE('',(#5476),#5807,.T.);
#6031=ADVANCED_FACE('',(#5477),#5808,.T.);
#6032=ADVANCED_FACE('',(#5478,#5479),#5809,.F.);
#6033=ADVANCED_FACE('',(#5480),#5810,.T.);
#6034=ADVANCED_FACE('',(#5481,#5482),#5811,.T.);
#6035=ADVANCED_FACE('',(#5483),#5812,.T.);
#6036=ADVANCED_FACE('',(#5484),#5813,.F.);
#6037=ADVANCED_FACE('',(#5485),#5814,.F.);
#6038=ADVANCED_FACE('',(#5486),#5815,.F.);
#6039=ADVANCED_FACE('',(#5487),#5816,.F.);
#6040=ADVANCED_FACE('',(#5488),#5817,.F.);
#6041=ADVANCED_FACE('',(#5489),#5818,.F.);
#6042=ADVANCED_FACE('',(#5490,#5491),#5819,.T.);
#6043=ADVANCED_FACE('',(#5492),#5820,.F.);
#6044=ADVANCED_FACE('',(#5493),#5821,.F.);
#6045=ADVANCED_FACE('',(#5494),#5822,.F.);
#6046=ADVANCED_FACE('',(#5495),#5823,.F.);
#6047=ADVANCED_FACE('',(#5496),#5824,.F.);
#6048=ADVANCED_FACE('',(#5497),#5825,.F.);
#6049=ADVANCED_FACE('',(#5498,#5499),#5826,.T.);
#6050=ADVANCED_FACE('',(#5500,#5501),#87,.F.);
#6051=ADVANCED_FACE('',(#5502,#5503),#88,.F.);
#6052=ADVANCED_FACE('',(#5504),#5827,.F.);
#6053=ADVANCED_FACE('',(#5505),#5828,.T.);
#6054=ADVANCED_FACE('',(#5506),#5829,.F.);
#6055=ADVANCED_FACE('',(#5507),#5830,.F.);
#6056=ADVANCED_FACE('',(#5508),#5831,.T.);
#6057=ADVANCED_FACE('',(#5509),#5832,.F.);
#6058=ADVANCED_FACE('',(#5510),#5833,.T.);
#6059=ADVANCED_FACE('',(#5511),#5834,.T.);
#6060=ADVANCED_FACE('',(#5512),#5835,.F.);
#6061=ADVANCED_FACE('',(#5513),#5836,.T.);
#6062=ADVANCED_FACE('',(#5514),#5837,.F.);
#6063=ADVANCED_FACE('',(#5515),#5838,.T.);
#6064=ADVANCED_FACE('',(#5516),#5839,.T.);
#6065=ADVANCED_FACE('',(#5517),#5840,.F.);
#6066=ADVANCED_FACE('',(#5518),#5841,.T.);
#6067=ADVANCED_FACE('',(#5519),#5842,.F.);
#6068=ADVANCED_FACE('',(#5520),#5843,.T.);
#6069=ADVANCED_FACE('',(#5521),#5844,.F.);
#6070=ADVANCED_FACE('',(#5522),#5845,.F.);
#6071=ADVANCED_FACE('',(#5523),#5846,.T.);
#6072=ADVANCED_FACE('',(#5524),#89,.F.);
#6073=ADVANCED_FACE('',(#5525),#5847,.F.);
#6074=ADVANCED_FACE('',(#5526),#5848,.T.);
#6075=ADVANCED_FACE('',(#5527),#90,.F.);
#6076=ADVANCED_FACE('',(#5528),#5849,.F.);
#6077=ADVANCED_FACE('',(#5529),#5850,.F.);
#6078=ADVANCED_FACE('',(#5530),#5851,.T.);
#6079=ADVANCED_FACE('',(#5531),#5852,.F.);
#6080=ADVANCED_FACE('',(#5532),#5853,.T.);
#6081=ADVANCED_FACE('',(#5533),#5854,.T.);
#6082=ADVANCED_FACE('',(#5534),#5855,.F.);
#6083=ADVANCED_FACE('',(#5535),#5856,.T.);
#6084=ADVANCED_FACE('',(#5536),#5857,.T.);
#6085=ADVANCED_FACE('',(#5537),#5858,.T.);
#6086=ADVANCED_FACE('',(#5538),#5859,.F.);
#6087=ADVANCED_FACE('',(#5539),#5860,.T.);
#6088=ADVANCED_FACE('',(#5540),#5861,.T.);
#6089=ADVANCED_FACE('',(#5541),#5862,.T.);
#6090=ADVANCED_FACE('',(#5542),#5863,.F.);
#6091=ADVANCED_FACE('',(#5543),#5864,.F.);
#6092=ADVANCED_FACE('',(#5544),#5865,.T.);
#6093=ADVANCED_FACE('',(#5545),#5866,.T.);
#6094=ADVANCED_FACE('',(#5546),#5867,.F.);
#6095=ADVANCED_FACE('',(#5547),#5868,.F.);
#6096=ADVANCED_FACE('',(#5548),#5869,.T.);
#6097=ADVANCED_FACE('',(#5549),#5870,.T.);
#6098=ADVANCED_FACE('',(#5550),#5871,.T.);
#6099=ADVANCED_FACE('',(#5551),#5872,.T.);
#6100=ADVANCED_FACE('',(#5552),#5873,.F.);
#6101=ADVANCED_FACE('',(#5553),#5874,.F.);
#6102=ADVANCED_FACE('',(#5554),#5875,.F.);
#6103=ADVANCED_FACE('',(#5555),#5876,.F.);
#6104=ADVANCED_FACE('',(#5556),#5877,.T.);
#6105=ADVANCED_FACE('',(#5557),#5878,.T.);
#6106=ADVANCED_FACE('',(#5558),#5879,.T.);
#6107=ADVANCED_FACE('',(#5559),#5880,.F.);
#6108=ADVANCED_FACE('',(#5560),#5881,.F.);
#6109=ADVANCED_FACE('',(#5561),#5882,.T.);
#6110=ADVANCED_FACE('',(#5562),#5883,.F.);
#6111=ADVANCED_FACE('',(#5563),#5884,.T.);
#6112=ADVANCED_FACE('',(#5564),#5885,.F.);
#6113=ADVANCED_FACE('',(#5565),#5886,.F.);
#6114=ADVANCED_FACE('',(#5566),#5887,.F.);
#6115=ADVANCED_FACE('',(#5567),#5888,.T.);
#6116=ADVANCED_FACE('',(#5568),#5889,.F.);
#6117=ADVANCED_FACE('',(#5569),#5890,.F.);
#6118=ADVANCED_FACE('',(#5570),#5891,.F.);
#6119=ADVANCED_FACE('',(#5571),#5892,.T.);
#6120=ADVANCED_FACE('',(#5572),#5893,.F.);
#6121=ADVANCED_FACE('',(#5573),#5894,.F.);
#6122=ADVANCED_FACE('',(#5574),#5895,.F.);
#6123=ADVANCED_FACE('',(#5575),#5896,.T.);
#6124=ADVANCED_FACE('',(#5576),#5897,.F.);
#6125=ADVANCED_FACE('',(#5577),#5898,.F.);
#6126=ADVANCED_FACE('',(#5578),#5899,.F.);
#6127=ADVANCED_FACE('',(#5579),#5900,.F.);
#6128=ADVANCED_FACE('',(#5580),#5901,.F.);
#6129=ADVANCED_FACE('',(#5581),#5902,.T.);
#6130=ADVANCED_FACE('',(#5582),#5903,.T.);
#6131=ADVANCED_FACE('',(#5583),#5904,.F.);
#6132=ADVANCED_FACE('',(#5584),#5905,.T.);
#6133=ADVANCED_FACE('',(#5585),#5906,.F.);
#6134=ADVANCED_FACE('',(#5586),#5907,.F.);
#6135=ADVANCED_FACE('',(#5587),#5908,.T.);
#6136=ADVANCED_FACE('',(#5588),#5909,.F.);
#6137=ADVANCED_FACE('',(#5589),#5910,.F.);
#6138=ADVANCED_FACE('',(#5590),#5911,.F.);
#6139=ADVANCED_FACE('',(#5591),#5912,.F.);
#6140=ADVANCED_FACE('',(#5592),#5913,.F.);
#6141=ADVANCED_FACE('',(#5593),#5914,.T.);
#6142=ADVANCED_FACE('',(#5594),#5915,.T.);
#6143=ADVANCED_FACE('',(#5595),#5916,.F.);
#6144=ADVANCED_FACE('',(#5596,#5597),#5917,.F.);
#6145=ADVANCED_FACE('',(#5598),#5918,.F.);
#6146=ADVANCED_FACE('',(#5599),#5919,.T.);
#6147=ADVANCED_FACE('',(#5600,#5601),#5920,.F.);
#6148=ADVANCED_FACE('',(#5602,#5603),#5921,.T.);
#6149=ADVANCED_FACE('',(#5604),#5922,.F.);
#6150=ADVANCED_FACE('',(#5605,#5606),#5923,.F.);
#6151=ADVANCED_FACE('',(#5607),#5924,.T.);
#6152=ADVANCED_FACE('',(#5608),#5925,.T.);
#6153=ADVANCED_FACE('',(#5609,#5610),#5926,.T.);
#6154=ADVANCED_FACE('',(#5611),#5927,.F.);
#6155=ADVANCED_FACE('',(#5612,#5613),#5928,.F.);
#6156=ADVANCED_FACE('',(#5614),#5929,.T.);
#6157=ADVANCED_FACE('',(#5615),#5930,.T.);
#6158=ADVANCED_FACE('',(#5616),#5931,.T.);
#6159=ADVANCED_FACE('',(#5617),#5932,.F.);
#6160=ADVANCED_FACE('',(#5618),#5933,.F.);
#6161=ADVANCED_FACE('',(#5619),#5934,.F.);
#6162=ADVANCED_FACE('',(#5620),#5935,.T.);
#6163=ADVANCED_FACE('',(#5621),#91,.F.);
#6164=ADVANCED_FACE('',(#5622),#5936,.F.);
#6165=ADVANCED_FACE('',(#5623),#92,.F.);
#6166=ADVANCED_FACE('',(#5624),#5937,.T.);
#6167=ADVANCED_FACE('',(#5625),#5938,.T.);
#6168=ADVANCED_FACE('',(#5626),#5939,.T.);
#6169=ADVANCED_FACE('',(#5627),#5940,.T.);
#6170=ADVANCED_FACE('',(#5628),#5941,.F.);
#6171=ADVANCED_FACE('',(#5629),#5942,.F.);
#6172=ADVANCED_FACE('',(#5630),#5943,.F.);
#6173=ADVANCED_FACE('',(#5631),#5944,.T.);
#6174=ADVANCED_FACE('',(#5632),#93,.F.);
#6175=ADVANCED_FACE('',(#5633),#5945,.F.);
#6176=ADVANCED_FACE('',(#5634),#94,.F.);
#6177=ADVANCED_FACE('',(#5635),#5946,.T.);
#6178=ADVANCED_FACE('',(#5636),#5947,.T.);
#6179=ADVANCED_FACE('',(#5637),#5948,.T.);
#6180=ADVANCED_FACE('',(#5638),#5949,.T.);
#6181=ADVANCED_FACE('',(#5639),#5950,.T.);
#6182=ADVANCED_FACE('',(#5640,#5641),#95,.F.);
#6183=ADVANCED_FACE('',(#5642,#5643),#96,.F.);
#6184=ADVANCED_FACE('',(#5644,#5645),#97,.F.);
#6185=ADVANCED_FACE('',(#5646,#5647),#98,.F.);
#6186=ADVANCED_FACE('',(#5648),#99,.T.);
#6187=ADVANCED_FACE('',(#5649),#100,.T.);
#6188=ADVANCED_FACE('',(#5650),#101,.T.);
#6189=ADVANCED_FACE('',(#5651),#102,.T.);
#6190=ADVANCED_FACE('',(#5652),#103,.T.);
#6191=ADVANCED_FACE('',(#5653),#104,.T.);
#6192=ADVANCED_FACE('',(#5654),#105,.T.);
#6193=ADVANCED_FACE('',(#5655),#106,.T.);
#6194=ADVANCED_FACE('',(#5656),#107,.T.);
#6195=ADVANCED_FACE('',(#5657),#108,.F.);
#6196=ADVANCED_FACE('',(#5658),#109,.F.);
#6197=ADVANCED_FACE('',(#5659),#110,.F.);
#6198=ADVANCED_FACE('',(#5660),#111,.F.);
#6199=ADVANCED_FACE('',(#5661),#112,.F.);
#6200=ADVANCED_FACE('',(#5662),#113,.F.);
#6201=ADVANCED_FACE('',(#5663),#114,.F.);
#6202=ADVANCED_FACE('',(#5664),#115,.F.);
#6203=ADVANCED_FACE('',(#5665),#116,.F.);
#6204=ADVANCED_FACE('',(#5666),#117,.F.);
#6205=ADVANCED_FACE('',(#5667),#118,.F.);
#6206=ADVANCED_FACE('',(#5668),#119,.F.);
#6207=ADVANCED_FACE('',(#5669),#120,.F.);
#6208=ADVANCED_FACE('',(#5670),#121,.F.);
#6209=ADVANCED_FACE('',(#5671),#122,.F.);
#6210=ADVANCED_FACE('',(#5672),#123,.F.);
#6211=ADVANCED_FACE('',(#5673),#20,.T.);
#6212=ADVANCED_FACE('',(#5674),#21,.T.);
#6213=ADVANCED_FACE('',(#5675),#124,.T.);
#6214=ADVANCED_FACE('',(#5676),#22,.T.);
#6215=ADVANCED_FACE('',(#5677),#23,.T.);
#6216=ADVANCED_FACE('',(#5678),#125,.T.);
#6217=ADVANCED_FACE('',(#5679),#24,.T.);
#6218=ADVANCED_FACE('',(#5680),#25,.T.);
#6219=ADVANCED_FACE('',(#5681),#26,.T.);
#6220=ADVANCED_FACE('',(#5682),#27,.T.);
#6221=ADVANCED_FACE('',(#5683),#126,.T.);
#6222=ADVANCED_FACE('',(#5684),#28,.T.);
#6223=ADVANCED_FACE('',(#5685),#29,.T.);
#6224=ADVANCED_FACE('',(#5686),#127,.T.);
#6225=ADVANCED_FACE('',(#5687),#30,.T.);
#6226=ADVANCED_FACE('',(#5688),#31,.T.);
#6227=ADVANCED_FACE('',(#5689),#128,.T.);
#6228=ADVANCED_FACE('',(#5690),#129,.T.);
#6229=ADVANCED_FACE('',(#5691),#130,.T.);
#6230=ADVANCED_FACE('',(#5692),#131,.T.);
#6231=ADVANCED_FACE('',(#5693),#132,.T.);
#6232=ADVANCED_FACE('',(#5694),#133,.T.);
#6233=ADVANCED_FACE('',(#5695),#134,.T.);
#6234=ADVANCED_FACE('',(#5696),#135,.T.);
#6235=ADVANCED_FACE('',(#5697),#136,.T.);
#6236=ADVANCED_FACE('',(#5698),#137,.T.);
#6237=ADVANCED_FACE('',(#5699),#138,.T.);
#6238=ADVANCED_FACE('',(#5700),#139,.T.);
#6239=ADVANCED_FACE('',(#5701),#140,.T.);
#6240=ADVANCED_FACE('',(#5702),#141,.T.);
#6241=ADVANCED_FACE('',(#5703),#142,.T.);
#6242=ADVANCED_FACE('',(#5704),#143,.T.);
#6243=ADVANCED_FACE('',(#5705),#144,.T.);
#6244=ADVANCED_FACE('',(#5706),#145,.T.);
#6245=ADVANCED_FACE('',(#5707),#5951,.F.);
#6246=ADVANCED_FACE('',(#5708),#5952,.T.);
#6247=ADVANCED_FACE('',(#5709),#5953,.T.);
#6248=ADVANCED_FACE('',(#5710),#5954,.T.);
#6249=ADVANCED_FACE('',(#5711),#12,.F.);
#6250=ADVANCED_FACE('',(#5712),#5955,.F.);
#6251=ADVANCED_FACE('',(#5713),#13,.F.);
#6252=ADVANCED_FACE('',(#5714),#5956,.T.);
#6253=ADVANCED_FACE('',(#5715),#5957,.T.);
#6254=ADVANCED_FACE('',(#5716),#5958,.F.);
#6255=ADVANCED_FACE('',(#5717),#5959,.T.);
#6256=ADVANCED_FACE('',(#5718),#5960,.T.);
#6257=ADVANCED_FACE('',(#5719),#14,.F.);
#6258=ADVANCED_FACE('',(#5720),#5961,.F.);
#6259=ADVANCED_FACE('',(#5721),#15,.F.);
#6260=ADVANCED_FACE('',(#5722),#5962,.T.);
#6261=ADVANCED_FACE('',(#5723),#5963,.T.);
#6262=ADVANCED_FACE('',(#5724),#5964,.F.);
#6263=ADVANCED_FACE('',(#5725),#16,.F.);
#6264=ADVANCED_FACE('',(#5726),#17,.F.);
#6265=ADVANCED_FACE('',(#5727),#5965,.T.);
#6266=ADVANCED_FACE('',(#5728,#5729),#18,.F.);
#6267=ADVANCED_FACE('',(#5730,#5731),#19,.F.);
#6268=ADVANCED_FACE('',(#5732),#5966,.T.);
#6269=ADVANCED_FACE('',(#5733),#146,.F.);
#6270=ADVANCED_FACE('',(#5734),#147,.F.);
#6271=ADVANCED_FACE('',(#5735),#5967,.F.);
#6272=ADVANCED_FACE('',(#5736),#148,.F.);
#6273=ADVANCED_FACE('',(#5737),#5968,.T.);
#6274=ADVANCED_FACE('',(#5738),#5969,.F.);
#6275=ADVANCED_FACE('',(#5739),#149,.F.);
#6276=ADVANCED_FACE('',(#5740),#5970,.T.);
#6277=ADVANCED_FACE('',(#5741),#150,.F.);
#6278=ADVANCED_FACE('',(#5742),#151,.F.);
#6279=ADVANCED_FACE('',(#5743),#5971,.F.);
#6280=ADVANCED_FACE('',(#5744),#5972,.F.);
#6281=ADVANCED_FACE('',(#5745),#152,.F.);
#6282=ADVANCED_FACE('',(#5746),#153,.F.);
#6283=ADVANCED_FACE('',(#5747),#5973,.T.);
#6284=ADVANCED_FACE('',(#5748),#5974,.T.);
#6285=ADVANCED_FACE('',(#5749),#154,.F.);
#6286=ADVANCED_FACE('',(#5750),#155,.F.);
#6287=ADVANCED_FACE('',(#5751),#5975,.F.);
#6288=ADVANCED_FACE('',(#5752),#5976,.T.);
#6289=ADVANCED_FACE('',(#5753),#156,.F.);
#6290=ADVANCED_FACE('',(#5754),#157,.F.);
#6291=ADVANCED_FACE('',(#5755),#5977,.F.);
#6292=ADVANCED_FACE('',(#5756),#5978,.F.);
#6293=ADVANCED_FACE('',(#5757),#158,.F.);
#6294=ADVANCED_FACE('',(#5758),#159,.F.);
#6295=ADVANCED_FACE('',(#5759),#5979,.T.);
#6296=ADVANCED_FACE('',(#5760),#5980,.T.);
#6297=ADVANCED_FACE('',(#5761),#160,.F.);
#6298=ADVANCED_FACE('',(#5762),#161,.F.);
#6299=ADVANCED_FACE('',(#5763),#5981,.F.);
#6300=CLOSED_SHELL('',(#5982,#5983,#5984,#5985,#5986,#5987,#5988,#5989,
#5990,#5991,#5992,#5993,#5994,#5995,#5996,#5997,#5998,#5999,#6000,#6001,
#6002,#6003,#6004,#6005,#6006,#6007,#6008,#6009,#6010,#6011,#6012,#6013,
#6014,#6015,#6016,#6017,#6018,#6019,#6020,#6021,#6022,#6023,#6024,#6025,
#6026,#6027,#6028,#6029,#6030,#6031,#6032,#6033,#6034,#6035,#6036,#6037,
#6038,#6039,#6040,#6041,#6042,#6043,#6044,#6045,#6046,#6047,#6048,#6049,
#6050,#6051,#6052,#6053,#6054,#6055,#6056,#6057,#6058,#6059,#6060,#6061,
#6062,#6063,#6064,#6065,#6066,#6067,#6068,#6069,#6070,#6071,#6072,#6073,
#6074,#6075,#6076,#6077,#6078,#6079,#6080,#6081,#6082,#6083,#6084,#6085,
#6086,#6087,#6088,#6089,#6090,#6091,#6092,#6093,#6094,#6095,#6096,#6097,
#6098,#6099,#6100,#6101,#6102,#6103,#6104,#6105,#6106,#6107,#6108,#6109,
#6110,#6111,#6112,#6113,#6114,#6115,#6116,#6117,#6118,#6119,#6120,#6121,
#6122,#6123,#6124,#6125,#6126,#6127,#6128,#6129,#6130,#6131,#6132,#6133,
#6134,#6135,#6136,#6137,#6138,#6139,#6140,#6141,#6142,#6143,#6144,#6145,
#6146,#6147,#6148,#6149,#6150,#6151,#6152,#6153,#6154,#6155,#6156,#6157,
#6158,#6159,#6160,#6161,#6162,#6163,#6164,#6165,#6166,#6167,#6168,#6169,
#6170,#6171,#6172,#6173,#6174,#6175,#6176,#6177,#6178,#6179,#6180,#6181,
#6182,#6183,#6184,#6185,#6186,#6187,#6188,#6189,#6190,#6191,#6192,#6193,
#6194,#6195,#6196,#6197,#6198,#6199,#6200,#6201,#6202,#6203,#6204,#6205,
#6206,#6207,#6208,#6209,#6210,#6211,#6212,#6213,#6214,#6215,#6216,#6217,
#6218,#6219,#6220,#6221,#6222,#6223,#6224,#6225,#6226,#6227,#6228,#6229,
#6230,#6231,#6232,#6233,#6234,#6235,#6236,#6237,#6238,#6239,#6240,#6241,
#6242,#6243,#6244,#6245,#6246,#6247,#6248,#6249,#6250,#6251,#6252,#6253,
#6254,#6255,#6256,#6257,#6258,#6259,#6260,#6261,#6262,#6263,#6264,#6265,
#6266,#6267,#6268,#6269,#6270,#6271,#6272,#6273,#6274,#6275,#6276,#6277,
#6278,#6279,#6280,#6281,#6282,#6283,#6284,#6285,#6286,#6287,#6288,#6289,
#6290,#6291,#6292,#6293,#6294,#6295,#6296,#6297,#6298,#6299));
#6301=STYLED_ITEM('',(#6302),#6309);
#6302=PRESENTATION_STYLE_ASSIGNMENT((#6303));
#6303=SURFACE_STYLE_USAGE(.BOTH.,#6304);
#6304=SURFACE_SIDE_STYLE('',(#6305));
#6305=SURFACE_STYLE_FILL_AREA(#6306);
#6306=FILL_AREA_STYLE('',(#6307));
#6307=FILL_AREA_STYLE_COLOUR('',#6308);
#6308=COLOUR_RGB('',0.972549019607843,0.529411764705882,0.00392156862745098);
#6309=MANIFOLD_SOLID_BREP('case_body',#6300);
#6310=SHAPE_DEFINITION_REPRESENTATION(#10422,#6311);
#6311=SHAPE_REPRESENTATION('case_body',(#6312),#10417);
#6312=AXIS2_PLACEMENT_3D('',#8465,#6797,#6798);
#6313=AXIS2_PLACEMENT_3D('',#8466,#6799,#6800);
#6314=AXIS2_PLACEMENT_3D('',#8470,#6802,#6803);
#6315=AXIS2_PLACEMENT_3D('',#8474,#6805,#6806);
#6316=AXIS2_PLACEMENT_3D('',#8478,#6808,#6809);
#6317=AXIS2_PLACEMENT_3D('',#8482,#6811,#6812);
#6318=AXIS2_PLACEMENT_3D('',#8486,#6814,#6815);
#6319=AXIS2_PLACEMENT_3D('',#8490,#6817,#6818);
#6320=AXIS2_PLACEMENT_3D('',#8494,#6820,#6821);
#6321=AXIS2_PLACEMENT_3D('',#8498,#6823,#6824);
#6322=AXIS2_PLACEMENT_3D('',#8502,#6826,#6827);
#6323=AXIS2_PLACEMENT_3D('',#8506,#6829,#6830);
#6324=AXIS2_PLACEMENT_3D('',#8510,#6832,#6833);
#6325=AXIS2_PLACEMENT_3D('',#8514,#6835,#6836);
#6326=AXIS2_PLACEMENT_3D('',#8518,#6838,#6839);
#6327=AXIS2_PLACEMENT_3D('',#8546,#6853,#6854);
#6328=AXIS2_PLACEMENT_3D('',#8550,#6856,#6857);
#6329=AXIS2_PLACEMENT_3D('',#8566,#6865,#6866);
#6330=AXIS2_PLACEMENT_3D('',#8567,#6867,#6868);
#6331=AXIS2_PLACEMENT_3D('',#8576,#6873,#6874);
#6332=AXIS2_PLACEMENT_3D('',#8581,#6876,#6877);
#6333=AXIS2_PLACEMENT_3D('',#8584,#6879,#6880);
#6334=AXIS2_PLACEMENT_3D('',#8589,#6882,#6883);
#6335=AXIS2_PLACEMENT_3D('',#8592,#6885,#6886);
#6336=AXIS2_PLACEMENT_3D('',#8597,#6888,#6889);
#6337=AXIS2_PLACEMENT_3D('',#8600,#6891,#6892);
#6338=AXIS2_PLACEMENT_3D('',#8605,#6894,#6895);
#6339=AXIS2_PLACEMENT_3D('',#8608,#6897,#6898);
#6340=AXIS2_PLACEMENT_3D('',#8613,#6900,#6901);
#6341=AXIS2_PLACEMENT_3D('',#8616,#6903,#6904);
#6342=AXIS2_PLACEMENT_3D('',#8621,#6906,#6907);
#6343=AXIS2_PLACEMENT_3D('',#8624,#6909,#6910);
#6344=AXIS2_PLACEMENT_3D('',#8629,#6912,#6913);
#6345=AXIS2_PLACEMENT_3D('',#8632,#6915,#6916);
#6346=AXIS2_PLACEMENT_3D('',#8637,#6918,#6919);
#6347=AXIS2_PLACEMENT_3D('',#8640,#6921,#6922);
#6348=AXIS2_PLACEMENT_3D('',#8644,#6924,#6925);
#6349=AXIS2_PLACEMENT_3D('',#8653,#6930,#6931);
#6350=AXIS2_PLACEMENT_3D('',#8658,#6935,#6936);
#6351=AXIS2_PLACEMENT_3D('',#8661,#6939,#6940);
#6352=AXIS2_PLACEMENT_3D('',#8669,#6945,#6946);
#6353=AXIS2_PLACEMENT_3D('',#8670,#6947,#6948);
#6354=AXIS2_PLACEMENT_3D('',#8679,#6949,#6950);
#6355=AXIS2_PLACEMENT_3D('',#8680,#6951,#6952);
#6356=AXIS2_PLACEMENT_3D('',#8681,#6953,#6954);
#6357=AXIS2_PLACEMENT_3D('',#8690,#6955,#6956);
#6358=AXIS2_PLACEMENT_3D('',#8691,#6957,#6958);
#6359=AXIS2_PLACEMENT_3D('',#8692,#6959,#6960);
#6360=AXIS2_PLACEMENT_3D('',#8694,#6961,#6962);
#6361=AXIS2_PLACEMENT_3D('',#8698,#6964,#6965);
#6362=AXIS2_PLACEMENT_3D('',#8702,#6967,#6968);
#6363=AXIS2_PLACEMENT_3D('',#8706,#6970,#6971);
#6364=AXIS2_PLACEMENT_3D('',#8716,#6976,#6977);
#6365=AXIS2_PLACEMENT_3D('',#8721,#6980,#6981);
#6366=AXIS2_PLACEMENT_3D('',#8724,#6983,#6984);
#6367=AXIS2_PLACEMENT_3D('',#8726,#6985,#6986);
#6368=AXIS2_PLACEMENT_3D('',#8736,#6991,#6992);
#6369=AXIS2_PLACEMENT_3D('',#8740,#6994,#6995);
#6370=AXIS2_PLACEMENT_3D('',#8754,#7002,#7003);
#6371=AXIS2_PLACEMENT_3D('',#8758,#7005,#7006);
#6372=AXIS2_PLACEMENT_3D('',#8762,#7008,#7009);
#6373=AXIS2_PLACEMENT_3D('',#8766,#7011,#7012);
#6374=AXIS2_PLACEMENT_3D('',#8770,#7014,#7015);
#6375=AXIS2_PLACEMENT_3D('',#8771,#7016,#7017);
#6376=AXIS2_PLACEMENT_3D('',#8776,#7019,#7020);
#6377=AXIS2_PLACEMENT_3D('',#8780,#7022,#7023);
#6378=AXIS2_PLACEMENT_3D('',#8784,#7025,#7026);
#6379=AXIS2_PLACEMENT_3D('',#8788,#7028,#7029);
#6380=AXIS2_PLACEMENT_3D('',#8792,#7031,#7032);
#6381=AXIS2_PLACEMENT_3D('',#8796,#7034,#7035);
#6382=AXIS2_PLACEMENT_3D('',#8800,#7037,#7038);
#6383=AXIS2_PLACEMENT_3D('',#8804,#7040,#7041);
#6384=AXIS2_PLACEMENT_3D('',#8813,#7046,#7047);
#6385=AXIS2_PLACEMENT_3D('',#8815,#7048,#7049);
#6386=AXIS2_PLACEMENT_3D('',#8819,#7051,#7052);
#6387=AXIS2_PLACEMENT_3D('',#8823,#7054,#7055);
#6388=AXIS2_PLACEMENT_3D('',#8827,#7057,#7058);
#6389=AXIS2_PLACEMENT_3D('',#8831,#7060,#7061);
#6390=AXIS2_PLACEMENT_3D('',#8845,#7068,#7069);
#6391=AXIS2_PLACEMENT_3D('',#8849,#7071,#7072);
#6392=AXIS2_PLACEMENT_3D('',#8856,#7076,#7077);
#6393=AXIS2_PLACEMENT_3D('',#8864,#7081,#7082);
#6394=AXIS2_PLACEMENT_3D('',#8868,#7084,#7085);
#6395=AXIS2_PLACEMENT_3D('',#8881,#7092,#7093);
#6396=AXIS2_PLACEMENT_3D('',#8884,#7094,#7095);
#6397=AXIS2_PLACEMENT_3D('',#8888,#7097,#7098);
#6398=AXIS2_PLACEMENT_3D('',#8892,#7100,#7101);
#6399=AXIS2_PLACEMENT_3D('',#8896,#7103,#7104);
#6400=AXIS2_PLACEMENT_3D('',#8900,#7106,#7107);
#6401=AXIS2_PLACEMENT_3D('',#8906,#7110,#7111);
#6402=AXIS2_PLACEMENT_3D('',#8910,#7113,#7114);
#6403=AXIS2_PLACEMENT_3D('',#8914,#7116,#7117);
#6404=AXIS2_PLACEMENT_3D('',#8918,#7119,#7120);
#6405=AXIS2_PLACEMENT_3D('',#8922,#7122,#7123);
#6406=AXIS2_PLACEMENT_3D('',#8926,#7125,#7126);
#6407=AXIS2_PLACEMENT_3D('',#8930,#7128,#7129);
#6408=AXIS2_PLACEMENT_3D('',#8934,#7131,#7132);
#6409=AXIS2_PLACEMENT_3D('',#8943,#7137,#7138);
#6410=AXIS2_PLACEMENT_3D('',#8948,#7140,#7141);
#6411=AXIS2_PLACEMENT_3D('',#8952,#7143,#7144);
#6412=AXIS2_PLACEMENT_3D('',#8956,#7146,#7147);
#6413=AXIS2_PLACEMENT_3D('',#8960,#7149,#7150);
#6414=AXIS2_PLACEMENT_3D('',#8964,#7152,#7153);
#6415=AXIS2_PLACEMENT_3D('',#8982,#7162,#7163);
#6416=AXIS2_PLACEMENT_3D('',#8986,#7165,#7166);
#6417=AXIS2_PLACEMENT_3D('',#8989,#7168,#7169);
#6418=AXIS2_PLACEMENT_3D('',#8990,#7170,#7171);
#6419=AXIS2_PLACEMENT_3D('',#8995,#7173,#7174);
#6420=AXIS2_PLACEMENT_3D('',#8998,#7176,#7177);
#6421=AXIS2_PLACEMENT_3D('',#9013,#7185,#7186);
#6422=AXIS2_PLACEMENT_3D('',#9014,#7187,#7188);
#6423=AXIS2_PLACEMENT_3D('',#9029,#7196,#7197);
#6424=AXIS2_PLACEMENT_3D('',#9046,#7206,#7207);
#6425=AXIS2_PLACEMENT_3D('',#9055,#7213,#7214);
#6426=AXIS2_PLACEMENT_3D('',#9136,#7256,#7257);
#6427=AXIS2_PLACEMENT_3D('',#9140,#7259,#7260);
#6428=AXIS2_PLACEMENT_3D('',#9144,#7262,#7263);
#6429=AXIS2_PLACEMENT_3D('',#9219,#7301,#7302);
#6430=AXIS2_PLACEMENT_3D('',#9296,#7342,#7343);
#6431=AXIS2_PLACEMENT_3D('',#9300,#7345,#7346);
#6432=AXIS2_PLACEMENT_3D('',#9304,#7348,#7349);
#6433=AXIS2_PLACEMENT_3D('',#9371,#7383,#7384);
#6434=AXIS2_PLACEMENT_3D('',#9379,#7390,#7391);
#6435=AXIS2_PLACEMENT_3D('',#9380,#7392,#7393);
#6436=AXIS2_PLACEMENT_3D('',#9381,#7394,#7395);
#6437=AXIS2_PLACEMENT_3D('',#9384,#7398,#7399);
#6438=AXIS2_PLACEMENT_3D('',#9388,#7401,#7402);
#6439=AXIS2_PLACEMENT_3D('',#9396,#7406,#7407);
#6440=AXIS2_PLACEMENT_3D('',#9397,#7408,#7409);
#6441=AXIS2_PLACEMENT_3D('',#9401,#7411,#7412);
#6442=AXIS2_PLACEMENT_3D('',#9409,#7416,#7417);
#6443=AXIS2_PLACEMENT_3D('',#9410,#7418,#7419);
#6444=AXIS2_PLACEMENT_3D('',#9411,#7420,#7421);
#6445=AXIS2_PLACEMENT_3D('',#9416,#7423,#7424);
#6446=AXIS2_PLACEMENT_3D('',#9435,#7434,#7435);
#6447=AXIS2_PLACEMENT_3D('',#9441,#7439,#7440);
#6448=AXIS2_PLACEMENT_3D('',#9444,#7443,#7444);
#6449=AXIS2_PLACEMENT_3D('',#9447,#7447,#7448);
#6450=AXIS2_PLACEMENT_3D('',#9450,#7451,#7452);
#6451=AXIS2_PLACEMENT_3D('',#9453,#7455,#7456);
#6452=AXIS2_PLACEMENT_3D('',#9456,#7459,#7460);
#6453=AXIS2_PLACEMENT_3D('',#9459,#7463,#7464);
#6454=AXIS2_PLACEMENT_3D('',#9462,#7467,#7468);
#6455=AXIS2_PLACEMENT_3D('',#9465,#7471,#7472);
#6456=AXIS2_PLACEMENT_3D('',#9468,#7475,#7476);
#6457=AXIS2_PLACEMENT_3D('',#9471,#7479,#7480);
#6458=AXIS2_PLACEMENT_3D('',#9474,#7483,#7484);
#6459=AXIS2_PLACEMENT_3D('',#9477,#7487,#7488);
#6460=AXIS2_PLACEMENT_3D('',#9480,#7491,#7492);
#6461=AXIS2_PLACEMENT_3D('',#9482,#7494,#7495);
#6462=AXIS2_PLACEMENT_3D('',#9483,#7496,#7497);
#6463=AXIS2_PLACEMENT_3D('',#9484,#7498,#7499);
#6464=AXIS2_PLACEMENT_3D('',#9487,#7502,#7503);
#6465=AXIS2_PLACEMENT_3D('',#9490,#7506,#7507);
#6466=AXIS2_PLACEMENT_3D('',#9493,#7510,#7511);
#6467=AXIS2_PLACEMENT_3D('',#9496,#7514,#7515);
#6468=AXIS2_PLACEMENT_3D('',#9499,#7518,#7519);
#6469=AXIS2_PLACEMENT_3D('',#9500,#7520,#7521);
#6470=AXIS2_PLACEMENT_3D('',#9505,#7524,#7525);
#6471=AXIS2_PLACEMENT_3D('',#9506,#7526,#7527);
#6472=AXIS2_PLACEMENT_3D('',#9509,#7529,#7530);
#6473=AXIS2_PLACEMENT_3D('',#9510,#7531,#7532);
#6474=AXIS2_PLACEMENT_3D('',#9511,#7533,#7534);
#6475=AXIS2_PLACEMENT_3D('',#9512,#7535,#7536);
#6476=AXIS2_PLACEMENT_3D('',#9515,#7538,#7539);
#6477=AXIS2_PLACEMENT_3D('',#9516,#7540,#7541);
#6478=AXIS2_PLACEMENT_3D('',#9517,#7542,#7543);
#6479=AXIS2_PLACEMENT_3D('',#9518,#7544,#7545);
#6480=AXIS2_PLACEMENT_3D('',#9519,#7546,#7547);
#6481=AXIS2_PLACEMENT_3D('',#9532,#7554,#7555);
#6482=AXIS2_PLACEMENT_3D('',#9538,#7559,#7560);
#6483=AXIS2_PLACEMENT_3D('',#9552,#7568,#7569);
#6484=AXIS2_PLACEMENT_3D('',#9553,#7570,#7571);
#6485=AXIS2_PLACEMENT_3D('',#9556,#7573,#7574);
#6486=AXIS2_PLACEMENT_3D('',#9562,#7578,#7579);
#6487=AXIS2_PLACEMENT_3D('',#9566,#7582,#7583);
#6488=AXIS2_PLACEMENT_3D('',#9570,#7586,#7587);
#6489=AXIS2_PLACEMENT_3D('',#9574,#7590,#7591);
#6490=AXIS2_PLACEMENT_3D('',#9578,#7594,#7595);
#6491=AXIS2_PLACEMENT_3D('',#9580,#7597,#7598);
#6492=AXIS2_PLACEMENT_3D('',#9581,#7599,#7600);
#6493=AXIS2_PLACEMENT_3D('',#9587,#7604,#7605);
#6494=AXIS2_PLACEMENT_3D('',#9591,#7608,#7609);
#6495=AXIS2_PLACEMENT_3D('',#9595,#7612,#7613);
#6496=AXIS2_PLACEMENT_3D('',#9599,#7616,#7617);
#6497=AXIS2_PLACEMENT_3D('',#9603,#7620,#7621);
#6498=AXIS2_PLACEMENT_3D('',#9605,#7623,#7624);
#6499=AXIS2_PLACEMENT_3D('',#9606,#7625,#7626);
#6500=AXIS2_PLACEMENT_3D('',#9607,#7627,#7628);
#6501=AXIS2_PLACEMENT_3D('',#9609,#7629,#7630);
#6502=AXIS2_PLACEMENT_3D('',#9610,#7631,#7632);
#6503=AXIS2_PLACEMENT_3D('',#9612,#7633,#7634);
#6504=AXIS2_PLACEMENT_3D('',#9618,#7638,#7639);
#6505=AXIS2_PLACEMENT_3D('',#9624,#7643,#7644);
#6506=AXIS2_PLACEMENT_3D('',#9633,#7649,#7650);
#6507=AXIS2_PLACEMENT_3D('',#9635,#7652,#7653);
#6508=AXIS2_PLACEMENT_3D('',#9637,#7655,#7656);
#6509=AXIS2_PLACEMENT_3D('',#9643,#7660,#7661);
#6510=AXIS2_PLACEMENT_3D('',#9652,#7666,#7667);
#6511=AXIS2_PLACEMENT_3D('',#9658,#7671,#7672);
#6512=AXIS2_PLACEMENT_3D('',#9660,#7674,#7675);
#6513=AXIS2_PLACEMENT_3D('',#9662,#7677,#7678);
#6514=AXIS2_PLACEMENT_3D('',#9668,#7682,#7683);
#6515=AXIS2_PLACEMENT_3D('',#9677,#7688,#7689);
#6516=AXIS2_PLACEMENT_3D('',#9683,#7693,#7694);
#6517=AXIS2_PLACEMENT_3D('',#9685,#7696,#7697);
#6518=AXIS2_PLACEMENT_3D('',#9687,#7699,#7700);
#6519=AXIS2_PLACEMENT_3D('',#9693,#7704,#7705);
#6520=AXIS2_PLACEMENT_3D('',#9699,#7709,#7710);
#6521=AXIS2_PLACEMENT_3D('',#9708,#7715,#7716);
#6522=AXIS2_PLACEMENT_3D('',#9710,#7718,#7719);
#6523=AXIS2_PLACEMENT_3D('',#9712,#7721,#7722);
#6524=AXIS2_PLACEMENT_3D('',#9715,#7724,#7725);
#6525=AXIS2_PLACEMENT_3D('',#9718,#7727,#7728);
#6526=AXIS2_PLACEMENT_3D('',#9722,#7731,#7732);
#6527=AXIS2_PLACEMENT_3D('',#9726,#7735,#7736);
#6528=AXIS2_PLACEMENT_3D('',#9727,#7737,#7738);
#6529=AXIS2_PLACEMENT_3D('',#9728,#7739,#7740);
#6530=AXIS2_PLACEMENT_3D('',#9731,#7743,#7744);
#6531=AXIS2_PLACEMENT_3D('',#9733,#7746,#7747);
#6532=AXIS2_PLACEMENT_3D('',#9734,#7748,#7749);
#6533=AXIS2_PLACEMENT_3D('',#9737,#7752,#7753);
#6534=AXIS2_PLACEMENT_3D('',#9739,#7755,#7756);
#6535=AXIS2_PLACEMENT_3D('',#9740,#7757,#7758);
#6536=AXIS2_PLACEMENT_3D('',#9743,#7761,#7762);
#6537=AXIS2_PLACEMENT_3D('',#9745,#7764,#7765);
#6538=AXIS2_PLACEMENT_3D('',#9747,#7767,#7768);
#6539=AXIS2_PLACEMENT_3D('',#9748,#7769,#7770);
#6540=AXIS2_PLACEMENT_3D('',#9751,#7773,#7774);
#6541=AXIS2_PLACEMENT_3D('',#9753,#7776,#7777);
#6542=AXIS2_PLACEMENT_3D('',#9755,#7779,#7780);
#6543=AXIS2_PLACEMENT_3D('',#9756,#7781,#7782);
#6544=AXIS2_PLACEMENT_3D('',#9759,#7785,#7786);
#6545=AXIS2_PLACEMENT_3D('',#9761,#7788,#7789);
#6546=AXIS2_PLACEMENT_3D('',#9763,#7791,#7792);
#6547=AXIS2_PLACEMENT_3D('',#9764,#7793,#7794);
#6548=AXIS2_PLACEMENT_3D('',#9767,#7797,#7798);
#6549=AXIS2_PLACEMENT_3D('',#9769,#7800,#7801);
#6550=AXIS2_PLACEMENT_3D('',#9771,#7803,#7804);
#6551=AXIS2_PLACEMENT_3D('',#9772,#7805,#7806);
#6552=AXIS2_PLACEMENT_3D('',#9775,#7809,#7810);
#6553=AXIS2_PLACEMENT_3D('',#9777,#7812,#7813);
#6554=AXIS2_PLACEMENT_3D('',#9779,#7815,#7816);
#6555=AXIS2_PLACEMENT_3D('',#9781,#7818,#7819);
#6556=AXIS2_PLACEMENT_3D('',#9782,#7820,#7821);
#6557=AXIS2_PLACEMENT_3D('',#9785,#7824,#7825);
#6558=AXIS2_PLACEMENT_3D('',#9787,#7827,#7828);
#6559=AXIS2_PLACEMENT_3D('',#9789,#7830,#7831);
#6560=AXIS2_PLACEMENT_3D('',#9790,#7832,#7833);
#6561=AXIS2_PLACEMENT_3D('',#9793,#7836,#7837);
#6562=AXIS2_PLACEMENT_3D('',#9795,#7839,#7840);
#6563=AXIS2_PLACEMENT_3D('',#9796,#7841,#7842);
#6564=AXIS2_PLACEMENT_3D('',#9799,#7845,#7846);
#6565=AXIS2_PLACEMENT_3D('',#9801,#7848,#7849);
#6566=AXIS2_PLACEMENT_3D('',#9803,#7851,#7852);
#6567=AXIS2_PLACEMENT_3D('',#9804,#7853,#7854);
#6568=AXIS2_PLACEMENT_3D('',#9807,#7857,#7858);
#6569=AXIS2_PLACEMENT_3D('',#9809,#7860,#7861);
#6570=AXIS2_PLACEMENT_3D('',#9811,#7863,#7864);
#6571=AXIS2_PLACEMENT_3D('',#9812,#7865,#7866);
#6572=AXIS2_PLACEMENT_3D('',#9815,#7869,#7870);
#6573=AXIS2_PLACEMENT_3D('',#9817,#7872,#7873);
#6574=AXIS2_PLACEMENT_3D('',#9819,#7875,#7876);
#6575=AXIS2_PLACEMENT_3D('',#9820,#7877,#7878);
#6576=AXIS2_PLACEMENT_3D('',#9823,#7881,#7882);
#6577=AXIS2_PLACEMENT_3D('',#9825,#7884,#7885);
#6578=AXIS2_PLACEMENT_3D('',#9827,#7887,#7888);
#6579=AXIS2_PLACEMENT_3D('',#9828,#7889,#7890);
#6580=AXIS2_PLACEMENT_3D('',#9831,#7893,#7894);
#6581=AXIS2_PLACEMENT_3D('',#9833,#7896,#7897);
#6582=AXIS2_PLACEMENT_3D('',#9835,#7899,#7900);
#6583=AXIS2_PLACEMENT_3D('',#9836,#7901,#7902);
#6584=AXIS2_PLACEMENT_3D('',#9839,#7905,#7906);
#6585=AXIS2_PLACEMENT_3D('',#9841,#7908,#7909);
#6586=AXIS2_PLACEMENT_3D('',#9843,#7911,#7912);
#6587=AXIS2_PLACEMENT_3D('',#9844,#7913,#7914);
#6588=AXIS2_PLACEMENT_3D('',#9847,#7917,#7918);
#6589=AXIS2_PLACEMENT_3D('',#9849,#7920,#7921);
#6590=AXIS2_PLACEMENT_3D('',#9851,#7923,#7924);
#6591=AXIS2_PLACEMENT_3D('',#9852,#7925,#7926);
#6592=AXIS2_PLACEMENT_3D('',#9855,#7929,#7930);
#6593=AXIS2_PLACEMENT_3D('',#9857,#7932,#7933);
#6594=AXIS2_PLACEMENT_3D('',#9859,#7935,#7936);
#6595=AXIS2_PLACEMENT_3D('',#9860,#7937,#7938);
#6596=AXIS2_PLACEMENT_3D('',#9864,#7941,#7942);
#6597=AXIS2_PLACEMENT_3D('',#9868,#7945,#7946);
#6598=AXIS2_PLACEMENT_3D('',#9869,#7947,#7948);
#6599=AXIS2_PLACEMENT_3D('',#9871,#7949,#7950);
#6600=AXIS2_PLACEMENT_3D('',#9872,#7951,#7952);
#6601=AXIS2_PLACEMENT_3D('',#9876,#7955,#7956);
#6602=AXIS2_PLACEMENT_3D('',#9880,#7959,#7960);
#6603=AXIS2_PLACEMENT_3D('',#9881,#7961,#7962);
#6604=AXIS2_PLACEMENT_3D('',#9883,#7963,#7964);
#6605=AXIS2_PLACEMENT_3D('',#9884,#7965,#7966);
#6606=AXIS2_PLACEMENT_3D('',#9885,#7967,#7968);
#6607=AXIS2_PLACEMENT_3D('',#9887,#7969,#7970);
#6608=AXIS2_PLACEMENT_3D('',#9894,#7974,#7975);
#6609=AXIS2_PLACEMENT_3D('',#9898,#7978,#7979);
#6610=AXIS2_PLACEMENT_3D('',#9899,#7980,#7981);
#6611=AXIS2_PLACEMENT_3D('',#9904,#7983,#7984);
#6612=AXIS2_PLACEMENT_3D('',#9906,#7986,#7987);
#6613=AXIS2_PLACEMENT_3D('',#9909,#7990,#7991);
#6614=AXIS2_PLACEMENT_3D('',#9910,#7992,#7993);
#6615=AXIS2_PLACEMENT_3D('',#9911,#7994,#7995);
#6616=AXIS2_PLACEMENT_3D('',#9916,#7997,#7998);
#6617=AXIS2_PLACEMENT_3D('',#9920,#8001,#8002);
#6618=AXIS2_PLACEMENT_3D('',#9924,#8005,#8006);
#6619=AXIS2_PLACEMENT_3D('',#9925,#8007,#8008);
#6620=AXIS2_PLACEMENT_3D('',#9927,#8009,#8010);
#6621=AXIS2_PLACEMENT_3D('',#9932,#8013,#8014);
#6622=AXIS2_PLACEMENT_3D('',#9935,#8017,#8018);
#6623=AXIS2_PLACEMENT_3D('',#9936,#8019,#8020);
#6624=AXIS2_PLACEMENT_3D('',#9942,#8024,#8025);
#6625=AXIS2_PLACEMENT_3D('',#9947,#8029,#8030);
#6626=AXIS2_PLACEMENT_3D('',#9951,#8033,#8034);
#6627=AXIS2_PLACEMENT_3D('',#9956,#8038,#8039);
#6628=AXIS2_PLACEMENT_3D('',#9960,#8042,#8043);
#6629=AXIS2_PLACEMENT_3D('',#9961,#8044,#8045);
#6630=AXIS2_PLACEMENT_3D('',#9964,#8047,#8048);
#6631=AXIS2_PLACEMENT_3D('',#9968,#8051,#8052);
#6632=AXIS2_PLACEMENT_3D('',#9969,#8053,#8054);
#6633=AXIS2_PLACEMENT_3D('',#9972,#8056,#8057);
#6634=AXIS2_PLACEMENT_3D('',#9976,#8060,#8061);
#6635=AXIS2_PLACEMENT_3D('',#9981,#8065,#8066);
#6636=AXIS2_PLACEMENT_3D('',#9986,#8070,#8071);
#6637=AXIS2_PLACEMENT_3D('',#9988,#8073,#8074);
#6638=AXIS2_PLACEMENT_3D('',#9995,#8079,#8080);
#6639=AXIS2_PLACEMENT_3D('',#9999,#8083,#8084);
#6640=AXIS2_PLACEMENT_3D('',#10004,#8088,#8089);
#6641=AXIS2_PLACEMENT_3D('',#10008,#8092,#8093);
#6642=AXIS2_PLACEMENT_3D('',#10009,#8094,#8095);
#6643=AXIS2_PLACEMENT_3D('',#10012,#8097,#8098);
#6644=AXIS2_PLACEMENT_3D('',#10016,#8101,#8102);
#6645=AXIS2_PLACEMENT_3D('',#10017,#8103,#8104);
#6646=AXIS2_PLACEMENT_3D('',#10020,#8106,#8107);
#6647=AXIS2_PLACEMENT_3D('',#10024,#8110,#8111);
#6648=AXIS2_PLACEMENT_3D('',#10029,#8115,#8116);
#6649=AXIS2_PLACEMENT_3D('',#10033,#8119,#8120);
#6650=AXIS2_PLACEMENT_3D('',#10037,#8123,#8124);
#6651=AXIS2_PLACEMENT_3D('',#10040,#8127,#8128);
#6652=AXIS2_PLACEMENT_3D('',#10041,#8129,#8130);
#6653=AXIS2_PLACEMENT_3D('',#10042,#8131,#8132);
#6654=AXIS2_PLACEMENT_3D('',#10043,#8133,#8134);
#6655=AXIS2_PLACEMENT_3D('',#10044,#8135,#8136);
#6656=AXIS2_PLACEMENT_3D('',#10045,#8137,#8138);
#6657=AXIS2_PLACEMENT_3D('',#10052,#8139,#8140);
#6658=AXIS2_PLACEMENT_3D('',#10053,#8141,#8142);
#6659=AXIS2_PLACEMENT_3D('',#10058,#8143,#8144);
#6660=AXIS2_PLACEMENT_3D('',#10065,#8145,#8146);
#6661=AXIS2_PLACEMENT_3D('',#10066,#8147,#8148);
#6662=AXIS2_PLACEMENT_3D('',#10067,#8149,#8150);
#6663=AXIS2_PLACEMENT_3D('',#10072,#8151,#8152);
#6664=AXIS2_PLACEMENT_3D('',#10079,#8153,#8154);
#6665=AXIS2_PLACEMENT_3D('',#10080,#8155,#8156);
#6666=AXIS2_PLACEMENT_3D('',#10081,#8157,#8158);
#6667=AXIS2_PLACEMENT_3D('',#10086,#8159,#8160);
#6668=AXIS2_PLACEMENT_3D('',#10087,#8161,#8162);
#6669=AXIS2_PLACEMENT_3D('',#10094,#8163,#8164);
#6670=AXIS2_PLACEMENT_3D('',#10095,#8165,#8166);
#6671=AXIS2_PLACEMENT_3D('',#10100,#8167,#8168);
#6672=AXIS2_PLACEMENT_3D('',#10101,#8169,#8170);
#6673=AXIS2_PLACEMENT_3D('',#10102,#8171,#8172);
#6674=AXIS2_PLACEMENT_3D('',#10103,#8173,#8174);
#6675=AXIS2_PLACEMENT_3D('',#10104,#8175,#8176);
#6676=AXIS2_PLACEMENT_3D('',#10105,#8177,#8178);
#6677=AXIS2_PLACEMENT_3D('',#10106,#8179,#8180);
#6678=AXIS2_PLACEMENT_3D('',#10107,#8181,#8182);
#6679=AXIS2_PLACEMENT_3D('',#10108,#8183,#8184);
#6680=AXIS2_PLACEMENT_3D('',#10109,#8185,#8186);
#6681=AXIS2_PLACEMENT_3D('',#10110,#8187,#8188);
#6682=AXIS2_PLACEMENT_3D('',#10111,#8189,#8190);
#6683=AXIS2_PLACEMENT_3D('',#10112,#8191,#8192);
#6684=AXIS2_PLACEMENT_3D('',#10113,#8193,#8194);
#6685=AXIS2_PLACEMENT_3D('',#10114,#8195,#8196);
#6686=AXIS2_PLACEMENT_3D('',#10115,#8197,#8198);
#6687=AXIS2_PLACEMENT_3D('',#10116,#8199,#8200);
#6688=AXIS2_PLACEMENT_3D('',#10129,#8201,#8202);
#6689=AXIS2_PLACEMENT_3D('',#10130,#8203,#8204);
#6690=AXIS2_PLACEMENT_3D('',#10143,#8205,#8206);
#6691=AXIS2_PLACEMENT_3D('',#10144,#8207,#8208);
#6692=AXIS2_PLACEMENT_3D('',#10145,#8209,#8210);
#6693=AXIS2_PLACEMENT_3D('',#10158,#8211,#8212);
#6694=AXIS2_PLACEMENT_3D('',#10171,#8213,#8214);
#6695=AXIS2_PLACEMENT_3D('',#10172,#8215,#8216);
#6696=AXIS2_PLACEMENT_3D('',#10173,#8217,#8218);
#6697=AXIS2_PLACEMENT_3D('',#10186,#8219,#8220);
#6698=AXIS2_PLACEMENT_3D('',#10199,#8221,#8222);
#6699=AXIS2_PLACEMENT_3D('',#10212,#8223,#8224);
#6700=AXIS2_PLACEMENT_3D('',#10225,#8225,#8226);
#6701=AXIS2_PLACEMENT_3D('',#10226,#8227,#8228);
#6702=AXIS2_PLACEMENT_3D('',#10227,#8229,#8230);
#6703=AXIS2_PLACEMENT_3D('',#10240,#8231,#8232);
#6704=AXIS2_PLACEMENT_3D('',#10253,#8233,#8234);
#6705=AXIS2_PLACEMENT_3D('',#10254,#8235,#8236);
#6706=AXIS2_PLACEMENT_3D('',#10255,#8237,#8238);
#6707=AXIS2_PLACEMENT_3D('',#10268,#8239,#8240);
#6708=AXIS2_PLACEMENT_3D('',#10281,#8241,#8242);
#6709=AXIS2_PLACEMENT_3D('',#10282,#8243,#8244);
#6710=AXIS2_PLACEMENT_3D('',#10283,#8245,#8246);
#6711=AXIS2_PLACEMENT_3D('',#10284,#8247,#8248);
#6712=AXIS2_PLACEMENT_3D('',#10285,#8249,#8250);
#6713=AXIS2_PLACEMENT_3D('',#10286,#8251,#8252);
#6714=AXIS2_PLACEMENT_3D('',#10287,#8253,#8254);
#6715=AXIS2_PLACEMENT_3D('',#10288,#8255,#8256);
#6716=AXIS2_PLACEMENT_3D('',#10289,#8257,#8258);
#6717=AXIS2_PLACEMENT_3D('',#10290,#8259,#8260);
#6718=AXIS2_PLACEMENT_3D('',#10291,#8261,#8262);
#6719=AXIS2_PLACEMENT_3D('',#10292,#8263,#8264);
#6720=AXIS2_PLACEMENT_3D('',#10293,#8265,#8266);
#6721=AXIS2_PLACEMENT_3D('',#10294,#8267,#8268);
#6722=AXIS2_PLACEMENT_3D('',#10295,#8269,#8270);
#6723=AXIS2_PLACEMENT_3D('',#10296,#8271,#8272);
#6724=AXIS2_PLACEMENT_3D('',#10297,#8273,#8274);
#6725=AXIS2_PLACEMENT_3D('',#10298,#8275,#8276);
#6726=AXIS2_PLACEMENT_3D('',#10299,#8277,#8278);
#6727=AXIS2_PLACEMENT_3D('',#10300,#8279,#8280);
#6728=AXIS2_PLACEMENT_3D('',#10301,#8281,#8282);
#6729=AXIS2_PLACEMENT_3D('',#10302,#8283,#8284);
#6730=AXIS2_PLACEMENT_3D('',#10303,#8285,#8286);
#6731=AXIS2_PLACEMENT_3D('',#10304,#8287,#8288);
#6732=AXIS2_PLACEMENT_3D('',#10305,#8289,#8290);
#6733=AXIS2_PLACEMENT_3D('',#10306,#8291,#8292);
#6734=AXIS2_PLACEMENT_3D('',#10307,#8293,#8294);
#6735=AXIS2_PLACEMENT_3D('',#10308,#8295,#8296);
#6736=AXIS2_PLACEMENT_3D('',#10309,#8297,#8298);
#6737=AXIS2_PLACEMENT_3D('',#10310,#8299,#8300);
#6738=AXIS2_PLACEMENT_3D('',#10311,#8301,#8302);
#6739=AXIS2_PLACEMENT_3D('',#10312,#8303,#8304);
#6740=AXIS2_PLACEMENT_3D('',#10313,#8305,#8306);
#6741=AXIS2_PLACEMENT_3D('',#10314,#8307,#8308);
#6742=AXIS2_PLACEMENT_3D('',#10315,#8309,#8310);
#6743=AXIS2_PLACEMENT_3D('',#10316,#8311,#8312);
#6744=AXIS2_PLACEMENT_3D('',#10317,#8313,#8314);
#6745=AXIS2_PLACEMENT_3D('',#10318,#8315,#8316);
#6746=AXIS2_PLACEMENT_3D('',#10320,#8318,#8319);
#6747=AXIS2_PLACEMENT_3D('',#10322,#8321,#8322);
#6748=AXIS2_PLACEMENT_3D('',#10324,#8324,#8325);
#6749=AXIS2_PLACEMENT_3D('',#10326,#8327,#8328);
#6750=AXIS2_PLACEMENT_3D('',#10327,#8329,#8330);
#6751=AXIS2_PLACEMENT_3D('',#10328,#8331,#8332);
#6752=AXIS2_PLACEMENT_3D('',#10329,#8333,#8334);
#6753=AXIS2_PLACEMENT_3D('',#10330,#8335,#8336);
#6754=AXIS2_PLACEMENT_3D('',#10332,#8338,#8339);
#6755=AXIS2_PLACEMENT_3D('',#10334,#8341,#8342);
#6756=AXIS2_PLACEMENT_3D('',#10336,#8344,#8345);
#6757=AXIS2_PLACEMENT_3D('',#10338,#8347,#8348);
#6758=AXIS2_PLACEMENT_3D('',#10339,#8349,#8350);
#6759=AXIS2_PLACEMENT_3D('',#10340,#8351,#8352);
#6760=AXIS2_PLACEMENT_3D('',#10343,#8355,#8356);
#6761=AXIS2_PLACEMENT_3D('',#10345,#8358,#8359);
#6762=AXIS2_PLACEMENT_3D('',#10347,#8361,#8362);
#6763=AXIS2_PLACEMENT_3D('',#10348,#8363,#8364);
#6764=AXIS2_PLACEMENT_3D('',#10349,#8365,#8366);
#6765=AXIS2_PLACEMENT_3D('',#10350,#8367,#8368);
#6766=AXIS2_PLACEMENT_3D('',#10354,#8372,#8373);
#6767=AXIS2_PLACEMENT_3D('',#10356,#8375,#8376);
#6768=AXIS2_PLACEMENT_3D('',#10358,#8378,#8379);
#6769=AXIS2_PLACEMENT_3D('',#10359,#8380,#8381);
#6770=AXIS2_PLACEMENT_3D('',#10362,#8384,#8385);
#6771=AXIS2_PLACEMENT_3D('',#10364,#8387,#8388);
#6772=AXIS2_PLACEMENT_3D('',#10367,#8391,#8392);
#6773=AXIS2_PLACEMENT_3D('',#10368,#8393,#8394);
#6774=AXIS2_PLACEMENT_3D('',#10371,#8397,#8398);
#6775=AXIS2_PLACEMENT_3D('',#10373,#8400,#8401);
#6776=AXIS2_PLACEMENT_3D('',#10375,#8403,#8404);
#6777=AXIS2_PLACEMENT_3D('',#10376,#8405,#8406);
#6778=AXIS2_PLACEMENT_3D('',#10379,#8409,#8410);
#6779=AXIS2_PLACEMENT_3D('',#10381,#8412,#8413);
#6780=AXIS2_PLACEMENT_3D('',#10383,#8415,#8416);
#6781=AXIS2_PLACEMENT_3D('',#10384,#8417,#8418);
#6782=AXIS2_PLACEMENT_3D('',#10387,#8421,#8422);
#6783=AXIS2_PLACEMENT_3D('',#10389,#8424,#8425);
#6784=AXIS2_PLACEMENT_3D('',#10391,#8427,#8428);
#6785=AXIS2_PLACEMENT_3D('',#10392,#8429,#8430);
#6786=AXIS2_PLACEMENT_3D('',#10395,#8433,#8434);
#6787=AXIS2_PLACEMENT_3D('',#10397,#8436,#8437);
#6788=AXIS2_PLACEMENT_3D('',#10399,#8439,#8440);
#6789=AXIS2_PLACEMENT_3D('',#10400,#8441,#8442);
#6790=AXIS2_PLACEMENT_3D('',#10403,#8445,#8446);
#6791=AXIS2_PLACEMENT_3D('',#10405,#8448,#8449);
#6792=AXIS2_PLACEMENT_3D('',#10407,#8451,#8452);
#6793=AXIS2_PLACEMENT_3D('',#10408,#8453,#8454);
#6794=AXIS2_PLACEMENT_3D('',#10411,#8457,#8458);
#6795=AXIS2_PLACEMENT_3D('',#10413,#8460,#8461);
#6796=AXIS2_PLACEMENT_3D('',#10415,#8463,#8464);
#6797=DIRECTION('',(0.,0.,1.));
#6798=DIRECTION('',(1.,0.,0.));
#6799=DIRECTION('',(0.,-1.,0.));
#6800=DIRECTION('',(1.,0.,0.));
#6801=DIRECTION('',(0.,0.,-1.));
#6802=DIRECTION('',(0.,-1.,0.));
#6803=DIRECTION('',(0.,0.,-1.));
#6804=DIRECTION('',(0.,0.,-1.));
#6805=DIRECTION('',(0.,-1.,0.));
#6806=DIRECTION('',(0.,0.,-1.));
#6807=DIRECTION('',(0.,0.,-1.));
#6808=DIRECTION('',(0.,-1.,0.));
#6809=DIRECTION('',(0.,0.,-1.));
#6810=DIRECTION('',(0.,0.,-1.));
#6811=DIRECTION('',(0.,-1.,0.));
#6812=DIRECTION('',(0.,0.,-1.));
#6813=DIRECTION('',(-1.0842021724855E-16,0.,-1.));
#6814=DIRECTION('',(0.,-1.,0.));
#6815=DIRECTION('',(0.,0.,-1.));
#6816=DIRECTION('',(0.,0.,-1.));
#6817=DIRECTION('',(0.,-1.,0.));
#6818=DIRECTION('',(0.,0.,-1.));
#6819=DIRECTION('',(0.,0.,-1.));
#6820=DIRECTION('',(0.,-1.,0.));
#6821=DIRECTION('',(0.,0.,-1.));
#6822=DIRECTION('',(-1.44560289664734E-16,0.,-1.));
#6823=DIRECTION('',(0.,-1.,0.));
#6824=DIRECTION('',(0.,0.,-1.));
#6825=DIRECTION('',(0.,0.,-1.));
#6826=DIRECTION('',(0.,-1.,0.));
#6827=DIRECTION('',(0.,0.,-1.));
#6828=DIRECTION('',(0.,0.,-1.));
#6829=DIRECTION('',(0.,-1.,0.));
#6830=DIRECTION('',(0.,0.,-1.));
#6831=DIRECTION('',(0.,0.,-1.));
#6832=DIRECTION('',(0.,-1.,0.));
#6833=DIRECTION('',(0.,0.,-1.));
#6834=DIRECTION('',(0.,0.,-1.));
#6835=DIRECTION('',(0.,-1.,0.));
#6836=DIRECTION('',(0.,0.,-1.));
#6837=DIRECTION('',(0.,0.,-1.));
#6838=DIRECTION('',(0.,-1.,0.));
#6839=DIRECTION('',(0.,0.,-1.));
#6840=DIRECTION('',(1.12644381556935E-16,0.,-1.));
#6841=DIRECTION('',(-1.,0.,-2.33635237996635E-16));
#6842=DIRECTION('',(-0.955229021712427,0.,-0.295867396105619));
#6843=DIRECTION('',(0.,0.,1.));
#6844=DIRECTION('',(1.,0.,1.12644381556935E-16));
#6845=DIRECTION('',(1.12644381556935E-16,0.,-1.));
#6846=DIRECTION('',(-1.,0.,-1.12644381556935E-16));
#6847=DIRECTION('',(1.12644381556935E-16,0.,-1.));
#6848=DIRECTION('',(1.,0.,1.12644381556935E-16));
#6849=DIRECTION('',(0.,0.,1.));
#6850=DIRECTION('',(-0.967996898165801,0.,0.250962158783726));
#6851=DIRECTION('',(-1.,0.,-2.33635237996635E-16));
#6852=DIRECTION('',(1.12644381556935E-16,0.,-1.));
#6853=DIRECTION('',(0.,-1.,0.));
#6854=DIRECTION('',(0.,0.,-1.));
#6855=DIRECTION('',(0.,0.,-1.));
#6856=DIRECTION('',(0.,-1.,0.));
#6857=DIRECTION('',(0.,0.,-1.));
#6858=DIRECTION('',(0.,0.,-1.));
#6859=DIRECTION('',(-1.,0.,-1.12644381556935E-16));
#6860=DIRECTION('',(1.12644381556935E-16,0.,-1.));
#6861=DIRECTION('',(-1.,0.,-2.33635237996635E-16));
#6862=DIRECTION('',(1.12644381556935E-16,0.,-1.));
#6863=DIRECTION('',(-1.,0.,-1.12644381556935E-16));
#6864=DIRECTION('',(0.,0.,-1.));
#6865=DIRECTION('',(0.,-1.,0.));
#6866=DIRECTION('',(0.,0.,-1.));
#6867=DIRECTION('',(0.,-1.,0.));
#6868=DIRECTION('',(1.,0.,0.));
#6869=DIRECTION('',(0.,0.,1.));
#6870=DIRECTION('',(-1.,0.,-2.33635237996635E-16));
#6871=DIRECTION('',(0.,0.,1.));
#6872=DIRECTION('',(-1.,0.,-1.12644381556935E-16));
#6873=DIRECTION('',(0.,-1.,0.));
#6874=DIRECTION('',(0.,0.,1.));
#6875=DIRECTION('',(0.,0.,-1.));
#6876=DIRECTION('',(0.,-1.,0.));
#6877=DIRECTION('',(0.,0.,1.));
#6878=DIRECTION('',(0.,0.,-1.));
#6879=DIRECTION('',(0.,-1.,0.));
#6880=DIRECTION('',(0.,0.,1.));
#6881=DIRECTION('',(0.,0.,-1.));
#6882=DIRECTION('',(0.,-1.,0.));
#6883=DIRECTION('',(0.,0.,1.));
#6884=DIRECTION('',(0.,0.,-1.));
#6885=DIRECTION('',(0.,-1.,0.));
#6886=DIRECTION('',(0.,0.,1.));
#6887=DIRECTION('',(0.,0.,-1.));
#6888=DIRECTION('',(0.,-1.,0.));
#6889=DIRECTION('',(0.,0.,1.));
#6890=DIRECTION('',(0.,0.,-1.));
#6891=DIRECTION('',(0.,-1.,0.));
#6892=DIRECTION('',(0.,0.,1.));
#6893=DIRECTION('',(0.,0.,-1.));
#6894=DIRECTION('',(0.,-1.,0.));
#6895=DIRECTION('',(0.,0.,1.));
#6896=DIRECTION('',(-1.44560289664734E-16,0.,-1.));
#6897=DIRECTION('',(0.,-1.,0.));
#6898=DIRECTION('',(0.,0.,1.));
#6899=DIRECTION('',(-1.0842021724855E-16,0.,-1.));
#6900=DIRECTION('',(0.,-1.,0.));
#6901=DIRECTION('',(0.,0.,1.));
#6902=DIRECTION('',(0.,0.,-1.));
#6903=DIRECTION('',(0.,-1.,0.));
#6904=DIRECTION('',(0.,0.,1.));
#6905=DIRECTION('',(0.,0.,-1.));
#6906=DIRECTION('',(0.,-1.,0.));
#6907=DIRECTION('',(0.,0.,1.));
#6908=DIRECTION('',(0.,0.,-1.));
#6909=DIRECTION('',(0.,-1.,0.));
#6910=DIRECTION('',(0.,0.,1.));
#6911=DIRECTION('',(0.,0.,-1.));
#6912=DIRECTION('',(0.,-1.,0.));
#6913=DIRECTION('',(0.,0.,1.));
#6914=DIRECTION('',(0.,0.,-1.));
#6915=DIRECTION('',(0.,-1.,0.));
#6916=DIRECTION('',(0.,0.,1.));
#6917=DIRECTION('',(0.,0.,-1.));
#6918=DIRECTION('',(0.,-1.,0.));
#6919=DIRECTION('',(0.,0.,1.));
#6920=DIRECTION('',(0.,0.,-1.));
#6921=DIRECTION('',(0.,1.,0.));
#6922=DIRECTION('',(0.,0.,1.));
#6923=DIRECTION('',(0.,0.,1.));
#6924=DIRECTION('',(0.,1.,0.));
#6925=DIRECTION('',(0.,0.,1.));
#6926=DIRECTION('',(1.12644381556935E-16,0.,-1.));
#6927=DIRECTION('',(0.967996898165801,0.,-0.250962158783726));
#6928=DIRECTION('',(1.12644381556935E-16,0.,-1.));
#6929=DIRECTION('',(1.,0.,1.12644381556935E-16));
#6930=DIRECTION('',(1.,4.62592926927149E-16,1.12644381556935E-16));
#6931=DIRECTION('',(-4.62592926927149E-16,1.,0.));
#6932=DIRECTION('',(0.,1.,0.));
#6933=DIRECTION('',(3.98962898077175E-16,-0.943287640846489,0.331976545295395));
#6934=DIRECTION('',(4.62592926927149E-16,-1.,-9.71018994010455E-17));
#6935=DIRECTION('',(1.12644381556935E-16,0.,-1.));
#6936=DIRECTION('',(1.,0.,1.12644381556935E-16));
#6937=DIRECTION('',(0.,1.,0.));
#6938=DIRECTION('',(4.62592926927149E-16,-1.,5.21084941663213E-32));
#6939=DIRECTION('',(1.,-4.62592926927149E-16,1.12644381556935E-16));
#6940=DIRECTION('',(4.62592926927149E-16,1.,0.));
#6941=DIRECTION('',(0.,1.,0.));
#6942=DIRECTION('',(1.12644381556935E-16,0.,-1.));
#6943=DIRECTION('',(4.62592926927149E-16,1.,1.43280995065931E-16));
#6944=DIRECTION('',(-4.7375348334959E-16,-0.943287640846489,0.331976545295395));
#6945=DIRECTION('',(1.,-4.62592926927149E-16,1.12644381556935E-16));
#6946=DIRECTION('',(4.62592926927149E-16,1.,0.));
#6947=DIRECTION('',(1.,-4.62592926927149E-16,1.12644381556935E-16));
#6948=DIRECTION('',(4.62592926927149E-16,1.,0.));
#6949=DIRECTION('',(1.,0.,0.));
#6950=DIRECTION('',(0.,0.,-1.));
#6951=DIRECTION('',(-1.,-4.62592926927149E-16,1.12644381556935E-16));
#6952=DIRECTION('',(-4.62592926927149E-16,1.,0.));
#6953=DIRECTION('',(1.,4.62592926927149E-16,-1.12644381556935E-16));
#6954=DIRECTION('',(-4.62592926927149E-16,1.,0.));
#6955=DIRECTION('',(1.,0.,0.));
#6956=DIRECTION('',(0.,0.,-1.));
#6957=DIRECTION('',(1.12644381556935E-16,0.,-1.));
#6958=DIRECTION('',(-1.,0.,-1.12644381556935E-16));
#6959=DIRECTION('',(1.12644381556935E-16,0.,-1.));
#6960=DIRECTION('',(-1.,0.,-1.12644381556935E-16));
#6961=DIRECTION('',(1.12644381556935E-16,0.,-1.));
#6962=DIRECTION('',(-1.,0.,-1.12644381556935E-16));
#6963=DIRECTION('',(0.,1.,0.));
#6964=DIRECTION('',(1.12644381556935E-16,0.,-1.));
#6965=DIRECTION('',(-1.,0.,-1.12644381556935E-16));
#6966=DIRECTION('',(-1.,0.,-1.12644381556935E-16));
#6967=DIRECTION('',(1.12644381556935E-16,0.,-1.));
#6968=DIRECTION('',(-1.,0.,-1.12644381556935E-16));
#6969=DIRECTION('',(0.,1.,0.));
#6970=DIRECTION('',(1.12644381556935E-16,0.,-1.));
#6971=DIRECTION('',(-1.,0.,-1.12644381556935E-16));
#6972=DIRECTION('',(0.,1.,0.));
#6973=DIRECTION('',(1.,0.,1.12644381556935E-16));
#6974=DIRECTION('',(0.,1.,0.));
#6975=DIRECTION('',(1.,-3.85494105772624E-16,1.12644381556935E-16));
#6976=DIRECTION('',(1.12644381556935E-16,0.,-1.));
#6977=DIRECTION('',(-1.,0.,-1.12644381556935E-16));
#6978=DIRECTION('',(0.,1.,0.));
#6979=DIRECTION('',(0.,1.,0.));
#6980=DIRECTION('',(1.12644381556935E-16,0.,-1.));
#6981=DIRECTION('',(-1.,0.,-1.12644381556935E-16));
#6982=DIRECTION('',(-1.,1.92747052886312E-16,-1.12644381556935E-16));
#6983=DIRECTION('',(1.12644381556935E-16,0.,-1.));
#6984=DIRECTION('',(-1.,0.,-1.12644381556935E-16));
#6985=DIRECTION('',(0.,-1.,0.));
#6986=DIRECTION('',(1.,0.,0.));
#6987=DIRECTION('',(0.,0.,1.));
#6988=DIRECTION('',(1.,0.,0.));
#6989=DIRECTION('',(0.,0.,-1.));
#6990=DIRECTION('',(-1.,0.,0.));
#6991=DIRECTION('',(0.,-1.,0.));
#6992=DIRECTION('',(0.,0.,-1.));
#6993=DIRECTION('',(-1.,0.,0.));
#6994=DIRECTION('',(0.,-1.,0.));
#6995=DIRECTION('',(0.,0.,-1.));
#6996=DIRECTION('',(-1.,0.,0.));
#6997=DIRECTION('',(0.,0.,-1.));
#6998=DIRECTION('',(-1.,0.,0.));
#6999=DIRECTION('',(0.,0.,1.));
#7000=DIRECTION('',(-1.,0.,-2.11551643411806E-16));
#7001=DIRECTION('',(0.707106781186548,0.,-0.707106781186548));
#7002=DIRECTION('',(0.,-1.,0.));
#7003=DIRECTION('',(0.,0.,-1.));
#7004=DIRECTION('',(0.,0.,1.));
#7005=DIRECTION('',(0.,-1.,0.));
#7006=DIRECTION('',(0.,0.,-1.));
#7007=DIRECTION('',(-1.,0.,-1.28307949406569E-16));
#7008=DIRECTION('',(0.,-1.,0.));
#7009=DIRECTION('',(0.,0.,-1.));
#7010=DIRECTION('',(0.,0.,1.));
#7011=DIRECTION('',(0.,-1.,0.));
#7012=DIRECTION('',(0.,0.,-1.));
#7013=DIRECTION('',(-1.,0.,-1.71956459160883E-16));
#7014=DIRECTION('',(0.,-1.,0.));
#7015=DIRECTION('',(0.,0.,-1.));
#7016=DIRECTION('',(0.,-1.,0.));
#7017=DIRECTION('',(0.,0.,-1.));
#7018=DIRECTION('',(-2.32848788721719E-16,0.,1.));
#7019=DIRECTION('',(0.,-1.,0.));
#7020=DIRECTION('',(0.,0.,-1.));
#7021=DIRECTION('',(-1.,0.,-1.25704599708464E-16));
#7022=DIRECTION('',(0.,-1.,0.));
#7023=DIRECTION('',(0.,0.,-1.));
#7024=DIRECTION('',(-1.74636591541289E-16,0.,1.));
#7025=DIRECTION('',(0.,-1.,0.));
#7026=DIRECTION('',(0.,0.,-1.));
#7027=DIRECTION('',(-1.,0.,-1.25704599708464E-16));
#7028=DIRECTION('',(0.,-1.,0.));
#7029=DIRECTION('',(0.,0.,-1.));
#7030=DIRECTION('',(-1.89189640836397E-16,0.,1.));
#7031=DIRECTION('',(0.,-1.,0.));
#7032=DIRECTION('',(0.,0.,-1.));
#7033=DIRECTION('',(-1.,0.,-1.88556899562696E-16));
#7034=DIRECTION('',(0.,-1.,0.));
#7035=DIRECTION('',(0.,0.,-1.));
#7036=DIRECTION('',(-2.32848788721719E-16,0.,1.));
#7037=DIRECTION('',(0.,-1.,0.));
#7038=DIRECTION('',(0.,0.,-1.));
#7039=DIRECTION('',(-1.,0.,-1.25704599708464E-16));
#7040=DIRECTION('',(0.,-1.,0.));
#7041=DIRECTION('',(0.,0.,-1.));
#7042=DIRECTION('',(0.,0.,1.));
#7043=DIRECTION('',(1.,0.,8.99280255480947E-17));
#7044=DIRECTION('',(0.,0.,1.));
#7045=DIRECTION('',(0.,0.,1.));
#7046=DIRECTION('',(0.,-1.,0.));
#7047=DIRECTION('',(0.,0.,-1.));
#7048=DIRECTION('',(0.,-1.,0.));
#7049=DIRECTION('',(0.,0.,-1.));
#7050=DIRECTION('',(1.,0.,2.31296463463574E-16));
#7051=DIRECTION('',(0.,1.,0.));
#7052=DIRECTION('',(0.,0.,-1.));
#7053=DIRECTION('',(-1.,0.,-4.33680868994202E-16));
#7054=DIRECTION('',(0.,-1.,0.));
#7055=DIRECTION('',(0.,0.,-1.));
#7056=DIRECTION('',(-2.42618667968784E-16,0.,1.));
#7057=DIRECTION('',(0.,-1.,0.));
#7058=DIRECTION('',(0.,0.,-1.));
#7059=DIRECTION('',(-1.,0.,-4.33680868994202E-16));
#7060=DIRECTION('',(0.,-1.,0.));
#7061=DIRECTION('',(0.,0.,-1.));
#7062=DIRECTION('',(0.,0.,1.));
#7063=DIRECTION('',(-1.,0.,-2.11551643411806E-16));
#7064=DIRECTION('',(0.,0.,1.));
#7065=DIRECTION('',(1.,0.,0.));
#7066=DIRECTION('',(0.,0.,-1.));
#7067=DIRECTION('',(-1.,0.,0.));
#7068=DIRECTION('',(0.,-1.,0.));
#7069=DIRECTION('',(0.,0.,-1.));
#7070=DIRECTION('',(-1.,0.,0.));
#7071=DIRECTION('',(0.,-1.,0.));
#7072=DIRECTION('',(0.,0.,-1.));
#7073=DIRECTION('',(-1.,0.,0.));
#7074=DIRECTION('',(0.,0.,-1.));
#7075=DIRECTION('',(-1.,0.,0.));
#7076=DIRECTION('',(0.,-1.,0.));
#7077=DIRECTION('',(1.,0.,0.));
#7078=DIRECTION('',(-1.,0.,0.));
#7079=DIRECTION('',(0.,0.,-1.));
#7080=DIRECTION('',(-1.,0.,0.));
#7081=DIRECTION('',(0.,-1.,0.));
#7082=DIRECTION('',(0.,0.,-1.));
#7083=DIRECTION('',(1.,0.,0.));
#7084=DIRECTION('',(0.,-1.,0.));
#7085=DIRECTION('',(0.,0.,-1.));
#7086=DIRECTION('',(-1.,0.,0.));
#7087=DIRECTION('',(0.,0.,-1.));
#7088=DIRECTION('',(-1.,0.,0.));
#7089=DIRECTION('',(0.,0.,1.));
#7090=DIRECTION('',(-1.,0.,-2.11551643411806E-16));
#7091=DIRECTION('',(0.,0.,1.));
#7092=DIRECTION('',(0.,-1.,0.));
#7093=DIRECTION('',(0.,0.,-1.));
#7094=DIRECTION('',(0.,-1.,0.));
#7095=DIRECTION('',(0.,0.,-1.));
#7096=DIRECTION('',(0.,0.,-1.));
#7097=DIRECTION('',(0.,-1.,0.));
#7098=DIRECTION('',(0.,0.,-1.));
#7099=DIRECTION('',(1.,0.,4.33680868994202E-16));
#7100=DIRECTION('',(0.,-1.,0.));
#7101=DIRECTION('',(0.,0.,-1.));
#7102=DIRECTION('',(2.42618667968784E-16,0.,-1.));
#7103=DIRECTION('',(0.,-1.,0.));
#7104=DIRECTION('',(0.,0.,-1.));
#7105=DIRECTION('',(1.,0.,4.33680868994202E-16));
#7106=DIRECTION('',(0.,-1.,0.));
#7107=DIRECTION('',(0.,0.,-1.));
#7108=DIRECTION('',(-1.,0.,-2.31296463463574E-16));
#7109=DIRECTION('',(1.74636591541289E-16,0.,-1.));
#7110=DIRECTION('',(0.,-1.,0.));
#7111=DIRECTION('',(0.,0.,-1.));
#7112=DIRECTION('',(1.,0.,1.25704599708464E-16));
#7113=DIRECTION('',(0.,-1.,0.));
#7114=DIRECTION('',(0.,0.,-1.));
#7115=DIRECTION('',(2.32848788721719E-16,0.,-1.));
#7116=DIRECTION('',(0.,-1.,0.));
#7117=DIRECTION('',(0.,0.,-1.));
#7118=DIRECTION('',(1.,0.,1.25704599708464E-16));
#7119=DIRECTION('',(0.,-1.,0.));
#7120=DIRECTION('',(0.,0.,-1.));
#7121=DIRECTION('',(2.32848788721719E-16,0.,-1.));
#7122=DIRECTION('',(0.,-1.,0.));
#7123=DIRECTION('',(0.,0.,-1.));
#7124=DIRECTION('',(1.,0.,1.88556899562696E-16));
#7125=DIRECTION('',(0.,-1.,0.));
#7126=DIRECTION('',(0.,0.,-1.));
#7127=DIRECTION('',(1.89189640836397E-16,0.,-1.));
#7128=DIRECTION('',(0.,-1.,0.));
#7129=DIRECTION('',(0.,0.,-1.));
#7130=DIRECTION('',(1.,0.,1.25704599708464E-16));
#7131=DIRECTION('',(0.,-1.,0.));
#7132=DIRECTION('',(0.,0.,-1.));
#7133=DIRECTION('',(0.,0.,1.));
#7134=DIRECTION('',(-1.,0.,-1.12644381556935E-16));
#7135=DIRECTION('',(0.,0.,1.));
#7136=DIRECTION('',(1.,0.,8.99280255480947E-17));
#7137=DIRECTION('',(0.,-1.,0.));
#7138=DIRECTION('',(0.,0.,-1.));
#7139=DIRECTION('',(1.,0.,1.28307949406569E-16));
#7140=DIRECTION('',(0.,-1.,0.));
#7141=DIRECTION('',(0.,0.,-1.));
#7142=DIRECTION('',(0.,0.,-1.));
#7143=DIRECTION('',(0.,-1.,0.));
#7144=DIRECTION('',(0.,0.,-1.));
#7145=DIRECTION('',(-0.707106781186548,0.,0.707106781186548));
#7146=DIRECTION('',(0.,-1.,0.));
#7147=DIRECTION('',(0.,0.,-1.));
#7148=DIRECTION('',(1.,0.,1.71956459160883E-16));
#7149=DIRECTION('',(0.,-1.,0.));
#7150=DIRECTION('',(0.,0.,-1.));
#7151=DIRECTION('',(0.,0.,-1.));
#7152=DIRECTION('',(0.,-1.,0.));
#7153=DIRECTION('',(0.,0.,-1.));
#7154=DIRECTION('',(0.,0.,-1.));
#7155=DIRECTION('',(-1.,0.,0.));
#7156=DIRECTION('',(0.,0.,1.));
#7157=DIRECTION('',(-1.,0.,-2.11551643411806E-16));
#7158=DIRECTION('',(0.,0.,1.));
#7159=DIRECTION('',(-1.,0.,0.));
#7160=DIRECTION('',(0.,0.,-1.));
#7161=DIRECTION('',(-1.,0.,0.));
#7162=DIRECTION('',(0.,-1.,0.));
#7163=DIRECTION('',(0.,0.,-1.));
#7164=DIRECTION('',(1.,0.,0.));
#7165=DIRECTION('',(0.,-1.,0.));
#7166=DIRECTION('',(0.,0.,-1.));
#7167=DIRECTION('',(-1.,0.,0.));
#7168=DIRECTION('',(-1.,0.,0.));
#7169=DIRECTION('',(0.,0.,1.));
#7170=DIRECTION('',(-1.,0.,0.));
#7171=DIRECTION('',(0.,0.,1.));
#7172=DIRECTION('',(0.,1.,-1.25401697058564E-16));
#7173=DIRECTION('',(-1.,0.,0.));
#7174=DIRECTION('',(0.,0.,1.));
#7175=DIRECTION('',(0.,-1.,1.0450141421547E-16));
#7176=DIRECTION('',(-1.,0.,0.));
#7177=DIRECTION('',(0.,0.,1.));
#7178=DIRECTION('',(0.,0.,1.));
#7179=DIRECTION('',(0.,-1.,0.));
#7180=DIRECTION('',(0.,0.,1.));
#7181=DIRECTION('',(0.,1.,0.));
#7182=DIRECTION('',(0.,0.,1.));
#7183=DIRECTION('',(0.,1.,0.));
#7184=DIRECTION('',(0.,0.,1.));
#7185=DIRECTION('',(-1.,0.,0.));
#7186=DIRECTION('',(0.,0.,1.));
#7187=DIRECTION('',(-1.,0.,0.));
#7188=DIRECTION('',(0.,0.,1.));
#7189=DIRECTION('',(0.,0.,1.));
#7190=DIRECTION('',(0.,1.,-2.28296001726596E-17));
#7191=DIRECTION('',(0.,0.,1.));
#7192=DIRECTION('',(0.,0.,1.));
#7193=DIRECTION('',(0.,1.,0.));
#7194=DIRECTION('',(0.,0.,1.));
#7195=DIRECTION('',(0.,1.,0.));
#7196=DIRECTION('',(-1.,0.,0.));
#7197=DIRECTION('',(0.,0.,1.));
#7198=DIRECTION('',(0.,1.,0.));
#7199=DIRECTION('',(1.12644381556935E-16,0.,-1.));
#7200=DIRECTION('',(0.,1.,0.));
#7201=DIRECTION('',(1.12644381556935E-16,0.,-1.));
#7202=DIRECTION('',(0.,1.,0.));
#7203=DIRECTION('',(1.12644381556935E-16,0.,-1.));
#7204=DIRECTION('',(0.,1.,0.));
#7205=DIRECTION('',(1.12644381556935E-16,0.,-1.));
#7206=DIRECTION('',(-1.,0.,0.));
#7207=DIRECTION('',(0.,0.,1.));
#7208=DIRECTION('',(0.,-1.,0.));
#7209=DIRECTION('',(0.,4.34237451386011E-32,-1.));
#7210=DIRECTION('',(0.,0.707106781186545,0.707106781186551));
#7211=DIRECTION('',(0.,-0.987013193782518,-0.160639208474253));
#7212=DIRECTION('',(0.,1.,-2.28296001726596E-17));
#7213=DIRECTION('',(0.250962158783726,2.20989821534999E-17,0.967996898165801));
#7214=DIRECTION('',(0.967996898165801,0.,-0.250962158783726));
#7215=DIRECTION('',(-0.741528644796319,-0.64278760968654,0.192248167169416));
#7216=DIRECTION('',(-5.54600826816537E-18,1.,-2.13917461772093E-17));
#7217=DIRECTION('',(-0.741528644796319,-0.64278760968654,0.192248167169416));
#7218=DIRECTION('',(5.54600826816537E-18,-1.,2.13917461772093E-17));
#7219=DIRECTION('',(-0.526699181826311,0.839012289272209,0.136551639732747));
#7220=DIRECTION('',(-0.74152864479633,-0.642787609686526,0.192248167169419));
#7221=DIRECTION('',(5.54600826816537E-18,-1.,2.13917461772093E-17));
#7222=DIRECTION('',(-0.74152864479632,-0.642787609686539,0.192248167169416));
#7223=DIRECTION('',(-0.526699181826312,0.839012289272208,0.136551639732747));
#7224=DIRECTION('',(-0.741528644796319,-0.64278760968654,0.192248167169416));
#7225=DIRECTION('',(5.54600826816537E-18,-1.,2.13917461772093E-17));
#7226=DIRECTION('',(-0.741528644796319,-0.642787609686539,0.192248167169416));
#7227=DIRECTION('',(-0.526699181826311,0.839012289272209,0.136551639732747));
#7228=DIRECTION('',(-0.741528644796319,-0.64278760968654,0.192248167169416));
#7229=DIRECTION('',(5.54600826816537E-18,-1.,2.13917461772093E-17));
#7230=DIRECTION('',(-0.741528644796319,-0.642787609686539,0.192248167169416));
#7231=DIRECTION('',(-0.526699181826311,0.839012289272209,0.136551639732747));
#7232=DIRECTION('',(-0.741528644796319,-0.642787609686539,0.192248167169416));
#7233=DIRECTION('',(-7.87374716700392E-17,-1.,4.32430187537808E-17));
#7234=DIRECTION('',(-0.741528644796319,-0.64278760968654,0.192248167169416));
#7235=DIRECTION('',(0.78813656172178,0.580593933801711,-0.204331701187128));
#7236=DIRECTION('',(4.62592926927149E-16,-1.,-9.71018994010455E-17));
#7237=DIRECTION('',(0.78813656172178,0.580593933801711,-0.204331701187128));
#7238=DIRECTION('',(-0.526699181826312,0.839012289272208,0.136551639732747));
#7239=DIRECTION('',(0.967996898165801,2.30818823906659E-16,-0.250962158783726));
#7240=DIRECTION('',(-8.80570292374014E-17,1.,-1.3127930608361E-32));
#7241=DIRECTION('',(-0.967996898165801,-1.54074395550979E-33,0.250962158783726));
#7242=DIRECTION('',(-6.55732853505745E-16,1.,1.471752136992E-16));
#7243=DIRECTION('',(-0.741528644796319,-0.64278760968654,0.192248167169416));
#7244=DIRECTION('',(-0.741528644796319,-0.64278760968654,0.192248167169416));
#7245=DIRECTION('',(-5.54600826816537E-18,1.,-2.13917461772093E-17));
#7246=DIRECTION('',(-0.741528644796319,-0.64278760968654,0.192248167169416));
#7247=DIRECTION('',(-0.967996898165801,-8.47409175530384E-33,0.250962158783726));
#7248=DIRECTION('',(-0.526699181826311,0.839012289272209,0.136551639732747));
#7249=DIRECTION('',(-0.741528644796319,-0.64278760968654,0.192248167169416));
#7250=DIRECTION('',(5.54600826816537E-18,-1.,2.13917461772093E-17));
#7251=DIRECTION('',(-0.741528644796319,-0.64278760968654,0.192248167169416));
#7252=DIRECTION('',(-0.741528644796319,-0.64278760968654,0.192248167169416));
#7253=DIRECTION('',(-5.54600826816537E-18,1.,-2.13917461772093E-17));
#7254=DIRECTION('',(-0.741528644796319,-0.64278760968654,0.192248167169416));
#7255=DIRECTION('',(5.54600826816537E-18,-1.,2.13917461772093E-17));
#7256=DIRECTION('',(0.250962158783726,2.20989821534999E-17,0.967996898165801));
#7257=DIRECTION('',(0.967996898165801,0.,-0.250962158783726));
#7258=DIRECTION('',(-0.526699181826312,0.839012289272208,0.136551639732747));
#7259=DIRECTION('',(0.250962158783726,2.20989821534999E-17,0.967996898165801));
#7260=DIRECTION('',(0.967996898165801,8.52389311634998E-17,-0.250962158783726));
#7261=DIRECTION('',(1.54370883617032E-33,1.,-2.28296001726596E-17));
#7262=DIRECTION('',(0.250962158783726,2.20989821534999E-17,0.967996898165801));
#7263=DIRECTION('',(-0.967996898165801,-8.52389311634998E-17,0.250962158783726));
#7264=DIRECTION('',(0.78813656172178,0.580593933801711,-0.204331701187128));
#7265=DIRECTION('',(8.80570292374014E-17,-1.,1.13361481145006E-32));
#7266=DIRECTION('',(0.741528644796319,0.64278760968654,-0.192248167169416));
#7267=DIRECTION('',(0.526699181826311,-0.839012289272209,-0.136551639732747));
#7268=DIRECTION('',(0.741528644796319,0.64278760968654,-0.192248167169416));
#7269=DIRECTION('',(-5.54600826816537E-18,1.,-2.13917461772093E-17));
#7270=DIRECTION('',(5.54600826816537E-18,-1.,2.13917461772093E-17));
#7271=DIRECTION('',(0.741528644796319,0.64278760968654,-0.192248167169416));
#7272=DIRECTION('',(0.967996898165801,8.58717958265861E-33,-0.250962158783726));
#7273=DIRECTION('',(0.741528644796319,0.642787609686539,-0.192248167169416));
#7274=DIRECTION('',(0.74152864479633,0.642787609686526,-0.192248167169419));
#7275=DIRECTION('',(0.526699181826311,-0.839012289272209,-0.136551639732747));
#7276=DIRECTION('',(0.74152864479632,0.642787609686539,-0.192248167169416));
#7277=DIRECTION('',(-5.54600826816537E-18,1.,-2.13917461772093E-17));
#7278=DIRECTION('',(0.741528644796319,0.64278760968654,-0.192248167169416));
#7279=DIRECTION('',(0.526699181826312,-0.839012289272208,-0.136551639732747));
#7280=DIRECTION('',(0.741528644796319,0.642787609686539,-0.192248167169416));
#7281=DIRECTION('',(-5.54600826816537E-18,1.,-2.13917461772093E-17));
#7282=DIRECTION('',(0.741528644796319,0.64278760968654,-0.192248167169416));
#7283=DIRECTION('',(0.526699181826311,-0.839012289272209,-0.136551639732747));
#7284=DIRECTION('',(0.741528644796319,0.642787609686539,-0.192248167169416));
#7285=DIRECTION('',(-5.54600826816537E-18,1.,-2.13917461772093E-17));
#7286=DIRECTION('',(0.741528644796319,0.642787609686539,-0.192248167169416));
#7287=DIRECTION('',(0.526699181826311,-0.839012289272209,-0.136551639732747));
#7288=DIRECTION('',(0.741528644796319,0.64278760968654,-0.192248167169416));
#7289=DIRECTION('',(7.87374716700392E-17,1.,-4.32430187537808E-17));
#7290=DIRECTION('',(6.55732853505745E-16,-1.,-1.471752136992E-16));
#7291=DIRECTION('',(0.967996898165801,6.13369970189901E-34,-0.250962158783726));
#7292=DIRECTION('',(0.741528644796319,0.64278760968654,-0.192248167169416));
#7293=DIRECTION('',(5.54600826816537E-18,-1.,2.13917461772093E-17));
#7294=DIRECTION('',(0.741528644796319,0.64278760968654,-0.192248167169416));
#7295=DIRECTION('',(-5.54600826816537E-18,1.,-2.13917461772093E-17));
#7296=DIRECTION('',(0.741528644796319,0.64278760968654,-0.192248167169416));
#7297=DIRECTION('',(5.54600826816537E-18,-1.,2.13917461772093E-17));
#7298=DIRECTION('',(0.741528644796319,0.64278760968654,-0.192248167169416));
#7299=DIRECTION('',(-5.54600826816537E-18,1.,-2.13917461772093E-17));
#7300=DIRECTION('',(0.741528644796319,0.64278760968654,-0.192248167169416));
#7301=DIRECTION('',(0.295867396105619,0.,-0.955229021712427));
#7302=DIRECTION('',(-0.955229021712427,0.,-0.295867396105619));
#7303=DIRECTION('',(0.,1.,0.));
#7304=DIRECTION('',(-0.731747883988783,0.642787609686539,-0.226647574686791));
#7305=DIRECTION('',(0.,1.,0.));
#7306=DIRECTION('',(-0.731747883988783,0.642787609686539,-0.226647574686791));
#7307=DIRECTION('',(0.,1.,0.));
#7308=DIRECTION('',(-0.731747883988782,0.64278760968654,-0.226647574686791));
#7309=DIRECTION('',(-0.460398765582021,-0.876183668481535,-0.142601387569653));
#7310=DIRECTION('',(-0.731747883988783,0.642787609686539,-0.226647574686791));
#7311=DIRECTION('',(0.,1.,0.));
#7312=DIRECTION('',(-0.46039876558202,-0.876183668481536,-0.142601387569652));
#7313=DIRECTION('',(-0.731747883988784,0.642787609686538,-0.226647574686792));
#7314=DIRECTION('',(0.731176394371323,-0.643499932922372,0.226470564628286));
#7315=DIRECTION('',(0.955229021712427,0.,0.295867396105619));
#7316=DIRECTION('',(4.62592926927149E-16,1.,1.43280995065931E-16));
#7317=DIRECTION('',(0.731176394371323,-0.643499932922372,0.226470564628286));
#7318=DIRECTION('',(0.,1.,0.));
#7319=DIRECTION('',(-0.955229021712427,-2.27774324247272E-16,-0.295867396105619));
#7320=DIRECTION('',(-0.460398765582021,-0.876183668481536,-0.142601387569652));
#7321=DIRECTION('',(0.,-1.,0.));
#7322=DIRECTION('',(-0.731747883988783,0.642787609686539,-0.226647574686791));
#7323=DIRECTION('',(0.,1.,0.));
#7324=DIRECTION('',(-0.955229021712427,0.,-0.295867396105619));
#7325=DIRECTION('',(0.,1.,0.));
#7326=DIRECTION('',(-0.731747883988783,0.642787609686539,-0.226647574686792));
#7327=DIRECTION('',(-0.460398765582021,-0.876183668481535,-0.142601387569653));
#7328=DIRECTION('',(-0.731747883988783,0.642787609686539,-0.226647574686791));
#7329=DIRECTION('',(0.,1.,0.));
#7330=DIRECTION('',(-0.731747883988783,0.642787609686539,-0.226647574686791));
#7331=DIRECTION('',(0.,1.,0.));
#7332=DIRECTION('',(-0.731747883988783,0.642787609686539,-0.226647574686791));
#7333=DIRECTION('',(0.,1.,0.));
#7334=DIRECTION('',(-0.731747883988783,0.642787609686539,-0.226647574686791));
#7335=DIRECTION('',(-0.955229021712427,0.,-0.295867396105619));
#7336=DIRECTION('',(0.,1.,0.));
#7337=DIRECTION('',(-0.731747883988783,0.642787609686539,-0.226647574686791));
#7338=DIRECTION('',(0.,1.,0.));
#7339=DIRECTION('',(-0.731747883988783,0.642787609686539,-0.226647574686791));
#7340=DIRECTION('',(-0.460398765582021,-0.876183668481535,-0.142601387569653));
#7341=DIRECTION('',(-0.731747883988783,0.642787609686539,-0.226647574686791));
#7342=DIRECTION('',(0.295867396105619,0.,-0.955229021712427));
#7343=DIRECTION('',(-0.955229021712427,0.,-0.295867396105619));
#7344=DIRECTION('',(-0.731176394371323,0.643499932922372,-0.226470564628286));
#7345=DIRECTION('',(0.295867396105619,0.,-0.955229021712427));
#7346=DIRECTION('',(-0.955229021712427,0.,-0.295867396105619));
#7347=DIRECTION('',(0.,1.,0.));
#7348=DIRECTION('',(0.295867396105619,0.,-0.955229021712427));
#7349=DIRECTION('',(0.955229021712427,0.,0.295867396105619));
#7350=DIRECTION('',(0.460398765582021,0.876183668481536,0.142601387569652));
#7351=DIRECTION('',(0.,-1.,0.));
#7352=DIRECTION('',(-0.731747883988783,0.642787609686539,-0.226647574686791));
#7353=DIRECTION('',(0.,1.,0.));
#7354=DIRECTION('',(-0.731747883988783,0.642787609686539,-0.226647574686791));
#7355=DIRECTION('',(0.,1.,0.));
#7356=DIRECTION('',(-0.955229021712427,0.,-0.295867396105619));
#7357=DIRECTION('',(0.,1.,0.));
#7358=DIRECTION('',(-0.731747883988783,0.642787609686539,-0.226647574686791));
#7359=DIRECTION('',(-0.955229021712427,0.,-0.295867396105619));
#7360=DIRECTION('',(-0.46039876558202,-0.876183668481536,-0.142601387569652));
#7361=DIRECTION('',(0.,1.,0.));
#7362=DIRECTION('',(-0.731747883988784,0.642787609686538,-0.226647574686792));
#7363=DIRECTION('',(-0.731747883988783,0.642787609686539,-0.226647574686792));
#7364=DIRECTION('',(0.,1.,0.));
#7365=DIRECTION('',(-0.731747883988783,0.642787609686539,-0.226647574686791));
#7366=DIRECTION('',(-0.460398765582021,-0.876183668481535,-0.142601387569653));
#7367=DIRECTION('',(-0.731747883988782,0.64278760968654,-0.226647574686791));
#7368=DIRECTION('',(0.,1.,0.));
#7369=DIRECTION('',(-0.731747883988782,0.642787609686539,-0.226647574686791));
#7370=DIRECTION('',(-0.460398765582021,-0.876183668481535,-0.142601387569653));
#7371=DIRECTION('',(-0.731747883988783,0.642787609686539,-0.226647574686791));
#7372=DIRECTION('',(0.,1.,0.));
#7373=DIRECTION('',(-0.731747883988783,0.642787609686539,-0.226647574686791));
#7374=DIRECTION('',(0.,1.,0.));
#7375=DIRECTION('',(-0.731747883988783,0.642787609686539,-0.226647574686791));
#7376=DIRECTION('',(0.,1.,0.));
#7377=DIRECTION('',(-0.731747883988783,0.642787609686539,-0.226647574686791));
#7378=DIRECTION('',(0.,1.,0.));
#7379=DIRECTION('',(-0.731747883988782,0.642787609686539,-0.226647574686791));
#7380=DIRECTION('',(0.,1.,0.));
#7381=DIRECTION('',(-0.731747883988783,0.642787609686539,-0.226647574686791));
#7382=DIRECTION('',(-0.460398765582021,-0.876183668481535,-0.142601387569653));
#7383=DIRECTION('',(-2.20385232468454E-16,0.331976545295395,0.943287640846489));
#7384=DIRECTION('',(0.,-0.943287640846489,0.331976545295395));
#7385=DIRECTION('',(-4.7375348334959E-16,-0.943287640846489,0.331976545295395));
#7386=DIRECTION('',(3.98962898077175E-16,-0.943287640846489,0.331976545295395));
#7387=DIRECTION('',(-4.03256300707754E-17,0.943287640846489,-0.331976545295395));
#7388=DIRECTION('',(-1.,-2.98062452916977E-16,-1.28736436065069E-16));
#7389=DIRECTION('',(-4.27374772985232E-17,-0.943287640846489,0.331976545295395));
#7390=DIRECTION('',(-2.20385232468454E-16,0.331976545295395,0.943287640846489));
#7391=DIRECTION('',(0.,-0.943287640846489,0.331976545295395));
#7392=DIRECTION('',(-2.20385232468454E-16,0.331976545295395,0.943287640846489));
#7393=DIRECTION('',(0.,-0.943287640846489,0.331976545295395));
#7394=DIRECTION('',(8.87601477067807E-17,0.160639208474253,-0.987013193782518));
#7395=DIRECTION('',(0.,0.987013193782518,0.160639208474253));
#7396=DIRECTION('',(-1.,-2.38449962333582E-16,-1.28736436065069E-16));
#7397=DIRECTION('',(0.,-0.987013193782518,-0.160639208474253));
#7398=DIRECTION('',(8.87601477067807E-17,0.160639208474253,-0.987013193782518));
#7399=DIRECTION('',(0.,0.987013193782518,0.160639208474253));
#7400=DIRECTION('',(-1.,0.,-8.99280255480947E-17));
#7401=DIRECTION('',(8.87601477067807E-17,0.160639208474253,-0.987013193782518));
#7402=DIRECTION('',(-5.45367707552663E-16,-0.987013193782518,-0.160639208474253));
#7403=DIRECTION('',(0.526699181826312,-0.839012289272208,-0.136551639732747));
#7404=DIRECTION('',(1.,2.38449962333582E-16,1.28736436065069E-16));
#7405=DIRECTION('',(0.460398765582021,0.876183668481536,0.142601387569652));
#7406=DIRECTION('',(8.87601477067807E-17,0.160639208474253,-0.987013193782518));
#7407=DIRECTION('',(5.45367707552663E-16,0.987013193782518,0.160639208474253));
#7408=DIRECTION('',(-2.20385232468454E-16,0.331976545295395,0.943287640846489));
#7409=DIRECTION('',(0.,-0.943287640846489,0.331976545295395));
#7410=DIRECTION('',(-1.,1.30249854406261E-32,-2.33635237996634E-16));
#7411=DIRECTION('',(-2.20385232468454E-16,0.331976545295395,0.943287640846489));
#7412=DIRECTION('',(-6.26208896256792E-16,0.943287640846489,-0.331976545295395));
#7413=DIRECTION('',(0.731176394371323,-0.643499932922372,0.226470564628286));
#7414=DIRECTION('',(1.,2.98062452916977E-16,1.28736436065069E-16));
#7415=DIRECTION('',(0.78813656172178,0.580593933801711,-0.204331701187128));
#7416=DIRECTION('',(-2.20385232468454E-16,0.331976545295395,0.943287640846489));
#7417=DIRECTION('',(6.26208896256792E-16,-0.943287640846489,0.331976545295395));
#7418=DIRECTION('',(-1.,0.,0.));
#7419=DIRECTION('',(0.,0.,1.));
#7420=DIRECTION('',(-1.,0.,0.));
#7421=DIRECTION('',(0.,0.,1.));
#7422=DIRECTION('',(0.,1.,-1.25401697058564E-16));
#7423=DIRECTION('',(-1.,0.,0.));
#7424=DIRECTION('',(0.,0.,1.));
#7425=DIRECTION('',(0.,1.,-1.0450141421547E-16));
#7426=DIRECTION('',(-1.12644381556935E-16,0.,-1.));
#7427=DIRECTION('',(0.,1.,0.));
#7428=DIRECTION('',(-1.12644381556935E-16,0.,-1.));
#7429=DIRECTION('',(0.,1.,0.));
#7430=DIRECTION('',(-1.12644381556935E-16,0.,-1.));
#7431=DIRECTION('',(0.,1.,0.));
#7432=DIRECTION('',(-1.12644381556935E-16,0.,-1.));
#7433=DIRECTION('',(0.,1.,0.));
#7434=DIRECTION('',(-1.,0.,0.));
#7435=DIRECTION('',(0.,0.,1.));
#7436=DIRECTION('',(0.,-2.17118725693006E-32,1.));
#7437=DIRECTION('',(0.,-1.,0.));
#7438=DIRECTION('',(0.,-0.707106781186545,-0.707106781186551));
#7439=DIRECTION('',(1.,0.,2.32848788721719E-16));
#7440=DIRECTION('',(2.32848788721719E-16,0.,-1.));
#7441=DIRECTION('',(0.,-1.,0.));
#7442=DIRECTION('',(0.,-1.,0.));
#7443=DIRECTION('',(-1.25704599708464E-16,0.,1.));
#7444=DIRECTION('',(1.,0.,1.25704599708464E-16));
#7445=DIRECTION('',(0.,-1.,0.));
#7446=DIRECTION('',(0.,-1.,0.));
#7447=DIRECTION('',(-1.88556899562696E-16,0.,1.));
#7448=DIRECTION('',(1.,0.,1.88556899562696E-16));
#7449=DIRECTION('',(0.,-1.,0.));
#7450=DIRECTION('',(0.,-1.,0.));
#7451=DIRECTION('',(1.,0.,1.89189640836397E-16));
#7452=DIRECTION('',(1.89189640836397E-16,0.,-1.));
#7453=DIRECTION('',(0.,-1.,0.));
#7454=DIRECTION('',(0.,-1.,0.));
#7455=DIRECTION('',(1.,0.,1.74636591541289E-16));
#7456=DIRECTION('',(1.74636591541289E-16,0.,-1.));
#7457=DIRECTION('',(0.,-1.,0.));
#7458=DIRECTION('',(0.,-1.,0.));
#7459=DIRECTION('',(-1.25704599708464E-16,0.,1.));
#7460=DIRECTION('',(1.,0.,1.25704599708464E-16));
#7461=DIRECTION('',(0.,-1.,0.));
#7462=DIRECTION('',(0.,-1.,0.));
#7463=DIRECTION('',(-1.25704599708464E-16,0.,1.));
#7464=DIRECTION('',(1.,0.,1.25704599708464E-16));
#7465=DIRECTION('',(0.,-1.,0.));
#7466=DIRECTION('',(0.,-1.,0.));
#7467=DIRECTION('',(1.,0.,2.32848788721719E-16));
#7468=DIRECTION('',(2.32848788721719E-16,0.,-1.));
#7469=DIRECTION('',(0.,-1.,0.));
#7470=DIRECTION('',(0.,-1.,0.));
#7471=DIRECTION('',(1.,0.,2.42618667968784E-16));
#7472=DIRECTION('',(2.42618667968784E-16,0.,-1.));
#7473=DIRECTION('',(0.,-1.,0.));
#7474=DIRECTION('',(0.,-1.,0.));
#7475=DIRECTION('',(-4.33680868994202E-16,0.,1.));
#7476=DIRECTION('',(1.,0.,4.33680868994202E-16));
#7477=DIRECTION('',(0.,-1.,0.));
#7478=DIRECTION('',(0.,-1.,0.));
#7479=DIRECTION('',(-4.33680868994202E-16,0.,1.));
#7480=DIRECTION('',(1.,0.,4.33680868994202E-16));
#7481=DIRECTION('',(0.,-1.,0.));
#7482=DIRECTION('',(0.,-1.,0.));
#7483=DIRECTION('',(1.,0.,0.));
#7484=DIRECTION('',(0.,0.,-1.));
#7485=DIRECTION('',(0.,1.,0.));
#7486=DIRECTION('',(0.,-1.,0.));
#7487=DIRECTION('',(0.,-1.,0.));
#7488=DIRECTION('',(0.,0.,-1.));
#7489=DIRECTION('',(0.,-1.,0.));
#7490=DIRECTION('',(0.,-1.,0.));
#7491=DIRECTION('',(2.31296463463574E-16,0.,-1.));
#7492=DIRECTION('',(-1.,0.,-2.31296463463574E-16));
#7493=DIRECTION('',(0.,-1.,0.));
#7494=DIRECTION('',(0.,-1.,0.));
#7495=DIRECTION('',(0.,0.,-1.));
#7496=DIRECTION('',(0.,-1.,0.));
#7497=DIRECTION('',(0.,0.,-1.));
#7498=DIRECTION('',(-0.707106781186548,0.,-0.707106781186548));
#7499=DIRECTION('',(-0.707106781186548,0.,0.707106781186548));
#7500=DIRECTION('',(0.,-1.,0.));
#7501=DIRECTION('',(0.,-1.,0.));
#7502=DIRECTION('',(-1.71956459160883E-16,0.,1.));
#7503=DIRECTION('',(1.,0.,1.71956459160883E-16));
#7504=DIRECTION('',(0.,-1.,0.));
#7505=DIRECTION('',(0.,-1.,0.));
#7506=DIRECTION('',(1.,0.,0.));
#7507=DIRECTION('',(0.,0.,-1.));
#7508=DIRECTION('',(0.,-1.,0.));
#7509=DIRECTION('',(0.,-1.,0.));
#7510=DIRECTION('',(1.,0.,0.));
#7511=DIRECTION('',(0.,0.,-1.));
#7512=DIRECTION('',(0.,-1.,0.));
#7513=DIRECTION('',(0.,-1.,0.));
#7514=DIRECTION('',(-1.28307949406569E-16,0.,1.));
#7515=DIRECTION('',(1.,0.,1.28307949406569E-16));
#7516=DIRECTION('',(0.,-1.,0.));
#7517=DIRECTION('',(0.,-1.,0.));
#7518=DIRECTION('',(1.,0.,1.28736436065069E-16));
#7519=DIRECTION('',(1.28736436065069E-16,0.,-1.));
#7520=DIRECTION('',(1.,0.,1.28736436065069E-16));
#7521=DIRECTION('',(2.0680119191289E-17,-0.987013193782518,-0.160639208474253));
#7522=DIRECTION('',(-1.28736436065069E-16,0.,1.));
#7523=DIRECTION('',(-1.28736436065069E-16,0.,1.));
#7524=DIRECTION('',(1.,0.,1.28736436065069E-16));
#7525=DIRECTION('',(-4.27374772985232E-17,-0.943287640846489,0.331976545295395));
#7526=DIRECTION('',(2.98062452916977E-16,-1.,3.83714979133441E-32));
#7527=DIRECTION('',(1.,2.98062452916977E-16,0.));
#7528=DIRECTION('',(-1.28736436065069E-16,0.,1.));
#7529=DIRECTION('',(2.98062452916977E-16,-1.,3.83714979133441E-32));
#7530=DIRECTION('',(0.967996898165801,2.88523529883324E-16,-0.250962158783726));
#7531=DIRECTION('',(2.98062452916977E-16,-1.,3.83714979133441E-32));
#7532=DIRECTION('',(0.955229021712427,2.8471790530909E-16,0.29586739610562));
#7533=DIRECTION('',(-2.38449962333582E-16,1.,-3.06971983306753E-32));
#7534=DIRECTION('',(-1.,-2.38449962333582E-16,0.));
#7535=DIRECTION('',(-2.38449962333582E-16,1.,-3.06971983306753E-32));
#7536=DIRECTION('',(-0.967996898165801,-2.30818823906659E-16,0.250962158783726));
#7537=DIRECTION('',(-1.28736436065069E-16,0.,1.));
#7538=DIRECTION('',(-2.38449962333582E-16,1.,-3.06971983306753E-32));
#7539=DIRECTION('',(-0.955229021712427,-2.27774324247272E-16,-0.295867396105619));
#7540=DIRECTION('',(-1.,-8.80570292374014E-17,-1.28736436065069E-16));
#7541=DIRECTION('',(-1.28736436065069E-16,0.,1.));
#7542=DIRECTION('',(-1.,-8.80570292374014E-17,-1.28736436065069E-16));
#7543=DIRECTION('',(-1.07593568853897E-16,0.987013193782518,0.160639208474253));
#7544=DIRECTION('',(-1.,-8.80570292374014E-17,-1.28736436065069E-16));
#7545=DIRECTION('',(-4.03256300707754E-17,0.943287640846489,-0.331976545295395));
#7546=DIRECTION('',(1.,4.62592926927149E-16,1.12644381556935E-16));
#7547=DIRECTION('',(-4.62592926927149E-16,1.,0.));
#7548=DIRECTION('',(-1.12644381556935E-16,-5.21084941663213E-32,-1.));
#7549=DIRECTION('',(-4.56939417108377E-16,0.866025403784439,-0.5));
#7550=DIRECTION('',(-3.44295035551441E-16,0.866025403784439,0.5));
#7551=DIRECTION('',(1.12644381556935E-16,5.21084941663213E-32,1.));
#7552=DIRECTION('',(4.56939417108377E-16,-0.866025403784439,0.5));
#7553=DIRECTION('',(3.44295035551441E-16,-0.866025403784439,-0.5));
#7554=DIRECTION('',(1.12644381556935E-16,0.,-1.));
#7555=DIRECTION('',(1.,0.,1.12644381556935E-16));
#7556=DIRECTION('',(0.,1.,0.));
#7557=DIRECTION('',(-4.62592926927149E-16,-1.,-5.21084941663213E-32));
#7558=DIRECTION('',(-1.,0.,-1.12644381556935E-16));
#7559=DIRECTION('',(1.,-4.62592926927149E-16,1.12644381556935E-16));
#7560=DIRECTION('',(4.62592926927149E-16,1.,0.));
#7561=DIRECTION('',(4.56939417108377E-16,0.866025403784439,-0.5));
#7562=DIRECTION('',(1.12644381556935E-16,-5.21084941663213E-32,-1.));
#7563=DIRECTION('',(-3.44295035551441E-16,-0.866025403784439,-0.5));
#7564=DIRECTION('',(-4.56939417108377E-16,-0.866025403784439,0.5));
#7565=DIRECTION('',(-1.12644381556935E-16,5.21084941663213E-32,1.));
#7566=DIRECTION('',(3.44295035551441E-16,0.866025403784439,0.5));
#7567=DIRECTION('',(1.12644381556935E-16,0.,-1.));
#7568=DIRECTION('',(0.,-1.,0.));
#7569=DIRECTION('',(0.,0.,-1.));
#7570=DIRECTION('',(0.,-1.,0.));
#7571=DIRECTION('',(0.,0.,-1.));
#7572=DIRECTION('',(0.,0.,-1.));
#7573=DIRECTION('',(-1.33743567441681E-16,-0.5,-0.866025403784439));
#7574=DIRECTION('',(0.,0.866025403784439,-0.5));
#7575=DIRECTION('',(1.,-4.62592926927149E-16,1.12644381556935E-16));
#7576=DIRECTION('',(4.56939417108377E-16,0.866025403784439,-0.5));
#7577=DIRECTION('',(1.,-4.62592926927149E-16,1.12644381556935E-16));
#7578=DIRECTION('',(3.28849359485468E-16,0.5,-0.866025403784439));
#7579=DIRECTION('',(0.,0.866025403784439,0.5));
#7580=DIRECTION('',(1.,-4.62592926927149E-16,1.12644381556935E-16));
#7581=DIRECTION('',(3.44295035551441E-16,0.866025403784439,0.5));
#7582=DIRECTION('',(4.62592926927149E-16,1.,1.06910588403688E-47));
#7583=DIRECTION('',(-1.,4.62592926927149E-16,0.));
#7584=DIRECTION('',(1.,-4.62592926927149E-16,1.12644381556935E-16));
#7585=DIRECTION('',(-1.12644381556935E-16,5.21084941663213E-32,1.));
#7586=DIRECTION('',(1.33743567441681E-16,0.5,0.866025403784439));
#7587=DIRECTION('',(0.,-0.866025403784439,0.5));
#7588=DIRECTION('',(1.,-4.62592926927149E-16,1.12644381556935E-16));
#7589=DIRECTION('',(-4.56939417108377E-16,-0.866025403784439,0.5));
#7590=DIRECTION('',(-3.28849359485468E-16,-0.5,0.866025403784439));
#7591=DIRECTION('',(0.,-0.866025403784439,-0.5));
#7592=DIRECTION('',(1.,-4.62592926927149E-16,1.12644381556935E-16));
#7593=DIRECTION('',(-3.44295035551441E-16,-0.866025403784439,-0.5));
#7594=DIRECTION('',(-4.62592926927149E-16,-1.,-1.06910588403688E-47));
#7595=DIRECTION('',(1.,-4.62592926927149E-16,0.));
#7596=DIRECTION('',(1.12644381556935E-16,-5.21084941663213E-32,-1.));
#7597=DIRECTION('',(1.,-4.62592926927149E-16,1.12644381556935E-16));
#7598=DIRECTION('',(4.62592926927149E-16,1.,5.21084941663213E-32));
#7599=DIRECTION('',(1.33743567441681E-16,-0.5,-0.866025403784439));
#7600=DIRECTION('',(0.,0.866025403784439,-0.5));
#7601=DIRECTION('',(-1.,-4.62592926927149E-16,1.12644381556935E-16));
#7602=DIRECTION('',(-4.56939417108377E-16,0.866025403784439,-0.5));
#7603=DIRECTION('',(-1.,-4.62592926927149E-16,1.12644381556935E-16));
#7604=DIRECTION('',(-3.28849359485468E-16,0.5,-0.866025403784439));
#7605=DIRECTION('',(0.,0.866025403784439,0.5));
#7606=DIRECTION('',(-3.44295035551441E-16,0.866025403784439,0.5));
#7607=DIRECTION('',(-1.,-4.62592926927149E-16,1.12644381556935E-16));
#7608=DIRECTION('',(-4.62592926927149E-16,1.,1.06910588403688E-47));
#7609=DIRECTION('',(1.,4.62592926927149E-16,0.));
#7610=DIRECTION('',(1.12644381556935E-16,5.21084941663213E-32,1.));
#7611=DIRECTION('',(-1.,-4.62592926927149E-16,1.12644381556935E-16));
#7612=DIRECTION('',(-1.33743567441681E-16,0.5,0.866025403784439));
#7613=DIRECTION('',(0.,-0.866025403784439,0.5));
#7614=DIRECTION('',(4.56939417108377E-16,-0.866025403784439,0.5));
#7615=DIRECTION('',(-1.,-4.62592926927149E-16,1.12644381556935E-16));
#7616=DIRECTION('',(3.28849359485468E-16,-0.5,0.866025403784439));
#7617=DIRECTION('',(0.,-0.866025403784439,-0.5));
#7618=DIRECTION('',(3.44295035551441E-16,-0.866025403784439,-0.5));
#7619=DIRECTION('',(-1.,-4.62592926927149E-16,1.12644381556935E-16));
#7620=DIRECTION('',(4.62592926927149E-16,-1.,-1.06910588403688E-47));
#7621=DIRECTION('',(-1.,-4.62592926927149E-16,0.));
#7622=DIRECTION('',(-1.12644381556935E-16,-5.21084941663213E-32,-1.));
#7623=DIRECTION('',(-1.,-4.62592926927149E-16,1.12644381556935E-16));
#7624=DIRECTION('',(-4.62592926927149E-16,1.,5.21084941663213E-32));
#7625=DIRECTION('',(1.,-4.62592926927149E-16,1.12644381556935E-16));
#7626=DIRECTION('',(4.62592926927149E-16,1.,0.));
#7627=DIRECTION('',(-1.,0.,0.));
#7628=DIRECTION('',(0.,0.,1.));
#7629=DIRECTION('',(-1.,-4.62592926927149E-16,1.12644381556935E-16));
#7630=DIRECTION('',(-4.62592926927149E-16,1.,0.));
#7631=DIRECTION('',(-1.,0.,0.));
#7632=DIRECTION('',(0.,0.,1.));
#7633=DIRECTION('',(0.,-1.,0.));
#7634=DIRECTION('',(0.,0.,-1.));
#7635=DIRECTION('',(1.,0.,-1.12644381556935E-16));
#7636=DIRECTION('',(-1.12644381556935E-16,0.,-1.));
#7637=DIRECTION('',(1.,0.,-1.12644381556935E-16));
#7638=DIRECTION('',(0.,-1.,0.));
#7639=DIRECTION('',(0.,0.,-1.));
#7640=DIRECTION('',(1.,0.,-1.12644381556935E-16));
#7641=DIRECTION('',(-1.12644381556935E-16,0.,-1.));
#7642=DIRECTION('',(1.,0.,-1.12644381556935E-16));
#7643=DIRECTION('',(-1.,0.,1.12644381556935E-16));
#7644=DIRECTION('',(-1.12644381556935E-16,0.,-1.));
#7645=DIRECTION('',(0.,-1.,0.));
#7646=DIRECTION('',(-1.12644381556935E-16,0.,-1.));
#7647=DIRECTION('',(0.,-1.,0.));
#7648=DIRECTION('',(-1.12644381556935E-16,0.,-1.));
#7649=DIRECTION('',(-1.12644381556935E-16,0.,-1.));
#7650=DIRECTION('',(-1.,0.,1.12644381556935E-16));
#7651=DIRECTION('',(0.,-1.,0.));
#7652=DIRECTION('',(-1.12644381556935E-16,0.,-1.));
#7653=DIRECTION('',(-1.,0.,1.12644381556935E-16));
#7654=DIRECTION('',(0.,-1.,0.));
#7655=DIRECTION('',(0.,1.,0.));
#7656=DIRECTION('',(0.,0.,1.));
#7657=DIRECTION('',(-1.,0.,1.12644381556935E-16));
#7658=DIRECTION('',(-1.12644381556935E-16,0.,-1.));
#7659=DIRECTION('',(-1.,0.,1.12644381556935E-16));
#7660=DIRECTION('',(1.,0.,-1.12644381556935E-16));
#7661=DIRECTION('',(1.12644381556935E-16,0.,1.));
#7662=DIRECTION('',(0.,1.,0.));
#7663=DIRECTION('',(-1.12644381556935E-16,0.,-1.));
#7664=DIRECTION('',(0.,1.,0.));
#7665=DIRECTION('',(-1.12644381556935E-16,0.,-1.));
#7666=DIRECTION('',(0.,1.,0.));
#7667=DIRECTION('',(0.,0.,1.));
#7668=DIRECTION('',(-1.,0.,1.12644381556935E-16));
#7669=DIRECTION('',(-1.12644381556935E-16,0.,-1.));
#7670=DIRECTION('',(-1.,0.,1.12644381556935E-16));
#7671=DIRECTION('',(-1.12644381556935E-16,0.,-1.));
#7672=DIRECTION('',(-1.,0.,1.12644381556935E-16));
#7673=DIRECTION('',(0.,1.,0.));
#7674=DIRECTION('',(-1.12644381556935E-16,0.,-1.));
#7675=DIRECTION('',(-1.,0.,1.12644381556935E-16));
#7676=DIRECTION('',(0.,1.,0.));
#7677=DIRECTION('',(0.,1.,0.));
#7678=DIRECTION('',(0.,0.,1.));
#7679=DIRECTION('',(1.,0.,1.12644381556935E-16));
#7680=DIRECTION('',(1.12644381556935E-16,0.,-1.));
#7681=DIRECTION('',(1.,0.,1.12644381556935E-16));
#7682=DIRECTION('',(-1.,0.,-1.12644381556935E-16));
#7683=DIRECTION('',(-1.12644381556935E-16,0.,1.));
#7684=DIRECTION('',(0.,1.,0.));
#7685=DIRECTION('',(1.12644381556935E-16,0.,-1.));
#7686=DIRECTION('',(0.,1.,0.));
#7687=DIRECTION('',(1.12644381556935E-16,0.,-1.));
#7688=DIRECTION('',(0.,1.,0.));
#7689=DIRECTION('',(0.,0.,1.));
#7690=DIRECTION('',(1.,0.,1.12644381556935E-16));
#7691=DIRECTION('',(1.12644381556935E-16,0.,-1.));
#7692=DIRECTION('',(1.,0.,1.12644381556935E-16));
#7693=DIRECTION('',(1.12644381556935E-16,0.,-1.));
#7694=DIRECTION('',(1.,0.,1.12644381556935E-16));
#7695=DIRECTION('',(0.,1.,0.));
#7696=DIRECTION('',(1.12644381556935E-16,0.,-1.));
#7697=DIRECTION('',(1.,0.,1.12644381556935E-16));
#7698=DIRECTION('',(0.,1.,0.));
#7699=DIRECTION('',(0.,-1.,0.));
#7700=DIRECTION('',(0.,0.,-1.));
#7701=DIRECTION('',(-1.,0.,-1.12644381556935E-16));
#7702=DIRECTION('',(1.12644381556935E-16,0.,-1.));
#7703=DIRECTION('',(-1.,0.,-1.12644381556935E-16));
#7704=DIRECTION('',(0.,-1.,0.));
#7705=DIRECTION('',(0.,0.,-1.));
#7706=DIRECTION('',(-1.,0.,-1.12644381556935E-16));
#7707=DIRECTION('',(1.12644381556935E-16,0.,-1.));
#7708=DIRECTION('',(-1.,0.,-1.12644381556935E-16));
#7709=DIRECTION('',(1.,0.,1.12644381556935E-16));
#7710=DIRECTION('',(1.12644381556935E-16,0.,-1.));
#7711=DIRECTION('',(0.,-1.,0.));
#7712=DIRECTION('',(1.12644381556935E-16,0.,-1.));
#7713=DIRECTION('',(0.,-1.,0.));
#7714=DIRECTION('',(1.12644381556935E-16,0.,-1.));
#7715=DIRECTION('',(1.12644381556935E-16,0.,-1.));
#7716=DIRECTION('',(1.,0.,1.12644381556935E-16));
#7717=DIRECTION('',(0.,-1.,0.));
#7718=DIRECTION('',(1.12644381556935E-16,0.,-1.));
#7719=DIRECTION('',(1.,0.,1.12644381556935E-16));
#7720=DIRECTION('',(0.,-1.,0.));
#7721=DIRECTION('',(-1.,0.,0.));
#7722=DIRECTION('',(0.,0.,1.));
#7723=DIRECTION('',(-1.,0.,0.));
#7724=DIRECTION('',(-1.,0.,0.));
#7725=DIRECTION('',(0.,0.,1.));
#7726=DIRECTION('',(-1.,0.,0.));
#7727=DIRECTION('',(0.,-1.25401697058564E-16,-1.));
#7728=DIRECTION('',(0.,1.,-1.25401697058564E-16));
#7729=DIRECTION('',(-1.,0.,0.));
#7730=DIRECTION('',(0.,-1.,1.25401697058564E-16));
#7731=DIRECTION('',(0.,-1.0450141421547E-16,-1.));
#7732=DIRECTION('',(0.,1.,-1.0450141421547E-16));
#7733=DIRECTION('',(0.,1.,-1.0450141421547E-16));
#7734=DIRECTION('',(-1.,0.,0.));
#7735=DIRECTION('',(-1.,0.,0.));
#7736=DIRECTION('',(0.,0.,1.));
#7737=DIRECTION('',(-1.,0.,0.));
#7738=DIRECTION('',(0.,0.,1.));
#7739=DIRECTION('',(0.,1.,0.));
#7740=DIRECTION('',(0.,0.,1.));
#7741=DIRECTION('',(-0.295867396105619,0.,0.955229021712427));
#7742=DIRECTION('',(-0.295867396105619,0.,0.955229021712427));
#7743=DIRECTION('',(0.955229021712427,0.,0.295867396105619));
#7744=DIRECTION('',(0.295867396105619,0.,-0.955229021712427));
#7745=DIRECTION('',(-0.295867396105619,0.,0.955229021712427));
#7746=DIRECTION('',(0.614009379569742,0.766044443118978,0.190179896326912));
#7747=DIRECTION('',(-0.780285226905605,0.625423828034132,0.));
#7748=DIRECTION('',(0.614009379569741,0.766044443118979,0.190179896326911));
#7749=DIRECTION('',(-0.780285226905606,0.625423828034131,0.));
#7750=DIRECTION('',(-0.295867396105619,0.,0.955229021712427));
#7751=DIRECTION('',(-0.295867396105619,0.,0.955229021712427));
#7752=DIRECTION('',(-0.836956068484023,0.481977363665803,-0.259234180503901));
#7753=DIRECTION('',(-0.499037202202731,-0.86658056222008,0.));
#7754=DIRECTION('',(-0.295867396105619,0.,0.955229021712427));
#7755=DIRECTION('',(0.955229021712427,0.,0.295867396105619));
#7756=DIRECTION('',(0.295867396105619,0.,-0.955229021712427));
#7757=DIRECTION('',(0.614009379569742,0.766044443118978,0.190179896326912));
#7758=DIRECTION('',(-0.780285226905605,0.625423828034132,0.));
#7759=DIRECTION('',(-0.295867396105619,0.,0.955229021712427));
#7760=DIRECTION('',(-0.295867396105619,0.,0.955229021712427));
#7761=DIRECTION('',(-0.836956068484022,0.481977363665805,-0.259234180503901));
#7762=DIRECTION('',(-0.499037202202732,-0.86658056222008,0.));
#7763=DIRECTION('',(-0.295867396105619,0.,0.955229021712427));
#7764=DIRECTION('',(0.614009379569742,0.766044443118979,0.190179896326911));
#7765=DIRECTION('',(-0.780285226905606,0.625423828034132,0.));
#7766=DIRECTION('',(-0.295867396105619,0.,0.955229021712427));
#7767=DIRECTION('',(0.955229021712427,0.,0.295867396105619));
#7768=DIRECTION('',(0.295867396105619,0.,-0.955229021712427));
#7769=DIRECTION('',(0.614009379569742,0.766044443118978,0.190179896326912));
#7770=DIRECTION('',(-0.780285226905605,0.625423828034132,0.));
#7771=DIRECTION('',(-0.295867396105619,0.,0.955229021712427));
#7772=DIRECTION('',(-0.295867396105619,0.,0.955229021712427));
#7773=DIRECTION('',(-0.836956068484023,0.481977363665805,-0.259234180503901));
#7774=DIRECTION('',(-0.499037202202732,-0.86658056222008,0.));
#7775=DIRECTION('',(-0.295867396105619,0.,0.955229021712427));
#7776=DIRECTION('',(0.614009379569743,0.766044443118978,0.190179896326912));
#7777=DIRECTION('',(-0.780285226905605,0.625423828034133,0.));
#7778=DIRECTION('',(-0.295867396105619,0.,0.955229021712427));
#7779=DIRECTION('',(0.955229021712427,0.,0.295867396105619));
#7780=DIRECTION('',(0.295867396105619,0.,-0.955229021712427));
#7781=DIRECTION('',(0.614009379569742,0.766044443118978,0.190179896326912));
#7782=DIRECTION('',(-0.780285226905605,0.625423828034132,0.));
#7783=DIRECTION('',(-0.295867396105619,0.,0.955229021712427));
#7784=DIRECTION('',(-0.295867396105619,0.,0.955229021712427));
#7785=DIRECTION('',(0.955229021712427,0.,0.295867396105619));
#7786=DIRECTION('',(0.295867396105619,0.,-0.955229021712427));
#7787=DIRECTION('',(-0.295867396105619,0.,0.955229021712427));
#7788=DIRECTION('',(0.614009379569742,0.766044443118978,0.190179896326912));
#7789=DIRECTION('',(-0.780285226905606,0.625423828034132,0.));
#7790=DIRECTION('',(-0.295867396105619,0.,0.955229021712427));
#7791=DIRECTION('',(0.955229021712427,0.,0.295867396105619));
#7792=DIRECTION('',(0.295867396105619,0.,-0.955229021712427));
#7793=DIRECTION('',(0.614009379569742,0.766044443118978,0.190179896326912));
#7794=DIRECTION('',(-0.780285226905606,0.625423828034132,0.));
#7795=DIRECTION('',(-0.295867396105619,0.,0.955229021712427));
#7796=DIRECTION('',(-0.295867396105619,0.,0.955229021712427));
#7797=DIRECTION('',(0.955229021712427,0.,0.295867396105619));
#7798=DIRECTION('',(0.295867396105619,0.,-0.955229021712427));
#7799=DIRECTION('',(-0.295867396105619,0.,0.955229021712427));
#7800=DIRECTION('',(0.614009379569742,0.766044443118978,0.190179896326912));
#7801=DIRECTION('',(-0.780285226905605,0.625423828034132,0.));
#7802=DIRECTION('',(-0.295867396105619,0.,0.955229021712427));
#7803=DIRECTION('',(0.955229021712427,0.,0.295867396105619));
#7804=DIRECTION('',(0.295867396105619,0.,-0.955229021712427));
#7805=DIRECTION('',(0.614009379569742,0.766044443118978,0.190179896326912));
#7806=DIRECTION('',(-0.780285226905606,0.625423828034132,0.));
#7807=DIRECTION('',(-0.295867396105619,0.,0.955229021712427));
#7808=DIRECTION('',(-0.295867396105619,0.,0.955229021712427));
#7809=DIRECTION('',(0.955229021712427,0.,0.295867396105619));
#7810=DIRECTION('',(0.295867396105619,0.,-0.955229021712427));
#7811=DIRECTION('',(-0.295867396105619,0.,0.955229021712427));
#7812=DIRECTION('',(0.955229021712427,0.,0.295867396105619));
#7813=DIRECTION('',(0.295867396105619,0.,-0.955229021712427));
#7814=DIRECTION('',(-0.295867396105619,0.,0.955229021712427));
#7815=DIRECTION('',(0.,1.,0.));
#7816=DIRECTION('',(0.,0.,1.));
#7817=DIRECTION('',(-0.295867396105619,0.,0.955229021712427));
#7818=DIRECTION('',(0.614009379569742,0.766044443118978,0.190179896326912));
#7819=DIRECTION('',(-0.780285226905606,0.625423828034132,0.));
#7820=DIRECTION('',(0.614009379569742,0.766044443118978,0.190179896326912));
#7821=DIRECTION('',(-0.780285226905606,0.625423828034132,0.));
#7822=DIRECTION('',(-0.295867396105619,0.,0.955229021712427));
#7823=DIRECTION('',(-0.295867396105619,0.,0.955229021712427));
#7824=DIRECTION('',(-0.836956068484023,0.481977363665805,-0.259234180503901));
#7825=DIRECTION('',(-0.499037202202732,-0.86658056222008,0.));
#7826=DIRECTION('',(-0.295867396105619,0.,0.955229021712427));
#7827=DIRECTION('',(0.614009379569742,0.766044443118978,0.190179896326912));
#7828=DIRECTION('',(-0.780285226905605,0.625423828034132,0.));
#7829=DIRECTION('',(-0.295867396105619,0.,0.955229021712427));
#7830=DIRECTION('',(0.955229021712427,0.,0.295867396105619));
#7831=DIRECTION('',(0.295867396105619,0.,-0.955229021712427));
#7832=DIRECTION('',(0.62221641235598,-0.766044443118978,-0.161315366166365));
#7833=DIRECTION('',(0.776210542901849,0.630473784615996,0.));
#7834=DIRECTION('',(0.250962158783726,2.20989821534999E-17,0.967996898165801));
#7835=DIRECTION('',(0.250962158783726,2.20989821534999E-17,0.967996898165801));
#7836=DIRECTION('',(-0.967996898165801,-6.71682777568378E-16,0.250962158783726));
#7837=DIRECTION('',(0.250962158783726,0.,0.967996898165801));
#7838=DIRECTION('',(0.250962158783726,2.20989821534999E-17,0.967996898165801));
#7839=DIRECTION('',(5.54600826816537E-18,-1.,2.13917461772093E-17));
#7840=DIRECTION('',(0.,-2.13917461772093E-17,-1.));
#7841=DIRECTION('',(-0.812161293538486,-0.544112468567122,0.21056033536183));
#7842=DIRECTION('',(0.556590752481901,-0.830786816368454,0.));
#7843=DIRECTION('',(0.250962158783726,2.20989821534999E-17,0.967996898165801));
#7844=DIRECTION('',(0.250962158783726,2.20989821534999E-17,0.967996898165801));
#7845=DIRECTION('',(0.62221641235598,-0.766044443118978,-0.161315366166365));
#7846=DIRECTION('',(0.776210542901848,0.630473784615997,0.));
#7847=DIRECTION('',(0.250962158783726,2.20989821534999E-17,0.967996898165801));
#7848=DIRECTION('',(0.967996898165801,-8.70699896847896E-17,-0.250962158783726));
#7849=DIRECTION('',(-0.250962158783726,0.,-0.967996898165801));
#7850=DIRECTION('',(0.250962158783726,2.20989821534999E-17,0.967996898165801));
#7851=DIRECTION('',(0.62221641235598,-0.766044443118978,-0.161315366166365));
#7852=DIRECTION('',(0.776210542901849,0.630473784615996,0.));
#7853=DIRECTION('',(-0.812161293538486,-0.544112468567122,0.21056033536183));
#7854=DIRECTION('',(0.556590752481901,-0.830786816368454,0.));
#7855=DIRECTION('',(0.250962158783726,2.20989821534999E-17,0.967996898165801));
#7856=DIRECTION('',(0.250962158783726,2.20989821534999E-17,0.967996898165801));
#7857=DIRECTION('',(0.62221641235598,-0.766044443118978,-0.161315366166365));
#7858=DIRECTION('',(0.776210542901849,0.630473784615996,0.));
#7859=DIRECTION('',(0.250962158783726,2.20989821534999E-17,0.967996898165801));
#7860=DIRECTION('',(0.967996898165801,-7.51564819706552E-34,-0.250962158783726));
#7861=DIRECTION('',(-0.250962158783726,0.,-0.967996898165801));
#7862=DIRECTION('',(0.250962158783726,2.20989821534999E-17,0.967996898165801));
#7863=DIRECTION('',(0.62221641235598,-0.766044443118978,-0.161315366166365));
#7864=DIRECTION('',(0.776210542901848,0.630473784615997,0.));
#7865=DIRECTION('',(-0.812161293538485,-0.544112468567123,0.210560335361829));
#7866=DIRECTION('',(0.556590752481902,-0.830786816368453,0.));
#7867=DIRECTION('',(0.250962158783726,2.20989821534999E-17,0.967996898165801));
#7868=DIRECTION('',(0.250962158783726,2.20989821534999E-17,0.967996898165801));
#7869=DIRECTION('',(0.62221641235598,-0.766044443118978,-0.161315366166365));
#7870=DIRECTION('',(0.776210542901849,0.630473784615996,0.));
#7871=DIRECTION('',(0.250962158783726,2.20989821534999E-17,0.967996898165801));
#7872=DIRECTION('',(0.967996898165801,-7.51564819706552E-34,-0.250962158783726));
#7873=DIRECTION('',(-0.250962158783726,0.,-0.967996898165801));
#7874=DIRECTION('',(0.250962158783726,2.20989821534999E-17,0.967996898165801));
#7875=DIRECTION('',(0.62221641235598,-0.766044443118978,-0.161315366166365));
#7876=DIRECTION('',(0.776210542901848,0.630473784615996,0.));
#7877=DIRECTION('',(-0.812161293538486,-0.544112468567122,0.21056033536183));
#7878=DIRECTION('',(0.556590752481901,-0.830786816368454,0.));
#7879=DIRECTION('',(0.250962158783726,2.20989821534999E-17,0.967996898165801));
#7880=DIRECTION('',(0.250962158783726,2.20989821534999E-17,0.967996898165801));
#7881=DIRECTION('',(0.622216412355979,-0.766044443118979,-0.161315366166364));
#7882=DIRECTION('',(0.776210542901849,0.630473784615996,0.));
#7883=DIRECTION('',(0.250962158783726,2.20989821534999E-17,0.967996898165801));
#7884=DIRECTION('',(0.967996898165801,-7.51564819706552E-34,-0.250962158783726));
#7885=DIRECTION('',(-0.250962158783726,0.,-0.967996898165801));
#7886=DIRECTION('',(0.250962158783726,2.20989821534999E-17,0.967996898165801));
#7887=DIRECTION('',(0.622216412355967,-0.766044443118989,-0.161315366166361));
#7888=DIRECTION('',(0.776210542901859,0.630473784615983,0.));
#7889=DIRECTION('',(0.967996898165801,0.,-0.250962158783726));
#7890=DIRECTION('',(-0.250962158783726,0.,-0.967996898165801));
#7891=DIRECTION('',(0.250962158783726,2.20989821534999E-17,0.967996898165801));
#7892=DIRECTION('',(0.250962158783726,2.20989821534999E-17,0.967996898165801));
#7893=DIRECTION('',(0.62221641235598,-0.766044443118978,-0.161315366166365));
#7894=DIRECTION('',(0.776210542901848,0.630473784615997,0.));
#7895=DIRECTION('',(0.250962158783726,2.20989821534999E-17,0.967996898165801));
#7896=DIRECTION('',(-0.967996898165801,0.,0.250962158783726));
#7897=DIRECTION('',(0.250962158783726,0.,0.967996898165801));
#7898=DIRECTION('',(0.250962158783726,2.20989821534999E-17,0.967996898165801));
#7899=DIRECTION('',(0.62221641235598,-0.766044443118978,-0.161315366166365));
#7900=DIRECTION('',(0.776210542901848,0.630473784615997,0.));
#7901=DIRECTION('',(5.54600826816538E-18,-1.,2.13917461772093E-17));
#7902=DIRECTION('',(0.,-2.13917461772093E-17,-1.));
#7903=DIRECTION('',(0.250962158783726,2.20989821534999E-17,0.967996898165801));
#7904=DIRECTION('',(0.250962158783726,2.20989821534999E-17,0.967996898165801));
#7905=DIRECTION('',(0.62221641235598,-0.766044443118978,-0.161315366166365));
#7906=DIRECTION('',(0.776210542901849,0.630473784615996,0.));
#7907=DIRECTION('',(0.250962158783726,2.20989821534999E-17,0.967996898165801));
#7908=DIRECTION('',(0.62221641235598,-0.766044443118978,-0.161315366166365));
#7909=DIRECTION('',(0.776210542901848,0.630473784615997,0.));
#7910=DIRECTION('',(0.250962158783726,2.20989821534999E-17,0.967996898165801));
#7911=DIRECTION('',(-0.967996898165801,0.,0.250962158783726));
#7912=DIRECTION('',(0.250962158783726,0.,0.967996898165801));
#7913=DIRECTION('',(-0.812161293538486,-0.544112468567122,0.21056033536183));
#7914=DIRECTION('',(0.556590752481901,-0.830786816368454,0.));
#7915=DIRECTION('',(0.250962158783726,2.20989821534999E-17,0.967996898165801));
#7916=DIRECTION('',(0.250962158783726,2.20989821534999E-17,0.967996898165801));
#7917=DIRECTION('',(0.62221641235598,-0.766044443118978,-0.161315366166365));
#7918=DIRECTION('',(0.776210542901848,0.630473784615997,0.));
#7919=DIRECTION('',(0.250962158783726,2.20989821534999E-17,0.967996898165801));
#7920=DIRECTION('',(0.967996898165801,-7.51564819706552E-34,-0.250962158783726));
#7921=DIRECTION('',(-0.250962158783726,0.,-0.967996898165801));
#7922=DIRECTION('',(0.250962158783726,2.20989821534999E-17,0.967996898165801));
#7923=DIRECTION('',(0.62221641235598,-0.766044443118978,-0.161315366166365));
#7924=DIRECTION('',(0.776210542901848,0.630473784615997,0.));
#7925=DIRECTION('',(0.967996898165801,0.,-0.250962158783726));
#7926=DIRECTION('',(-0.250962158783726,0.,-0.967996898165801));
#7927=DIRECTION('',(0.250962158783726,2.20989821534999E-17,0.967996898165801));
#7928=DIRECTION('',(0.250962158783726,2.20989821534999E-17,0.967996898165801));
#7929=DIRECTION('',(0.62221641235598,-0.766044443118978,-0.161315366166365));
#7930=DIRECTION('',(0.776210542901848,0.630473784615997,0.));
#7931=DIRECTION('',(0.250962158783726,2.20989821534999E-17,0.967996898165801));
#7932=DIRECTION('',(-0.967996898165801,0.,0.250962158783726));
#7933=DIRECTION('',(0.250962158783726,0.,0.967996898165801));
#7934=DIRECTION('',(0.250962158783726,2.20989821534999E-17,0.967996898165801));
#7935=DIRECTION('',(0.62221641235598,-0.766044443118978,-0.161315366166365));
#7936=DIRECTION('',(0.776210542901848,0.630473784615997,0.));
#7937=DIRECTION('',(-1.92747052886312E-16,-1.,-2.17118725693006E-32));
#7938=DIRECTION('',(1.,-1.92747052886312E-16,0.));
#7939=DIRECTION('',(1.12644381556935E-16,2.73691106313441E-48,-1.));
#7940=DIRECTION('',(-1.,1.92747052886312E-16,-1.12644381556935E-16));
#7941=DIRECTION('',(-1.,0.,-1.12644381556935E-16));
#7942=DIRECTION('',(-1.12644381556935E-16,0.,1.));
#7943=DIRECTION('',(0.,1.,0.));
#7944=DIRECTION('',(1.12644381556935E-16,2.73691106313441E-48,-1.));
#7945=DIRECTION('',(1.12644381556935E-16,0.,-1.));
#7946=DIRECTION('',(1.,0.,1.12644381556935E-16));
#7947=DIRECTION('',(1.12644381556935E-16,0.,-1.));
#7948=DIRECTION('',(-1.,0.,-1.12644381556935E-16));
#7949=DIRECTION('',(1.12644381556935E-16,0.,-1.));
#7950=DIRECTION('',(-1.,0.,-1.12644381556935E-16));
#7951=DIRECTION('',(3.85494105772624E-16,1.,4.34237451386011E-32));
#7952=DIRECTION('',(-1.,3.85494105772624E-16,0.));
#7953=DIRECTION('',(1.,-3.85494105772624E-16,1.12644381556935E-16));
#7954=DIRECTION('',(1.12644381556935E-16,5.47382212626882E-48,-1.));
#7955=DIRECTION('',(-1.,0.,-1.12644381556935E-16));
#7956=DIRECTION('',(-1.12644381556935E-16,0.,1.));
#7957=DIRECTION('',(1.12644381556935E-16,5.47382212626882E-48,-1.));
#7958=DIRECTION('',(0.,1.,0.));
#7959=DIRECTION('',(1.12644381556935E-16,0.,-1.));
#7960=DIRECTION('',(1.,0.,1.12644381556935E-16));
#7961=DIRECTION('',(1.12644381556935E-16,0.,-1.));
#7962=DIRECTION('',(-1.,0.,-1.12644381556935E-16));
#7963=DIRECTION('',(1.12644381556935E-16,0.,-1.));
#7964=DIRECTION('',(-1.,0.,-1.12644381556935E-16));
#7965=DIRECTION('',(0.,0.,1.));
#7966=DIRECTION('',(-1.,0.,0.));
#7967=DIRECTION('',(0.,0.,1.));
#7968=DIRECTION('',(1.,0.,0.));
#7969=DIRECTION('',(0.,0.,1.));
#7970=DIRECTION('',(1.,0.,0.));
#7971=DIRECTION('',(1.,0.,0.));
#7972=DIRECTION('',(0.,1.,0.));
#7973=DIRECTION('',(1.,0.,0.));
#7974=DIRECTION('',(0.,-1.,0.));
#7975=DIRECTION('',(0.,0.,-1.));
#7976=DIRECTION('',(0.,0.,1.));
#7977=DIRECTION('',(1.,0.,0.));
#7978=DIRECTION('',(0.,0.,1.));
#7979=DIRECTION('',(-1.,0.,0.));
#7980=DIRECTION('',(0.,0.,1.));
#7981=DIRECTION('',(1.,0.,0.));
#7982=DIRECTION('',(1.,0.,0.));
#7983=DIRECTION('',(0.,0.,1.));
#7984=DIRECTION('',(1.,0.,0.));
#7985=DIRECTION('',(0.,1.,0.));
#7986=DIRECTION('',(0.,-1.,0.));
#7987=DIRECTION('',(0.,0.,-1.));
#7988=DIRECTION('',(0.,0.,1.));
#7989=DIRECTION('',(0.,0.,1.));
#7990=DIRECTION('',(1.,0.,0.));
#7991=DIRECTION('',(0.,-1.,0.));
#7992=DIRECTION('',(0.,0.,1.));
#7993=DIRECTION('',(1.,0.,0.));
#7994=DIRECTION('',(0.,0.,1.));
#7995=DIRECTION('',(1.,0.,0.));
#7996=DIRECTION('',(-1.,0.,0.));
#7997=DIRECTION('',(0.,0.,1.));
#7998=DIRECTION('',(1.,0.,0.));
#7999=DIRECTION('',(-1.,0.,0.));
#8000=DIRECTION('',(0.,1.,0.));
#8001=DIRECTION('',(0.,-1.,0.));
#8002=DIRECTION('',(0.,0.,-1.));
#8003=DIRECTION('',(-1.,0.,0.));
#8004=DIRECTION('',(0.,0.,1.));
#8005=DIRECTION('',(0.,0.,1.));
#8006=DIRECTION('',(1.,0.,0.));
#8007=DIRECTION('',(0.,0.,1.));
#8008=DIRECTION('',(1.,0.,0.));
#8009=DIRECTION('',(0.,0.,1.));
#8010=DIRECTION('',(1.,0.,0.));
#8011=DIRECTION('',(-1.,0.,0.));
#8012=DIRECTION('',(0.,1.,0.));
#8013=DIRECTION('',(0.,-1.,0.));
#8014=DIRECTION('',(0.,0.,-1.));
#8015=DIRECTION('',(0.,0.,-1.));
#8016=DIRECTION('',(0.,0.,1.));
#8017=DIRECTION('',(-1.,0.,0.));
#8018=DIRECTION('',(0.,-1.,0.));
#8019=DIRECTION('',(2.11551643411806E-16,0.,-1.));
#8020=DIRECTION('',(-1.,0.,-2.11551643411806E-16));
#8021=DIRECTION('',(0.,1.,0.));
#8022=DIRECTION('',(1.,0.,2.11551643411806E-16));
#8023=DIRECTION('',(0.,1.,0.));
#8024=DIRECTION('',(-1.,0.,0.));
#8025=DIRECTION('',(0.,0.,1.));
#8026=DIRECTION('',(0.,0.707106781186546,0.70710678118655));
#8027=DIRECTION('',(0.,0.707106781186546,0.707106781186549));
#8028=DIRECTION('',(0.,1.,0.));
#8029=DIRECTION('',(0.,0.,1.));
#8030=DIRECTION('',(1.,0.,0.));
#8031=DIRECTION('',(1.,0.,0.));
#8032=DIRECTION('',(0.,1.,0.));
#8033=DIRECTION('',(1.,0.,0.));
#8034=DIRECTION('',(0.,0.,-1.));
#8035=DIRECTION('',(0.,-0.707106781186545,-0.707106781186551));
#8036=DIRECTION('',(0.,1.,0.));
#8037=DIRECTION('',(0.,-0.707106781186546,-0.707106781186549));
#8038=DIRECTION('',(0.,0.,-1.));
#8039=DIRECTION('',(-1.,0.,0.));
#8040=DIRECTION('',(1.,0.,0.));
#8041=DIRECTION('',(0.,1.,0.));
#8042=DIRECTION('',(0.,1.,0.));
#8043=DIRECTION('',(0.,0.,1.));
#8044=DIRECTION('',(0.,-1.,0.));
#8045=DIRECTION('',(0.,0.,-1.));
#8046=DIRECTION('',(0.,1.,0.));
#8047=DIRECTION('',(0.,0.,-1.));
#8048=DIRECTION('',(-1.,0.,0.));
#8049=DIRECTION('',(-1.,0.,0.));
#8050=DIRECTION('',(0.,1.,0.));
#8051=DIRECTION('',(0.,1.,0.));
#8052=DIRECTION('',(0.,0.,1.));
#8053=DIRECTION('',(0.,-1.,0.));
#8054=DIRECTION('',(0.,0.,-1.));
#8055=DIRECTION('',(0.,1.,0.));
#8056=DIRECTION('',(0.,0.,-1.));
#8057=DIRECTION('',(-1.,0.,0.));
#8058=DIRECTION('',(1.,0.,0.));
#8059=DIRECTION('',(0.,1.,0.));
#8060=DIRECTION('',(1.,0.,0.));
#8061=DIRECTION('',(0.,0.,-1.));
#8062=DIRECTION('',(0.,0.707106781186545,0.707106781186551));
#8063=DIRECTION('',(0.,-0.707106781186546,-0.707106781186549));
#8064=DIRECTION('',(0.,1.,0.));
#8065=DIRECTION('',(-1.,0.,0.));
#8066=DIRECTION('',(0.,0.,1.));
#8067=DIRECTION('',(0.,-0.707106781186546,-0.70710678118655));
#8068=DIRECTION('',(0.,1.,0.));
#8069=DIRECTION('',(0.,0.707106781186546,0.707106781186549));
#8070=DIRECTION('',(0.,0.,-1.));
#8071=DIRECTION('',(-1.,0.,0.));
#8072=DIRECTION('',(1.,0.,0.));
#8073=DIRECTION('',(-1.,0.,0.));
#8074=DIRECTION('',(0.,0.,1.));
#8075=DIRECTION('',(0.,1.,0.));
#8076=DIRECTION('',(0.,0.707106781186547,0.707106781186549));
#8077=DIRECTION('',(0.,0.707106781186546,0.707106781186549));
#8078=DIRECTION('',(0.,1.,0.));
#8079=DIRECTION('',(0.,0.,1.));
#8080=DIRECTION('',(1.,0.,0.));
#8081=DIRECTION('',(1.,0.,0.));
#8082=DIRECTION('',(0.,1.,0.));
#8083=DIRECTION('',(1.,0.,0.));
#8084=DIRECTION('',(0.,0.,-1.));
#8085=DIRECTION('',(0.,-0.707106781186545,-0.707106781186551));
#8086=DIRECTION('',(0.,1.,0.));
#8087=DIRECTION('',(0.,-0.707106781186546,-0.707106781186549));
#8088=DIRECTION('',(0.,0.,-1.));
#8089=DIRECTION('',(-1.,0.,0.));
#8090=DIRECTION('',(1.,0.,0.));
#8091=DIRECTION('',(0.,1.,0.));
#8092=DIRECTION('',(0.,1.,0.));
#8093=DIRECTION('',(0.,0.,1.));
#8094=DIRECTION('',(0.,-1.,0.));
#8095=DIRECTION('',(0.,0.,-1.));
#8096=DIRECTION('',(0.,1.,0.));
#8097=DIRECTION('',(0.,0.,-1.));
#8098=DIRECTION('',(-1.,0.,0.));
#8099=DIRECTION('',(-1.,0.,0.));
#8100=DIRECTION('',(0.,1.,0.));
#8101=DIRECTION('',(0.,1.,0.));
#8102=DIRECTION('',(0.,0.,1.));
#8103=DIRECTION('',(0.,-1.,0.));
#8104=DIRECTION('',(0.,0.,-1.));
#8105=DIRECTION('',(0.,1.,0.));
#8106=DIRECTION('',(0.,0.,-1.));
#8107=DIRECTION('',(-1.,0.,0.));
#8108=DIRECTION('',(1.,0.,0.));
#8109=DIRECTION('',(0.,1.,0.));
#8110=DIRECTION('',(1.,0.,0.));
#8111=DIRECTION('',(0.,0.,-1.));
#8112=DIRECTION('',(0.,0.707106781186545,0.707106781186551));
#8113=DIRECTION('',(0.,-0.707106781186546,-0.707106781186549));
#8114=DIRECTION('',(0.,1.,0.));
#8115=DIRECTION('',(0.,0.,-1.));
#8116=DIRECTION('',(-1.,0.,0.));
#8117=DIRECTION('',(1.,0.,0.));
#8118=DIRECTION('',(0.,1.,0.));
#8119=DIRECTION('',(2.11551643411806E-16,0.,-1.));
#8120=DIRECTION('',(-1.,0.,-2.11551643411806E-16));
#8121=DIRECTION('',(0.,1.,0.));
#8122=DIRECTION('',(1.,0.,2.11551643411806E-16));
#8123=DIRECTION('',(-1.,0.,0.));
#8124=DIRECTION('',(0.,0.,1.));
#8125=DIRECTION('',(0.,-0.707106781186547,-0.707106781186549));
#8126=DIRECTION('',(0.,0.707106781186546,0.707106781186549));
#8127=DIRECTION('',(1.12644381556935E-16,0.,-1.));
#8128=DIRECTION('',(-1.,0.,-1.12644381556935E-16));
#8129=DIRECTION('',(1.12644381556935E-16,0.,-1.));
#8130=DIRECTION('',(-1.,0.,-1.12644381556935E-16));
#8131=DIRECTION('',(1.12644381556935E-16,0.,-1.));
#8132=DIRECTION('',(-1.,0.,-1.12644381556935E-16));
#8133=DIRECTION('',(1.12644381556935E-16,0.,-1.));
#8134=DIRECTION('',(-1.,0.,-1.12644381556935E-16));
#8135=DIRECTION('',(0.,0.,-1.));
#8136=DIRECTION('',(-1.,0.,0.));
#8137=DIRECTION('',(-0.170314285218806,-1.49973699930595E-17,-0.985389793051667));
#8138=DIRECTION('',(0.985389793051667,0.,-0.170314285218806));
#8139=DIRECTION('',(-5.96022052638607E-17,-0.107868805136915,0.994165137629727));
#8140=DIRECTION('',(0.,-0.994165137629727,-0.107868805136915));
#8141=DIRECTION('',(-0.526699181826312,0.839012289272208,0.136551639732747));
#8142=DIRECTION('',(-0.846945668248254,-0.531679447633176,0.));
#8143=DIRECTION('',(0.,0.,1.));
#8144=DIRECTION('',(1.,0.,0.));
#8145=DIRECTION('',(-0.202223475512336,0.,0.979339402838317));
#8146=DIRECTION('',(0.979339402838317,0.,0.202223475512336));
#8147=DIRECTION('',(-5.96022052638607E-17,-0.107868805136915,0.994165137629727));
#8148=DIRECTION('',(0.,0.994165137629727,0.107868805136915));
#8149=DIRECTION('',(-0.460398765582021,-0.876183668481536,-0.142601387569652));
#8150=DIRECTION('',(0.885230547654289,-0.465152531434246,0.));
#8151=DIRECTION('',(0.,0.,1.));
#8152=DIRECTION('',(1.,0.,0.));
#8153=DIRECTION('',(-0.170314285218806,-1.49973699930595E-17,-0.985389793051667));
#8154=DIRECTION('',(-0.985389793051667,0.,0.170314285218806));
#8155=DIRECTION('',(1.51639000608834E-16,-0.22842089277181,-0.973562476549568));
#8156=DIRECTION('',(0.,-0.973562476549568,0.22842089277181));
#8157=DIRECTION('',(0.78813656172178,0.580593933801711,-0.204331701187128));
#8158=DIRECTION('',(-0.593107488179526,0.805123287121528,0.));
#8159=DIRECTION('',(0.,0.,-1.));
#8160=DIRECTION('',(-1.,0.,0.));
#8161=DIRECTION('',(-0.202223475512336,0.,0.979339402838317));
#8162=DIRECTION('',(-0.979339402838317,0.,-0.202223475512336));
#8163=DIRECTION('',(1.51639000608834E-16,-0.22842089277181,-0.973562476549568));
#8164=DIRECTION('',(0.,0.973562476549568,-0.22842089277181));
#8165=DIRECTION('',(0.731176394371323,-0.643499932922372,0.226470564628286));
#8166=DIRECTION('',(0.66066533315345,0.750680569596177,0.));
#8167=DIRECTION('',(0.,-1.,0.));
#8168=DIRECTION('',(0.,0.,-1.));
#8169=DIRECTION('',(0.,1.,0.));
#8170=DIRECTION('',(0.,0.,1.));
#8171=DIRECTION('',(0.,-1.,0.));
#8172=DIRECTION('',(0.,0.,-1.));
#8173=DIRECTION('',(0.,1.,0.));
#8174=DIRECTION('',(0.,0.,1.));
#8175=DIRECTION('',(0.,-1.,0.));
#8176=DIRECTION('',(0.,0.,-1.));
#8177=DIRECTION('',(0.,1.,0.));
#8178=DIRECTION('',(0.,0.,1.));
#8179=DIRECTION('',(0.,-1.,0.));
#8180=DIRECTION('',(0.,0.,-1.));
#8181=DIRECTION('',(0.,1.,0.));
#8182=DIRECTION('',(0.,0.,1.));
#8183=DIRECTION('',(0.,1.,0.));
#8184=DIRECTION('',(0.,0.,1.));
#8185=DIRECTION('',(0.,-1.,0.));
#8186=DIRECTION('',(0.,0.,-1.));
#8187=DIRECTION('',(0.,1.,0.));
#8188=DIRECTION('',(0.,0.,1.));
#8189=DIRECTION('',(0.,-1.,0.));
#8190=DIRECTION('',(0.,0.,-1.));
#8191=DIRECTION('',(0.,1.,0.));
#8192=DIRECTION('',(0.,0.,1.));
#8193=DIRECTION('',(0.,-1.,0.));
#8194=DIRECTION('',(0.,0.,-1.));
#8195=DIRECTION('',(0.,-1.,0.));
#8196=DIRECTION('',(0.,0.,-1.));
#8197=DIRECTION('',(0.,-1.,0.));
#8198=DIRECTION('',(0.,0.,-1.));
#8199=DIRECTION('',(0.,-1.,0.));
#8200=DIRECTION('',(0.,0.,-1.));
#8201=DIRECTION('',(1.,0.,0.));
#8202=DIRECTION('',(0.,0.,-1.));
#8203=DIRECTION('',(-0.865232976112141,-0.47293614344475,0.166443087185181));
#8204=DIRECTION('',(0.479626422219839,-0.87747278881376,0.));
#8205=DIRECTION('',(-0.570819111636717,-0.801814479988344,-0.176802379710488));
#8206=DIRECTION('',(0.814648144749576,-0.579955515756229,0.));
#8207=DIRECTION('',(1.,0.,2.33635237996635E-16));
#8208=DIRECTION('',(2.33635237996635E-16,0.,-1.));
#8209=DIRECTION('',(1.,0.,0.));
#8210=DIRECTION('',(0.,0.,-1.));
#8211=DIRECTION('',(0.,-1.,0.));
#8212=DIRECTION('',(0.,0.,-1.));
#8213=DIRECTION('',(0.903390801947895,-0.404498919563856,0.142357588584564));
#8214=DIRECTION('',(0.40866101166942,0.912686242660273,0.));
#8215=DIRECTION('',(0.,-1.,0.));
#8216=DIRECTION('',(0.,0.,-1.));
#8217=DIRECTION('',(0.,-1.,0.));
#8218=DIRECTION('',(0.,0.,-1.));
#8219=DIRECTION('',(0.643667170949625,-0.746890051301478,-0.166876673949902));
#8220=DIRECTION('',(0.757512054659079,0.652821175396586,0.));
#8221=DIRECTION('',(0.239653949623158,-0.968016541814358,0.0742290994408009));
#8222=DIRECTION('',(0.970694479231167,0.240316932383327,0.));
#8223=DIRECTION('',(0.,-1.,0.));
#8224=DIRECTION('',(0.,0.,-1.));
#8225=DIRECTION('',(0.610939353845722,-0.781396039176411,-0.127174430928504));
#8226=DIRECTION('',(0.787792625509301,0.61594056465958,0.));
#8227=DIRECTION('',(0.,-1.,2.28296001726596E-17));
#8228=DIRECTION('',(0.,-2.28296001726596E-17,-1.));
#8229=DIRECTION('',(0.,-1.,0.));
#8230=DIRECTION('',(0.,0.,-1.));
#8231=DIRECTION('',(1.,0.,0.));
#8232=DIRECTION('',(0.,0.,-1.));
#8233=DIRECTION('',(-0.370800272556105,-0.923723728453727,0.0961334039960285));
#8234=DIRECTION('',(0.928021900183143,-0.372525640433607,0.));
#8235=DIRECTION('',(1.,0.,8.99280255480947E-17));
#8236=DIRECTION('',(8.99280255480947E-17,0.,-1.));
#8237=DIRECTION('',(1.,0.,0.));
#8238=DIRECTION('',(0.,0.,-1.));
#8239=DIRECTION('',(-0.651501451099259,-0.748794981317212,-0.1218685159084));
#8240=DIRECTION('',(0.754418223704214,-0.656394046090441,0.));
#8241=DIRECTION('',(0.,1.,0.));
#8242=DIRECTION('',(0.,0.,1.));
#8243=DIRECTION('',(7.9651606061474E-17,-0.707106781186548,-0.707106781186548));
#8244=DIRECTION('',(7.9651606061474E-17,0.707106781186548,-0.707106781186548));
#8245=DIRECTION('',(-7.9651606061474E-17,-0.707106781186548,0.707106781186548));
#8246=DIRECTION('',(-7.9651606061474E-17,0.707106781186548,0.707106781186548));
#8247=DIRECTION('',(-1.12644381556935E-16,0.,1.));
#8248=DIRECTION('',(1.,0.,1.12644381556935E-16));
#8249=DIRECTION('',(-7.9651606061474E-17,0.707106781186548,0.707106781186548));
#8250=DIRECTION('',(-7.9651606061474E-17,-0.707106781186548,0.707106781186548));
#8251=DIRECTION('',(1.12644381556935E-16,0.,-1.));
#8252=DIRECTION('',(-1.,0.,-1.12644381556935E-16));
#8253=DIRECTION('',(7.9651606061474E-17,0.707106781186548,-0.707106781186548));
#8254=DIRECTION('',(7.9651606061474E-17,-0.707106781186548,-0.707106781186548));
#8255=DIRECTION('',(0.,-1.,0.));
#8256=DIRECTION('',(0.,0.,-1.));
#8257=DIRECTION('',(0.,1.,0.));
#8258=DIRECTION('',(0.,0.,1.));
#8259=DIRECTION('',(-7.9651606061474E-17,-0.707106781186548,0.707106781186548));
#8260=DIRECTION('',(-7.9651606061474E-17,0.707106781186548,0.707106781186548));
#8261=DIRECTION('',(7.9651606061474E-17,-0.707106781186548,-0.707106781186548));
#8262=DIRECTION('',(7.9651606061474E-17,0.707106781186548,-0.707106781186548));
#8263=DIRECTION('',(1.12644381556935E-16,0.,-1.));
#8264=DIRECTION('',(-1.,0.,-1.12644381556935E-16));
#8265=DIRECTION('',(7.9651606061474E-17,0.707106781186548,-0.707106781186548));
#8266=DIRECTION('',(7.9651606061474E-17,-0.707106781186548,-0.707106781186548));
#8267=DIRECTION('',(-1.12644381556935E-16,0.,1.));
#8268=DIRECTION('',(1.,0.,1.12644381556935E-16));
#8269=DIRECTION('',(-7.9651606061474E-17,0.707106781186548,0.707106781186548));
#8270=DIRECTION('',(-7.9651606061474E-17,-0.707106781186548,0.707106781186548));
#8271=DIRECTION('',(0.,-1.,0.));
#8272=DIRECTION('',(0.,0.,-1.));
#8273=DIRECTION('',(0.,1.,0.));
#8274=DIRECTION('',(0.,0.,1.));
#8275=DIRECTION('',(-7.9651606061474E-17,-0.707106781186548,-0.707106781186548));
#8276=DIRECTION('',(-7.9651606061474E-17,0.707106781186548,-0.707106781186548));
#8277=DIRECTION('',(7.9651606061474E-17,-0.707106781186548,0.707106781186548));
#8278=DIRECTION('',(7.9651606061474E-17,0.707106781186548,0.707106781186548));
#8279=DIRECTION('',(1.12644381556935E-16,0.,1.));
#8280=DIRECTION('',(1.,0.,-1.12644381556935E-16));
#8281=DIRECTION('',(7.9651606061474E-17,0.707106781186548,0.707106781186548));
#8282=DIRECTION('',(7.9651606061474E-17,-0.707106781186548,0.707106781186548));
#8283=DIRECTION('',(-1.12644381556935E-16,0.,-1.));
#8284=DIRECTION('',(-1.,0.,1.12644381556935E-16));
#8285=DIRECTION('',(-7.9651606061474E-17,0.707106781186548,-0.707106781186548));
#8286=DIRECTION('',(-7.9651606061474E-17,-0.707106781186548,-0.707106781186548));
#8287=DIRECTION('',(0.,-1.,0.));
#8288=DIRECTION('',(0.,0.,-1.));
#8289=DIRECTION('',(0.,1.,0.));
#8290=DIRECTION('',(0.,0.,1.));
#8291=DIRECTION('',(7.9651606061474E-17,-0.707106781186548,0.707106781186548));
#8292=DIRECTION('',(7.9651606061474E-17,0.707106781186548,0.707106781186548));
#8293=DIRECTION('',(-7.9651606061474E-17,-0.707106781186548,-0.707106781186548));
#8294=DIRECTION('',(-7.9651606061474E-17,0.707106781186548,-0.707106781186548));
#8295=DIRECTION('',(-1.12644381556935E-16,0.,-1.));
#8296=DIRECTION('',(-1.,0.,1.12644381556935E-16));
#8297=DIRECTION('',(-7.9651606061474E-17,0.707106781186548,-0.707106781186548));
#8298=DIRECTION('',(-7.9651606061474E-17,-0.707106781186548,-0.707106781186548));
#8299=DIRECTION('',(1.12644381556935E-16,0.,1.));
#8300=DIRECTION('',(1.,0.,-1.12644381556935E-16));
#8301=DIRECTION('',(7.9651606061474E-17,0.707106781186548,0.707106781186548));
#8302=DIRECTION('',(7.9651606061474E-17,-0.707106781186548,0.707106781186548));
#8303=DIRECTION('',(0.,-1.,0.));
#8304=DIRECTION('',(0.,0.,-1.));
#8305=DIRECTION('',(-1.12644381556935E-16,-2.73691106313441E-48,1.));
#8306=DIRECTION('',(1.,0.,1.12644381556935E-16));
#8307=DIRECTION('',(-1.12644381556935E-16,-5.47382212626882E-48,1.));
#8308=DIRECTION('',(1.,0.,1.12644381556935E-16));
#8309=DIRECTION('',(0.,-0.707106781186549,0.707106781186546));
#8310=DIRECTION('',(1.,0.,0.));
#8311=DIRECTION('',(0.,0.707106781186549,-0.707106781186546));
#8312=DIRECTION('',(1.,0.,0.));
#8313=DIRECTION('',(1.49589601627646E-16,0.70710678118655,-0.707106781186546));
#8314=DIRECTION('',(1.,0.,2.11551643411806E-16));
#8315=DIRECTION('',(0.,0.707106781186551,-0.707106781186545));
#8316=DIRECTION('',(1.,0.,0.));
#8317=DIRECTION('',(0.,-0.707106781186545,-0.707106781186551));
#8318=DIRECTION('',(0.,1.,0.));
#8319=DIRECTION('',(0.,0.,1.));
#8320=DIRECTION('',(0.,-0.707106781186545,0.707106781186551));
#8321=DIRECTION('',(0.,-0.707106781186551,-0.707106781186545));
#8322=DIRECTION('',(-1.,0.,0.));
#8323=DIRECTION('',(0.,-0.707106781186545,0.707106781186551));
#8324=DIRECTION('',(0.,1.,0.));
#8325=DIRECTION('',(0.,0.,1.));
#8326=DIRECTION('',(0.,-0.707106781186545,-0.707106781186551));
#8327=DIRECTION('',(0.,0.707106781186551,-0.707106781186545));
#8328=DIRECTION('',(1.,0.,0.));
#8329=DIRECTION('',(0.,0.707106781186549,-0.707106781186546));
#8330=DIRECTION('',(1.,0.,0.));
#8331=DIRECTION('',(0.,-0.707106781186549,0.707106781186546));
#8332=DIRECTION('',(1.,0.,0.));
#8333=DIRECTION('',(1.49589601627646E-16,0.707106781186549,-0.707106781186546));
#8334=DIRECTION('',(1.,0.,2.11551643411806E-16));
#8335=DIRECTION('',(0.,0.707106781186551,-0.707106781186545));
#8336=DIRECTION('',(1.,0.,0.));
#8337=DIRECTION('',(0.,-0.707106781186545,-0.707106781186551));
#8338=DIRECTION('',(0.,1.,0.));
#8339=DIRECTION('',(0.,0.,1.));
#8340=DIRECTION('',(0.,-0.707106781186545,0.707106781186551));
#8341=DIRECTION('',(0.,-0.707106781186551,-0.707106781186545));
#8342=DIRECTION('',(-1.,0.,0.));
#8343=DIRECTION('',(0.,-0.707106781186545,0.707106781186551));
#8344=DIRECTION('',(0.,1.,0.));
#8345=DIRECTION('',(0.,0.,1.));
#8346=DIRECTION('',(0.,-0.707106781186545,-0.707106781186551));
#8347=DIRECTION('',(0.,0.707106781186551,-0.707106781186545));
#8348=DIRECTION('',(1.,0.,0.));
#8349=DIRECTION('',(7.96516060614736E-17,0.707106781186551,-0.707106781186545));
#8350=DIRECTION('',(1.,0.,1.12644381556935E-16));
#8351=DIRECTION('',(0.70710678118655,7.38936586353431E-17,0.707106781186545));
#8352=DIRECTION('',(0.,-1.,1.0450141421547E-16));
#8353=DIRECTION('',(0.707106781186545,0.,-0.70710678118655));
#8354=DIRECTION('',(-0.707106781186545,0.,0.70710678118655));
#8355=DIRECTION('',(-1.,0.,0.));
#8356=DIRECTION('',(0.,0.,1.));
#8357=DIRECTION('',(-0.707106781186558,0.,-0.707106781186538));
#8358=DIRECTION('',(-1.,0.,0.));
#8359=DIRECTION('',(0.,0.,1.));
#8360=DIRECTION('',(0.707106781186558,0.,0.707106781186538));
#8361=DIRECTION('',(-0.70710678118655,8.86723903624117E-17,0.707106781186545));
#8362=DIRECTION('',(0.,1.,-1.25401697058564E-16));
#8363=DIRECTION('',(-1.,0.,0.));
#8364=DIRECTION('',(0.,0.,1.));
#8365=DIRECTION('',(1.,0.,0.));
#8366=DIRECTION('',(0.,0.,-1.));
#8367=DIRECTION('',(1.,0.,0.));
#8368=DIRECTION('',(0.,0.,-1.));
#8369=DIRECTION('',(0.,1.,0.));
#8370=DIRECTION('',(0.,1.,0.));
#8371=DIRECTION('',(0.,1.,0.));
#8372=DIRECTION('',(0.,1.,0.));
#8373=DIRECTION('',(0.,0.,1.));
#8374=DIRECTION('',(0.,1.,0.));
#8375=DIRECTION('',(0.,1.,0.));
#8376=DIRECTION('',(0.,0.,1.));
#8377=DIRECTION('',(0.,1.,0.));
#8378=DIRECTION('',(1.,0.,0.));
#8379=DIRECTION('',(0.,0.,-1.));
#8380=DIRECTION('',(0.,1.,0.));
#8381=DIRECTION('',(0.,0.,1.));
#8382=DIRECTION('',(0.,1.,0.));
#8383=DIRECTION('',(0.,1.,0.));
#8384=DIRECTION('',(1.,0.,0.));
#8385=DIRECTION('',(0.,0.,-1.));
#8386=DIRECTION('',(0.,1.,0.));
#8387=DIRECTION('',(1.,0.,0.));
#8388=DIRECTION('',(0.,0.,-1.));
#8389=DIRECTION('',(0.,1.,0.));
#8390=DIRECTION('',(0.,1.,0.));
#8391=DIRECTION('',(0.,1.,0.));
#8392=DIRECTION('',(0.,0.,1.));
#8393=DIRECTION('',(1.,0.,0.));
#8394=DIRECTION('',(0.,0.,-1.));
#8395=DIRECTION('',(0.,1.,0.));
#8396=DIRECTION('',(0.,1.,0.));
#8397=DIRECTION('',(0.,1.,0.));
#8398=DIRECTION('',(0.,0.,1.));
#8399=DIRECTION('',(0.,1.,0.));
#8400=DIRECTION('',(0.,1.,0.));
#8401=DIRECTION('',(0.,0.,1.));
#8402=DIRECTION('',(0.,1.,0.));
#8403=DIRECTION('',(1.,0.,0.));
#8404=DIRECTION('',(0.,0.,-1.));
#8405=DIRECTION('',(1.,0.,0.));
#8406=DIRECTION('',(0.,0.,-1.));
#8407=DIRECTION('',(0.,1.,0.));
#8408=DIRECTION('',(0.,1.,0.));
#8409=DIRECTION('',(0.,1.,0.));
#8410=DIRECTION('',(0.,0.,1.));
#8411=DIRECTION('',(0.,1.,0.));
#8412=DIRECTION('',(0.,1.,0.));
#8413=DIRECTION('',(0.,0.,1.));
#8414=DIRECTION('',(0.,1.,0.));
#8415=DIRECTION('',(1.,0.,0.));
#8416=DIRECTION('',(0.,0.,-1.));
#8417=DIRECTION('',(1.,0.,-1.44560289664734E-16));
#8418=DIRECTION('',(-1.44560289664734E-16,0.,-1.));
#8419=DIRECTION('',(0.,1.,0.));
#8420=DIRECTION('',(0.,1.,0.));
#8421=DIRECTION('',(0.,1.,0.));
#8422=DIRECTION('',(0.,0.,1.));
#8423=DIRECTION('',(0.,1.,0.));
#8424=DIRECTION('',(0.,1.,0.));
#8425=DIRECTION('',(0.,0.,1.));
#8426=DIRECTION('',(0.,1.,0.));
#8427=DIRECTION('',(1.,0.,0.));
#8428=DIRECTION('',(0.,0.,-1.));
#8429=DIRECTION('',(1.,0.,0.));
#8430=DIRECTION('',(0.,0.,-1.));
#8431=DIRECTION('',(0.,1.,0.));
#8432=DIRECTION('',(0.,1.,0.));
#8433=DIRECTION('',(0.,1.,0.));
#8434=DIRECTION('',(0.,0.,1.));
#8435=DIRECTION('',(0.,1.,0.));
#8436=DIRECTION('',(0.,1.,0.));
#8437=DIRECTION('',(0.,0.,1.));
#8438=DIRECTION('',(0.,1.,0.));
#8439=DIRECTION('',(1.,0.,-1.0842021724855E-16));
#8440=DIRECTION('',(-1.0842021724855E-16,0.,-1.));
#8441=DIRECTION('',(1.,0.,0.));
#8442=DIRECTION('',(0.,0.,-1.));
#8443=DIRECTION('',(0.,1.,0.));
#8444=DIRECTION('',(0.,1.,0.));
#8445=DIRECTION('',(0.,1.,0.));
#8446=DIRECTION('',(0.,0.,1.));
#8447=DIRECTION('',(0.,1.,0.));
#8448=DIRECTION('',(0.,1.,0.));
#8449=DIRECTION('',(0.,0.,1.));
#8450=DIRECTION('',(0.,1.,0.));
#8451=DIRECTION('',(1.,0.,0.));
#8452=DIRECTION('',(0.,0.,-1.));
#8453=DIRECTION('',(1.,0.,0.));
#8454=DIRECTION('',(0.,0.,-1.));
#8455=DIRECTION('',(0.,1.,0.));
#8456=DIRECTION('',(0.,1.,0.));
#8457=DIRECTION('',(0.,1.,0.));
#8458=DIRECTION('',(0.,0.,1.));
#8459=DIRECTION('',(0.,1.,0.));
#8460=DIRECTION('',(0.,1.,0.));
#8461=DIRECTION('',(0.,0.,1.));
#8462=DIRECTION('',(0.,1.,0.));
#8463=DIRECTION('',(1.,0.,0.));
#8464=DIRECTION('',(0.,0.,-1.));
#8465=CARTESIAN_POINT('',(0.,0.,0.));
#8466=CARTESIAN_POINT('',(0.,-0.002,0.));
#8467=CARTESIAN_POINT('',(-0.027,-0.002,-8.67361737988404E-19));
#8468=CARTESIAN_POINT('',(-0.027,-0.002,0.006));
#8469=CARTESIAN_POINT('',(-0.027,-0.002,-0.006));
#8470=CARTESIAN_POINT('',(-0.0295,-0.002,-0.006));
#8471=CARTESIAN_POINT('',(-0.032,-0.002,-0.006));
#8472=CARTESIAN_POINT('',(-0.032,-0.002,-1.7347234759768E-18));
#8473=CARTESIAN_POINT('',(-0.032,-0.002,0.006));
#8474=CARTESIAN_POINT('',(-0.0295,-0.002,0.006));
#8475=CARTESIAN_POINT('',(-0.015,-0.002,-2.60208521396521E-18));
#8476=CARTESIAN_POINT('',(-0.015,-0.002,0.006));
#8477=CARTESIAN_POINT('',(-0.015,-0.002,-0.006));
#8478=CARTESIAN_POINT('',(-0.0175,-0.002,-0.006));
#8479=CARTESIAN_POINT('',(-0.02,-0.002,-0.006));
#8480=CARTESIAN_POINT('',(-0.02,-0.002,-2.60208521396521E-18));
#8481=CARTESIAN_POINT('',(-0.02,-0.002,0.006));
#8482=CARTESIAN_POINT('',(-0.0175,-0.002,0.006));
#8483=CARTESIAN_POINT('',(-0.003,-0.002,-4.33680868994202E-18));
#8484=CARTESIAN_POINT('',(-0.003,-0.002,0.006));
#8485=CARTESIAN_POINT('',(-0.003,-0.002,-0.006));
#8486=CARTESIAN_POINT('',(-0.0055,-0.002,-0.006));
#8487=CARTESIAN_POINT('',(-0.008,-0.002,-0.006));
#8488=CARTESIAN_POINT('',(-0.008,-0.002,-4.33680868994202E-18));
#8489=CARTESIAN_POINT('',(-0.008,-0.002,0.006));
#8490=CARTESIAN_POINT('',(-0.0055,-0.002,0.006));
#8491=CARTESIAN_POINT('',(0.009,-0.002,-6.07153216591882E-18));
#8492=CARTESIAN_POINT('',(0.009,-0.002,0.006));
#8493=CARTESIAN_POINT('',(0.009,-0.002,-0.006));
#8494=CARTESIAN_POINT('',(0.0065,-0.002,-0.006));
#8495=CARTESIAN_POINT('',(0.004,-0.002,-0.006));
#8496=CARTESIAN_POINT('',(0.004,-0.002,-6.07153216591882E-18));
#8497=CARTESIAN_POINT('',(0.004,-0.002,0.006));
#8498=CARTESIAN_POINT('',(0.0065,-0.002,0.006));
#8499=CARTESIAN_POINT('',(0.021,-0.002,-6.93889390390723E-18));
#8500=CARTESIAN_POINT('',(0.021,-0.002,0.006));
#8501=CARTESIAN_POINT('',(0.021,-0.002,-0.006));
#8502=CARTESIAN_POINT('',(0.0185,-0.002,-0.006));
#8503=CARTESIAN_POINT('',(0.016,-0.002,-0.006));
#8504=CARTESIAN_POINT('',(0.016,-0.002,-6.93889390390723E-18));
#8505=CARTESIAN_POINT('',(0.016,-0.002,0.006));
#8506=CARTESIAN_POINT('',(0.0185,-0.002,0.006));
#8507=CARTESIAN_POINT('',(0.033,-0.002,-8.67361737988404E-18));
#8508=CARTESIAN_POINT('',(0.033,-0.002,0.006));
#8509=CARTESIAN_POINT('',(0.033,-0.002,-0.006));
#8510=CARTESIAN_POINT('',(0.0305,-0.002,-0.006));
#8511=CARTESIAN_POINT('',(0.028,-0.002,-0.006));
#8512=CARTESIAN_POINT('',(0.028,-0.002,-8.67361737988404E-18));
#8513=CARTESIAN_POINT('',(0.028,-0.002,0.006));
#8514=CARTESIAN_POINT('',(0.0305,-0.002,0.006));
#8515=CARTESIAN_POINT('',(-0.044,-0.002,0.));
#8516=CARTESIAN_POINT('',(-0.044,-0.002,0.006));
#8517=CARTESIAN_POINT('',(-0.044,-0.002,-0.006));
#8518=CARTESIAN_POINT('',(-0.0415,-0.002,0.006));
#8519=CARTESIAN_POINT('',(-0.0419,-0.002,0.00846779253585062));
#8520=CARTESIAN_POINT('',(-0.0419,-0.002,0.020887));
#8521=CARTESIAN_POINT('',(-0.0419,-0.002,0.0124686272505275));
#8522=CARTESIAN_POINT('',(-2.91311069516831E-18,-0.002,0.0124686272505275));
#8523=CARTESIAN_POINT('',(-0.051713075544457,-0.002,0.0124686272505274));
#8524=CARTESIAN_POINT('',(-0.00805073162196627,-0.002,0.0259923620937768));
#8525=CARTESIAN_POINT('',(-0.0519,-0.002,0.0124107302952708));
#8526=CARTESIAN_POINT('',(-0.0519,-0.002,-5.20417042793042E-18));
#8527=CARTESIAN_POINT('',(-0.0519,-0.002,-0.008385));
#8528=CARTESIAN_POINT('',(9.44523139354905E-19,-0.002,-0.008385));
#8529=CARTESIAN_POINT('',(-0.0449,-0.002,-0.008385));
#8530=CARTESIAN_POINT('',(-0.0449,-0.002,-5.0577327319064E-18));
#8531=CARTESIAN_POINT('',(-0.0449,-0.002,-0.018385));
#8532=CARTESIAN_POINT('',(5.0689971700621E-19,-0.002,-0.018385));
#8533=CARTESIAN_POINT('',(0.0449,-0.002,-0.018385));
#8534=CARTESIAN_POINT('',(0.0449,-0.002,5.0577327319064E-18));
#8535=CARTESIAN_POINT('',(0.0449,-0.002,-0.008385));
#8536=CARTESIAN_POINT('',(9.44523139354905E-19,-0.002,-0.008385));
#8537=CARTESIAN_POINT('',(0.0519,-0.002,-0.008385));
#8538=CARTESIAN_POINT('',(0.0519,-0.002,6.93889390390723E-18));
#8539=CARTESIAN_POINT('',(0.0519,-0.002,0.0123373961954102));
#8540=CARTESIAN_POINT('',(0.00626589701919346,-0.002,0.0241684599311748));
#8541=CARTESIAN_POINT('',(0.051393823073119,-0.002,0.0124686272505275));
#8542=CARTESIAN_POINT('',(-2.91311069516831E-18,-0.002,0.0124686272505275));
#8543=CARTESIAN_POINT('',(0.0419,-0.002,0.0124686272505275));
#8544=CARTESIAN_POINT('',(0.0419,-0.002,0.020887));
#8545=CARTESIAN_POINT('',(0.0419,-0.002,0.00842693221990231));
#8546=CARTESIAN_POINT('',(0.0425,-0.002,0.006));
#8547=CARTESIAN_POINT('',(0.045,-0.002,0.006));
#8548=CARTESIAN_POINT('',(0.045,-0.002,-1.04083408558608E-17));
#8549=CARTESIAN_POINT('',(0.045,-0.002,-0.006));
#8550=CARTESIAN_POINT('',(0.0425,-0.002,-0.006));
#8551=CARTESIAN_POINT('',(0.04,-0.002,-0.006));
#8552=CARTESIAN_POINT('',(0.04,-0.002,-1.04083408558608E-17));
#8553=CARTESIAN_POINT('',(0.04,-0.002,-0.003885));
#8554=CARTESIAN_POINT('',(-1.12644381556935E-18,-0.002,-0.003885));
#8555=CARTESIAN_POINT('',(0.0349,-0.002,-0.003885));
#8556=CARTESIAN_POINT('',(0.0349,-0.002,0.020887));
#8557=CARTESIAN_POINT('',(0.0349,-0.002,0.0124686272505275));
#8558=CARTESIAN_POINT('',(-2.91311069516831E-18,-0.002,0.0124686272505275));
#8559=CARTESIAN_POINT('',(-0.0349,-0.002,0.0124686272505275));
#8560=CARTESIAN_POINT('',(-0.0349,-0.002,0.020887));
#8561=CARTESIAN_POINT('',(-0.0349,-0.002,-0.003885));
#8562=CARTESIAN_POINT('',(-1.12644381556935E-18,-0.002,-0.003885));
#8563=CARTESIAN_POINT('',(-0.039,-0.002,-0.003885));
#8564=CARTESIAN_POINT('',(-0.039,-0.002,0.));
#8565=CARTESIAN_POINT('',(-0.039,-0.002,-0.006));
#8566=CARTESIAN_POINT('',(-0.0415,-0.002,-0.006));
#8567=CARTESIAN_POINT('',(0.,0.,0.));
#8568=CARTESIAN_POINT('',(-0.0509,0.,0.013885));
#8569=CARTESIAN_POINT('',(-0.0509,0.,-0.018385));
#8570=CARTESIAN_POINT('',(-0.0509,0.,0.0131768136252637));
#8571=CARTESIAN_POINT('',(0.0509,0.,0.0131768136252637));
#8572=CARTESIAN_POINT('',(0.0509,0.,0.0131768136252637));
#8573=CARTESIAN_POINT('',(0.0509,0.,0.));
#8574=CARTESIAN_POINT('',(0.0509,0.,-0.018385));
#8575=CARTESIAN_POINT('',(5.0689971700621E-19,0.,-0.018385));
#8576=CARTESIAN_POINT('',(0.0425,0.,-0.006));
#8577=CARTESIAN_POINT('',(0.04,0.,-0.006));
#8578=CARTESIAN_POINT('',(0.045,0.,-0.006));
#8579=CARTESIAN_POINT('',(0.045,0.,-1.04083408558608E-17));
#8580=CARTESIAN_POINT('',(0.045,0.,0.006));
#8581=CARTESIAN_POINT('',(0.0425,0.,0.006));
#8582=CARTESIAN_POINT('',(0.04,0.,0.006));
#8583=CARTESIAN_POINT('',(0.04,0.,-1.04083408558608E-17));
#8584=CARTESIAN_POINT('',(0.0305,0.,-0.006));
#8585=CARTESIAN_POINT('',(0.028,0.,-0.006));
#8586=CARTESIAN_POINT('',(0.033,0.,-0.006));
#8587=CARTESIAN_POINT('',(0.033,0.,-8.67361737988404E-18));
#8588=CARTESIAN_POINT('',(0.033,0.,0.006));
#8589=CARTESIAN_POINT('',(0.0305,0.,0.006));
#8590=CARTESIAN_POINT('',(0.028,0.,0.006));
#8591=CARTESIAN_POINT('',(0.028,0.,-8.67361737988404E-18));
#8592=CARTESIAN_POINT('',(0.0185,0.,-0.006));
#8593=CARTESIAN_POINT('',(0.016,0.,-0.006));
#8594=CARTESIAN_POINT('',(0.021,0.,-0.006));
#8595=CARTESIAN_POINT('',(0.021,0.,-6.93889390390723E-18));
#8596=CARTESIAN_POINT('',(0.021,0.,0.006));
#8597=CARTESIAN_POINT('',(0.0185,0.,0.006));
#8598=CARTESIAN_POINT('',(0.016,0.,0.006));
#8599=CARTESIAN_POINT('',(0.016,0.,-6.93889390390723E-18));
#8600=CARTESIAN_POINT('',(0.0065,0.,-0.006));
#8601=CARTESIAN_POINT('',(0.004,0.,-0.006));
#8602=CARTESIAN_POINT('',(0.009,0.,-0.006));
#8603=CARTESIAN_POINT('',(0.009,0.,-6.07153216591882E-18));
#8604=CARTESIAN_POINT('',(0.009,0.,0.006));
#8605=CARTESIAN_POINT('',(0.0065,0.,0.006));
#8606=CARTESIAN_POINT('',(0.004,0.,0.006));
#8607=CARTESIAN_POINT('',(0.004,0.,-6.07153216591882E-18));
#8608=CARTESIAN_POINT('',(-0.0055,0.,-0.006));
#8609=CARTESIAN_POINT('',(-0.008,0.,-0.006));
#8610=CARTESIAN_POINT('',(-0.003,0.,-0.006));
#8611=CARTESIAN_POINT('',(-0.003,0.,-4.33680868994202E-18));
#8612=CARTESIAN_POINT('',(-0.003,0.,0.006));
#8613=CARTESIAN_POINT('',(-0.0055,0.,0.006));
#8614=CARTESIAN_POINT('',(-0.008,0.,0.006));
#8615=CARTESIAN_POINT('',(-0.008,0.,-4.33680868994202E-18));
#8616=CARTESIAN_POINT('',(-0.0175,0.,-0.006));
#8617=CARTESIAN_POINT('',(-0.02,0.,-0.006));
#8618=CARTESIAN_POINT('',(-0.015,0.,-0.006));
#8619=CARTESIAN_POINT('',(-0.015,0.,-2.60208521396521E-18));
#8620=CARTESIAN_POINT('',(-0.015,0.,0.006));
#8621=CARTESIAN_POINT('',(-0.0175,0.,0.006));
#8622=CARTESIAN_POINT('',(-0.02,0.,0.006));
#8623=CARTESIAN_POINT('',(-0.02,0.,-2.60208521396521E-18));
#8624=CARTESIAN_POINT('',(-0.0295,0.,-0.006));
#8625=CARTESIAN_POINT('',(-0.032,0.,-0.006));
#8626=CARTESIAN_POINT('',(-0.027,0.,-0.006));
#8627=CARTESIAN_POINT('',(-0.027,0.,-8.67361737988404E-19));
#8628=CARTESIAN_POINT('',(-0.027,0.,0.006));
#8629=CARTESIAN_POINT('',(-0.0295,0.,0.006));
#8630=CARTESIAN_POINT('',(-0.032,0.,0.006));
#8631=CARTESIAN_POINT('',(-0.032,0.,-1.7347234759768E-18));
#8632=CARTESIAN_POINT('',(-0.0415,0.,0.006));
#8633=CARTESIAN_POINT('',(-0.039,0.,0.006));
#8634=CARTESIAN_POINT('',(-0.044,0.,0.006));
#8635=CARTESIAN_POINT('',(-0.044,0.,0.));
#8636=CARTESIAN_POINT('',(-0.044,0.,-0.006));
#8637=CARTESIAN_POINT('',(-0.0415,0.,-0.006));
#8638=CARTESIAN_POINT('',(-0.039,0.,-0.006));
#8639=CARTESIAN_POINT('',(-0.039,0.,0.));
#8640=CARTESIAN_POINT('',(0.0384,-0.017,0.020887));
#8641=CARTESIAN_POINT('',(0.04,-0.017,-1.04083408558608E-17));
#8642=CARTESIAN_POINT('',(0.04,-0.017,-0.003885));
#8643=CARTESIAN_POINT('',(0.04,-0.017,0.006));
#8644=CARTESIAN_POINT('',(0.0425,-0.017,0.006));
#8645=CARTESIAN_POINT('',(0.0419,-0.017,0.00842693221990232));
#8646=CARTESIAN_POINT('',(0.0419,-0.017,0.020887));
#8647=CARTESIAN_POINT('',(0.0419,-0.017,0.0149299887880028));
#8648=CARTESIAN_POINT('',(0.0371732967621241,-0.017,0.0161554303681928));
#8649=CARTESIAN_POINT('',(0.0349,-0.017,0.0167448036028176));
#8650=CARTESIAN_POINT('',(0.0349,-0.017,0.020887));
#8651=CARTESIAN_POINT('',(0.0349,-0.017,-0.003885));
#8652=CARTESIAN_POINT('',(0.0384,-0.017,-0.003885));
#8653=CARTESIAN_POINT('',(0.0419,-0.0095,0.020887));
#8654=CARTESIAN_POINT('',(0.0419,-0.102302,0.00842693221990232));
#8655=CARTESIAN_POINT('',(0.0419,-0.0113096449419821,0.0157450231577107));
#8656=CARTESIAN_POINT('',(0.0419,-0.00899378299719768,0.0149299887880028));
#8657=CARTESIAN_POINT('',(0.0419,-0.0095,0.0149299887880028));
#8658=CARTESIAN_POINT('',(4.37623422348695E-19,-0.05115,-0.003885));
#8659=CARTESIAN_POINT('',(0.04,-0.102302,-0.003885));
#8660=CARTESIAN_POINT('',(0.0349,-0.0095,-0.003885));
#8661=CARTESIAN_POINT('',(-0.0419,-0.0095,0.020887));
#8662=CARTESIAN_POINT('',(-0.0419,-0.102302,0.00846779253585061));
#8663=CARTESIAN_POINT('',(-0.0419,-0.017,0.00846779253585061));
#8664=CARTESIAN_POINT('',(-0.0419,-0.017,0.020887));
#8665=CARTESIAN_POINT('',(-0.0419,-0.017,0.0155080754280141));
#8666=CARTESIAN_POINT('',(-0.0419,-0.0095,0.0155080754280141));
#8667=CARTESIAN_POINT('',(-0.0419,-0.0106363748928872,0.0155080754280141));
#8668=CARTESIAN_POINT('',(-0.0419,-0.0113096449419821,0.0157450231577107));
#8669=CARTESIAN_POINT('',(-0.053902,-0.0105,0.00331115242270663));
#8670=CARTESIAN_POINT('',(-0.0369,-0.0105,0.00331115242270663));
#8671=CARTESIAN_POINT('',(-0.0369,-0.0075,0.00331115242270663));
#8672=CARTESIAN_POINT('',(-0.039,-0.0118304505650657,0.006));
#8673=CARTESIAN_POINT('',(-0.039,-0.0114150541186698,0.00620553951867735));
#8674=CARTESIAN_POINT('',(-0.0390388774372136,-0.0105019887210905,0.00641677293907253));
#8675=CARTESIAN_POINT('',(-0.039,-0.00958491380140509,0.00620552364542563));
#8676=CARTESIAN_POINT('',(-0.039,-0.00916954943493431,0.006));
#8677=CARTESIAN_POINT('',(-0.039,-0.0118304505650657,0.006));
#8678=CARTESIAN_POINT('',(-0.039,-0.00916954943493432,0.006));
#8679=CARTESIAN_POINT('',(-0.039,-0.0105,0.00331115242270663));
#8680=CARTESIAN_POINT('',(0.053902,-0.0105,0.00331115242270663));
#8681=CARTESIAN_POINT('',(0.0369,-0.0105,0.00331115242270663));
#8682=CARTESIAN_POINT('',(0.0369,-0.0075,0.00331115242270663));
#8683=CARTESIAN_POINT('',(0.04,-0.00916954943493429,0.006));
#8684=CARTESIAN_POINT('',(0.04,-0.00958494588133016,0.00620553951867736));
#8685=CARTESIAN_POINT('',(0.0400388774372136,-0.0104980112789096,0.00641677293907252));
#8686=CARTESIAN_POINT('',(0.04,-0.0114150861985949,0.00620552364542563));
#8687=CARTESIAN_POINT('',(0.04,-0.0118304505650657,0.006));
#8688=CARTESIAN_POINT('',(0.04,-0.0091695494349343,0.006));
#8689=CARTESIAN_POINT('',(0.04,-0.0118304505650657,0.006));
#8690=CARTESIAN_POINT('',(0.04,-0.0105,0.00331115242270663));
#8691=CARTESIAN_POINT('',(5.0689971700621E-19,-0.1023,-0.018385));
#8692=CARTESIAN_POINT('',(0.0494,-0.00475,-0.018385));
#8693=CARTESIAN_POINT('',(0.0479,-0.00475,-0.018385));
#8694=CARTESIAN_POINT('',(0.0509,-0.003,-0.018385));
#8695=CARTESIAN_POINT('',(0.0539,-0.003,-0.018385));
#8696=CARTESIAN_POINT('',(0.0539,-0.1023,-0.018385));
#8697=CARTESIAN_POINT('',(0.0539,-0.0993,-0.018385));
#8698=CARTESIAN_POINT('',(0.0509,-0.0993,-0.018385));
#8699=CARTESIAN_POINT('',(0.0509,-0.1023,-0.018385));
#8700=CARTESIAN_POINT('',(5.0689971700621E-19,-0.1023,-0.018385));
#8701=CARTESIAN_POINT('',(-0.0509,-0.1023,-0.018385));
#8702=CARTESIAN_POINT('',(-0.0509,-0.0993,-0.018385));
#8703=CARTESIAN_POINT('',(-0.0539,-0.0993,-0.018385));
#8704=CARTESIAN_POINT('',(-0.0539,-0.1023,-0.018385));
#8705=CARTESIAN_POINT('',(-0.0539,-0.003,-0.018385));
#8706=CARTESIAN_POINT('',(-0.0509,-0.003,-0.018385));
#8707=CARTESIAN_POINT('',(-0.0519,-0.1023,-0.018385));
#8708=CARTESIAN_POINT('',(-0.0519,-0.1007,-0.018385));
#8709=CARTESIAN_POINT('',(-0.0519,-0.009,-0.018385));
#8710=CARTESIAN_POINT('',(0.0519,-0.1007,-0.018385));
#8711=CARTESIAN_POINT('',(0.0519,-0.1007,-0.018385));
#8712=CARTESIAN_POINT('',(0.0519,-0.1023,-0.018385));
#8713=CARTESIAN_POINT('',(0.0519,-0.009,-0.018385));
#8714=CARTESIAN_POINT('',(0.0494,-0.009,-0.018385));
#8715=CARTESIAN_POINT('',(0.0469,-0.009,-0.018385));
#8716=CARTESIAN_POINT('',(0.0469,-0.007,-0.018385));
#8717=CARTESIAN_POINT('',(0.0449,-0.007,-0.018385));
#8718=CARTESIAN_POINT('',(0.0449,-0.0045,-0.018385));
#8719=CARTESIAN_POINT('',(-0.0449,-0.0045,-0.018385));
#8720=CARTESIAN_POINT('',(-0.0449,-0.007,-0.018385));
#8721=CARTESIAN_POINT('',(-0.0469,-0.007,-0.018385));
#8722=CARTESIAN_POINT('',(-0.0469,-0.009,-0.018385));
#8723=CARTESIAN_POINT('',(-0.0494,-0.009,-0.018385));
#8724=CARTESIAN_POINT('',(-0.0494,-0.00475,-0.018385));
#8725=CARTESIAN_POINT('',(-0.0509,-0.00475,-0.018385));
#8726=CARTESIAN_POINT('',(0.,-0.1023,0.));
#8727=CARTESIAN_POINT('',(0.0346,-0.1023,-0.014935));
#8728=CARTESIAN_POINT('',(0.0346,-0.1023,-0.015385));
#8729=CARTESIAN_POINT('',(0.0346,-0.1023,-0.014485));
#8730=CARTESIAN_POINT('',(0.0355,-0.1023,-0.014485));
#8731=CARTESIAN_POINT('',(0.0364,-0.1023,-0.014485));
#8732=CARTESIAN_POINT('',(0.0364,-0.1023,-0.014935));
#8733=CARTESIAN_POINT('',(0.0364,-0.1023,-0.015385));
#8734=CARTESIAN_POINT('',(0.0372,-0.1023,-0.015385));
#8735=CARTESIAN_POINT('',(0.038,-0.1023,-0.015385));
#8736=CARTESIAN_POINT('',(0.038,-0.1023,-0.016135));
#8737=CARTESIAN_POINT('',(0.038,-0.1023,-0.016885));
#8738=CARTESIAN_POINT('',(0.0305,-0.1023,-0.016885));
#8739=CARTESIAN_POINT('',(0.023,-0.1023,-0.016885));
#8740=CARTESIAN_POINT('',(0.023,-0.1023,-0.016135));
#8741=CARTESIAN_POINT('',(0.023,-0.1023,-0.015385));
#8742=CARTESIAN_POINT('',(0.0238,-0.1023,-0.015385));
#8743=CARTESIAN_POINT('',(0.0246,-0.1023,-0.015385));
#8744=CARTESIAN_POINT('',(0.0246,-0.1023,-0.014935));
#8745=CARTESIAN_POINT('',(0.0246,-0.1023,-0.014485));
#8746=CARTESIAN_POINT('',(0.0255,-0.1023,-0.014485));
#8747=CARTESIAN_POINT('',(0.0264,-0.1023,-0.014485));
#8748=CARTESIAN_POINT('',(0.0264,-0.1023,-0.014935));
#8749=CARTESIAN_POINT('',(0.0264,-0.1023,-0.015385));
#8750=CARTESIAN_POINT('',(0.0305,-0.1023,-0.015385));
#8751=CARTESIAN_POINT('',(-0.0351161165235169,-0.1023,-0.00585111652351683));
#8752=CARTESIAN_POINT('',(-0.0358535533905933,-0.1023,-0.00511367965644037));
#8753=CARTESIAN_POINT('',(-0.0343786796564404,-0.1023,-0.00658855339059328));
#8754=CARTESIAN_POINT('',(-0.0355,-0.1023,-0.00476012626584709));
#8755=CARTESIAN_POINT('',(-0.036,-0.1023,-0.00476012626584709));
#8756=CARTESIAN_POINT('',(-0.036,-0.1023,-0.00307111652351682));
#8757=CARTESIAN_POINT('',(-0.036,-0.1023,-0.001675));
#8758=CARTESIAN_POINT('',(-0.0355,-0.1023,-0.001675));
#8759=CARTESIAN_POINT('',(-0.0355,-0.1023,-0.001175));
#8760=CARTESIAN_POINT('',(-0.02755,-0.1023,-0.001175));
#8761=CARTESIAN_POINT('',(-0.0196,-0.1023,-0.001175));
#8762=CARTESIAN_POINT('',(-0.0196,-0.1023,-0.001675));
#8763=CARTESIAN_POINT('',(-0.0191,-0.1023,-0.001675));
#8764=CARTESIAN_POINT('',(-0.0191,-0.1023,-0.003955));
#8765=CARTESIAN_POINT('',(-0.0191,-0.1023,-0.006235));
#8766=CARTESIAN_POINT('',(-0.0196,-0.1023,-0.006235));
#8767=CARTESIAN_POINT('',(-0.0196,-0.1023,-0.006735));
#8768=CARTESIAN_POINT('',(-0.0266661165235169,-0.1023,-0.006735));
#8769=CARTESIAN_POINT('',(-0.0340251262658471,-0.1023,-0.006735));
#8770=CARTESIAN_POINT('',(-0.0340251262658471,-0.1023,-0.006235));
#8771=CARTESIAN_POINT('',(-0.0445,-0.1023,-0.000885000000000013));
#8772=CARTESIAN_POINT('',(-0.0445,-0.1023,-0.00438500000000001));
#8773=CARTESIAN_POINT('',(0.01619,-0.1023,0.001065));
#8774=CARTESIAN_POINT('',(0.01619,-0.1023,-0.005885));
#8775=CARTESIAN_POINT('',(0.01619,-0.1023,0.008015));
#8776=CARTESIAN_POINT('',(0.01569,-0.1023,-0.005885));
#8777=CARTESIAN_POINT('',(0.01569,-0.1023,-0.006385));
#8778=CARTESIAN_POINT('',(0.00929,-0.1023,-0.006385));
#8779=CARTESIAN_POINT('',(0.00289,-0.1023,-0.006385));
#8780=CARTESIAN_POINT('',(0.00289,-0.1023,-0.005885));
#8781=CARTESIAN_POINT('',(0.00239,-0.1023,-0.005885));
#8782=CARTESIAN_POINT('',(0.00239,-0.1023,0.001065));
#8783=CARTESIAN_POINT('',(0.00239,-0.1023,0.008015));
#8784=CARTESIAN_POINT('',(0.00289,-0.1023,0.008015));
#8785=CARTESIAN_POINT('',(0.00289,-0.1023,0.008515));
#8786=CARTESIAN_POINT('',(0.00929,-0.1023,0.008515));
#8787=CARTESIAN_POINT('',(0.01569,-0.1023,0.008515));
#8788=CARTESIAN_POINT('',(0.01569,-0.1023,0.008015));
#8789=CARTESIAN_POINT('',(-0.000810000000000017,-0.1023,0.001065));
#8790=CARTESIAN_POINT('',(-0.000810000000000016,-0.1023,-0.005885));
#8791=CARTESIAN_POINT('',(-0.000810000000000018,-0.1023,0.008015));
#8792=CARTESIAN_POINT('',(-0.00131000000000002,-0.1023,-0.005885));
#8793=CARTESIAN_POINT('',(-0.00131000000000001,-0.1023,-0.006385));
#8794=CARTESIAN_POINT('',(-0.00771,-0.1023,-0.006385));
#8795=CARTESIAN_POINT('',(-0.01411,-0.1023,-0.006385));
#8796=CARTESIAN_POINT('',(-0.01411,-0.1023,-0.005885));
#8797=CARTESIAN_POINT('',(-0.01461,-0.1023,-0.005885));
#8798=CARTESIAN_POINT('',(-0.01461,-0.1023,0.001065));
#8799=CARTESIAN_POINT('',(-0.01461,-0.1023,0.008015));
#8800=CARTESIAN_POINT('',(-0.01411,-0.1023,0.008015));
#8801=CARTESIAN_POINT('',(-0.01411,-0.1023,0.008515));
#8802=CARTESIAN_POINT('',(-0.00771,-0.1023,0.008515));
#8803=CARTESIAN_POINT('',(-0.00131000000000002,-0.1023,0.008515));
#8804=CARTESIAN_POINT('',(-0.00131000000000002,-0.1023,0.008015));
#8805=CARTESIAN_POINT('',(0.0509,-0.1023,0.013885));
#8806=CARTESIAN_POINT('',(0.0509,-0.1023,0.0130345951656846));
#8807=CARTESIAN_POINT('',(-1.17217540706875E-18,-0.1023,0.0130345951656846));
#8808=CARTESIAN_POINT('',(-0.0509,-0.1023,0.0130345951656846));
#8809=CARTESIAN_POINT('',(-0.0509,-0.1023,0.));
#8810=CARTESIAN_POINT('',(0.03439,-0.1023,0.0032075));
#8811=CARTESIAN_POINT('',(0.03439,-0.1023,4.99962207478021E-5));
#8812=CARTESIAN_POINT('',(0.03439,-0.1023,0.005915));
#8813=CARTESIAN_POINT('',(0.03489,-0.1023,4.99962207478022E-5));
#8814=CARTESIAN_POINT('',(0.034400691434556,-0.1023,-5.28489433736734E-5));
#8815=CARTESIAN_POINT('',(0.03789,-0.1023,0.000680550259965344));
#8816=CARTESIAN_POINT('',(0.03789,-0.1023,-0.002885));
#8817=CARTESIAN_POINT('',(0.04164,-0.1023,-0.002885));
#8818=CARTESIAN_POINT('',(0.04539,-0.1023,-0.002885));
#8819=CARTESIAN_POINT('',(0.04539,-0.1023,-0.005385));
#8820=CARTESIAN_POINT('',(0.04539,-0.1023,-0.007885));
#8821=CARTESIAN_POINT('',(0.02639,-0.1023,-0.007885));
#8822=CARTESIAN_POINT('',(0.01889,-0.1023,-0.007885));
#8823=CARTESIAN_POINT('',(0.01889,-0.1023,-0.007385));
#8824=CARTESIAN_POINT('',(0.01839,-0.1023,-0.007385));
#8825=CARTESIAN_POINT('',(0.01839,-0.1023,-0.000735));
#8826=CARTESIAN_POINT('',(0.01839,-0.1023,0.005915));
#8827=CARTESIAN_POINT('',(0.01889,-0.1023,0.005915));
#8828=CARTESIAN_POINT('',(0.01889,-0.1023,0.006415));
#8829=CARTESIAN_POINT('',(0.02639,-0.1023,0.006415));
#8830=CARTESIAN_POINT('',(0.03389,-0.1023,0.006415));
#8831=CARTESIAN_POINT('',(0.03389,-0.1023,0.005915));
#8832=CARTESIAN_POINT('',(-0.0346,-0.1023,-0.014935));
#8833=CARTESIAN_POINT('',(-0.0346,-0.1023,-0.015385));
#8834=CARTESIAN_POINT('',(-0.0346,-0.1023,-0.014485));
#8835=CARTESIAN_POINT('',(-0.0305,-0.1023,-0.015385));
#8836=CARTESIAN_POINT('',(-0.0264,-0.1023,-0.015385));
#8837=CARTESIAN_POINT('',(-0.0264,-0.1023,-0.014935));
#8838=CARTESIAN_POINT('',(-0.0264,-0.1023,-0.014485));
#8839=CARTESIAN_POINT('',(-0.0255,-0.1023,-0.014485));
#8840=CARTESIAN_POINT('',(-0.0246,-0.1023,-0.014485));
#8841=CARTESIAN_POINT('',(-0.0246,-0.1023,-0.014935));
#8842=CARTESIAN_POINT('',(-0.0246,-0.1023,-0.015385));
#8843=CARTESIAN_POINT('',(-0.0238,-0.1023,-0.015385));
#8844=CARTESIAN_POINT('',(-0.023,-0.1023,-0.015385));
#8845=CARTESIAN_POINT('',(-0.023,-0.1023,-0.016135));
#8846=CARTESIAN_POINT('',(-0.023,-0.1023,-0.016885));
#8847=CARTESIAN_POINT('',(-0.0305,-0.1023,-0.016885));
#8848=CARTESIAN_POINT('',(-0.038,-0.1023,-0.016885));
#8849=CARTESIAN_POINT('',(-0.038,-0.1023,-0.016135));
#8850=CARTESIAN_POINT('',(-0.038,-0.1023,-0.015385));
#8851=CARTESIAN_POINT('',(-0.0372,-0.1023,-0.015385));
#8852=CARTESIAN_POINT('',(-0.0364,-0.1023,-0.015385));
#8853=CARTESIAN_POINT('',(-0.0364,-0.1023,-0.014935));
#8854=CARTESIAN_POINT('',(-0.0364,-0.1023,-0.014485));
#8855=CARTESIAN_POINT('',(-0.0355,-0.1023,-0.014485));
#8856=CARTESIAN_POINT('',(0.,-0.1003,0.));
#8857=CARTESIAN_POINT('',(0.0246,-0.1003,-0.014085));
#8858=CARTESIAN_POINT('',(0.0264,-0.1003,-0.014085));
#8859=CARTESIAN_POINT('',(0.0246,-0.1003,-0.014085));
#8860=CARTESIAN_POINT('',(0.0246,-0.1003,-0.014935));
#8861=CARTESIAN_POINT('',(0.0246,-0.1003,-0.014985));
#8862=CARTESIAN_POINT('',(0.023,-0.1003,-0.014985));
#8863=CARTESIAN_POINT('',(0.023,-0.1003,-0.014985));
#8864=CARTESIAN_POINT('',(0.023,-0.1003,-0.016135));
#8865=CARTESIAN_POINT('',(0.023,-0.1003,-0.017285));
#8866=CARTESIAN_POINT('',(0.,-0.1003,-0.017285));
#8867=CARTESIAN_POINT('',(0.038,-0.1003,-0.017285));
#8868=CARTESIAN_POINT('',(0.038,-0.1003,-0.016135));
#8869=CARTESIAN_POINT('',(0.038,-0.1003,-0.014985));
#8870=CARTESIAN_POINT('',(0.0364,-0.1003,-0.014985));
#8871=CARTESIAN_POINT('',(0.0364,-0.1003,-0.014985));
#8872=CARTESIAN_POINT('',(0.0364,-0.1003,-0.014935));
#8873=CARTESIAN_POINT('',(0.0364,-0.1003,-0.014085));
#8874=CARTESIAN_POINT('',(0.,-0.1003,-0.014085));
#8875=CARTESIAN_POINT('',(0.0346,-0.1003,-0.014085));
#8876=CARTESIAN_POINT('',(0.0346,-0.1003,-0.014935));
#8877=CARTESIAN_POINT('',(0.0346,-0.1003,-0.014985));
#8878=CARTESIAN_POINT('',(0.0264,-0.1003,-0.014985));
#8879=CARTESIAN_POINT('',(0.0264,-0.1003,-0.014985));
#8880=CARTESIAN_POINT('',(0.0264,-0.1003,-0.014935));
#8881=CARTESIAN_POINT('',(0.03789,-0.1003,0.000680550259965344));
#8882=CARTESIAN_POINT('',(0.03789,-0.1003,-0.002885));
#8883=CARTESIAN_POINT('',(0.034400691434556,-0.1003,-5.28489433736734E-5));
#8884=CARTESIAN_POINT('',(0.03489,-0.1003,4.99962207478022E-5));
#8885=CARTESIAN_POINT('',(0.03439,-0.1003,4.99962207478021E-5));
#8886=CARTESIAN_POINT('',(0.03439,-0.1003,0.0032075));
#8887=CARTESIAN_POINT('',(0.03439,-0.1003,0.005915));
#8888=CARTESIAN_POINT('',(0.03389,-0.1003,0.005915));
#8889=CARTESIAN_POINT('',(0.03389,-0.1003,0.006415));
#8890=CARTESIAN_POINT('',(0.02639,-0.1003,0.006415));
#8891=CARTESIAN_POINT('',(0.01889,-0.1003,0.006415));
#8892=CARTESIAN_POINT('',(0.01889,-0.1003,0.005915));
#8893=CARTESIAN_POINT('',(0.01839,-0.1003,0.005915));
#8894=CARTESIAN_POINT('',(0.01839,-0.1003,-0.000735));
#8895=CARTESIAN_POINT('',(0.01839,-0.1003,-0.007385));
#8896=CARTESIAN_POINT('',(0.01889,-0.1003,-0.007385));
#8897=CARTESIAN_POINT('',(0.01889,-0.1003,-0.007885));
#8898=CARTESIAN_POINT('',(0.02639,-0.1003,-0.007885));
#8899=CARTESIAN_POINT('',(0.04539,-0.1003,-0.007885));
#8900=CARTESIAN_POINT('',(0.04539,-0.1003,-0.005385));
#8901=CARTESIAN_POINT('',(0.04539,-0.1003,-0.002885));
#8902=CARTESIAN_POINT('',(0.04164,-0.1003,-0.002885));
#8903=CARTESIAN_POINT('',(0.00239,-0.1003,0.001065));
#8904=CARTESIAN_POINT('',(0.00239,-0.1003,0.008015));
#8905=CARTESIAN_POINT('',(0.00239,-0.1003,-0.005885));
#8906=CARTESIAN_POINT('',(0.00289,-0.1003,-0.005885));
#8907=CARTESIAN_POINT('',(0.00289,-0.1003,-0.006385));
#8908=CARTESIAN_POINT('',(0.00929,-0.1003,-0.006385));
#8909=CARTESIAN_POINT('',(0.01569,-0.1003,-0.006385));
#8910=CARTESIAN_POINT('',(0.01569,-0.1003,-0.005885));
#8911=CARTESIAN_POINT('',(0.01619,-0.1003,-0.005885));
#8912=CARTESIAN_POINT('',(0.01619,-0.1003,0.001065));
#8913=CARTESIAN_POINT('',(0.01619,-0.1003,0.008015));
#8914=CARTESIAN_POINT('',(0.01569,-0.1003,0.008015));
#8915=CARTESIAN_POINT('',(0.01569,-0.1003,0.008515));
#8916=CARTESIAN_POINT('',(0.00929,-0.1003,0.008515));
#8917=CARTESIAN_POINT('',(0.00289,-0.1003,0.008515));
#8918=CARTESIAN_POINT('',(0.00289,-0.1003,0.008015));
#8919=CARTESIAN_POINT('',(-0.01461,-0.1003,0.001065));
#8920=CARTESIAN_POINT('',(-0.01461,-0.1003,0.008015));
#8921=CARTESIAN_POINT('',(-0.01461,-0.1003,-0.005885));
#8922=CARTESIAN_POINT('',(-0.01411,-0.1003,-0.005885));
#8923=CARTESIAN_POINT('',(-0.01411,-0.1003,-0.006385));
#8924=CARTESIAN_POINT('',(-0.00771,-0.1003,-0.006385));
#8925=CARTESIAN_POINT('',(-0.00131000000000001,-0.1003,-0.006385));
#8926=CARTESIAN_POINT('',(-0.00131000000000002,-0.1003,-0.005885));
#8927=CARTESIAN_POINT('',(-0.000810000000000016,-0.1003,-0.005885));
#8928=CARTESIAN_POINT('',(-0.000810000000000017,-0.1003,0.001065));
#8929=CARTESIAN_POINT('',(-0.000810000000000018,-0.1003,0.008015));
#8930=CARTESIAN_POINT('',(-0.00131000000000002,-0.1003,0.008015));
#8931=CARTESIAN_POINT('',(-0.00131000000000002,-0.1003,0.008515));
#8932=CARTESIAN_POINT('',(-0.00771,-0.1003,0.008515));
#8933=CARTESIAN_POINT('',(-0.01411,-0.1003,0.008515));
#8934=CARTESIAN_POINT('',(-0.01411,-0.1003,0.008015));
#8935=CARTESIAN_POINT('',(0.0519,-0.1003,6.93889390390723E-18));
#8936=CARTESIAN_POINT('',(0.0519,-0.1003,-0.017985));
#8937=CARTESIAN_POINT('',(0.0519,-0.1003,0.0121841903313692));
#8938=CARTESIAN_POINT('',(-0.0519,-0.1003,-0.017985));
#8939=CARTESIAN_POINT('',(-0.0519,-0.1003,-0.017985));
#8940=CARTESIAN_POINT('',(-0.0519,-0.1003,-5.20417042793042E-18));
#8941=CARTESIAN_POINT('',(-0.0519,-0.1003,0.0121841903313692));
#8942=CARTESIAN_POINT('',(-1.09570017940221E-18,-0.1003,0.0121841903313692));
#8943=CARTESIAN_POINT('',(-0.0445,-0.1003,-0.000885000000000013));
#8944=CARTESIAN_POINT('',(-0.0445,-0.1003,-0.00438500000000001));
#8945=CARTESIAN_POINT('',(-0.02755,-0.1003,-0.001175));
#8946=CARTESIAN_POINT('',(-0.0355,-0.1003,-0.001175));
#8947=CARTESIAN_POINT('',(-0.0196,-0.1003,-0.001175));
#8948=CARTESIAN_POINT('',(-0.0355,-0.1003,-0.001675));
#8949=CARTESIAN_POINT('',(-0.036,-0.1003,-0.001675));
#8950=CARTESIAN_POINT('',(-0.036,-0.1003,-0.00307111652351682));
#8951=CARTESIAN_POINT('',(-0.036,-0.1003,-0.00476012626584709));
#8952=CARTESIAN_POINT('',(-0.0355,-0.1003,-0.00476012626584709));
#8953=CARTESIAN_POINT('',(-0.0358535533905933,-0.1003,-0.00511367965644037));
#8954=CARTESIAN_POINT('',(-0.0351161165235169,-0.1003,-0.00585111652351683));
#8955=CARTESIAN_POINT('',(-0.0343786796564404,-0.1003,-0.00658855339059328));
#8956=CARTESIAN_POINT('',(-0.0340251262658471,-0.1003,-0.006235));
#8957=CARTESIAN_POINT('',(-0.0340251262658471,-0.1003,-0.006735));
#8958=CARTESIAN_POINT('',(-0.0266661165235169,-0.1003,-0.006735));
#8959=CARTESIAN_POINT('',(-0.0196,-0.1003,-0.006735));
#8960=CARTESIAN_POINT('',(-0.0196,-0.1003,-0.006235));
#8961=CARTESIAN_POINT('',(-0.0191,-0.1003,-0.006235));
#8962=CARTESIAN_POINT('',(-0.0191,-0.1003,-0.003955));
#8963=CARTESIAN_POINT('',(-0.0191,-0.1003,-0.001675));
#8964=CARTESIAN_POINT('',(-0.0196,-0.1003,-0.001675));
#8965=CARTESIAN_POINT('',(-0.0246,-0.1003,-0.014935));
#8966=CARTESIAN_POINT('',(-0.0246,-0.1003,-0.014085));
#8967=CARTESIAN_POINT('',(-0.0246,-0.1003,-0.014985));
#8968=CARTESIAN_POINT('',(0.,-0.1003,-0.014085));
#8969=CARTESIAN_POINT('',(-0.0264,-0.1003,-0.014085));
#8970=CARTESIAN_POINT('',(-0.0264,-0.1003,-0.014935));
#8971=CARTESIAN_POINT('',(-0.0264,-0.1003,-0.014985));
#8972=CARTESIAN_POINT('',(-0.0346,-0.1003,-0.014985));
#8973=CARTESIAN_POINT('',(-0.0346,-0.1003,-0.014985));
#8974=CARTESIAN_POINT('',(-0.0346,-0.1003,-0.014935));
#8975=CARTESIAN_POINT('',(-0.0346,-0.1003,-0.014085));
#8976=CARTESIAN_POINT('',(-0.0364,-0.1003,-0.014085));
#8977=CARTESIAN_POINT('',(-0.0364,-0.1003,-0.014085));
#8978=CARTESIAN_POINT('',(-0.0364,-0.1003,-0.014935));
#8979=CARTESIAN_POINT('',(-0.0364,-0.1003,-0.014985));
#8980=CARTESIAN_POINT('',(-0.038,-0.1003,-0.014985));
#8981=CARTESIAN_POINT('',(-0.038,-0.1003,-0.014985));
#8982=CARTESIAN_POINT('',(-0.038,-0.1003,-0.016135));
#8983=CARTESIAN_POINT('',(-0.038,-0.1003,-0.017285));
#8984=CARTESIAN_POINT('',(0.,-0.1003,-0.017285));
#8985=CARTESIAN_POINT('',(-0.023,-0.1003,-0.017285));
#8986=CARTESIAN_POINT('',(-0.023,-0.1003,-0.016135));
#8987=CARTESIAN_POINT('',(-0.023,-0.1003,-0.014985));
#8988=CARTESIAN_POINT('',(-0.0246,-0.1003,-0.014985));
#8989=CARTESIAN_POINT('',(-0.0539,-0.1023,-5.20417042793042E-18));
#8990=CARTESIAN_POINT('',(-0.0539,-0.0733,-0.005885));
#8991=CARTESIAN_POINT('',(-0.0539,-0.0733,-0.003985));
#8992=CARTESIAN_POINT('',(-0.0539,-0.0733,-0.007785));
#8993=CARTESIAN_POINT('',(-0.0539,-0.0318,-0.007785));
#8994=CARTESIAN_POINT('',(-0.0539,-0.0318,-0.007785));
#8995=CARTESIAN_POINT('',(-0.0539,-0.0318,-0.005885));
#8996=CARTESIAN_POINT('',(-0.0539,-0.0318,-0.003985));
#8997=CARTESIAN_POINT('',(-0.0539,-0.1023,-0.003985));
#8998=CARTESIAN_POINT('',(-0.0539,-0.0105,0.00331115242270663));
#8999=CARTESIAN_POINT('',(-0.0539,-0.0105,0.0107111524227066));
#9000=CARTESIAN_POINT('',(-0.0539,-0.0993,-5.20417042793042E-18));
#9001=CARTESIAN_POINT('',(-0.0539,-0.0993,0.0131478651476354));
#9002=CARTESIAN_POINT('',(-0.0539,-0.1023,0.0131478651476354));
#9003=CARTESIAN_POINT('',(-0.0539,-0.003,0.0131478651476354));
#9004=CARTESIAN_POINT('',(-0.0539,-0.003,-0.018385));
#9005=CARTESIAN_POINT('',(-0.0539,-0.003,-0.013885));
#9006=CARTESIAN_POINT('',(-0.0539,-0.00475,-0.013885));
#9007=CARTESIAN_POINT('',(-0.0539,-0.0075,-0.013885));
#9008=CARTESIAN_POINT('',(-0.0539,-0.0075,-0.015135));
#9009=CARTESIAN_POINT('',(-0.0539,-0.0075,-0.016385));
#9010=CARTESIAN_POINT('',(-0.0539,-0.00475,-0.016385));
#9011=CARTESIAN_POINT('',(-0.0539,-0.003,-0.016385));
#9012=CARTESIAN_POINT('',(-0.0539,-0.003,-0.018385));
#9013=CARTESIAN_POINT('',(0.0539,-0.1023,6.93889390390723E-18));
#9014=CARTESIAN_POINT('',(0.0539,-0.0105,0.00331115242270663));
#9015=CARTESIAN_POINT('',(0.0539,-0.0105,0.0107111524227066));
#9016=CARTESIAN_POINT('',(0.0539,-0.003,6.93889390390723E-18));
#9017=CARTESIAN_POINT('',(0.0539,-0.003,-0.013885));
#9018=CARTESIAN_POINT('',(0.0539,-0.003,0.0131111980977051));
#9019=CARTESIAN_POINT('',(0.0539,-0.0993,0.0131111980977051));
#9020=CARTESIAN_POINT('',(0.0539,-0.0993,0.0131111980977051));
#9021=CARTESIAN_POINT('',(0.0539,-0.0993,-0.018385));
#9022=CARTESIAN_POINT('',(0.0539,-0.003,6.93889390390723E-18));
#9023=CARTESIAN_POINT('',(0.0539,-0.003,-0.016385));
#9024=CARTESIAN_POINT('',(0.0539,-0.00475,-0.016385));
#9025=CARTESIAN_POINT('',(0.0539,-0.0075,-0.016385));
#9026=CARTESIAN_POINT('',(0.0539,-0.0075,-0.015135));
#9027=CARTESIAN_POINT('',(0.0539,-0.0075,-0.013885));
#9028=CARTESIAN_POINT('',(0.0539,-0.00475,-0.013885));
#9029=CARTESIAN_POINT('',(0.0519,-0.1023,6.93889390390723E-18));
#9030=CARTESIAN_POINT('',(0.0519,-0.1023,-0.003285));
#9031=CARTESIAN_POINT('',(0.0519,-0.028,-0.003285));
#9032=CARTESIAN_POINT('',(0.0519,-0.018,-0.003285));
#9033=CARTESIAN_POINT('',(0.0519,-0.028,-0.003285));
#9034=CARTESIAN_POINT('',(0.0519,-0.028,-0.007285));
#9035=CARTESIAN_POINT('',(0.0519,-0.1023,-0.007285));
#9036=CARTESIAN_POINT('',(0.0519,-0.018,-0.007285));
#9037=CARTESIAN_POINT('',(0.0519,-0.018,-0.003285));
#9038=CARTESIAN_POINT('',(0.0519,-0.1023,-0.003285));
#9039=CARTESIAN_POINT('',(0.0519,-0.0843,-0.003285));
#9040=CARTESIAN_POINT('',(0.0519,-0.0793,-0.003285));
#9041=CARTESIAN_POINT('',(0.0519,-0.0843,-0.003285));
#9042=CARTESIAN_POINT('',(0.0519,-0.0843,-0.007285));
#9043=CARTESIAN_POINT('',(0.0519,-0.1023,-0.007285));
#9044=CARTESIAN_POINT('',(0.0519,-0.0793,-0.007285));
#9045=CARTESIAN_POINT('',(0.0519,-0.0793,-0.003285));
#9046=CARTESIAN_POINT('',(0.0519,-0.0105,0.00331115242270663));
#9047=CARTESIAN_POINT('',(0.0519,-0.0105,0.0103111524227066));
#9048=CARTESIAN_POINT('',(0.0519,-0.1023,-0.008385));
#9049=CARTESIAN_POINT('',(0.0519,-0.009,-0.008385));
#9050=CARTESIAN_POINT('',(0.0519,-0.009,6.93889390390723E-18));
#9051=CARTESIAN_POINT('',(0.0519,-0.1003,-0.017985));
#9052=CARTESIAN_POINT('',(0.0519,-0.104180230240798,0.0115526718081051));
#9053=CARTESIAN_POINT('',(0.0519,-0.099358659398228,0.0123373961954102));
#9054=CARTESIAN_POINT('',(0.0519,-0.1023,0.0123373961954102));
#9055=CARTESIAN_POINT('',(0.00626589701919346,5.51756277017665E-19,0.0241684599311749));
#9056=CARTESIAN_POINT('',(0.0398980756824325,-0.0315440417895194,0.0154490062036684));
#9057=CARTESIAN_POINT('',(0.0495260880897694,-0.0231980835790388,0.0129528548388033));
#9058=CARTESIAN_POINT('',(0.0302700632750957,-0.03989,0.0179451575685335));
#9059=CARTESIAN_POINT('',(0.0302700632750957,-0.04239,0.0179451575685335));
#9060=CARTESIAN_POINT('',(0.0302700632750957,-0.04489,0.0179451575685335));
#9061=CARTESIAN_POINT('',(0.0398980756824325,-0.0365440417895194,0.0154490062036684));
#9062=CARTESIAN_POINT('',(0.0495260880897694,-0.0281980835790388,0.0129528548388033));
#9063=CARTESIAN_POINT('',(0.0495260880897694,-0.0256980835790388,0.0129528548388033));
#9064=CARTESIAN_POINT('',(0.0482729142505565,-0.0867843863433112,0.0132777517600807));
#9065=CARTESIAN_POINT('',(0.0492892553062189,-0.08840338000272,0.0130142559308349));
#9066=CARTESIAN_POINT('',(0.0472565731948941,-0.0851653926839023,0.0135412475893265));
#9067=CARTESIAN_POINT('',(0.0494076716979941,-0.0883007317908794,0.0129835553848191));
#9068=CARTESIAN_POINT('',(0.0495260880897694,-0.0881980835790388,0.0129528548388033));
#9069=CARTESIAN_POINT('',(0.0495260880897694,-0.0856980835790388,0.0129528548388033));
#9070=CARTESIAN_POINT('',(0.0495260880897694,-0.0831980835790388,0.0129528548388033));
#9071=CARTESIAN_POINT('',(0.0483913306423318,-0.0841817381314706,0.0132470512140649));
#9072=CARTESIAN_POINT('',(0.044207550027907,-0.0803084117056757,0.0143317350770639));
#9073=CARTESIAN_POINT('',(0.0452238910835694,-0.0819274053650846,0.0140682392478181));
#9074=CARTESIAN_POINT('',(0.0431912089722446,-0.0786894180462669,0.0145952309063097));
#9075=CARTESIAN_POINT('',(0.0473749895866694,-0.0800627444720617,0.0135105470433107));
#9076=CARTESIAN_POINT('',(0.0495260880897694,-0.0781980835790389,0.0129528548388033));
#9077=CARTESIAN_POINT('',(0.0495260880897694,-0.0756980835790388,0.0129528548388033));
#9078=CARTESIAN_POINT('',(0.0495260880897694,-0.0731980835790388,0.0129528548388033));
#9079=CARTESIAN_POINT('',(0.046358648531007,-0.0759437508126529,0.0137740428725565));
#9080=CARTESIAN_POINT('',(0.0360768215826079,-0.0673564624304049,0.0164397017110304));
#9081=CARTESIAN_POINT('',(0.0370931626382703,-0.0689754560898138,0.0161762058817846));
#9082=CARTESIAN_POINT('',(0.0350604805269455,-0.065737468770996,0.0167031975402761));
#9083=CARTESIAN_POINT('',(0.0433096253640199,-0.0635867698344263,0.0145645303602939));
#9084=CARTESIAN_POINT('',(0.0495260880897694,-0.0581980835790388,0.0129528548388033));
#9085=CARTESIAN_POINT('',(0.0495260880897694,-0.0556980835790388,0.0129528548388033));
#9086=CARTESIAN_POINT('',(0.0495260880897694,-0.0531980835790388,0.0129528548388033));
#9087=CARTESIAN_POINT('',(0.0422932843083574,-0.0594677761750174,0.0148280261895397));
#9088=CARTESIAN_POINT('',(0.0401421858052574,-0.0738324370680403,0.0153857183940472));
#9089=CARTESIAN_POINT('',(0.0411585268609198,-0.0754514307274492,0.0151222225648014));
#9090=CARTESIAN_POINT('',(0.0391258447495951,-0.0722134434086315,0.0156492142232929));
#9091=CARTESIAN_POINT('',(0.0453423074753446,-0.071824757153244,0.0140375387018023));
#9092=CARTESIAN_POINT('',(0.0495260880897694,-0.0681980835790388,0.0129528548388033));
#9093=CARTESIAN_POINT('',(0.0495260880897694,-0.0656980835790388,0.0129528548388033));
#9094=CARTESIAN_POINT('',(0.0495260880897694,-0.0631980835790388,0.0129528548388033));
#9095=CARTESIAN_POINT('',(0.0443259664196822,-0.0677057634938351,0.0143010345310481));
#9096=CARTESIAN_POINT('',(0.0223932133572222,-0.0233637824907107,0.0199873038435378));
#9097=CARTESIAN_POINT('',(0.0269,-0.0200437829971977,0.0188188776768917));
#9098=CARTESIAN_POINT('',(0.0349,-0.0141504496638643,0.0167448036028176));
#9099=CARTESIAN_POINT('',(0.0349,-0.0095,0.0167448036028176));
#9100=CARTESIAN_POINT('',(0.0223932133572222,-0.0233637824907107,0.0199873038435378));
#9101=CARTESIAN_POINT('',(-0.00551765420406054,-0.00789446283094511,0.0272234546927592));
#9102=CARTESIAN_POINT('',(0.0267464588757927,-0.05929,0.0188586846350195));
#9103=CARTESIAN_POINT('',(0.00757803455132714,-0.05929,0.0238282761265476));
#9104=CARTESIAN_POINT('',(0.0269,-0.05929,0.0188188776768917));
#9105=CARTESIAN_POINT('',(0.0269,-0.03959,0.0188188776768917));
#9106=CARTESIAN_POINT('',(0.0331540977276186,-0.01989,0.0171974449326943));
#9107=CARTESIAN_POINT('',(0.0360381321801415,-0.01989,0.016449732296855));
#9108=CARTESIAN_POINT('',(0.0302700632750957,-0.01989,0.0179451575685335));
#9109=CARTESIAN_POINT('',(0.0302700632750957,-0.02239,0.0179451575685335));
#9110=CARTESIAN_POINT('',(0.0302700632750957,-0.02489,0.0179451575685335));
#9111=CARTESIAN_POINT('',(0.0331540977276186,-0.02239,0.0171974449326943));
#9112=CARTESIAN_POINT('',(0.0360381321801415,-0.02489,0.016449732296855));
#9113=CARTESIAN_POINT('',(0.0418062010851872,-0.01989,0.0149543070251765));
#9114=CARTESIAN_POINT('',(0.0302700632750957,-0.02989,0.0179451575685335));
#9115=CARTESIAN_POINT('',(0.0302700632750957,-0.03239,0.0179451575685335));
#9116=CARTESIAN_POINT('',(0.0302700632750957,-0.03489,0.0179451575685335));
#9117=CARTESIAN_POINT('',(0.0389221666326644,-0.02739,0.0157020196610158));
#9118=CARTESIAN_POINT('',(0.0475742699902329,-0.01989,0.0134588817534979));
#9119=CARTESIAN_POINT('',(0.0446902355377101,-0.01989,0.0142065943893372));
#9120=CARTESIAN_POINT('',(0.0320114573599584,-0.0608804877927695,0.0174936850280136));
#9121=CARTESIAN_POINT('',(0.0330277984156208,-0.0624994814521784,0.0172301891987677));
#9122=CARTESIAN_POINT('',(0.030995116304296,-0.0592614941333606,0.0177571808572593));
#9123=CARTESIAN_POINT('',(0.041276943252695,-0.0553487825156086,0.0150915220187856));
#9124=CARTESIAN_POINT('',(0.0495260880897694,-0.0481980835790388,0.0129528548388033));
#9125=CARTESIAN_POINT('',(0.0495260880897694,-0.0456980835790388,0.0129528548388033));
#9126=CARTESIAN_POINT('',(0.0495260880897694,-0.0431980835790388,0.0129528548388033));
#9127=CARTESIAN_POINT('',(0.0402606021970327,-0.0512297888561997,0.0153550178480314));
#9128=CARTESIAN_POINT('',(0.0398980756824325,-0.0415440417895194,0.0154490062036684));
#9129=CARTESIAN_POINT('',(0.0495260880897694,-0.0331980835790389,0.0129528548388033));
#9130=CARTESIAN_POINT('',(0.0302700632750957,-0.04989,0.0179451575685335));
#9131=CARTESIAN_POINT('',(0.0302700632750957,-0.05239,0.0179451575685335));
#9132=CARTESIAN_POINT('',(0.0302700632750957,-0.05489,0.0179451575685335));
#9133=CARTESIAN_POINT('',(0.0398980756824325,-0.0465440417895194,0.0154490062036684));
#9134=CARTESIAN_POINT('',(0.0495260880897694,-0.0381980835790389,0.0129528548388033));
#9135=CARTESIAN_POINT('',(0.0495260880897694,-0.0356980835790389,0.0129528548388033));
#9136=CARTESIAN_POINT('',(0.00676782133676092,5.95954241324665E-19,0.0261044537275064));
#9137=CARTESIAN_POINT('',(-0.0048931091714658,-0.00781231232650495,0.029127657933343));
#9138=CARTESIAN_POINT('',(0.0269,-0.0584575577140879,0.020885));
#9139=CARTESIAN_POINT('',(0.05300700595915,-0.100045051280867,0.0141165169735537));
#9140=CARTESIAN_POINT('',(0.0511509621587837,-0.0993,0.0145977135143894));
#9141=CARTESIAN_POINT('',(0.0531509621587837,-0.0993,0.0140791949958709));
#9142=CARTESIAN_POINT('',(0.0531509621587837,-0.003,0.0140791949958709));
#9143=CARTESIAN_POINT('',(0.0531509621587837,-0.003,0.0140791949958709));
#9144=CARTESIAN_POINT('',(0.0511509621587837,-0.003,0.0145977135143894));
#9145=CARTESIAN_POINT('',(0.0526659862681019,-0.00169435764920683,0.0142049294860477));
#9146=CARTESIAN_POINT('',(0.0230149189109831,-0.0235373106022844,0.0218922432453007));
#9147=CARTESIAN_POINT('',(0.0269,-0.0206753008667086,0.020885));
#9148=CARTESIAN_POINT('',(0.0269,-0.03959,0.020885));
#9149=CARTESIAN_POINT('',(0.0417788675702625,-0.0553487825156086,0.0170275158151172));
#9150=CARTESIAN_POINT('',(0.0335297227331882,-0.0624994814521783,0.0191661829950994));
#9151=CARTESIAN_POINT('',(0.0500280124073368,-0.0481980835790388,0.0148888486351349));
#9152=CARTESIAN_POINT('',(0.0325133816775258,-0.0608804877927695,0.0194296788243452));
#9153=CARTESIAN_POINT('',(0.0314970406218634,-0.0592614941333606,0.0196931746535909));
#9154=CARTESIAN_POINT('',(0.0407625265146001,-0.0512297888561997,0.017291011644363));
#9155=CARTESIAN_POINT('',(0.0500280124073368,-0.0431980835790388,0.0148888486351349));
#9156=CARTESIAN_POINT('',(0.0500280124073368,-0.0456980835790388,0.0148888486351349));
#9157=CARTESIAN_POINT('',(0.0307719875926632,-0.03239,0.0198811513648651));
#9158=CARTESIAN_POINT('',(0.0307719875926632,-0.02989,0.0198811513648651));
#9159=CARTESIAN_POINT('',(0.0307719875926632,-0.03489,0.0198811513648651));
#9160=CARTESIAN_POINT('',(0.0365400564977089,-0.02489,0.0183857260931866));
#9161=CARTESIAN_POINT('',(0.0423081254027547,-0.01989,0.0168903008215081));
#9162=CARTESIAN_POINT('',(0.0451921598552775,-0.01989,0.0161425881856688));
#9163=CARTESIAN_POINT('',(0.0480761943078004,-0.01989,0.0153948755498296));
#9164=CARTESIAN_POINT('',(0.0394240909502318,-0.02739,0.0176380134573473));
#9165=CARTESIAN_POINT('',(0.0499095960155616,-0.0883007317908794,0.0149195491811507));
#9166=CARTESIAN_POINT('',(0.0497911796237864,-0.08840338000272,0.0149502497271665));
#9167=CARTESIAN_POINT('',(0.0500280124073368,-0.0881980835790388,0.0148888486351349));
#9168=CARTESIAN_POINT('',(0.048774838568124,-0.0867843863433112,0.0152137455564123));
#9169=CARTESIAN_POINT('',(0.0477584975124616,-0.0851653926839023,0.0154772413856581));
#9170=CARTESIAN_POINT('',(0.0488932549598992,-0.0841817381314706,0.0151830450103966));
#9171=CARTESIAN_POINT('',(0.0500280124073368,-0.0831980835790388,0.0148888486351349));
#9172=CARTESIAN_POINT('',(0.0500280124073368,-0.0856980835790388,0.0148888486351349));
#9173=CARTESIAN_POINT('',(0.0478769139042368,-0.0800627444720617,0.0154465408396423));
#9174=CARTESIAN_POINT('',(0.0457258154011368,-0.0819274053650846,0.0160042330441497));
#9175=CARTESIAN_POINT('',(0.0500280124073368,-0.0781980835790389,0.0148888486351349));
#9176=CARTESIAN_POINT('',(0.0447094743454745,-0.0803084117056757,0.0162677288733956));
#9177=CARTESIAN_POINT('',(0.043693133289812,-0.0786894180462669,0.0165312247026413));
#9178=CARTESIAN_POINT('',(0.0468605728485745,-0.0759437508126529,0.0157100366688881));
#9179=CARTESIAN_POINT('',(0.0500280124073368,-0.0731980835790388,0.0148888486351349));
#9180=CARTESIAN_POINT('',(0.0500280124073368,-0.0756980835790388,0.0148888486351349));
#9181=CARTESIAN_POINT('',(0.0438115496815873,-0.0635867698344263,0.0165005241566256));
#9182=CARTESIAN_POINT('',(0.0375950869558377,-0.0689754560898138,0.0181121996781161));
#9183=CARTESIAN_POINT('',(0.0500280124073368,-0.0581980835790388,0.0148888486351349));
#9184=CARTESIAN_POINT('',(0.0365787459001754,-0.0673564624304049,0.018375695507362));
#9185=CARTESIAN_POINT('',(0.035562404844513,-0.065737468770996,0.0186391913366077));
#9186=CARTESIAN_POINT('',(0.0427952086259249,-0.0594677761750174,0.0167640199858713));
#9187=CARTESIAN_POINT('',(0.0500280124073368,-0.0531980835790388,0.0148888486351349));
#9188=CARTESIAN_POINT('',(0.0500280124073368,-0.0556980835790388,0.0148888486351349));
#9189=CARTESIAN_POINT('',(0.0458442317929121,-0.071824757153244,0.0159735324981339));
#9190=CARTESIAN_POINT('',(0.0416604511784873,-0.0754514307274492,0.017058216361133));
#9191=CARTESIAN_POINT('',(0.0500280124073368,-0.0681980835790388,0.0148888486351349));
#9192=CARTESIAN_POINT('',(0.0406441101228249,-0.0738324370680403,0.0173217121903788));
#9193=CARTESIAN_POINT('',(0.0396277690671625,-0.0722134434086315,0.0175852080196245));
#9194=CARTESIAN_POINT('',(0.0448278907372497,-0.0677057634938351,0.0162370283273797));
#9195=CARTESIAN_POINT('',(0.0500280124073368,-0.0631980835790388,0.0148888486351349));
#9196=CARTESIAN_POINT('',(0.0500280124073368,-0.0656980835790388,0.0148888486351349));
#9197=CARTESIAN_POINT('',(0.0307719875926632,-0.02239,0.0198811513648651));
#9198=CARTESIAN_POINT('',(0.0307719875926632,-0.01989,0.0198811513648652));
#9199=CARTESIAN_POINT('',(0.0307719875926632,-0.02489,0.0198811513648651));
#9200=CARTESIAN_POINT('',(0.0336560220451861,-0.01989,0.0191334387290258));
#9201=CARTESIAN_POINT('',(0.0365400564977089,-0.01989,0.0183857260931866));
#9202=CARTESIAN_POINT('',(0.0336560220451861,-0.02239,0.0191334387290258));
#9203=CARTESIAN_POINT('',(0.0307719875926632,-0.04239,0.0198811513648651));
#9204=CARTESIAN_POINT('',(0.0307719875926632,-0.03989,0.0198811513648651));
#9205=CARTESIAN_POINT('',(0.0307719875926632,-0.04489,0.0198811513648651));
#9206=CARTESIAN_POINT('',(0.0404,-0.0315440417895194,0.017385));
#9207=CARTESIAN_POINT('',(0.0500280124073368,-0.0231980835790388,0.0148888486351349));
#9208=CARTESIAN_POINT('',(0.0500280124073368,-0.0256980835790388,0.0148888486351349));
#9209=CARTESIAN_POINT('',(0.0500280124073368,-0.0281980835790388,0.0148888486351349));
#9210=CARTESIAN_POINT('',(0.0404,-0.0365440417895194,0.017385));
#9211=CARTESIAN_POINT('',(0.0307719875926632,-0.05239,0.0198811513648651));
#9212=CARTESIAN_POINT('',(0.0307719875926632,-0.04989,0.0198811513648651));
#9213=CARTESIAN_POINT('',(0.0307719875926632,-0.05489,0.0198811513648651));
#9214=CARTESIAN_POINT('',(0.0404,-0.0415440417895194,0.017385));
#9215=CARTESIAN_POINT('',(0.0500280124073368,-0.0331980835790389,0.0148888486351349));
#9216=CARTESIAN_POINT('',(0.0500280124073368,-0.0356980835790389,0.0148888486351349));
#9217=CARTESIAN_POINT('',(0.0500280124073368,-0.0381980835790389,0.0148888486351349));
#9218=CARTESIAN_POINT('',(0.0404,-0.0465440417895194,0.017385));
#9219=CARTESIAN_POINT('',(-0.00805073162196627,0.,0.0259923620937768));
#9220=CARTESIAN_POINT('',(-0.0494873491209391,-0.0392503310610937,0.0131580115409976));
#9221=CARTESIAN_POINT('',(-0.0494873491209391,-0.0367503310610936,0.0131580115409976));
#9222=CARTESIAN_POINT('',(-0.0494873491209391,-0.0417503310610937,0.0131580115409976));
#9223=CARTESIAN_POINT('',(-0.0420082652077888,-0.0483201655305468,0.0154745419565752));
#9224=CARTESIAN_POINT('',(-0.0345291812946385,-0.05489,0.0177910723721527));
#9225=CARTESIAN_POINT('',(-0.0345291812946385,-0.05239,0.0177910723721527));
#9226=CARTESIAN_POINT('',(-0.0345291812946385,-0.04989,0.0177910723721527));
#9227=CARTESIAN_POINT('',(-0.0420082652077888,-0.0433201655305469,0.0154745419565752));
#9228=CARTESIAN_POINT('',(-0.0494873491209391,-0.0692503310610936,0.0131580115409976));
#9229=CARTESIAN_POINT('',(-0.0494873491209391,-0.0667503310610937,0.0131580115409976));
#9230=CARTESIAN_POINT('',(-0.0494873491209391,-0.0717503310610936,0.0131580115409976));
#9231=CARTESIAN_POINT('',(-0.0467947706792234,-0.0741155665449457,0.0139919960140954));
#9232=CARTESIAN_POINT('',(-0.0441021922375077,-0.0764808020287978,0.0148259804871932));
#9233=CARTESIAN_POINT('',(-0.043203404716024,-0.0747703218828237,0.015104366002697));
#9234=CARTESIAN_POINT('',(-0.0423046171945402,-0.0730598417368496,0.0153827515182008));
#9235=CARTESIAN_POINT('',(-0.0458959831577397,-0.0699050863989716,0.0142703815295992));
#9236=CARTESIAN_POINT('',(-0.0494873491209391,-0.0792503310610936,0.0131580115409976));
#9237=CARTESIAN_POINT('',(-0.0494873491209391,-0.0767503310610937,0.0131580115409976));
#9238=CARTESIAN_POINT('',(-0.0494873491209391,-0.0867292797967794,0.0131580115409976));
#9239=CARTESIAN_POINT('',(-0.0467985548019588,-0.08161224246672,0.0139908239406818));
#9240=CARTESIAN_POINT('',(-0.0458997672804751,-0.0799017623207459,0.0142692094561856));
#9241=CARTESIAN_POINT('',(-0.0476935582007071,-0.0783260466909198,0.0137136104985916));
#9242=CARTESIAN_POINT('',(-0.0270719900092468,-0.0236863358980236,0.0201008218853271));
#9243=CARTESIAN_POINT('',(-0.037186183601386,-0.017,0.0169681070559035));
#9244=CARTESIAN_POINT('',(-0.0349,-0.017,0.0176762170209345));
#9245=CARTESIAN_POINT('',(-0.0349,-0.0095,0.0176762170209345));
#9246=CARTESIAN_POINT('',(-0.0349,-0.0167969943619138,0.0176762170209345));
#9247=CARTESIAN_POINT('',(-0.0270719900092468,-0.0236863358980236,0.0201008218853271));
#9248=CARTESIAN_POINT('',(-0.0313,-0.0199653129459846,0.0187912612687221));
#9249=CARTESIAN_POINT('',(-0.0313,-0.03959,0.0187912612687221));
#9250=CARTESIAN_POINT('',(-0.0313,-0.05929,0.0187912612687221));
#9251=CARTESIAN_POINT('',(-0.0139829086263967,-0.05929,0.0241549621366524));
#9252=CARTESIAN_POINT('',(-0.0310823188459542,-0.05929,0.0188586846350195));
#9253=CARTESIAN_POINT('',(-0.00181480783685382,-0.0035910774999378,0.0279238429121744));
#9254=CARTESIAN_POINT('',(-0.0519,-0.0989080737360845,0.0124107302952708));
#9255=CARTESIAN_POINT('',(-0.0519,-0.1023,0.0124107302952708));
#9256=CARTESIAN_POINT('',(-0.0373751753405786,-0.02239,0.0169095697915517));
#9257=CARTESIAN_POINT('',(-0.0402211693865187,-0.01989,0.0160280672109509));
#9258=CARTESIAN_POINT('',(-0.0345291812946385,-0.02489,0.0177910723721527));
#9259=CARTESIAN_POINT('',(-0.0345291812946385,-0.02239,0.0177910723721527));
#9260=CARTESIAN_POINT('',(-0.0345291812946385,-0.01989,0.0177910723721527));
#9261=CARTESIAN_POINT('',(-0.0373751753405786,-0.01989,0.0169095697915517));
#9262=CARTESIAN_POINT('',(-0.0494873491209391,-0.0592503310610936,0.0131580115409976));
#9263=CARTESIAN_POINT('',(-0.0494873491209391,-0.0567503310610937,0.0131580115409976));
#9264=CARTESIAN_POINT('',(-0.0494873491209391,-0.0617503310610937,0.0131580115409976));
#9265=CARTESIAN_POINT('',(-0.0449971956362559,-0.0656946062529976,0.014548767045103));
#9266=CARTESIAN_POINT('',(-0.0405070421515729,-0.0696388814449015,0.0159395225492084));
#9267=CARTESIAN_POINT('',(-0.0396082546300891,-0.0679284012989274,0.0162179080647122));
#9268=CARTESIAN_POINT('',(-0.0387094671086054,-0.0662179211529533,0.016496293580216));
#9269=CARTESIAN_POINT('',(-0.0440984081147723,-0.0614841261070235,0.0148271525606068));
#9270=CARTESIAN_POINT('',(-0.0494873491209391,-0.0292503310610937,0.0131580115409976));
#9271=CARTESIAN_POINT('',(-0.0494873491209391,-0.0267503310610936,0.0131580115409976));
#9272=CARTESIAN_POINT('',(-0.0494873491209391,-0.0317503310610937,0.0131580115409976));
#9273=CARTESIAN_POINT('',(-0.0420082652077887,-0.0383201655305469,0.0154745419565752));
#9274=CARTESIAN_POINT('',(-0.0345291812946385,-0.04489,0.0177910723721527));
#9275=CARTESIAN_POINT('',(-0.0345291812946385,-0.04239,0.0177910723721527));
#9276=CARTESIAN_POINT('',(-0.0345291812946385,-0.03989,0.0177910723721527));
#9277=CARTESIAN_POINT('',(-0.0420082652077888,-0.0333201655305468,0.0154745419565752));
#9278=CARTESIAN_POINT('',(-0.0345291812946385,-0.03239,0.0177910723721527));
#9279=CARTESIAN_POINT('',(-0.0345291812946385,-0.02989,0.0177910723721527));
#9280=CARTESIAN_POINT('',(-0.0345291812946385,-0.03489,0.0177910723721527));
#9281=CARTESIAN_POINT('',(-0.0402211693865187,-0.02489,0.0160280672109509));
#9282=CARTESIAN_POINT('',(-0.0459131574783989,-0.01989,0.014265062049749));
#9283=CARTESIAN_POINT('',(-0.047700253299669,-0.01989,0.0137115367953733));
#9284=CARTESIAN_POINT('',(-0.0494873491209391,-0.01989,0.0131580115409976));
#9285=CARTESIAN_POINT('',(-0.0494873491209391,-0.0208201655305468,0.0131580115409976));
#9286=CARTESIAN_POINT('',(-0.0494873491209391,-0.0217503310610937,0.0131580115409976));
#9287=CARTESIAN_POINT('',(-0.0420082652077888,-0.0283201655305469,0.0154745419565752));
#9288=CARTESIAN_POINT('',(-0.0494873491209391,-0.0492503310610937,0.0131580115409976));
#9289=CARTESIAN_POINT('',(-0.0494873491209391,-0.0467503310610937,0.0131580115409976));
#9290=CARTESIAN_POINT('',(-0.0494873491209391,-0.0517503310610937,0.0131580115409976));
#9291=CARTESIAN_POINT('',(-0.0431996205932886,-0.0572736459610494,0.0151055380761106));
#9292=CARTESIAN_POINT('',(-0.0369118920656381,-0.0627969608610052,0.0170530646112236));
#9293=CARTESIAN_POINT('',(-0.0360131045441543,-0.0610864807150311,0.0173314501267274));
#9294=CARTESIAN_POINT('',(-0.0351143170226706,-0.059376000569057,0.0176098356422312));
#9295=CARTESIAN_POINT('',(-0.0423008330718048,-0.0530631658150753,0.0153839235916144));
#9296=CARTESIAN_POINT('',(-0.00864246641417751,0.,0.0279028201372017));
#9297=CARTESIAN_POINT('',(-0.027803958992613,-0.0238609633642223,0.0219678445598101));
#9298=CARTESIAN_POINT('',(-0.0313,-0.0207841378935618,0.020885));
#9299=CARTESIAN_POINT('',(-0.0528251636856048,-0.00184008896848753,0.0142179139026888));
#9300=CARTESIAN_POINT('',(-0.0511958673961056,-0.003,0.0147225631958965));
#9301=CARTESIAN_POINT('',(-0.0531958673961056,-0.003,0.0141030941693478));
#9302=CARTESIAN_POINT('',(-0.0531958673961056,0.,0.0141030941693478));
#9303=CARTESIAN_POINT('',(-0.0531958673961056,-0.0993,0.0141030941693478));
#9304=CARTESIAN_POINT('',(-0.0511958673961056,-0.0993,0.0147225631958965));
#9305=CARTESIAN_POINT('',(-0.053137256354568,-0.0997806338647667,0.014121248031771));
#9306=CARTESIAN_POINT('',(-0.00255012271052727,-0.0035083941289176,0.0297898292489517));
#9307=CARTESIAN_POINT('',(-0.0313,-0.0582222092714053,0.020885));
#9308=CARTESIAN_POINT('',(-0.0313,-0.03959,0.020885));
#9309=CARTESIAN_POINT('',(-0.0408129041787299,-0.02489,0.0179385252543757));
#9310=CARTESIAN_POINT('',(-0.0351209160868498,-0.02989,0.0197015304155775));
#9311=CARTESIAN_POINT('',(-0.0465048922706101,-0.01989,0.0161755200931738));
#9312=CARTESIAN_POINT('',(-0.0351209160868498,-0.03239,0.0197015304155775));
#9313=CARTESIAN_POINT('',(-0.0351209160868498,-0.03489,0.0197015304155775));
#9314=CARTESIAN_POINT('',(-0.0426,-0.0283201655305469,0.017385));
#9315=CARTESIAN_POINT('',(-0.0500790839131503,-0.0217503310610937,0.0150684695844225));
#9316=CARTESIAN_POINT('',(-0.0500790839131503,-0.0208201655305468,0.0150684695844225));
#9317=CARTESIAN_POINT('',(-0.0500790839131503,-0.01989,0.0150684695844225));
#9318=CARTESIAN_POINT('',(-0.0482919880918802,-0.01989,0.0156219948387981));
#9319=CARTESIAN_POINT('',(-0.0351209160868498,-0.02239,0.0197015304155775));
#9320=CARTESIAN_POINT('',(-0.0351209160868498,-0.02489,0.0197015304155775));
#9321=CARTESIAN_POINT('',(-0.0351209160868497,-0.01989,0.0197015304155775));
#9322=CARTESIAN_POINT('',(-0.0379669101327898,-0.02239,0.0188200278349766));
#9323=CARTESIAN_POINT('',(-0.0408129041787299,-0.01989,0.0179385252543757));
#9324=CARTESIAN_POINT('',(-0.0379669101327898,-0.01989,0.0188200278349766));
#9325=CARTESIAN_POINT('',(-0.04739028959417,-0.08161224246672,0.0159012819841067));
#9326=CARTESIAN_POINT('',(-0.0464915020726864,-0.0799017623207459,0.0161796674996105));
#9327=CARTESIAN_POINT('',(-0.0500790839131503,-0.0867292797967794,0.0150684695844225));
#9328=CARTESIAN_POINT('',(-0.0500790839131503,-0.0792503310610936,0.0150684695844225));
#9329=CARTESIAN_POINT('',(-0.0500790839131503,-0.0767503310610937,0.0150684695844225));
#9330=CARTESIAN_POINT('',(-0.0482852929929183,-0.0783260466909198,0.0156240685420164));
#9331=CARTESIAN_POINT('',(-0.0455889304284672,-0.0656946062529976,0.0164592250885278));
#9332=CARTESIAN_POINT('',(-0.0410987769437841,-0.0696388814449015,0.0178499805926333));
#9333=CARTESIAN_POINT('',(-0.0500790839131503,-0.0617503310610937,0.0150684695844225));
#9334=CARTESIAN_POINT('',(-0.0500790839131503,-0.0592503310610936,0.0150684695844225));
#9335=CARTESIAN_POINT('',(-0.0500790839131503,-0.0567503310610937,0.0150684695844225));
#9336=CARTESIAN_POINT('',(-0.0446901429069835,-0.0614841261070235,0.0167376106040317));
#9337=CARTESIAN_POINT('',(-0.0393012019008167,-0.0662179211529533,0.0184067516236409));
#9338=CARTESIAN_POINT('',(-0.0401999894223004,-0.0679284012989274,0.0181283661081371));
#9339=CARTESIAN_POINT('',(-0.0473865054714346,-0.0741155665449457,0.0159024540575202));
#9340=CARTESIAN_POINT('',(-0.0446939270297189,-0.0764808020287978,0.0167364385306181));
#9341=CARTESIAN_POINT('',(-0.0500790839131503,-0.0717503310610936,0.0150684695844225));
#9342=CARTESIAN_POINT('',(-0.0500790839131503,-0.0692503310610936,0.0150684695844225));
#9343=CARTESIAN_POINT('',(-0.0500790839131503,-0.0667503310610937,0.0150684695844225));
#9344=CARTESIAN_POINT('',(-0.0464877179499509,-0.0699050863989716,0.0161808395730241));
#9345=CARTESIAN_POINT('',(-0.0428963519867515,-0.0730598417368496,0.0172932095616257));
#9346=CARTESIAN_POINT('',(-0.0437951395082352,-0.0747703218828237,0.0170148240461219));
#9347=CARTESIAN_POINT('',(-0.0426,-0.0383201655305469,0.017385));
#9348=CARTESIAN_POINT('',(-0.0351209160868498,-0.04489,0.0197015304155775));
#9349=CARTESIAN_POINT('',(-0.0500790839131503,-0.0317503310610937,0.0150684695844225));
#9350=CARTESIAN_POINT('',(-0.0500790839131503,-0.0292503310610937,0.0150684695844225));
#9351=CARTESIAN_POINT('',(-0.0500790839131503,-0.0267503310610936,0.0150684695844225));
#9352=CARTESIAN_POINT('',(-0.0426,-0.0333201655305468,0.017385));
#9353=CARTESIAN_POINT('',(-0.0351209160868498,-0.03989,0.0197015304155775));
#9354=CARTESIAN_POINT('',(-0.0351209160868498,-0.04239,0.0197015304155775));
#9355=CARTESIAN_POINT('',(-0.0426,-0.0483201655305468,0.017385));
#9356=CARTESIAN_POINT('',(-0.0351209160868498,-0.05489,0.0197015304155775));
#9357=CARTESIAN_POINT('',(-0.0500790839131503,-0.0417503310610937,0.0150684695844225));
#9358=CARTESIAN_POINT('',(-0.0500790839131503,-0.0392503310610937,0.0150684695844225));
#9359=CARTESIAN_POINT('',(-0.0500790839131503,-0.0367503310610936,0.0150684695844225));
#9360=CARTESIAN_POINT('',(-0.0426,-0.0433201655305469,0.017385));
#9361=CARTESIAN_POINT('',(-0.0351209160868497,-0.04989,0.0197015304155775));
#9362=CARTESIAN_POINT('',(-0.0351209160868498,-0.05239,0.0197015304155775));
#9363=CARTESIAN_POINT('',(-0.0437913553854998,-0.0572736459610494,0.0170159961195355));
#9364=CARTESIAN_POINT('',(-0.0375036268578493,-0.0627969608610052,0.0189635226546484));
#9365=CARTESIAN_POINT('',(-0.0500790839131503,-0.0517503310610937,0.0150684695844225));
#9366=CARTESIAN_POINT('',(-0.0500790839131503,-0.0492503310610937,0.0150684695844225));
#9367=CARTESIAN_POINT('',(-0.0500790839131503,-0.0467503310610937,0.0150684695844225));
#9368=CARTESIAN_POINT('',(-0.0428925678640161,-0.0530631658150753,0.0172943816350393));
#9369=CARTESIAN_POINT('',(-0.0357060518148819,-0.059376000569057,0.019520293685656));
#9370=CARTESIAN_POINT('',(-0.0366048393363655,-0.0610864807150311,0.0192419081701522));
#9371=CARTESIAN_POINT('',(-2.44573589264766E-18,0.00368412594279584,0.0104681807146013));
#9372=CARTESIAN_POINT('',(-0.0349,-0.0113096449419822,0.0157450231577107));
#9373=CARTESIAN_POINT('',(0.0349,-0.0113096449419822,0.0157450231577107));
#9374=CARTESIAN_POINT('',(0.0269,-0.0271940171149392,0.0213352999405513));
#9375=CARTESIAN_POINT('',(0.0269,-0.01989,0.0187647559584209));
#9376=CARTESIAN_POINT('',(-0.0022,-0.01989,0.0187647559584209));
#9377=CARTESIAN_POINT('',(-0.0313,-0.01989,0.0187647559584209));
#9378=CARTESIAN_POINT('',(-0.0313,-0.0271940171149392,0.0213352999405513));
#9379=CARTESIAN_POINT('',(-2.44573589264766E-18,0.00368412594279584,0.0104681807146013));
#9380=CARTESIAN_POINT('',(-2.44573589264766E-18,0.00368412594279584,0.0104681807146013));
#9381=CARTESIAN_POINT('',(-2.49753918038038E-18,-0.00452007716791001,0.0277726455702585));
#9382=CARTESIAN_POINT('',(-0.0022,-0.05929,0.0188586846350195));
#9383=CARTESIAN_POINT('',(-0.0519,-0.104180230240798,0.0115526718081051));
#9384=CARTESIAN_POINT('',(-2.67505947579394E-18,-0.00484135558485852,0.0297466719578236));
#9385=CARTESIAN_POINT('',(-1.26093555477554E-18,-0.101460639208474,0.0140216083594671));
#9386=CARTESIAN_POINT('',(-0.0509,-0.101460639208474,0.0140216083594671));
#9387=CARTESIAN_POINT('',(0.0509,-0.101460639208474,0.0140216083594671));
#9388=CARTESIAN_POINT('',(0.0509,-0.0994606392084743,0.0143471140558168));
#9389=CARTESIAN_POINT('',(0.0524088364474085,-0.100773427300655,0.0141334540547643));
#9390=CARTESIAN_POINT('',(-0.00564599564781697,-0.0082942299519277,0.0291847068201932));
#9391=CARTESIAN_POINT('',(0.0263671592300708,-0.05929,0.020885));
#9392=CARTESIAN_POINT('',(-0.0022,-0.05929,0.020885));
#9393=CARTESIAN_POINT('',(-0.0307202502211621,-0.05929,0.020885));
#9394=CARTESIAN_POINT('',(-0.00166252052221042,-0.00399031175434036,0.029885181765162));
#9395=CARTESIAN_POINT('',(-0.0524755852510186,-0.100692520337793,0.0141466218934072));
#9396=CARTESIAN_POINT('',(-0.0509,-0.0994606392084743,0.0143471140558168));
#9397=CARTESIAN_POINT('',(-2.88650635758457E-18,0.00434807903338663,0.0123547559962943));
#9398=CARTESIAN_POINT('',(-0.0509,-0.000668023454704605,0.0141201012661102));
#9399=CARTESIAN_POINT('',(0.0509,-0.000668023454704605,0.0141201012661102));
#9400=CARTESIAN_POINT('',(-0.0509,-0.000668023454704605,0.0141201012661102));
#9401=CARTESIAN_POINT('',(-0.0509,-0.00266802345470461,0.0148239725582168));
#9402=CARTESIAN_POINT('',(-0.0518592528444397,-0.00091307787707709,0.0142063446525661));
#9403=CARTESIAN_POINT('',(-0.0269163568042961,-0.0228650337283361,0.0219320204172123));
#9404=CARTESIAN_POINT('',(-0.0302967370084388,-0.01989,0.020885));
#9405=CARTESIAN_POINT('',(-0.0022,-0.01989,0.020885));
#9406=CARTESIAN_POINT('',(0.0258611921175253,-0.01989,0.020885));
#9407=CARTESIAN_POINT('',(0.0222620324346318,-0.0225413809663982,0.0218181154733427));
#9408=CARTESIAN_POINT('',(0.0517173220233388,-0.000842650969384063,0.0141815589133076));
#9409=CARTESIAN_POINT('',(0.0509,-0.00266802345470461,0.0148239725582168));
#9410=CARTESIAN_POINT('',(-0.0519,-0.1023,-5.20417042793042E-18));
#9411=CARTESIAN_POINT('',(-0.0519,-0.0318,-0.005885));
#9412=CARTESIAN_POINT('',(-0.0519,-0.0318,-0.004385));
#9413=CARTESIAN_POINT('',(-0.0519,-0.0318,-0.007385));
#9414=CARTESIAN_POINT('',(-0.0519,-0.05255,-0.007385));
#9415=CARTESIAN_POINT('',(-0.0519,-0.0733,-0.007385));
#9416=CARTESIAN_POINT('',(-0.0519,-0.0733,-0.005885));
#9417=CARTESIAN_POINT('',(-0.0519,-0.0733,-0.004385));
#9418=CARTESIAN_POINT('',(-0.0519,-0.05255,-0.004385));
#9419=CARTESIAN_POINT('',(-0.0519,-0.0843,-0.003285));
#9420=CARTESIAN_POINT('',(-0.0519,-0.0843,-0.003285));
#9421=CARTESIAN_POINT('',(-0.0519,-0.0843,-0.007285));
#9422=CARTESIAN_POINT('',(-0.0519,-0.1023,-0.003285));
#9423=CARTESIAN_POINT('',(-0.0519,-0.0793,-0.003285));
#9424=CARTESIAN_POINT('',(-0.0519,-0.0793,-0.003285));
#9425=CARTESIAN_POINT('',(-0.0519,-0.0793,-0.007285));
#9426=CARTESIAN_POINT('',(-0.0519,-0.1023,-0.007285));
#9427=CARTESIAN_POINT('',(-0.0519,-0.028,-0.003285));
#9428=CARTESIAN_POINT('',(-0.0519,-0.028,-0.003285));
#9429=CARTESIAN_POINT('',(-0.0519,-0.028,-0.007285));
#9430=CARTESIAN_POINT('',(-0.0519,-0.1023,-0.003285));
#9431=CARTESIAN_POINT('',(-0.0519,-0.018,-0.003285));
#9432=CARTESIAN_POINT('',(-0.0519,-0.018,-0.003285));
#9433=CARTESIAN_POINT('',(-0.0519,-0.018,-0.007285));
#9434=CARTESIAN_POINT('',(-0.0519,-0.1023,-0.007285));
#9435=CARTESIAN_POINT('',(-0.0519,-0.0105,0.00331115242270663));
#9436=CARTESIAN_POINT('',(-0.0519,-0.0105,0.0103111524227066));
#9437=CARTESIAN_POINT('',(-0.0519,-0.009,-5.20417042793042E-18));
#9438=CARTESIAN_POINT('',(-0.0519,-0.009,-0.008385));
#9439=CARTESIAN_POINT('',(-0.0519,-0.1023,-0.008385));
#9440=CARTESIAN_POINT('',(-0.0519,-0.0923075,-0.0099925));
#9441=CARTESIAN_POINT('',(-0.01461,2.000000000002E-6,0.001065));
#9442=CARTESIAN_POINT('',(-0.01461,2.000000000002E-6,0.008015));
#9443=CARTESIAN_POINT('',(-0.01461,-0.1003,-0.005885));
#9444=CARTESIAN_POINT('',(-0.00771,2.000000000002E-6,0.008515));
#9445=CARTESIAN_POINT('',(-0.00131000000000002,-0.1023,0.008515));
#9446=CARTESIAN_POINT('',(-0.01411,2.000000000002E-6,0.008515));
#9447=CARTESIAN_POINT('',(-0.00771,2.000000000002E-6,-0.006385));
#9448=CARTESIAN_POINT('',(-0.01411,-0.1023,-0.006385));
#9449=CARTESIAN_POINT('',(-0.00131000000000001,2.000000000002E-6,-0.006385));
#9450=CARTESIAN_POINT('',(-0.000810000000000017,2.000000000002E-6,0.001065));
#9451=CARTESIAN_POINT('',(-0.000810000000000018,-0.1003,0.008015));
#9452=CARTESIAN_POINT('',(-0.000810000000000016,2.000000000002E-6,-0.005885));
#9453=CARTESIAN_POINT('',(0.00239,2.000000000002E-6,0.001065));
#9454=CARTESIAN_POINT('',(0.00239,2.000000000002E-6,0.008015));
#9455=CARTESIAN_POINT('',(0.00239,-0.1003,-0.005885));
#9456=CARTESIAN_POINT('',(0.00929,2.000000000002E-6,0.008515));
#9457=CARTESIAN_POINT('',(0.01569,-0.1023,0.008515));
#9458=CARTESIAN_POINT('',(0.00289,2.000000000002E-6,0.008515));
#9459=CARTESIAN_POINT('',(0.00929,2.000000000002E-6,-0.006385));
#9460=CARTESIAN_POINT('',(0.01569,2.000000000002E-6,-0.006385));
#9461=CARTESIAN_POINT('',(0.00289,-0.1023,-0.006385));
#9462=CARTESIAN_POINT('',(0.01619,2.000000000002E-6,0.001065));
#9463=CARTESIAN_POINT('',(0.01619,2.000000000002E-6,-0.005885));
#9464=CARTESIAN_POINT('',(0.01619,-0.1003,0.008015));
#9465=CARTESIAN_POINT('',(0.01839,2.000000000002E-6,-0.000735));
#9466=CARTESIAN_POINT('',(0.01839,2.000000000002E-6,0.005915));
#9467=CARTESIAN_POINT('',(0.01839,-0.1003,-0.007385));
#9468=CARTESIAN_POINT('',(0.02639,2.000000000002E-6,0.006415));
#9469=CARTESIAN_POINT('',(0.03389,-0.1023,0.006415));
#9470=CARTESIAN_POINT('',(0.01889,2.000000000002E-6,0.006415));
#9471=CARTESIAN_POINT('',(0.02639,2.000000000002E-6,-0.007885));
#9472=CARTESIAN_POINT('',(0.01889,-0.1023,-0.007885));
#9473=CARTESIAN_POINT('',(0.04539,2.000000000002E-6,-0.007885));
#9474=CARTESIAN_POINT('',(0.03439,2.000000000002E-6,0.0032075));
#9475=CARTESIAN_POINT('',(0.03439,-0.1023,4.99962207478022E-5));
#9476=CARTESIAN_POINT('',(0.03439,-0.1003,0.005915));
#9477=CARTESIAN_POINT('',(0.03789,2.000000000002E-6,0.000680550259965344));
#9478=CARTESIAN_POINT('',(0.034400691434556,2.000000000002E-6,-5.28489433736739E-5));
#9479=CARTESIAN_POINT('',(0.03789,2.000000000002E-6,-0.002885));
#9480=CARTESIAN_POINT('',(0.04164,2.000000000002E-6,-0.002885));
#9481=CARTESIAN_POINT('',(0.04539,2.000000000002E-6,-0.002885));
#9482=CARTESIAN_POINT('',(0.04539,2.000000000002E-6,-0.005385));
#9483=CARTESIAN_POINT('',(-0.0445,2.000000000002E-6,-0.000885000000000013));
#9484=CARTESIAN_POINT('',(-0.0351161165235169,2.000000000002E-6,-0.00585111652351683));
#9485=CARTESIAN_POINT('',(-0.0358535533905933,2.000000000002E-6,-0.00511367965644037));
#9486=CARTESIAN_POINT('',(-0.0343786796564404,2.000000000002E-6,-0.00658855339059328));
#9487=CARTESIAN_POINT('',(-0.0266661165235169,2.000000000002E-6,-0.006735));
#9488=CARTESIAN_POINT('',(-0.0340251262658471,2.000000000002E-6,-0.006735));
#9489=CARTESIAN_POINT('',(-0.0196,2.000000000002E-6,-0.006735));
#9490=CARTESIAN_POINT('',(-0.0191,2.000000000002E-6,-0.003955));
#9491=CARTESIAN_POINT('',(-0.0191,-0.1003,-0.001675));
#9492=CARTESIAN_POINT('',(-0.0191,2.000000000002E-6,-0.006235));
#9493=CARTESIAN_POINT('',(-0.036,2.000000000002E-6,-0.00307111652351682));
#9494=CARTESIAN_POINT('',(-0.036,2.000000000002E-6,-0.001675));
#9495=CARTESIAN_POINT('',(-0.036,2.000000000002E-6,-0.00476012626584709));
#9496=CARTESIAN_POINT('',(-0.02755,2.000000000002E-6,-0.001175));
#9497=CARTESIAN_POINT('',(-0.0196,-0.1023,-0.001175));
#9498=CARTESIAN_POINT('',(-0.0355,2.000000000002E-6,-0.001175));
#9499=CARTESIAN_POINT('',(-0.0313,-0.03959,-0.013887));
#9500=CARTESIAN_POINT('',(-0.0313,-0.0599114026395251,0.0177443919030831));
#9501=CARTESIAN_POINT('',(-0.0313,-0.05929,0.0208405193709303));
#9502=CARTESIAN_POINT('',(-0.0313,-0.05929,-0.013887));
#9503=CARTESIAN_POINT('',(-0.0313,-0.01989,-0.013887));
#9504=CARTESIAN_POINT('',(-0.0313,-0.01989,0.0208058327455419));
#9505=CARTESIAN_POINT('',(-0.0313,-0.0200029694189768,0.0177443919030831));
#9506=CARTESIAN_POINT('',(-0.0022,-0.01989,-0.013887));
#9507=CARTESIAN_POINT('',(0.0269,-0.01989,-0.013887));
#9508=CARTESIAN_POINT('',(0.0269,-0.01989,0.0208160391812305));
#9509=CARTESIAN_POINT('',(0.0272131327997238,-0.01989,0.0177046339376313));
#9510=CARTESIAN_POINT('',(-0.031428361431316,-0.01989,0.0177046339376313));
#9511=CARTESIAN_POINT('',(-0.0022,-0.05929,-0.013887));
#9512=CARTESIAN_POINT('',(0.026669688313689,-0.05929,0.0178455269525293));
#9513=CARTESIAN_POINT('',(0.0269,-0.05929,0.0208506064362403));
#9514=CARTESIAN_POINT('',(0.0269,-0.05929,-0.013887));
#9515=CARTESIAN_POINT('',(-0.0309734782689313,-0.05929,0.0178455269525293));
#9516=CARTESIAN_POINT('',(0.0269,-0.03959,-0.013887));
#9517=CARTESIAN_POINT('',(0.0269,-0.0596568779862311,0.0177858165153375));
#9518=CARTESIAN_POINT('',(0.0269,-0.0201206744957966,0.0177858165153375));
#9519=CARTESIAN_POINT('',(0.0349,-0.0095,0.020887));
#9520=CARTESIAN_POINT('',(0.0349,-0.015,0.00331115242270663));
#9521=CARTESIAN_POINT('',(0.0349,-0.015,0.00590922863405995));
#9522=CARTESIAN_POINT('',(0.0349,-0.015,0.000713076211353313));
#9523=CARTESIAN_POINT('',(0.0349,-0.01275,-0.000585961894323348));
#9524=CARTESIAN_POINT('',(0.0349,-0.0105,-0.001885));
#9525=CARTESIAN_POINT('',(0.0349,-0.00825,-0.000585961894323348));
#9526=CARTESIAN_POINT('',(0.0349,-0.006,0.00071307621135331));
#9527=CARTESIAN_POINT('',(0.0349,-0.006,0.00331115242270663));
#9528=CARTESIAN_POINT('',(0.0349,-0.006,0.00590922863405994));
#9529=CARTESIAN_POINT('',(0.0349,-0.00825,0.0072082667397366));
#9530=CARTESIAN_POINT('',(0.0349,-0.0105,0.00850730484541327));
#9531=CARTESIAN_POINT('',(0.0349,-0.01275,0.00720826673973661));
#9532=CARTESIAN_POINT('',(4.37623422348695E-19,-0.05115,-0.003885));
#9533=CARTESIAN_POINT('',(-0.039,-0.102302,-0.003885));
#9534=CARTESIAN_POINT('',(-0.039,-0.017,-0.003885));
#9535=CARTESIAN_POINT('',(-0.0349,-0.0095,-0.003885));
#9536=CARTESIAN_POINT('',(-0.0349,-0.017,-0.003885));
#9537=CARTESIAN_POINT('',(-0.0384,-0.017,-0.003885));
#9538=CARTESIAN_POINT('',(-0.0349,-0.0095,0.020887));
#9539=CARTESIAN_POINT('',(-0.0349,-0.01275,-0.000585961894323348));
#9540=CARTESIAN_POINT('',(-0.0349,-0.015,0.000713076211353312));
#9541=CARTESIAN_POINT('',(-0.0349,-0.0105,-0.001885));
#9542=CARTESIAN_POINT('',(-0.0349,-0.015,0.00331115242270663));
#9543=CARTESIAN_POINT('',(-0.0349,-0.015,0.00590922863405995));
#9544=CARTESIAN_POINT('',(-0.0349,-0.01275,0.00720826673973661));
#9545=CARTESIAN_POINT('',(-0.0349,-0.0105,0.00850730484541327));
#9546=CARTESIAN_POINT('',(-0.0349,-0.00825,0.0072082667397366));
#9547=CARTESIAN_POINT('',(-0.0349,-0.006,0.00590922863405994));
#9548=CARTESIAN_POINT('',(-0.0349,-0.006,0.00331115242270663));
#9549=CARTESIAN_POINT('',(-0.0349,-0.006,0.00071307621135331));
#9550=CARTESIAN_POINT('',(-0.0349,-0.00825,-0.000585961894323348));
#9551=CARTESIAN_POINT('',(-0.0349,-0.017,0.020887));
#9552=CARTESIAN_POINT('',(-0.0384,-0.017,0.020887));
#9553=CARTESIAN_POINT('',(-0.0415,-0.017,0.006));
#9554=CARTESIAN_POINT('',(-0.039,-0.017,0.006));
#9555=CARTESIAN_POINT('',(-0.039,-0.017,0.));
#9556=CARTESIAN_POINT('',(-0.0369,-0.01275,-0.000585961894323348));
#9557=CARTESIAN_POINT('',(-0.0369,-0.0105,-0.001885));
#9558=CARTESIAN_POINT('',(-0.0369,-0.0105,-0.001885));
#9559=CARTESIAN_POINT('',(-0.0369,-0.01275,-0.000585961894323348));
#9560=CARTESIAN_POINT('',(-0.0369,-0.015,0.000713076211353312));
#9561=CARTESIAN_POINT('',(-0.0369,-0.015,0.000713076211353312));
#9562=CARTESIAN_POINT('',(-0.0369,-0.00825,-0.000585961894323348));
#9563=CARTESIAN_POINT('',(-0.0369,-0.006,0.00071307621135331));
#9564=CARTESIAN_POINT('',(-0.0369,-0.006,0.00071307621135331));
#9565=CARTESIAN_POINT('',(-0.0369,-0.00825,-0.000585961894323348));
#9566=CARTESIAN_POINT('',(-0.0369,-0.006,0.00331115242270663));
#9567=CARTESIAN_POINT('',(-0.0369,-0.006,0.00590922863405994));
#9568=CARTESIAN_POINT('',(-0.0369,-0.006,0.00590922863405994));
#9569=CARTESIAN_POINT('',(-0.0369,-0.006,0.00331115242270663));
#9570=CARTESIAN_POINT('',(-0.0369,-0.00825,0.0072082667397366));
#9571=CARTESIAN_POINT('',(-0.0369,-0.0105,0.00850730484541327));
#9572=CARTESIAN_POINT('',(-0.0369,-0.0105,0.00850730484541327));
#9573=CARTESIAN_POINT('',(-0.0369,-0.00825,0.0072082667397366));
#9574=CARTESIAN_POINT('',(-0.0369,-0.01275,0.00720826673973661));
#9575=CARTESIAN_POINT('',(-0.0369,-0.015,0.00590922863405995));
#9576=CARTESIAN_POINT('',(-0.0369,-0.015,0.00590922863405995));
#9577=CARTESIAN_POINT('',(-0.0369,-0.01275,0.00720826673973661));
#9578=CARTESIAN_POINT('',(-0.0369,-0.015,0.00331115242270663));
#9579=CARTESIAN_POINT('',(-0.0369,-0.015,0.00331115242270663));
#9580=CARTESIAN_POINT('',(-0.0369,-0.0095,0.00689560851046725));
#9581=CARTESIAN_POINT('',(0.0369,-0.01275,-0.000585961894323348));
#9582=CARTESIAN_POINT('',(0.0369,-0.015,0.000713076211353312));
#9583=CARTESIAN_POINT('',(0.0369,-0.015,0.000713076211353312));
#9584=CARTESIAN_POINT('',(0.0369,-0.01275,-0.000585961894323348));
#9585=CARTESIAN_POINT('',(0.0369,-0.0105,-0.001885));
#9586=CARTESIAN_POINT('',(0.0369,-0.0105,-0.001885));
#9587=CARTESIAN_POINT('',(0.0369,-0.00825,-0.000585961894323348));
#9588=CARTESIAN_POINT('',(0.0369,-0.00825,-0.000585961894323348));
#9589=CARTESIAN_POINT('',(0.0369,-0.006,0.00071307621135331));
#9590=CARTESIAN_POINT('',(0.0369,-0.006,0.00071307621135331));
#9591=CARTESIAN_POINT('',(0.0369,-0.006,0.00331115242270663));
#9592=CARTESIAN_POINT('',(0.0369,-0.006,0.00331115242270663));
#9593=CARTESIAN_POINT('',(0.0369,-0.006,0.00590922863405994));
#9594=CARTESIAN_POINT('',(0.0369,-0.006,0.00590922863405994));
#9595=CARTESIAN_POINT('',(0.0369,-0.00825,0.0072082667397366));
#9596=CARTESIAN_POINT('',(0.0369,-0.00825,0.0072082667397366));
#9597=CARTESIAN_POINT('',(0.0369,-0.0105,0.00850730484541327));
#9598=CARTESIAN_POINT('',(0.0369,-0.0105,0.00850730484541327));
#9599=CARTESIAN_POINT('',(0.0369,-0.01275,0.00720826673973661));
#9600=CARTESIAN_POINT('',(0.0369,-0.01275,0.00720826673973661));
#9601=CARTESIAN_POINT('',(0.0369,-0.015,0.00590922863405995));
#9602=CARTESIAN_POINT('',(0.0369,-0.015,0.00590922863405995));
#9603=CARTESIAN_POINT('',(0.0369,-0.015,0.00331115242270663));
#9604=CARTESIAN_POINT('',(0.0369,-0.015,0.00331115242270663));
#9605=CARTESIAN_POINT('',(0.0369,-0.0095,0.00689560851046725));
#9606=CARTESIAN_POINT('',(-0.053902,-0.0105,0.00331115242270663));
#9607=CARTESIAN_POINT('',(-0.0535,-0.0105,0.00331115242270663));
#9608=CARTESIAN_POINT('',(-0.0535,-0.0105,0.0103111524227066));
#9609=CARTESIAN_POINT('',(0.053902,-0.0105,0.00331115242270663));
#9610=CARTESIAN_POINT('',(0.0535,-0.0105,0.00331115242270663));
#9611=CARTESIAN_POINT('',(0.0535,-0.0105,0.0103111524227066));
#9612=CARTESIAN_POINT('',(-0.0509,-0.018,-0.003285));
#9613=CARTESIAN_POINT('',(-0.0509,-0.018,-0.003285));
#9614=CARTESIAN_POINT('',(-0.0504,-0.018,-0.003285));
#9615=CARTESIAN_POINT('',(-0.0504,-0.018,-0.003285));
#9616=CARTESIAN_POINT('',(-0.0504,-0.018,-0.007285));
#9617=CARTESIAN_POINT('',(-0.0509,-0.018,-0.007285));
#9618=CARTESIAN_POINT('',(-0.0509,-0.028,-0.003285));
#9619=CARTESIAN_POINT('',(-0.0509,-0.028,-0.007285));
#9620=CARTESIAN_POINT('',(-0.0504,-0.028,-0.007285));
#9621=CARTESIAN_POINT('',(-0.0504,-0.028,-0.003285));
#9622=CARTESIAN_POINT('',(-0.0504,-0.028,-0.003285));
#9623=CARTESIAN_POINT('',(-0.0509,-0.028,-0.003285));
#9624=CARTESIAN_POINT('',(-0.0499,-0.023,-0.003285));
#9625=CARTESIAN_POINT('',(-0.0499,-0.023,-0.003785));
#9626=CARTESIAN_POINT('',(-0.0499,-0.0185,-0.003785));
#9627=CARTESIAN_POINT('',(-0.0499,-0.0275,-0.003785));
#9628=CARTESIAN_POINT('',(-0.0499,-0.0275,-0.007285));
#9629=CARTESIAN_POINT('',(-0.0499,-0.0275,-0.006785));
#9630=CARTESIAN_POINT('',(-0.0499,-0.018,-0.006785));
#9631=CARTESIAN_POINT('',(-0.0499,-0.0185,-0.006785));
#9632=CARTESIAN_POINT('',(-0.0499,-0.0185,-0.003285));
#9633=CARTESIAN_POINT('',(-3.70036793414533E-19,-0.05115,-0.003285));
#9634=CARTESIAN_POINT('',(-0.0504,-0.05115,-0.003285));
#9635=CARTESIAN_POINT('',(-8.20614319642276E-19,-0.05115,-0.007285));
#9636=CARTESIAN_POINT('',(-0.0504,-0.028,-0.007285));
#9637=CARTESIAN_POINT('',(-0.0507,-0.0843,-0.003285));
#9638=CARTESIAN_POINT('',(-0.0507,-0.0843,-0.007285));
#9639=CARTESIAN_POINT('',(-0.05,-0.0843,-0.007285));
#9640=CARTESIAN_POINT('',(-0.05,-0.0843,-0.003285));
#9641=CARTESIAN_POINT('',(-0.05,-0.0843,-0.003285));
#9642=CARTESIAN_POINT('',(-0.0507,-0.0843,-0.003285));
#9643=CARTESIAN_POINT('',(-0.0495,-0.0818,-0.003285));
#9644=CARTESIAN_POINT('',(-0.0495,-0.0818,-0.006785));
#9645=CARTESIAN_POINT('',(-0.0495,-0.0838,-0.006785));
#9646=CARTESIAN_POINT('',(-0.0495,-0.0798,-0.006785));
#9647=CARTESIAN_POINT('',(-0.0495,-0.0798,-0.003285));
#9648=CARTESIAN_POINT('',(-0.0495,-0.0798,-0.003785));
#9649=CARTESIAN_POINT('',(-0.0495,-0.0843,-0.003785));
#9650=CARTESIAN_POINT('',(-0.0495,-0.0838,-0.003785));
#9651=CARTESIAN_POINT('',(-0.0495,-0.0838,-0.007285));
#9652=CARTESIAN_POINT('',(-0.0507,-0.0793,-0.003285));
#9653=CARTESIAN_POINT('',(-0.0507,-0.0793,-0.003285));
#9654=CARTESIAN_POINT('',(-0.05,-0.0793,-0.003285));
#9655=CARTESIAN_POINT('',(-0.05,-0.0793,-0.003285));
#9656=CARTESIAN_POINT('',(-0.05,-0.0793,-0.007285));
#9657=CARTESIAN_POINT('',(-0.0507,-0.0793,-0.007285));
#9658=CARTESIAN_POINT('',(-3.70036793414533E-19,-0.05115,-0.003285));
#9659=CARTESIAN_POINT('',(-0.05,-0.0793,-0.003285));
#9660=CARTESIAN_POINT('',(-8.20614319642276E-19,-0.05115,-0.007285));
#9661=CARTESIAN_POINT('',(-0.05,-0.05115,-0.007285));
#9662=CARTESIAN_POINT('',(0.0507,-0.0843,-0.003285));
#9663=CARTESIAN_POINT('',(0.0507,-0.0843,-0.003285));
#9664=CARTESIAN_POINT('',(0.05,-0.0843,-0.003285));
#9665=CARTESIAN_POINT('',(0.05,-0.0843,-0.007285));
#9666=CARTESIAN_POINT('',(0.05,-0.0843,-0.007285));
#9667=CARTESIAN_POINT('',(0.0507,-0.0843,-0.007285));
#9668=CARTESIAN_POINT('',(0.0495,-0.0818,-0.003285));
#9669=CARTESIAN_POINT('',(0.0495,-0.0793,-0.003785));
#9670=CARTESIAN_POINT('',(0.0495,-0.0838,-0.003785));
#9671=CARTESIAN_POINT('',(0.0495,-0.0798,-0.003785));
#9672=CARTESIAN_POINT('',(0.0495,-0.0798,-0.003285));
#9673=CARTESIAN_POINT('',(0.0495,-0.0798,-0.006785));
#9674=CARTESIAN_POINT('',(0.0495,-0.0818,-0.006785));
#9675=CARTESIAN_POINT('',(0.0495,-0.0838,-0.006785));
#9676=CARTESIAN_POINT('',(0.0495,-0.0838,-0.003285));
#9677=CARTESIAN_POINT('',(0.0507,-0.0793,-0.003285));
#9678=CARTESIAN_POINT('',(0.0507,-0.0793,-0.007285));
#9679=CARTESIAN_POINT('',(0.05,-0.0793,-0.007285));
#9680=CARTESIAN_POINT('',(0.05,-0.0793,-0.003285));
#9681=CARTESIAN_POINT('',(0.05,-0.0793,-0.003285));
#9682=CARTESIAN_POINT('',(0.0507,-0.0793,-0.003285));
#9683=CARTESIAN_POINT('',(3.70036793414533E-19,-0.05115,-0.003285));
#9684=CARTESIAN_POINT('',(0.05,-0.0843,-0.003285));
#9685=CARTESIAN_POINT('',(8.20614319642276E-19,-0.05115,-0.007285));
#9686=CARTESIAN_POINT('',(0.05,-0.05115,-0.007285));
#9687=CARTESIAN_POINT('',(0.0509,-0.018,-0.003285));
#9688=CARTESIAN_POINT('',(0.0509,-0.018,-0.007285));
#9689=CARTESIAN_POINT('',(0.0504,-0.018,-0.007285));
#9690=CARTESIAN_POINT('',(0.0504,-0.018,-0.003285));
#9691=CARTESIAN_POINT('',(0.0504,-0.018,-0.003285));
#9692=CARTESIAN_POINT('',(0.0509,-0.018,-0.003285));
#9693=CARTESIAN_POINT('',(0.0509,-0.028,-0.003285));
#9694=CARTESIAN_POINT('',(0.0509,-0.028,-0.003285));
#9695=CARTESIAN_POINT('',(0.0504,-0.028,-0.003285));
#9696=CARTESIAN_POINT('',(0.0504,-0.028,-0.007285));
#9697=CARTESIAN_POINT('',(0.0504,-0.028,-0.007285));
#9698=CARTESIAN_POINT('',(0.0509,-0.028,-0.007285));
#9699=CARTESIAN_POINT('',(0.0499,-0.023,-0.003285));
#9700=CARTESIAN_POINT('',(0.0499,-0.028,-0.006785));
#9701=CARTESIAN_POINT('',(0.0499,-0.0185,-0.006785));
#9702=CARTESIAN_POINT('',(0.0499,-0.0275,-0.006785));
#9703=CARTESIAN_POINT('',(0.0499,-0.0275,-0.003285));
#9704=CARTESIAN_POINT('',(0.0499,-0.0275,-0.003785));
#9705=CARTESIAN_POINT('',(0.0499,-0.023,-0.003785));
#9706=CARTESIAN_POINT('',(0.0499,-0.0185,-0.003785));
#9707=CARTESIAN_POINT('',(0.0499,-0.0185,-0.003285));
#9708=CARTESIAN_POINT('',(3.70036793414533E-19,-0.05115,-0.003285));
#9709=CARTESIAN_POINT('',(0.0504,-0.05115,-0.003285));
#9710=CARTESIAN_POINT('',(8.20614319642276E-19,-0.05115,-0.007285));
#9711=CARTESIAN_POINT('',(0.0504,-0.018,-0.007285));
#9712=CARTESIAN_POINT('',(0.053902,-0.0733,-0.005885));
#9713=CARTESIAN_POINT('',(0.053902,-0.0733,-0.007385));
#9714=CARTESIAN_POINT('',(-0.0535,-0.0733,-0.007385));
#9715=CARTESIAN_POINT('',(-0.0535,-0.0733,-0.005885));
#9716=CARTESIAN_POINT('',(-0.0535,-0.0733,-0.004385));
#9717=CARTESIAN_POINT('',(0.053902,-0.0733,-0.004385));
#9718=CARTESIAN_POINT('',(0.053902,-0.05255,-0.007385));
#9719=CARTESIAN_POINT('',(0.053902,-0.0318,-0.007385));
#9720=CARTESIAN_POINT('',(-0.0535,-0.0318,-0.007385));
#9721=CARTESIAN_POINT('',(-0.0535,-0.0733,-0.007385));
#9722=CARTESIAN_POINT('',(0.053902,-0.05255,-0.004385));
#9723=CARTESIAN_POINT('',(-0.0535,-0.05255,-0.004385));
#9724=CARTESIAN_POINT('',(-0.0535,-0.0318,-0.004385));
#9725=CARTESIAN_POINT('',(0.053902,-0.0318,-0.004385));
#9726=CARTESIAN_POINT('',(0.053902,-0.0318,-0.005885));
#9727=CARTESIAN_POINT('',(-0.0535,-0.0318,-0.005885));
#9728=CARTESIAN_POINT('',(-0.0373745836057863,-0.01989,0.0169076593335084));
#9729=CARTESIAN_POINT('',(-0.0345285895598463,-0.01989,0.0177891619141093));
#9730=CARTESIAN_POINT('',(-0.0402205776517265,-0.01989,0.0160261567529074));
#9731=CARTESIAN_POINT('',(-0.0345285895598463,-0.02239,0.0177891619141093));
#9732=CARTESIAN_POINT('',(-0.0345285895598463,-0.02489,0.0177891619141093));
#9733=CARTESIAN_POINT('',(-0.0373745836057863,-0.02239,0.0169076593335084));
#9734=CARTESIAN_POINT('',(-0.0476929664659149,-0.0783260466909198,0.0137117000405482));
#9735=CARTESIAN_POINT('',(-0.0458991755456829,-0.0799017623207459,0.0142672989981421));
#9736=CARTESIAN_POINT('',(-0.0494867573861469,-0.0767503310610937,0.0131561010829542));
#9737=CARTESIAN_POINT('',(-0.0467979630671666,-0.08161224246672,0.0139889134826383));
#9738=CARTESIAN_POINT('',(-0.0494867573861469,-0.0867292797967794,0.0131561010829542));
#9739=CARTESIAN_POINT('',(-0.0494867573861469,-0.0792503310610936,0.0131561010829542));
#9740=CARTESIAN_POINT('',(-0.0440978163799801,-0.0614841261070235,0.0148252421025634));
#9741=CARTESIAN_POINT('',(-0.0387088753738132,-0.0662179211529533,0.0164943831221726));
#9742=CARTESIAN_POINT('',(-0.0494867573861469,-0.0567503310610937,0.0131561010829542));
#9743=CARTESIAN_POINT('',(-0.0396076628952969,-0.0679284012989274,0.0162159976066687));
#9744=CARTESIAN_POINT('',(-0.0405064504167807,-0.0696388814449015,0.015937612091165));
#9745=CARTESIAN_POINT('',(-0.0449966039014638,-0.0656946062529976,0.0145468565870596));
#9746=CARTESIAN_POINT('',(-0.0494867573861469,-0.0617503310610937,0.0131561010829542));
#9747=CARTESIAN_POINT('',(-0.0494867573861469,-0.0592503310610936,0.0131561010829542));
#9748=CARTESIAN_POINT('',(-0.0458953914229475,-0.0699050863989716,0.0142684710715558));
#9749=CARTESIAN_POINT('',(-0.042304025459748,-0.0730598417368496,0.0153808410601574));
#9750=CARTESIAN_POINT('',(-0.0494867573861469,-0.0667503310610937,0.0131561010829542));
#9751=CARTESIAN_POINT('',(-0.0432028129812317,-0.0747703218828237,0.0151024555446536));
#9752=CARTESIAN_POINT('',(-0.0441016005027155,-0.0764808020287978,0.0148240700291497));
#9753=CARTESIAN_POINT('',(-0.0467941789444312,-0.0741155665449457,0.013990085556052));
#9754=CARTESIAN_POINT('',(-0.0494867573861468,-0.0717503310610936,0.0131561010829542));
#9755=CARTESIAN_POINT('',(-0.0494867573861469,-0.0692503310610936,0.0131561010829542));
#9756=CARTESIAN_POINT('',(-0.0420076734729966,-0.0333201655305468,0.0154726314985317));
#9757=CARTESIAN_POINT('',(-0.0345285895598463,-0.03989,0.0177891619141093));
#9758=CARTESIAN_POINT('',(-0.0494867573861469,-0.0267503310610936,0.0131561010829542));
#9759=CARTESIAN_POINT('',(-0.0345285895598463,-0.04239,0.0177891619141093));
#9760=CARTESIAN_POINT('',(-0.0345285895598463,-0.04489,0.0177891619141093));
#9761=CARTESIAN_POINT('',(-0.0420076734729966,-0.0383201655305469,0.0154726314985317));
#9762=CARTESIAN_POINT('',(-0.0494867573861469,-0.0317503310610937,0.0131561010829542));
#9763=CARTESIAN_POINT('',(-0.0494867573861469,-0.0292503310610937,0.0131561010829542));
#9764=CARTESIAN_POINT('',(-0.0420076734729966,-0.0433201655305469,0.0154726314985317));
#9765=CARTESIAN_POINT('',(-0.0345285895598463,-0.04989,0.0177891619141093));
#9766=CARTESIAN_POINT('',(-0.0494867573861469,-0.0367503310610936,0.0131561010829542));
#9767=CARTESIAN_POINT('',(-0.0345285895598463,-0.05239,0.0177891619141093));
#9768=CARTESIAN_POINT('',(-0.0345285895598463,-0.05489,0.0177891619141093));
#9769=CARTESIAN_POINT('',(-0.0420076734729966,-0.0483201655305468,0.0154726314985317));
#9770=CARTESIAN_POINT('',(-0.0494867573861469,-0.0417503310610937,0.0131561010829542));
#9771=CARTESIAN_POINT('',(-0.0494867573861469,-0.0392503310610937,0.0131561010829542));
#9772=CARTESIAN_POINT('',(-0.0420076734729966,-0.0283201655305469,0.0154726314985317));
#9773=CARTESIAN_POINT('',(-0.0494867573861469,-0.0217503310610937,0.0131561010829542));
#9774=CARTESIAN_POINT('',(-0.0345285895598463,-0.03489,0.0177891619141093));
#9775=CARTESIAN_POINT('',(-0.0494867573861469,-0.0208201655305468,0.0131561010829542));
#9776=CARTESIAN_POINT('',(-0.0494867573861469,-0.01989,0.0131561010829542));
#9777=CARTESIAN_POINT('',(-0.0345285895598463,-0.03239,0.0177891619141093));
#9778=CARTESIAN_POINT('',(-0.0345285895598463,-0.02989,0.0177891619141093));
#9779=CARTESIAN_POINT('',(-0.0476996615648768,-0.01989,0.0137096263373299));
#9780=CARTESIAN_POINT('',(-0.0459125657436067,-0.01989,0.0142631515917056));
#9781=CARTESIAN_POINT('',(-0.0402205776517265,-0.02489,0.0160261567529074));
#9782=CARTESIAN_POINT('',(-0.0423002413370126,-0.0530631658150753,0.015382013133571));
#9783=CARTESIAN_POINT('',(-0.0351137252878784,-0.059376000569057,0.0176079251841878));
#9784=CARTESIAN_POINT('',(-0.0494867573861469,-0.0467503310610937,0.0131561010829542));
#9785=CARTESIAN_POINT('',(-0.0360125128093621,-0.0610864807150311,0.017329539668684));
#9786=CARTESIAN_POINT('',(-0.0369113003308458,-0.0627969608610052,0.0170511541531802));
#9787=CARTESIAN_POINT('',(-0.0431990288584963,-0.0572736459610494,0.0151036276180672));
#9788=CARTESIAN_POINT('',(-0.0494867573861469,-0.0517503310610937,0.0131561010829542));
#9789=CARTESIAN_POINT('',(-0.0494867573861469,-0.0492503310610937,0.0131561010829542));
#9790=CARTESIAN_POINT('',(0.033153595803301,-0.02239,0.0171955089388979));
#9791=CARTESIAN_POINT('',(0.0302695613507781,-0.02489,0.0179432215747372));
#9792=CARTESIAN_POINT('',(0.0360376302558239,-0.01989,0.0164477963030587));
#9793=CARTESIAN_POINT('',(0.0302695613507781,-0.02239,0.0179432215747372));
#9794=CARTESIAN_POINT('',(0.0302695613507781,-0.01989,0.0179432215747372));
#9795=CARTESIAN_POINT('',(0.033153595803301,-0.01989,0.0171955089388979));
#9796=CARTESIAN_POINT('',(0.0401416838809399,-0.0738324370680403,0.0153837824002508));
#9797=CARTESIAN_POINT('',(0.0391253428252775,-0.0722134434086315,0.0156472782294966));
#9798=CARTESIAN_POINT('',(0.0411580249366022,-0.0754514307274492,0.015120286571005));
#9799=CARTESIAN_POINT('',(0.0443254644953646,-0.0677057634938351,0.0142990985372518));
#9800=CARTESIAN_POINT('',(0.0495255861654518,-0.0631980835790388,0.012950918845007));
#9801=CARTESIAN_POINT('',(0.0495255861654518,-0.0656980835790388,0.012950918845007));
#9802=CARTESIAN_POINT('',(0.0495255861654518,-0.0681980835790388,0.012950918845007));
#9803=CARTESIAN_POINT('',(0.045341805551027,-0.071824757153244,0.014035602708006));
#9804=CARTESIAN_POINT('',(0.0360763196582903,-0.0673564624304049,0.016437765717234));
#9805=CARTESIAN_POINT('',(0.035059978602628,-0.065737468770996,0.0167012615464799));
#9806=CARTESIAN_POINT('',(0.0370926607139528,-0.0689754560898138,0.0161742698879882));
#9807=CARTESIAN_POINT('',(0.0422927823840399,-0.0594677761750174,0.0148260901957434));
#9808=CARTESIAN_POINT('',(0.0495255861654518,-0.0531980835790388,0.012950918845007));
#9809=CARTESIAN_POINT('',(0.0495255861654518,-0.0556980835790388,0.012950918845007));
#9810=CARTESIAN_POINT('',(0.0495255861654518,-0.0581980835790388,0.012950918845007));
#9811=CARTESIAN_POINT('',(0.0433091234397023,-0.0635867698344263,0.0145625943664976));
#9812=CARTESIAN_POINT('',(0.0442070481035894,-0.0803084117056757,0.0143297990832676));
#9813=CARTESIAN_POINT('',(0.043190707047927,-0.0786894180462669,0.0145932949125134));
#9814=CARTESIAN_POINT('',(0.0452233891592518,-0.0819274053650846,0.0140663032540218));
#9815=CARTESIAN_POINT('',(0.0463581466066894,-0.0759437508126529,0.0137721068787602));
#9816=CARTESIAN_POINT('',(0.0495255861654518,-0.0731980835790388,0.012950918845007));
#9817=CARTESIAN_POINT('',(0.0495255861654518,-0.0756980835790388,0.012950918845007));
#9818=CARTESIAN_POINT('',(0.0495255861654518,-0.0781980835790389,0.012950918845007));
#9819=CARTESIAN_POINT('',(0.0473744876623518,-0.0800627444720617,0.0135086110495144));
#9820=CARTESIAN_POINT('',(0.0482724123262389,-0.0867843863433112,0.0132758157662844));
#9821=CARTESIAN_POINT('',(0.0472560712705766,-0.0851653926839023,0.0135393115955302));
#9822=CARTESIAN_POINT('',(0.0492887533819013,-0.08840338000272,0.0130123199370386));
#9823=CARTESIAN_POINT('',(0.0483908287180142,-0.0841817381314706,0.0132451152202686));
#9824=CARTESIAN_POINT('',(0.0495255861654518,-0.0831980835790388,0.012950918845007));
#9825=CARTESIAN_POINT('',(0.0495255861654518,-0.0856980835790388,0.012950918845007));
#9826=CARTESIAN_POINT('',(0.0495255861654518,-0.0881980835790388,0.012950918845007));
#9827=CARTESIAN_POINT('',(0.0494071697736766,-0.0883007317908794,0.0129816193910228));
#9828=CARTESIAN_POINT('',(0.0495255861654518,-0.0256980835790388,0.012950918845007));
#9829=CARTESIAN_POINT('',(0.0495255861654518,-0.0281980835790388,0.012950918845007));
#9830=CARTESIAN_POINT('',(0.0495255861654518,-0.0231980835790388,0.012950918845007));
#9831=CARTESIAN_POINT('',(0.039897573758115,-0.0365440417895194,0.0154470702098721));
#9832=CARTESIAN_POINT('',(0.0302695613507781,-0.04489,0.0179432215747372));
#9833=CARTESIAN_POINT('',(0.0302695613507781,-0.04239,0.0179432215747372));
#9834=CARTESIAN_POINT('',(0.0302695613507781,-0.03989,0.0179432215747372));
#9835=CARTESIAN_POINT('',(0.039897573758115,-0.0315440417895194,0.0154470702098721));
#9836=CARTESIAN_POINT('',(0.0446897336133925,-0.01989,0.0142046583955409));
#9837=CARTESIAN_POINT('',(0.0475737680659154,-0.01989,0.0134569457597016));
#9838=CARTESIAN_POINT('',(0.0418056991608697,-0.01989,0.0149523710313801));
#9839=CARTESIAN_POINT('',(0.0389216647083467,-0.02739,0.0157000836672194));
#9840=CARTESIAN_POINT('',(0.0302695613507781,-0.03489,0.0179432215747372));
#9841=CARTESIAN_POINT('',(0.0360376302558239,-0.02489,0.0164477963030587));
#9842=CARTESIAN_POINT('',(0.0302695613507781,-0.02989,0.0179432215747372));
#9843=CARTESIAN_POINT('',(0.0302695613507781,-0.03239,0.0179432215747372));
#9844=CARTESIAN_POINT('',(0.0320109554356408,-0.0608804877927695,0.0174917490342173));
#9845=CARTESIAN_POINT('',(0.0309946143799785,-0.0592614941333606,0.0177552448634631));
#9846=CARTESIAN_POINT('',(0.0330272964913032,-0.0624994814521783,0.0172282532049715));
#9847=CARTESIAN_POINT('',(0.0402601002727151,-0.0512297888561997,0.015353081854235));
#9848=CARTESIAN_POINT('',(0.0495255861654518,-0.0431980835790388,0.012950918845007));
#9849=CARTESIAN_POINT('',(0.0495255861654518,-0.0456980835790388,0.012950918845007));
#9850=CARTESIAN_POINT('',(0.0495255861654518,-0.0481980835790388,0.012950918845007));
#9851=CARTESIAN_POINT('',(0.0412764413283775,-0.0553487825156086,0.0150895860249892));
#9852=CARTESIAN_POINT('',(0.0495255861654518,-0.0356980835790389,0.012950918845007));
#9853=CARTESIAN_POINT('',(0.0495255861654518,-0.0381980835790389,0.012950918845007));
#9854=CARTESIAN_POINT('',(0.0495255861654518,-0.0331980835790389,0.012950918845007));
#9855=CARTESIAN_POINT('',(0.039897573758115,-0.0465440417895194,0.0154470702098721));
#9856=CARTESIAN_POINT('',(0.0302695613507781,-0.05489,0.0179432215747372));
#9857=CARTESIAN_POINT('',(0.0302695613507781,-0.05239,0.0179432215747372));
#9858=CARTESIAN_POINT('',(0.0302695613507782,-0.04989,0.0179432215747372));
#9859=CARTESIAN_POINT('',(0.039897573758115,-0.0415440417895194,0.0154470702098721));
#9860=CARTESIAN_POINT('',(-0.0494,-0.009,-0.008385));
#9861=CARTESIAN_POINT('',(-0.0469,-0.009,-0.008385));
#9862=CARTESIAN_POINT('',(-0.0469,-0.009,-0.008385));
#9863=CARTESIAN_POINT('',(-0.0494,-0.009,-0.008385));
#9864=CARTESIAN_POINT('',(-0.0449,-0.0045,-0.008385));
#9865=CARTESIAN_POINT('',(-0.0449,-0.0045,-0.008385));
#9866=CARTESIAN_POINT('',(-0.0449,-0.007,-0.008385));
#9867=CARTESIAN_POINT('',(-0.0449,-0.007,-0.018385));
#9868=CARTESIAN_POINT('',(9.44523139354905E-19,-0.05115,-0.008385));
#9869=CARTESIAN_POINT('',(-0.0494,-0.00475,-0.008385));
#9870=CARTESIAN_POINT('',(-0.0509,-0.00475,-0.008385));
#9871=CARTESIAN_POINT('',(-0.0469,-0.007,-0.008385));
#9872=CARTESIAN_POINT('',(0.0494,-0.009,-0.008385));
#9873=CARTESIAN_POINT('',(0.0494,-0.009,-0.008385));
#9874=CARTESIAN_POINT('',(0.0469,-0.009,-0.008385));
#9875=CARTESIAN_POINT('',(0.0469,-0.009,-0.018385));
#9876=CARTESIAN_POINT('',(0.0449,-0.0045,-0.008385));
#9877=CARTESIAN_POINT('',(0.0449,-0.007,-0.008385));
#9878=CARTESIAN_POINT('',(0.0449,-0.007,-0.008385));
#9879=CARTESIAN_POINT('',(0.0449,-0.0045,-0.008385));
#9880=CARTESIAN_POINT('',(9.44523139354905E-19,-0.05115,-0.008385));
#9881=CARTESIAN_POINT('',(0.0494,-0.00475,-0.008385));
#9882=CARTESIAN_POINT('',(0.0479,-0.00475,-0.008385));
#9883=CARTESIAN_POINT('',(0.0469,-0.007,-0.008385));
#9884=CARTESIAN_POINT('',(0.0469,-0.00475,-0.016385));
#9885=CARTESIAN_POINT('',(0.0494,-0.00475,-0.016385));
#9886=CARTESIAN_POINT('',(0.0509,-0.00475,-0.016385));
#9887=CARTESIAN_POINT('',(0.0509,-0.003,-0.016385));
#9888=CARTESIAN_POINT('',(0.0537284271247462,-0.002,-0.016385));
#9889=CARTESIAN_POINT('',(0.0469,-0.002,-0.016385));
#9890=CARTESIAN_POINT('',(0.0469,-0.002,-0.016385));
#9891=CARTESIAN_POINT('',(0.0469,-0.00475,-0.016385));
#9892=CARTESIAN_POINT('',(0.0469,-0.0075,-0.016385));
#9893=CARTESIAN_POINT('',(0.0469,-0.0075,-0.016385));
#9894=CARTESIAN_POINT('',(0.0469,-0.0075,-0.015135));
#9895=CARTESIAN_POINT('',(0.0469,-0.0075,-0.015135));
#9896=CARTESIAN_POINT('',(0.0469,-0.0075,-0.013885));
#9897=CARTESIAN_POINT('',(0.0469,-0.0075,-0.013885));
#9898=CARTESIAN_POINT('',(0.0469,-0.00475,-0.013885));
#9899=CARTESIAN_POINT('',(0.0494,-0.00475,-0.013885));
#9900=CARTESIAN_POINT('',(0.0509,-0.00475,-0.013885));
#9901=CARTESIAN_POINT('',(0.0469,-0.002,-0.013885));
#9902=CARTESIAN_POINT('',(0.0469,-0.002,-0.013885));
#9903=CARTESIAN_POINT('',(0.0537284271247462,-0.002,-0.013885));
#9904=CARTESIAN_POINT('',(0.0509,-0.003,-0.013885));
#9905=CARTESIAN_POINT('',(0.0469,-0.00475,-0.013885));
#9906=CARTESIAN_POINT('',(0.0469,-0.002,-0.015135));
#9907=CARTESIAN_POINT('',(0.0537284271247462,-0.002,-0.016385));
#9908=CARTESIAN_POINT('',(0.0469,-0.002,-0.015135));
#9909=CARTESIAN_POINT('',(0.0469,-0.05115,-0.00225));
#9910=CARTESIAN_POINT('',(-0.0469,-0.00475,-0.016385));
#9911=CARTESIAN_POINT('',(-0.0494,-0.00475,-0.016385));
#9912=CARTESIAN_POINT('',(-0.0479,-0.00475,-0.016385));
#9913=CARTESIAN_POINT('',(-0.0469,-0.002,-0.016385));
#9914=CARTESIAN_POINT('',(-0.0469,-0.002,-0.016385));
#9915=CARTESIAN_POINT('',(-0.0537284271247462,-0.002,-0.016385));
#9916=CARTESIAN_POINT('',(-0.0509,-0.003,-0.016385));
#9917=CARTESIAN_POINT('',(-0.0469,-0.0075,-0.016385));
#9918=CARTESIAN_POINT('',(-0.0469,-0.0075,-0.016385));
#9919=CARTESIAN_POINT('',(-0.0469,-0.00475,-0.016385));
#9920=CARTESIAN_POINT('',(-0.0469,-0.0075,-0.015135));
#9921=CARTESIAN_POINT('',(-0.0469,-0.0075,-0.013885));
#9922=CARTESIAN_POINT('',(-0.0469,-0.0075,-0.013885));
#9923=CARTESIAN_POINT('',(-0.0469,-0.0075,-0.015135));
#9924=CARTESIAN_POINT('',(-0.0469,-0.00475,-0.013885));
#9925=CARTESIAN_POINT('',(-0.0494,-0.00475,-0.013885));
#9926=CARTESIAN_POINT('',(-0.0479,-0.00475,-0.013885));
#9927=CARTESIAN_POINT('',(-0.0509,-0.003,-0.013885));
#9928=CARTESIAN_POINT('',(-0.0537284271247462,-0.002,-0.013885));
#9929=CARTESIAN_POINT('',(-0.0469,-0.002,-0.013885));
#9930=CARTESIAN_POINT('',(-0.0469,-0.002,-0.013885));
#9931=CARTESIAN_POINT('',(-0.0469,-0.00475,-0.013885));
#9932=CARTESIAN_POINT('',(-0.0469,-0.002,-0.015135));
#9933=CARTESIAN_POINT('',(-0.0537284271247462,-0.002,-0.013885));
#9934=CARTESIAN_POINT('',(-0.0469,-0.002,-0.015135));
#9935=CARTESIAN_POINT('',(-0.0469,-0.05115,-0.00225));
#9936=CARTESIAN_POINT('',(-0.0305,-0.102302,-0.015385));
#9937=CARTESIAN_POINT('',(-0.0346,-0.102302,-0.015385));
#9938=CARTESIAN_POINT('',(-0.0346,-0.1007,-0.015385));
#9939=CARTESIAN_POINT('',(-0.0264,-0.1007,-0.015385));
#9940=CARTESIAN_POINT('',(-0.0264,-0.1007,-0.015385));
#9941=CARTESIAN_POINT('',(-0.0264,-0.102302,-0.015385));
#9942=CARTESIAN_POINT('',(-0.0264,-0.102302,-0.014935));
#9943=CARTESIAN_POINT('',(-0.0264,-0.1003,-0.014985));
#9944=CARTESIAN_POINT('',(-0.0264,-0.101726,-0.015511));
#9945=CARTESIAN_POINT('',(-0.0264,-0.1007,-0.014485));
#9946=CARTESIAN_POINT('',(-0.0264,-0.102302,-0.014485));
#9947=CARTESIAN_POINT('',(-0.0255,-0.102302,-0.014485));
#9948=CARTESIAN_POINT('',(-0.0255,-0.1007,-0.014485));
#9949=CARTESIAN_POINT('',(-0.0246,-0.1007,-0.014485));
#9950=CARTESIAN_POINT('',(-0.0246,-0.102302,-0.014485));
#9951=CARTESIAN_POINT('',(-0.0246,-0.102302,-0.014935));
#9952=CARTESIAN_POINT('',(-0.0246,-0.1003,-0.014985));
#9953=CARTESIAN_POINT('',(-0.0246,-0.1007,-0.015385));
#9954=CARTESIAN_POINT('',(-0.0246,-0.102302,-0.015385));
#9955=CARTESIAN_POINT('',(-0.0246,-0.101726,-0.015511));
#9956=CARTESIAN_POINT('',(-0.0238,-0.102302,-0.015385));
#9957=CARTESIAN_POINT('',(-0.023,-0.1007,-0.015385));
#9958=CARTESIAN_POINT('',(-0.023,-0.1007,-0.015385));
#9959=CARTESIAN_POINT('',(-0.023,-0.102302,-0.015385));
#9960=CARTESIAN_POINT('',(-0.023,-0.102302,-0.016135));
#9961=CARTESIAN_POINT('',(-0.023,-0.1007,-0.016135));
#9962=CARTESIAN_POINT('',(-0.023,-0.1007,-0.016885));
#9963=CARTESIAN_POINT('',(-0.023,-0.102302,-0.016885));
#9964=CARTESIAN_POINT('',(-0.0305,-0.102302,-0.016885));
#9965=CARTESIAN_POINT('',(-0.0305,-0.1007,-0.016885));
#9966=CARTESIAN_POINT('',(-0.038,-0.1007,-0.016885));
#9967=CARTESIAN_POINT('',(-0.038,-0.102302,-0.016885));
#9968=CARTESIAN_POINT('',(-0.038,-0.102302,-0.016135));
#9969=CARTESIAN_POINT('',(-0.038,-0.1007,-0.016135));
#9970=CARTESIAN_POINT('',(-0.038,-0.1007,-0.015385));
#9971=CARTESIAN_POINT('',(-0.038,-0.102302,-0.015385));
#9972=CARTESIAN_POINT('',(-0.0372,-0.102302,-0.015385));
#9973=CARTESIAN_POINT('',(-0.0364,-0.1007,-0.015385));
#9974=CARTESIAN_POINT('',(-0.0364,-0.1007,-0.015385));
#9975=CARTESIAN_POINT('',(-0.0364,-0.102302,-0.015385));
#9976=CARTESIAN_POINT('',(-0.0364,-0.102302,-0.014935));
#9977=CARTESIAN_POINT('',(-0.0364,-0.101276,-0.015961));
#9978=CARTESIAN_POINT('',(-0.0364,-0.1003,-0.014085));
#9979=CARTESIAN_POINT('',(-0.0364,-0.1007,-0.014485));
#9980=CARTESIAN_POINT('',(-0.0364,-0.102302,-0.014485));
#9981=CARTESIAN_POINT('',(-0.0346,-0.102302,-0.014935));
#9982=CARTESIAN_POINT('',(-0.0346,-0.101276,-0.015961));
#9983=CARTESIAN_POINT('',(-0.0346,-0.102302,-0.014485));
#9984=CARTESIAN_POINT('',(-0.0346,-0.1007,-0.014485));
#9985=CARTESIAN_POINT('',(-0.0346,-0.1003,-0.014085));
#9986=CARTESIAN_POINT('',(-0.0355,-0.102302,-0.014485));
#9987=CARTESIAN_POINT('',(-0.0346,-0.1007,-0.014485));
#9988=CARTESIAN_POINT('',(0.0346,-0.102302,-0.014935));
#9989=CARTESIAN_POINT('',(0.0346,-0.102302,-0.015385));
#9990=CARTESIAN_POINT('',(0.0346,-0.1007,-0.015385));
#9991=CARTESIAN_POINT('',(0.0346,-0.1003,-0.014985));
#9992=CARTESIAN_POINT('',(0.0346,-0.101726,-0.015511));
#9993=CARTESIAN_POINT('',(0.0346,-0.1007,-0.014485));
#9994=CARTESIAN_POINT('',(0.0346,-0.102302,-0.014485));
#9995=CARTESIAN_POINT('',(0.0355,-0.102302,-0.014485));
#9996=CARTESIAN_POINT('',(0.0355,-0.1007,-0.014485));
#9997=CARTESIAN_POINT('',(0.0364,-0.1007,-0.014485));
#9998=CARTESIAN_POINT('',(0.0364,-0.102302,-0.014485));
#9999=CARTESIAN_POINT('',(0.0364,-0.102302,-0.014935));
#10000=CARTESIAN_POINT('',(0.0364,-0.1003,-0.014985));
#10001=CARTESIAN_POINT('',(0.0364,-0.1007,-0.015385));
#10002=CARTESIAN_POINT('',(0.0364,-0.102302,-0.015385));
#10003=CARTESIAN_POINT('',(0.0364,-0.101726,-0.015511));
#10004=CARTESIAN_POINT('',(0.0372,-0.102302,-0.015385));
#10005=CARTESIAN_POINT('',(0.038,-0.1007,-0.015385));
#10006=CARTESIAN_POINT('',(0.038,-0.1007,-0.015385));
#10007=CARTESIAN_POINT('',(0.038,-0.102302,-0.015385));
#10008=CARTESIAN_POINT('',(0.038,-0.102302,-0.016135));
#10009=CARTESIAN_POINT('',(0.038,-0.1007,-0.016135));
#10010=CARTESIAN_POINT('',(0.038,-0.1007,-0.016885));
#10011=CARTESIAN_POINT('',(0.038,-0.102302,-0.016885));
#10012=CARTESIAN_POINT('',(0.0305,-0.102302,-0.016885));
#10013=CARTESIAN_POINT('',(0.0305,-0.1007,-0.016885));
#10014=CARTESIAN_POINT('',(0.023,-0.1007,-0.016885));
#10015=CARTESIAN_POINT('',(0.023,-0.102302,-0.016885));
#10016=CARTESIAN_POINT('',(0.023,-0.102302,-0.016135));
#10017=CARTESIAN_POINT('',(0.023,-0.1007,-0.016135));
#10018=CARTESIAN_POINT('',(0.023,-0.1007,-0.015385));
#10019=CARTESIAN_POINT('',(0.023,-0.102302,-0.015385));
#10020=CARTESIAN_POINT('',(0.0238,-0.102302,-0.015385));
#10021=CARTESIAN_POINT('',(0.0246,-0.1007,-0.015385));
#10022=CARTESIAN_POINT('',(0.0246,-0.1007,-0.015385));
#10023=CARTESIAN_POINT('',(0.0246,-0.102302,-0.015385));
#10024=CARTESIAN_POINT('',(0.0246,-0.102302,-0.014935));
#10025=CARTESIAN_POINT('',(0.0246,-0.101276,-0.015961));
#10026=CARTESIAN_POINT('',(0.0246,-0.1003,-0.014085));
#10027=CARTESIAN_POINT('',(0.0246,-0.1007,-0.014485));
#10028=CARTESIAN_POINT('',(0.0246,-0.102302,-0.014485));
#10029=CARTESIAN_POINT('',(0.0255,-0.102302,-0.014485));
#10030=CARTESIAN_POINT('',(0.0264,-0.1007,-0.014485));
#10031=CARTESIAN_POINT('',(0.0264,-0.1007,-0.014485));
#10032=CARTESIAN_POINT('',(0.0264,-0.102302,-0.014485));
#10033=CARTESIAN_POINT('',(0.0305,-0.102302,-0.015385));
#10034=CARTESIAN_POINT('',(0.0264,-0.102302,-0.015385));
#10035=CARTESIAN_POINT('',(0.0264,-0.1007,-0.015385));
#10036=CARTESIAN_POINT('',(0.0346,-0.1007,-0.015385));
#10037=CARTESIAN_POINT('',(0.0264,-0.102302,-0.014935));
#10038=CARTESIAN_POINT('',(0.0264,-0.101276,-0.015961));
#10039=CARTESIAN_POINT('',(0.0264,-0.1003,-0.014085));
#10040=CARTESIAN_POINT('',(-0.0494,-0.00475,-0.008383));
#10041=CARTESIAN_POINT('',(-0.0494,-0.00475,-0.008383));
#10042=CARTESIAN_POINT('',(0.0494,-0.00475,-0.008383));
#10043=CARTESIAN_POINT('',(0.0494,-0.00475,-0.008383));
#10044=CARTESIAN_POINT('',(0.0509,-0.0993,0.));
#10045=CARTESIAN_POINT('',(0.0509,-0.0993,0.0136297166162236));
#10046=CARTESIAN_POINT('',(0.0536840657005494,-0.100417576921301,0.0131485200753879));
#10047=CARTESIAN_POINT('',(0.0536840657005494,-0.100417576921301,0.0131485200753879));
#10048=CARTESIAN_POINT('',(0.0535589407035481,-0.100729283619778,0.0131701466180795));
#10049=CARTESIAN_POINT('',(0.0533835687953322,-0.101015966876432,0.0131739151976923));
#10050=CARTESIAN_POINT('',(0.0531632546711127,-0.101269182138271,0.0131464408609818));
#10051=CARTESIAN_POINT('',(0.0531632546711127,-0.101269182138271,0.0131464408609818));
#10052=CARTESIAN_POINT('',(0.0509,-0.0993,0.0133601008620343));
#10053=CARTESIAN_POINT('',(-0.00564599564781698,-0.00781231232650495,0.0262236672388456));
#10054=CARTESIAN_POINT('',(0.0524088364474084,-0.100773427300655,0.0141334540547643));
#10055=CARTESIAN_POINT('',(0.0526386539814516,-0.100556682107969,0.0141687299522021));
#10056=CARTESIAN_POINT('',(0.0528421245412902,-0.100313358782692,0.0141592640078137));
#10057=CARTESIAN_POINT('',(0.05300700595915,-0.100045051280867,0.0141165169735537));
#10058=CARTESIAN_POINT('',(-0.0509,-0.0993,-5.20417042793042E-18));
#10059=CARTESIAN_POINT('',(-0.0532633778765279,-0.101147821693979,0.0131596086996247));
#10060=CARTESIAN_POINT('',(-0.053523608269356,-0.100814985059787,0.0131957221064191));
#10061=CARTESIAN_POINT('',(-0.053710370472878,-0.10043179248206,0.0131870216871591));
#10062=CARTESIAN_POINT('',(-0.0538120834376935,-0.10002095079715,0.0131660190100586));
#10063=CARTESIAN_POINT('',(-0.0532633778765279,-0.101147821693979,0.0131596086996247));
#10064=CARTESIAN_POINT('',(-0.0538120834376935,-0.10002095079715,0.0131660190100586));
#10065=CARTESIAN_POINT('',(-0.0509,-0.0993,0.0137673341741841));
#10066=CARTESIAN_POINT('',(-0.0509,-0.0993,0.0133601008620343));
#10067=CARTESIAN_POINT('',(-0.00166252052221042,-0.0035083941289176,0.0269241421838144));
#10068=CARTESIAN_POINT('',(-0.053137256354568,-0.0997806338647667,0.014121248031771));
#10069=CARTESIAN_POINT('',(-0.0529779601504815,-0.100123305784475,0.0141705875640102));
#10070=CARTESIAN_POINT('',(-0.0527467093375634,-0.100428352989321,0.0141896158817659));
#10071=CARTESIAN_POINT('',(-0.0524755852510186,-0.100692520337793,0.0141466218934073));
#10072=CARTESIAN_POINT('',(0.0509,-0.003,6.93889390390723E-18));
#10073=CARTESIAN_POINT('',(0.0521259830350083,-0.000261941272019184,0.0132382712724611));
#10074=CARTESIAN_POINT('',(0.0525274421614679,-0.000441697123586227,0.0132804462669632));
#10075=CARTESIAN_POINT('',(0.0528857766403123,-0.000708790226980077,0.0132864959623425));
#10076=CARTESIAN_POINT('',(0.0531725361639772,-0.00104153647381025,0.0132369325878819));
#10077=CARTESIAN_POINT('',(0.0521259830350083,-0.000261941272019184,0.0132382712724611));
#10078=CARTESIAN_POINT('',(0.0531725361639772,-0.00104153647381025,0.0132369325878819));
#10079=CARTESIAN_POINT('',(0.0509,-0.003,0.0136297166162236));
#10080=CARTESIAN_POINT('',(0.0509,-0.003,0.0138806849173703));
#10081=CARTESIAN_POINT('',(0.0222620324346318,-0.0235373106022844,0.0189882525508033));
#10082=CARTESIAN_POINT('',(0.0526659862681019,-0.00169435764920684,0.0142049294860477));
#10083=CARTESIAN_POINT('',(0.0523994221308983,-0.00136178221557039,0.0142740387068042));
#10084=CARTESIAN_POINT('',(0.0520771786015929,-0.00106763538760538,0.0142607389498863));
#10085=CARTESIAN_POINT('',(0.0517173220233388,-0.000842650969384068,0.0141815589133076));
#10086=CARTESIAN_POINT('',(-0.0509,-0.003,0.));
#10087=CARTESIAN_POINT('',(-0.0509,-0.003,0.0137673341741841));
#10088=CARTESIAN_POINT('',(-0.0533439444342487,-0.00126013345273132,0.0132626848809764));
#10089=CARTESIAN_POINT('',(-0.0533439444342487,-0.00126013345273132,0.0132626848809764));
#10090=CARTESIAN_POINT('',(-0.0530815357417473,-0.00089153491593884,0.0133168695667436));
#10091=CARTESIAN_POINT('',(-0.052736184587295,-0.000584748629384197,0.0133140095497045));
#10092=CARTESIAN_POINT('',(-0.0523388792666595,-0.000367581633558721,0.0132630570117196));
#10093=CARTESIAN_POINT('',(-0.0523388792666595,-0.000367581633558722,0.0132630570117196));
#10094=CARTESIAN_POINT('',(-0.0509,-0.003,0.0138806849173703));
#10095=CARTESIAN_POINT('',(-0.0269163568042961,-0.0238609633642223,0.0191021574946728));
#10096=CARTESIAN_POINT('',(-0.0518592528444397,-0.000913077877077088,0.0142063446525661));
#10097=CARTESIAN_POINT('',(-0.0522285490312206,-0.00116191070638396,0.0142939177951075));
#10098=CARTESIAN_POINT('',(-0.0525593682203016,-0.00148154632569487,0.014300239931765));
#10099=CARTESIAN_POINT('',(-0.0528251636856048,-0.00184008896848754,0.0142179139026888));
#10100=CARTESIAN_POINT('',(0.03489,2.000000000002E-6,4.99962207478022E-5));
#10101=CARTESIAN_POINT('',(0.03389,2.000000000002E-6,0.005915));
#10102=CARTESIAN_POINT('',(0.01889,2.000000000002E-6,0.005915));
#10103=CARTESIAN_POINT('',(0.01889,2.000000000002E-6,-0.007385));
#10104=CARTESIAN_POINT('',(0.01569,2.000000000002E-6,-0.005885));
#10105=CARTESIAN_POINT('',(0.01569,2.000000000002E-6,0.008015));
#10106=CARTESIAN_POINT('',(0.00289,2.000000000002E-6,0.008015));
#10107=CARTESIAN_POINT('',(0.00289,2.000000000002E-6,-0.005885));
#10108=CARTESIAN_POINT('',(-0.00131000000000002,2.000000000002E-6,0.008015));
#10109=CARTESIAN_POINT('',(-0.01411,2.000000000002E-6,0.008015));
#10110=CARTESIAN_POINT('',(-0.01411,2.000000000002E-6,-0.005885));
#10111=CARTESIAN_POINT('',(-0.00131000000000002,2.000000000002E-6,-0.005885));
#10112=CARTESIAN_POINT('',(-0.0196,2.000000000002E-6,-0.001675));
#10113=CARTESIAN_POINT('',(-0.0355,2.000000000002E-6,-0.001675));
#10114=CARTESIAN_POINT('',(-0.0355,2.000000000002E-6,-0.00476012626584709));
#10115=CARTESIAN_POINT('',(-0.0340251262658471,2.000000000002E-6,-0.006235));
#10116=CARTESIAN_POINT('',(-0.0196,2.000000000002E-6,-0.006235));
#10117=CARTESIAN_POINT('',(-0.0509,2.60208521396521E-18,0.0131768136252637));
#10118=CARTESIAN_POINT('',(-0.0509,2.60208521396521E-18,0.013885));
#10119=CARTESIAN_POINT('',(-0.0509,-0.000668023454704602,0.0141201012661102));
#10120=CARTESIAN_POINT('',(-0.0514002289616606,2.60208521396521E-18,0.0131768136252675));
#10121=CARTESIAN_POINT('',(-0.0513586706080988,-1.86652350266426E-14,0.0138850000000059));
#10122=CARTESIAN_POINT('',(-0.0512334859744416,-0.000668023454714981,0.0141201012661139));
#10123=CARTESIAN_POINT('',(-0.0518999419656362,-0.000127658606938993,0.0132067653681385));
#10124=CARTESIAN_POINT('',(-0.0518213222853722,-0.000107878016617834,0.0139229661194742));
#10125=CARTESIAN_POINT('',(-0.0515666279770861,-0.000753129192673317,0.0141500530089851));
#10126=CARTESIAN_POINT('',(-0.0523388792666595,-0.000367581633558736,0.0132630570117196));
#10127=CARTESIAN_POINT('',(-0.0522306818533546,-0.000308440952618603,0.0139935513659291));
#10128=CARTESIAN_POINT('',(-0.0518592528444397,-0.000913077877077095,0.0142063446525661));
#10129=CARTESIAN_POINT('',(-0.0509,-0.001,0.0131768136252637));
#10130=CARTESIAN_POINT('',(-0.0518592528444397,-0.00124505442237248,0.0132630570117196));
#10131=CARTESIAN_POINT('',(-0.0528251636856048,-0.00184008896848755,0.0142179139026888));
#10132=CARTESIAN_POINT('',(-0.0534241316172732,-0.00137277026384665,0.0140323928619066));
#10133=CARTESIAN_POINT('',(-0.0533439444342488,-0.00126013345273133,0.0132626848809764));
#10134=CARTESIAN_POINT('',(-0.0525567199859505,-0.00147797401556103,0.0143010601813428));
#10135=CARTESIAN_POINT('',(-0.0531242821235029,-0.000915187476592628,0.0141326889107097));
#10136=CARTESIAN_POINT('',(-0.0530820488102864,-0.000892255609719888,0.0133167636109718));
#10137=CARTESIAN_POINT('',(-0.0522192512609143,-0.00115564584171774,0.0142917129659137));
#10138=CARTESIAN_POINT('',(-0.0526996342934563,-0.000543308366793189,0.0141100348624857));
#10139=CARTESIAN_POINT('',(-0.0527309750319576,-0.000581901087648768,0.0133133414594237));
#10140=CARTESIAN_POINT('',(-0.0518592528444397,-0.000913077877077061,0.0142063446525661));
#10141=CARTESIAN_POINT('',(-0.0522306818533546,-0.000308440952618563,0.0139935513659291));
#10142=CARTESIAN_POINT('',(-0.0523388792666595,-0.000367581633558701,0.0132630570117196));
#10143=CARTESIAN_POINT('',(-0.0525292962894992,-0.00184008896848754,0.0132626848809764));
#10144=CARTESIAN_POINT('',(-3.07856798737579E-18,-0.001,0.0131768136252637));
#10145=CARTESIAN_POINT('',(0.0509,-0.001,0.0131768136252637));
#10146=CARTESIAN_POINT('',(-0.0531958673961056,-0.003,0.0141030941693478));
#10147=CARTESIAN_POINT('',(-0.0539,-0.003,0.013885));
#10148=CARTESIAN_POINT('',(-0.0539,-0.003,0.0131478651476354));
#10149=CARTESIAN_POINT('',(-0.053195867396094,-0.0025875505762011,0.0141030941693514));
#10150=CARTESIAN_POINT('',(-0.0538999999999768,-0.00242841027998898,0.0138850000000064));
#10151=CARTESIAN_POINT('',(-0.0539,-0.00238132586430179,0.0131478651476397));
#10152=CARTESIAN_POINT('',(-0.0530643660032749,-0.00217609012552005,0.0141438246892512));
#10153=CARTESIAN_POINT('',(-0.0537298333764522,-0.00185065536158779,0.0139377064763192));
#10154=CARTESIAN_POINT('',(-0.0537027479107668,-0.00176413518826794,0.0131885956675378));
#10155=CARTESIAN_POINT('',(-0.0528251636856048,-0.00184008896848754,0.0142179139026888));
#10156=CARTESIAN_POINT('',(-0.0534241316172731,-0.00137277026384662,0.0140323928619066));
#10157=CARTESIAN_POINT('',(-0.0533439444342487,-0.0012601334527313,0.0132626848809764));
#10158=CARTESIAN_POINT('',(-0.0529,-0.003,0.0131478651476354));
#10159=CARTESIAN_POINT('',(0.0521259830350083,-0.000261941272019198,0.0132382712724611));
#10160=CARTESIAN_POINT('',(0.0520309551886983,-0.000219391955512978,0.0139622118496024));
#10161=CARTESIAN_POINT('',(0.0517173220233389,-0.000842650969384069,0.0141815589133076));
#10162=CARTESIAN_POINT('',(0.0517417544218136,-8.99004912544935E-5,0.0131979064169125));
#10163=CARTESIAN_POINT('',(0.0516745301134699,-7.56929326982939E-5,0.0139116390411696));
#10164=CARTESIAN_POINT('',(0.0514611696145399,-0.000727957115548409,0.0141411940577596));
#10165=CARTESIAN_POINT('',(0.0513209865295226,2.60208521396521E-18,0.0131768136252669));
#10166=CARTESIAN_POINT('',(0.0512860115313144,-1.57080196464676E-14,0.013885000000005));
#10167=CARTESIAN_POINT('',(0.0511806576863497,-0.000668023454713337,0.0141201012661133));
#10168=CARTESIAN_POINT('',(0.0509,2.60208521396521E-18,0.0131768136252637));
#10169=CARTESIAN_POINT('',(0.0509,2.60208521396521E-18,0.013885));
#10170=CARTESIAN_POINT('',(0.0509,-0.000668023454704602,0.0141201012661102));
#10171=CARTESIAN_POINT('',(0.0517173220233388,-0.00117462751467946,0.0132382712724611));
#10172=CARTESIAN_POINT('',(-0.0529,-0.1023,0.0131478651476354));
#10173=CARTESIAN_POINT('',(-0.0529,-0.0993,0.0131478651476354));
#10174=CARTESIAN_POINT('',(0.0531725361639773,-0.00104153647381026,0.0132369325878819));
#10175=CARTESIAN_POINT('',(0.053262405337743,-0.00114581768440124,0.0140503023198444));
#10176=CARTESIAN_POINT('',(0.0526659862681019,-0.00169435764920684,0.0142049294860477));
#10177=CARTESIAN_POINT('',(0.0528868841197315,-0.000710075309391426,0.0132863045238942));
#10178=CARTESIAN_POINT('',(0.0529272747053504,-0.000726078102622535,0.0141236351380804));
#10179=CARTESIAN_POINT('',(0.0523928973494969,-0.00135364165607673,0.0142757303167971));
#10180=CARTESIAN_POINT('',(0.0525265871298131,-0.000441314277779211,0.0132803564606546));
#10181=CARTESIAN_POINT('',(0.0524948691721292,-0.000409918151774889,0.0140765579778454));
#10182=CARTESIAN_POINT('',(0.0520657281358099,-0.00106047649902804,0.0142582194818098));
#10183=CARTESIAN_POINT('',(0.0521259830350084,-0.00026194127201916,0.0132382712724612));
#10184=CARTESIAN_POINT('',(0.0520309551886983,-0.00021939195551294,0.0139622118496024));
#10185=CARTESIAN_POINT('',(0.0517173220233389,-0.000842650969384037,0.0141815589133077));
#10186=CARTESIAN_POINT('',(0.0524150241093182,-0.00169435764920684,0.0132369325878819));
#10187=CARTESIAN_POINT('',(-0.0531372563545679,-0.0997806338647667,0.014121248031771));
#10188=CARTESIAN_POINT('',(-0.0538253580206304,-0.0999673317523196,0.0139081191971499));
#10189=CARTESIAN_POINT('',(-0.0538120834376935,-0.10002095079715,0.0131660190100586));
#10190=CARTESIAN_POINT('',(-0.0531761384099875,-0.0996235804429916,0.0141092049172605));
#10191=CARTESIAN_POINT('',(-0.053874835949728,-0.0997489260494123,0.0138927941748601));
#10192=CARTESIAN_POINT('',(-0.0538704065208289,-0.0997853706644901,0.0131539758955483));
#10193=CARTESIAN_POINT('',(-0.053195867396101,-0.0994617949058179,0.0141030941693492));
#10194=CARTESIAN_POINT('',(-0.0538999999999909,-0.0995242221702303,0.0138850000000025));
#10195=CARTESIAN_POINT('',(-0.0539,-0.0995426923587246,0.0131478651476371));
#10196=CARTESIAN_POINT('',(-0.0531958673961056,-0.0993,0.0141030941693478));
#10197=CARTESIAN_POINT('',(-0.0539,-0.0993,0.013885));
#10198=CARTESIAN_POINT('',(-0.0539,-0.0993,0.0131478651476354));
#10199=CARTESIAN_POINT('',(-0.0528413889584623,-0.0997806338647667,0.0131660190100586));
#10200=CARTESIAN_POINT('',(0.0539,-0.003,0.0131111980977051));
#10201=CARTESIAN_POINT('',(0.0539,-0.003,0.013885));
#10202=CARTESIAN_POINT('',(0.0531509621587837,-0.003,0.0140791949958709));
#10203=CARTESIAN_POINT('',(0.0539,-0.00228869718827859,0.0131111980977088));
#10204=CARTESIAN_POINT('',(0.0538999999999815,-0.00233626325869299,0.0138850000000088));
#10205=CARTESIAN_POINT('',(0.0531509621587705,-0.00252579812551906,0.0140791949958743));
#10206=CARTESIAN_POINT('',(0.0536368897005142,-0.00158035692695603,0.0131566739519407));
#10207=CARTESIAN_POINT('',(0.0536677598299016,-0.00166537305980976,0.0139452104144758));
#10208=CARTESIAN_POINT('',(0.05297555529245,-0.00205357128464361,0.0141246708501056));
#10209=CARTESIAN_POINT('',(0.0531725361639772,-0.00104153647381022,0.0132369325878819));
#10210=CARTESIAN_POINT('',(0.0532624053377429,-0.0011458176844012,0.0140503023198444));
#10211=CARTESIAN_POINT('',(0.0526659862681019,-0.00169435764920682,0.0142049294860477));
#10212=CARTESIAN_POINT('',(0.0529,-0.003,0.0131111980977051));
#10213=CARTESIAN_POINT('',(-0.0538120834376935,-0.10002095079715,0.0131660190100586));
#10214=CARTESIAN_POINT('',(-0.0538253580206304,-0.0999673317523195,0.0139081191971499));
#10215=CARTESIAN_POINT('',(-0.0531372563545679,-0.0997806338647667,0.014121248031771));
#10216=CARTESIAN_POINT('',(-0.0537104132167054,-0.100431619830066,0.0131870128916028));
#10217=CARTESIAN_POINT('',(-0.0537244449502625,-0.100408365063346,0.0139960760061565));
#10218=CARTESIAN_POINT('',(-0.0529882383892539,-0.100101195578333,0.0141674040387267));
#10219=CARTESIAN_POINT('',(-0.0535229285549461,-0.100815854419642,0.013195627749223));
#10220=CARTESIAN_POINT('',(-0.0535190407611533,-0.100846663674644,0.0140726780402021));
#10221=CARTESIAN_POINT('',(-0.0527626174456039,-0.100412853070394,0.0141921385377178));
#10222=CARTESIAN_POINT('',(-0.0532633778765279,-0.101147821693979,0.0131596086996247));
#10223=CARTESIAN_POINT('',(-0.0531924484203105,-0.101238541003187,0.0140577554749521));
#10224=CARTESIAN_POINT('',(-0.0524755852510186,-0.100692520337793,0.0141466218934073));
#10225=CARTESIAN_POINT('',(-0.0524755852510186,-0.100531881129319,0.0131596086996247));
#10226=CARTESIAN_POINT('',(0.0529,2.99323410355143E-19,0.0131111980977051));
#10227=CARTESIAN_POINT('',(0.0529,-0.0993,0.0131111980977051));
#10228=CARTESIAN_POINT('',(-0.0509,-0.101460639208474,0.0140216083594671));
#10229=CARTESIAN_POINT('',(-0.0509,-0.1023,0.013885));
#10230=CARTESIAN_POINT('',(-0.0509,-0.1023,0.0130345951656846));
#10231=CARTESIAN_POINT('',(-0.051504811378779,-0.101460639208457,0.0140216083594698));
#10232=CARTESIAN_POINT('',(-0.0517653623700541,-0.102299999999964,0.0138849999999894));
#10233=CARTESIAN_POINT('',(-0.0518072170681653,-0.1023,0.0130345951656877));
#10234=CARTESIAN_POINT('',(-0.0521030573893476,-0.101168986281165,0.0140690757040653));
#10235=CARTESIAN_POINT('',(-0.0526351664142037,-0.101895738676697,0.0139507946817672));
#10236=CARTESIAN_POINT('',(-0.0527045860840417,-0.101862520609058,0.0130820625102819));
#10237=CARTESIAN_POINT('',(-0.0524755852510186,-0.100692520337793,0.0141466218934073));
#10238=CARTESIAN_POINT('',(-0.0531924484203105,-0.101238541003187,0.0140577554749521));
#10239=CARTESIAN_POINT('',(-0.053263377876528,-0.101147821693979,0.0131596086996247));
#10240=CARTESIAN_POINT('',(-0.0509,-0.1013,0.0130345951656846));
#10241=CARTESIAN_POINT('',(0.0536840657005494,-0.100417576921301,0.0131485200753879));
#10242=CARTESIAN_POINT('',(0.0537123140644858,-0.100347205656797,0.0139336593166148));
#10243=CARTESIAN_POINT('',(0.05300700595915,-0.100045051280867,0.0141165169735537));
#10244=CARTESIAN_POINT('',(0.0538262695786141,-0.100063323955032,0.0131239416273292));
#10245=CARTESIAN_POINT('',(0.0538357414178096,-0.100013951518141,0.0139016596324205));
#10246=CARTESIAN_POINT('',(0.0531018085445173,-0.0998088826366817,0.0140919385254955));
#10247=CARTESIAN_POINT('',(0.0539,-0.0996817291019452,0.0131111980977071));
#10248=CARTESIAN_POINT('',(0.0538999999999901,-0.0996562022053277,0.0138850000000047));
#10249=CARTESIAN_POINT('',(0.0531509621587766,-0.0995544860679676,0.0140791949958727));
#10250=CARTESIAN_POINT('',(0.0539,-0.0993,0.0131111980977051));
#10251=CARTESIAN_POINT('',(0.0539,-0.0993,0.013885));
#10252=CARTESIAN_POINT('',(0.0531509621587837,-0.0993,0.0140791949958709));
#10253=CARTESIAN_POINT('',(0.0527560438003663,-0.100045051280867,0.0131485200753879));
#10254=CARTESIAN_POINT('',(-1.17217540706875E-18,-0.1013,0.0130345951656846));
#10255=CARTESIAN_POINT('',(0.0509,-0.1013,0.0130345951656846));
#10256=CARTESIAN_POINT('',(0.05300700595915,-0.100045051280867,0.0141165169735537));
#10257=CARTESIAN_POINT('',(0.0537123140644858,-0.100347205656797,0.0139336593166148));
#10258=CARTESIAN_POINT('',(0.0536840657005494,-0.100417576921301,0.0131485200753879));
#10259=CARTESIAN_POINT('',(0.0528482809748181,-0.100303340545814,0.0141576678954176));
#10260=CARTESIAN_POINT('',(0.0535783719694959,-0.100704255661199,0.0140122821406933));
#10261=CARTESIAN_POINT('',(0.0535589147297142,-0.100729348324818,0.01317015112549));
#10262=CARTESIAN_POINT('',(0.0526444239618276,-0.100551240351075,0.0141696156136359));
#10263=CARTESIAN_POINT('',(0.053370220634028,-0.101049634212947,0.0140595157433542));
#10264=CARTESIAN_POINT('',(0.0533811261833018,-0.101018774261782,0.0131736105818909));
#10265=CARTESIAN_POINT('',(0.0524088364474083,-0.100773427300655,0.0141334540547644));
#10266=CARTESIAN_POINT('',(0.0530912945054272,-0.101351888647718,0.0140393078229709));
#10267=CARTESIAN_POINT('',(0.0531632546711125,-0.101269182138271,0.0131464408609819));
#10268=CARTESIAN_POINT('',(0.0524088364474084,-0.100612788092181,0.0131464408609818));
#10269=CARTESIAN_POINT('',(0.0524088364474085,-0.100773427300655,0.0141334540547644));
#10270=CARTESIAN_POINT('',(0.0530912945054275,-0.101351888647718,0.0140393078229708));
#10271=CARTESIAN_POINT('',(0.0531632546711128,-0.101269182138271,0.0131464408609818));
#10272=CARTESIAN_POINT('',(0.0520347936189839,-0.101203328711051,0.014063486375788));
#10273=CARTESIAN_POINT('',(0.0525354335093219,-0.101943905131272,0.0139429554540959));
#10274=CARTESIAN_POINT('',(0.052602190428498,-0.101914034253885,0.0130764731820055));
#10275=CARTESIAN_POINT('',(0.0514698449446677,-0.101460639208458,0.0140216083594697));
#10276=CARTESIAN_POINT('',(0.0517153324973548,-0.102299999999959,0.0138849999999926));
#10277=CARTESIAN_POINT('',(0.0517547674169996,-0.1023,0.0130345951656876));
#10278=CARTESIAN_POINT('',(0.0509,-0.101460639208474,0.0140216083594671));
#10279=CARTESIAN_POINT('',(0.0509,-0.1023,0.013885));
#10280=CARTESIAN_POINT('',(0.0509,-0.1023,0.0130345951656846));
#10281=CARTESIAN_POINT('',(0.05,-0.05115,-0.006785));
#10282=CARTESIAN_POINT('',(0.05,-0.0798,-0.006785));
#10283=CARTESIAN_POINT('',(0.05,-0.0838,-0.006785));
#10284=CARTESIAN_POINT('',(0.05,-0.0838,-0.003285));
#10285=CARTESIAN_POINT('',(0.05,-0.0838,-0.003785));
#10286=CARTESIAN_POINT('',(0.05,-0.0798,-0.003285));
#10287=CARTESIAN_POINT('',(0.05,-0.0798,-0.003785));
#10288=CARTESIAN_POINT('',(0.05,-0.0818,-0.003785));
#10289=CARTESIAN_POINT('',(0.0504,-0.023,-0.006785));
#10290=CARTESIAN_POINT('',(0.0504,-0.0275,-0.006785));
#10291=CARTESIAN_POINT('',(0.0504,-0.0185,-0.006785));
#10292=CARTESIAN_POINT('',(0.0504,-0.0185,-0.003285));
#10293=CARTESIAN_POINT('',(0.0504,-0.0185,-0.003785));
#10294=CARTESIAN_POINT('',(0.0504,-0.0275,-0.003285));
#10295=CARTESIAN_POINT('',(0.0504,-0.0275,-0.003785));
#10296=CARTESIAN_POINT('',(0.0504,-0.05115,-0.003785));
#10297=CARTESIAN_POINT('',(-0.05,-0.0818,-0.006785));
#10298=CARTESIAN_POINT('',(-0.05,-0.0798,-0.006785));
#10299=CARTESIAN_POINT('',(-0.05,-0.0838,-0.006785));
#10300=CARTESIAN_POINT('',(-0.05,-0.0838,-0.003285));
#10301=CARTESIAN_POINT('',(-0.05,-0.0838,-0.003785));
#10302=CARTESIAN_POINT('',(-0.05,-0.0798,-0.003285));
#10303=CARTESIAN_POINT('',(-0.05,-0.0798,-0.003785));
#10304=CARTESIAN_POINT('',(-0.05,-0.05115,-0.003785));
#10305=CARTESIAN_POINT('',(-0.0504,-0.05115,-0.006785));
#10306=CARTESIAN_POINT('',(-0.0504,-0.0275,-0.006785));
#10307=CARTESIAN_POINT('',(-0.0504,-0.0185,-0.006785));
#10308=CARTESIAN_POINT('',(-0.0504,-0.0185,-0.003285));
#10309=CARTESIAN_POINT('',(-0.0504,-0.0185,-0.003785));
#10310=CARTESIAN_POINT('',(-0.0504,-0.0275,-0.003285));
#10311=CARTESIAN_POINT('',(-0.0504,-0.0275,-0.003785));
#10312=CARTESIAN_POINT('',(-0.0504,-0.023,-0.003785));
#10313=CARTESIAN_POINT('',(-0.0469,-0.007,-0.008385));
#10314=CARTESIAN_POINT('',(0.0469,-0.007,-0.008385));
#10315=CARTESIAN_POINT('',(-0.0255,-0.1007,-0.014485));
#10316=CARTESIAN_POINT('',(0.,-0.1003,-0.014085));
#10317=CARTESIAN_POINT('',(3.17010137652591E-18,-0.1003,-0.014985));
#10318=CARTESIAN_POINT('',(0.,-0.1003,-0.014985));
#10319=CARTESIAN_POINT('',(-0.038,-0.1003,-0.014985));
#10320=CARTESIAN_POINT('',(-0.038,-0.1003,-0.016135));
#10321=CARTESIAN_POINT('',(-0.038,-0.1003,-0.017285));
#10322=CARTESIAN_POINT('',(-0.0305,-0.1007,-0.016885));
#10323=CARTESIAN_POINT('',(-0.023,-0.1003,-0.017285));
#10324=CARTESIAN_POINT('',(-0.023,-0.1007,-0.016135));
#10325=CARTESIAN_POINT('',(-0.023,-0.1003,-0.014985));
#10326=CARTESIAN_POINT('',(0.,-0.1003,-0.014985));
#10327=CARTESIAN_POINT('',(0.,-0.1003,-0.014085));
#10328=CARTESIAN_POINT('',(0.0355,-0.1007,-0.014485));
#10329=CARTESIAN_POINT('',(3.17010137652591E-18,-0.1003,-0.014985));
#10330=CARTESIAN_POINT('',(0.,-0.1003,-0.014985));
#10331=CARTESIAN_POINT('',(0.023,-0.1003,-0.014985));
#10332=CARTESIAN_POINT('',(0.023,-0.1003,-0.016135));
#10333=CARTESIAN_POINT('',(0.023,-0.1003,-0.017285));
#10334=CARTESIAN_POINT('',(0.0305,-0.1007,-0.016885));
#10335=CARTESIAN_POINT('',(0.038,-0.1003,-0.017285));
#10336=CARTESIAN_POINT('',(0.038,-0.1003,-0.016135));
#10337=CARTESIAN_POINT('',(0.038,-0.1003,-0.014985));
#10338=CARTESIAN_POINT('',(0.,-0.1003,-0.014985));
#10339=CARTESIAN_POINT('',(2.02590920230149E-18,-0.1003,-0.017985));
#10340=CARTESIAN_POINT('',(-0.0539,-0.1023,-0.003985));
#10341=CARTESIAN_POINT('',(-0.0539,-0.0733,-0.003985));
#10342=CARTESIAN_POINT('',(-0.0535,-0.0318,-0.004385));
#10343=CARTESIAN_POINT('',(-0.0539,-0.0318,-0.005885));
#10344=CARTESIAN_POINT('',(-0.0535,-0.0318,-0.007385));
#10345=CARTESIAN_POINT('',(-0.0539,-0.0733,-0.005885));
#10346=CARTESIAN_POINT('',(-0.0539,-0.0733,-0.007785));
#10347=CARTESIAN_POINT('',(-0.0535,-0.05255,-0.007385));
#10348=CARTESIAN_POINT('',(-0.0535,-0.0105,0.00331115242270663));
#10349=CARTESIAN_POINT('',(0.0539,-0.0105,0.00331115242270663));
#10350=CARTESIAN_POINT('',(0.04,-0.102302,-1.04083408558608E-17));
#10351=CARTESIAN_POINT('',(0.04,-0.102302,0.006));
#10352=CARTESIAN_POINT('',(0.04,-0.102302,-0.006));
#10353=CARTESIAN_POINT('',(0.04,-0.102302,0.006));
#10354=CARTESIAN_POINT('',(0.0425,-0.102302,0.006));
#10355=CARTESIAN_POINT('',(0.045,-0.102302,0.006));
#10356=CARTESIAN_POINT('',(0.0425,-0.102302,-0.006));
#10357=CARTESIAN_POINT('',(0.045,-0.102302,-0.006));
#10358=CARTESIAN_POINT('',(0.045,-0.102302,-1.04083408558608E-17));
#10359=CARTESIAN_POINT('',(-0.0415,-0.102302,-0.006));
#10360=CARTESIAN_POINT('',(-0.039,-0.102302,-0.006));
#10361=CARTESIAN_POINT('',(-0.044,-0.102302,-0.006));
#10362=CARTESIAN_POINT('',(-0.044,-0.102302,0.));
#10363=CARTESIAN_POINT('',(-0.044,-0.102302,0.006));
#10364=CARTESIAN_POINT('',(-0.039,-0.102302,0.));
#10365=CARTESIAN_POINT('',(-0.039,-0.102302,0.006));
#10366=CARTESIAN_POINT('',(-0.039,-0.102302,0.006));
#10367=CARTESIAN_POINT('',(-0.0415,-0.102302,0.006));
#10368=CARTESIAN_POINT('',(0.028,-0.102302,-8.67361737988404E-18));
#10369=CARTESIAN_POINT('',(0.028,-0.102302,-0.006));
#10370=CARTESIAN_POINT('',(0.028,-0.102302,0.006));
#10371=CARTESIAN_POINT('',(0.0305,-0.102302,0.006));
#10372=CARTESIAN_POINT('',(0.033,-0.102302,0.006));
#10373=CARTESIAN_POINT('',(0.0305,-0.102302,-0.006));
#10374=CARTESIAN_POINT('',(0.033,-0.102302,-0.006));
#10375=CARTESIAN_POINT('',(0.033,-0.102302,-8.67361737988404E-18));
#10376=CARTESIAN_POINT('',(0.021,-0.102302,-6.93889390390723E-18));
#10377=CARTESIAN_POINT('',(0.021,-0.102302,0.006));
#10378=CARTESIAN_POINT('',(0.021,-0.102302,-0.006));
#10379=CARTESIAN_POINT('',(0.0185,-0.102302,-0.006));
#10380=CARTESIAN_POINT('',(0.016,-0.102302,-0.006));
#10381=CARTESIAN_POINT('',(0.0185,-0.102302,0.006));
#10382=CARTESIAN_POINT('',(0.016,-0.102302,0.006));
#10383=CARTESIAN_POINT('',(0.016,-0.102302,-6.93889390390723E-18));
#10384=CARTESIAN_POINT('',(0.004,-0.102302,-6.07153216591882E-18));
#10385=CARTESIAN_POINT('',(0.004,-0.102302,-0.006));
#10386=CARTESIAN_POINT('',(0.004,-0.102302,0.006));
#10387=CARTESIAN_POINT('',(0.0065,-0.102302,0.006));
#10388=CARTESIAN_POINT('',(0.009,-0.102302,0.006));
#10389=CARTESIAN_POINT('',(0.0065,-0.102302,-0.006));
#10390=CARTESIAN_POINT('',(0.009,-0.102302,-0.006));
#10391=CARTESIAN_POINT('',(0.009,-0.102302,-6.07153216591882E-18));
#10392=CARTESIAN_POINT('',(-0.008,-0.102302,-4.33680868994202E-18));
#10393=CARTESIAN_POINT('',(-0.008,-0.102302,-0.006));
#10394=CARTESIAN_POINT('',(-0.008,-0.102302,0.006));
#10395=CARTESIAN_POINT('',(-0.0055,-0.102302,0.006));
#10396=CARTESIAN_POINT('',(-0.003,-0.102302,0.006));
#10397=CARTESIAN_POINT('',(-0.0055,-0.102302,-0.006));
#10398=CARTESIAN_POINT('',(-0.003,-0.102302,-0.006));
#10399=CARTESIAN_POINT('',(-0.003,-0.102302,-4.33680868994202E-18));
#10400=CARTESIAN_POINT('',(-0.015,-0.102302,-2.60208521396521E-18));
#10401=CARTESIAN_POINT('',(-0.015,-0.102302,0.006));
#10402=CARTESIAN_POINT('',(-0.015,-0.102302,-0.006));
#10403=CARTESIAN_POINT('',(-0.0175,-0.102302,-0.006));
#10404=CARTESIAN_POINT('',(-0.02,-0.102302,-0.006));
#10405=CARTESIAN_POINT('',(-0.0175,-0.102302,0.006));
#10406=CARTESIAN_POINT('',(-0.02,-0.102302,0.006));
#10407=CARTESIAN_POINT('',(-0.02,-0.102302,-2.60208521396521E-18));
#10408=CARTESIAN_POINT('',(-0.032,-0.102302,-1.7347234759768E-18));
#10409=CARTESIAN_POINT('',(-0.032,-0.102302,-0.006));
#10410=CARTESIAN_POINT('',(-0.032,-0.102302,0.006));
#10411=CARTESIAN_POINT('',(-0.0295,-0.102302,0.006));
#10412=CARTESIAN_POINT('',(-0.027,-0.102302,0.006));
#10413=CARTESIAN_POINT('',(-0.0295,-0.102302,-0.006));
#10414=CARTESIAN_POINT('',(-0.027,-0.102302,-0.006));
#10415=CARTESIAN_POINT('',(-0.027,-0.102302,-8.67361737988404E-19));
#10416=MECHANICAL_DESIGN_GEOMETRIC_PRESENTATION_REPRESENTATION('',(#6301),
#10417);
#10417=(
GEOMETRIC_REPRESENTATION_CONTEXT(3)
GLOBAL_UNCERTAINTY_ASSIGNED_CONTEXT((#10418))
GLOBAL_UNIT_ASSIGNED_CONTEXT((#10421,#10420,#10419))
REPRESENTATION_CONTEXT('case_body','TOP_LEVEL_ASSEMBLY_PART')
);
#10418=UNCERTAINTY_MEASURE_WITH_UNIT(LENGTH_MEASURE(2.E-5),#10421,
'DISTANCE_ACCURACY_VALUE','Maximum Tolerance applied to model');
#10419=(
NAMED_UNIT(*)
SI_UNIT($,.STERADIAN.)
SOLID_ANGLE_UNIT()
);
#10420=(
NAMED_UNIT(*)
PLANE_ANGLE_UNIT()
SI_UNIT($,.RADIAN.)
);
#10421=(
LENGTH_UNIT()
NAMED_UNIT(*)
SI_UNIT($,.METRE.)
);
#10422=PRODUCT_DEFINITION_SHAPE('','',#10423);
#10423=PRODUCT_DEFINITION('','',#10425,#10424);
#10424=PRODUCT_DEFINITION_CONTEXT('',#10431,'design');
#10425=PRODUCT_DEFINITION_FORMATION_WITH_SPECIFIED_SOURCE('','',#10427,
 .NOT_KNOWN.);
#10426=PRODUCT_RELATED_PRODUCT_CATEGORY('','',(#10427));
#10427=PRODUCT('case_body','case_body','case_body',(#10429));
#10428=PRODUCT_CATEGORY('','');
#10429=PRODUCT_CONTEXT('',#10431,'mechanical');
#10430=APPLICATION_PROTOCOL_DEFINITION('international standard',
'ap242_managed_model_based_3d_engineering',2020,#10431);
#10431=APPLICATION_CONTEXT('managed model based 3d engineering');
ENDSEC;
END-ISO-10303-21;
