ISO-10303-21;
HEADER;
/* Generated by software containing ST-Developer
 * from STEP Tools, Inc. (www.steptools.com) 
 */
/* OPTION: using custom renumber hook */

FILE_DESCRIPTION(
/* description */ ('STEP AP242 Edition 2',
'CAx-IF Rec.Pracs.---Representation and Presentation of Product Manufa
cturing Information (PMI)---4.0---2014-10-13',
'CAx-IF Rec.Pracs.---3D Tessellated Geometry---0.4---2014-09-14','2;1',
'CAx-IF Rec.Pracs.---User Defined Attributes---1.5---2016-08-15'),
/* implementation_level */ '2;1');

FILE_NAME(
/* name */ 'case - case_body',
/* time_stamp */ '2026-05-11T03:01:49Z',
/* author */ (''),
/* organization */ (''),
/* preprocessor_version */ 'ST-DEVELOPER v20',
/* originating_system */ 'ONSHAPE BY PTC INC, 1.214',
/* authorisation */ '  ');

FILE_SCHEMA (('AP242_MANAGED_MODEL_BASED_3D_ENGINEERING_MIM_LF { 1 0 10303 442 3 1 4 }'));
ENDSEC;

DATA;
#10=SHAPE_REPRESENTATION_RELATIONSHIP('','',#6459,#11);
#11=ADVANCED_BREP_SHAPE_REPRESENTATION('',(#6457),#11710);
#12=B_SPLINE_SURFACE_WITH_KNOTS('',3,1,((#10666,#10667),(#10668,#10669),
(#10670,#10671),(#10672,#10673),(#10674,#10675),(#10676,#10677),(#10678,
#10679),(#10680,#10681),(#10682,#10683),(#10684,#10685),(#10686,#10687),
(#10688,#10689),(#10690,#10691),(#10692,#10693),(#10694,#10695),(#10696,
#10697),(#10698,#10699),(#10700,#10701),(#10702,#10703),(#10704,#10705),
(#10706,#10707),(#10708,#10709),(#10710,#10711),(#10712,#10713),(#10714,
#10715),(#10716,#10717),(#10718,#10719)),.SURF_OF_LINEAR_EXTRUSION.,.T.,
 .F.,.F.,(1,3,1,1,1,1,1,1,1,1,1,1,1,1,1,1,1,1,1,1,1,1,1,1,1,3,1),(2,2),
(-0.0361364431401214,0.,0.0458900957985269,0.093976674263935,0.142067337223402,
0.182308376340848,0.22308126526073,0.26843317998421,0.316933789011814,0.366006275565797,
0.409445828179118,0.451249985592453,0.496050846715718,0.541536604433978,
0.583135878939788,0.626328327303057,0.670619028831607,0.706242271180676,
0.742373855551526,0.776303400649635,0.817060180669652,0.856188329807887,
0.890507618265424,0.926217029515014,0.963863556859879,1.,1.04589009579853),
(0.,1.),.UNSPECIFIED.);
#13=B_SPLINE_SURFACE_WITH_KNOTS('',3,1,((#10789,#10790),(#10791,#10792),
(#10793,#10794),(#10795,#10796),(#10797,#10798),(#10799,#10800),(#10801,
#10802),(#10803,#10804),(#10805,#10806),(#10807,#10808),(#10809,#10810),
(#10811,#10812),(#10813,#10814),(#10815,#10816),(#10817,#10818),(#10819,
#10820),(#10821,#10822),(#10823,#10824),(#10825,#10826),(#10827,#10828),
(#10829,#10830),(#10831,#10832),(#10833,#10834),(#10835,#10836),(#10837,
#10838),(#10839,#10840),(#10841,#10842),(#10843,#10844),(#10845,#10846),
(#10847,#10848),(#10849,#10850),(#10851,#10852),(#10853,#10854),(#10855,
#10856),(#10857,#10858),(#10859,#10860),(#10861,#10862),(#10863,#10864),
(#10865,#10866),(#10867,#10868),(#10869,#10870),(#10871,#10872),(#10873,
#10874),(#10875,#10876),(#10877,#10878),(#10879,#10880),(#10881,#10882),
(#10883,#10884),(#10885,#10886),(#10887,#10888),(#10889,#10890),(#10891,
#10892),(#10893,#10894),(#10895,#10896),(#10897,#10898),(#10899,#10900),
(#10901,#10902),(#10903,#10904),(#10905,#10906),(#10907,#10908),(#10909,
#10910),(#10911,#10912),(#10913,#10914),(#10915,#10916),(#10917,#10918),
(#10919,#10920),(#10921,#10922),(#10923,#10924),(#10925,#10926),(#10927,
#10928),(#10929,#10930),(#10931,#10932),(#10933,#10934),(#10935,#10936),
(#10937,#10938),(#10939,#10940),(#10941,#10942),(#10943,#10944),(#10945,
#10946),(#10947,#10948),(#10949,#10950),(#10951,#10952),(#10953,#10954),
(#10955,#10956),(#10957,#10958),(#10959,#10960),(#10961,#10962),(#10963,
#10964),(#10965,#10966),(#10967,#10968),(#10969,#10970),(#10971,#10972),
(#10973,#10974),(#10975,#10976),(#10977,#10978),(#10979,#10980),(#10981,
#10982),(#10983,#10984),(#10985,#10986),(#10987,#10988),(#10989,#10990),
(#10991,#10992),(#10993,#10994),(#10995,#10996),(#10997,#10998),(#10999,
#11000),(#11001,#11002),(#11003,#11004),(#11005,#11006),(#11007,#11008),
(#11009,#11010),(#11011,#11012),(#11013,#11014),(#11015,#11016),(#11017,
#11018),(#11019,#11020),(#11021,#11022),(#11023,#11024),(#11025,#11026),
(#11027,#11028),(#11029,#11030),(#11031,#11032),(#11033,#11034),(#11035,
#11036),(#11037,#11038),(#11039,#11040),(#11041,#11042),(#11043,#11044),
(#11045,#11046),(#11047,#11048),(#11049,#11050),(#11051,#11052),(#11053,
#11054),(#11055,#11056),(#11057,#11058),(#11059,#11060),(#11061,#11062),
(#11063,#11064),(#11065,#11066),(#11067,#11068),(#11069,#11070),(#11071,
#11072),(#11073,#11074),(#11075,#11076),(#11077,#11078)),
 .SURF_OF_LINEAR_EXTRUSION.,.T.,.F.,.F.,(1,3,1,1,1,1,1,1,1,1,1,1,1,1,1,
1,1,1,1,1,1,1,1,1,1,1,1,1,1,1,1,1,1,1,1,1,1,1,1,1,1,1,1,1,1,1,1,1,1,1,1,
1,1,1,1,1,1,1,1,1,1,1,1,1,1,1,1,1,1,1,1,1,1,1,1,1,1,1,1,1,1,1,1,1,1,1,1,
1,1,1,1,1,1,1,1,1,1,1,1,1,1,1,1,1,1,1,1,1,1,1,1,1,1,1,1,1,1,1,1,1,1,1,1,
1,1,1,1,1,1,1,1,1,1,1,1,1,1,1,1,1,1,1,1,3,1),(2,2),(-0.0078125,0.,0.0078125,
0.015625,0.0234375,0.03125,0.0390625,0.04296875,0.046875,0.05078125,0.0546875,
0.0625,0.0703125,0.078125,0.09375,0.109375,0.125,0.1328125,0.140625,0.15625,
0.1640625,0.171875,0.1796875,0.1875,0.1953125,0.203125,0.21875,0.2265625,
0.234375,0.25,0.2578125,0.265625,0.26953125,0.2734375,0.28125,0.2890625,
0.296875,0.3046875,0.3125,0.31640625,0.318359375,0.3203125,0.328125,0.3359375,
0.34375,0.3515625,0.359375,0.36328125,0.3671875,0.375,0.3828125,0.390625,
0.3984375,0.40625,0.41015625,0.4140625,0.421875,0.4296875,0.4375,0.453125,
0.46875,0.4765625,0.484375,0.4921875,0.5,0.515625,0.53125,0.5390625,0.54296875,
0.546875,0.5546875,0.5625,0.5703125,0.578125,0.58203125,0.5859375,0.59375,
0.6015625,0.609375,0.6171875,0.62109375,0.625,0.62890625,0.6328125,0.63671875,
0.640625,0.6484375,0.65625,0.6640625,0.671875,0.6796875,0.6875,0.6953125,
0.69921875,0.703125,0.70703125,0.7109375,0.71875,0.7265625,0.734375,0.73828125,
0.7421875,0.74609375,0.75,0.7578125,0.765625,0.76953125,0.7734375,0.77734375,
0.78125,0.7890625,0.796875,0.8046875,0.8125,0.81640625,0.8203125,0.828125,
0.8359375,0.84375,0.8515625,0.85546875,0.859375,0.8671875,0.875,0.8828125,
0.88671875,0.890625,0.89453125,0.8984375,0.90625,0.9140625,0.921875,0.9296875,
0.9375,0.9453125,0.953125,0.9609375,0.96484375,0.96875,0.97265625,0.9765625,
0.984375,0.9921875,1.,1.0078125),(0.,1.),.UNSPECIFIED.);
#14=B_SPLINE_SURFACE_WITH_KNOTS('',3,1,((#11380,#11381),(#11382,#11383),
(#11384,#11385),(#11386,#11387),(#11388,#11389),(#11390,#11391),(#11392,
#11393),(#11394,#11395),(#11396,#11397),(#11398,#11399),(#11400,#11401),
(#11402,#11403),(#11404,#11405),(#11406,#11407),(#11408,#11409)),
 .SURF_OF_LINEAR_EXTRUSION.,.F.,.F.,.F.,(4,1,1,1,1,1,1,1,1,1,1,1,4),(2,
2),(0.,0.0625,0.125,0.1875,0.25,0.375,0.5,0.625,0.75,0.8125,0.875,0.9375,
1.),(0.,1.),.UNSPECIFIED.);
#15=B_SPLINE_SURFACE_WITH_KNOTS('',3,1,((#11426,#11427),(#11428,#11429),
(#11430,#11431),(#11432,#11433),(#11434,#11435),(#11436,#11437),(#11438,
#11439),(#11440,#11441),(#11442,#11443),(#11444,#11445),(#11446,#11447),
(#11448,#11449),(#11450,#11451),(#11452,#11453)),
 .SURF_OF_LINEAR_EXTRUSION.,.F.,.F.,.F.,(4,1,1,1,1,1,1,1,1,1,1,4),(2,2),
(0.,0.0625,0.125,0.25,0.375,0.5,0.625,0.75,0.8125,0.875,0.9375,1.),(0.,
1.),.UNSPECIFIED.);
#16=B_SPLINE_SURFACE_WITH_KNOTS('',1,3,((#11465,#11466,#11467,#11468,#11469,
#11470,#11471,#11472,#11473,#11474,#11475,#11476,#11477,#11478,#11479,#11480,
#11481,#11482,#11483,#11484,#11485,#11486,#11487,#11488,#11489,#11490,#11491,
#11492,#11493,#11494,#11495,#11496,#11497,#11498,#11499,#11500,#11501,#11502,
#11503,#11504,#11505,#11506,#11507,#11508,#11509,#11510,#11511,#11512,#11513,
#11514,#11515,#11516,#11517,#11518,#11519,#11520,#11521,#11522,#11523,#11524,
#11525,#11526),(#11527,#11528,#11529,#11530,#11531,#11532,#11533,#11534,
#11535,#11536,#11537,#11538,#11539,#11540,#11541,#11542,#11543,#11544,#11545,
#11546,#11547,#11548,#11549,#11550,#11551,#11552,#11553,#11554,#11555,#11556,
#11557,#11558,#11559,#11560,#11561,#11562,#11563,#11564,#11565,#11566,#11567,
#11568,#11569,#11570,#11571,#11572,#11573,#11574,#11575,#11576,#11577,#11578,
#11579,#11580,#11581,#11582,#11583,#11584,#11585,#11586,#11587,#11588)),
 .RULED_SURF.,.F.,.T.,.F.,(2,2),(2,2,2,2,2,2,2,2,2,2,2,2,2,2,2,2,2,2,2,
2,2,2,2,2,2,2,2,2,2,2,2,2,2),(0.,1.),(-0.0622256244280397,-0.0601750738752831,
-0.0581245233225266,-0.0560739727697701,-0.0540234222170136,-0.0519728716642571,
-0.0499223211115005,-0.047871770558744,-0.0437706694532309,-0.0417201189004744,
-0.0396695683477179,-0.0376190177949614,-0.0355684672422049,-0.0335179166894484,
-0.0314673661366918,-0.0294168155839354,-0.0273662650311788,-0.0232651639256658,
-0.0212146133729092,-0.0191640628201527,-0.0171135122673962,-0.0150629617146397,
-0.0130124111618832,-0.0109618606091266,-0.00891131005637012,-0.0068607595036136,
-0.00481020895085708,-0.00275965839810056,-0.000709107845344035,0.00134144270741248,
0.00339199326016901,0.00544254381292553,0.00749309436568205),
 .UNSPECIFIED.);
#17=B_SPLINE_SURFACE_WITH_KNOTS('',1,3,((#11589,#11590,#11591,#11592,#11593,
#11594,#11595,#11596,#11597,#11598,#11599,#11600,#11601,#11602,#11603,#11604,
#11605,#11606,#11607,#11608,#11609,#11610,#11611,#11612,#11613,#11614,#11615,
#11616,#11617,#11618,#11619,#11620,#11621,#11622,#11623,#11624,#11625,#11626,
#11627,#11628,#11629,#11630,#11631,#11632,#11633,#11634,#11635,#11636,#11637,
#11638,#11639,#11640,#11641,#11642,#11643,#11644,#11645,#11646,#11647,#11648),
(#11649,#11650,#11651,#11652,#11653,#11654,#11655,#11656,#11657,#11658,
#11659,#11660,#11661,#11662,#11663,#11664,#11665,#11666,#11667,#11668,#11669,
#11670,#11671,#11672,#11673,#11674,#11675,#11676,#11677,#11678,#11679,#11680,
#11681,#11682,#11683,#11684,#11685,#11686,#11687,#11688,#11689,#11690,#11691,
#11692,#11693,#11694,#11695,#11696,#11697,#11698,#11699,#11700,#11701,#11702,
#11703,#11704,#11705,#11706,#11707,#11708)),.RULED_SURF.,.F.,.T.,.F.,(2,
2),(2,2,2,2,2,2,2,2,2,2,2,2,2,2,2,2,2,2,2,2,2,2,2,2,2,2,2,2,2,2,2,2),(0.,
1.),(-0.00170615900211966,0.000616676397003829,0.00293951179612732,0.00526234719525081,
0.00990801799349779,0.0122308533926213,0.0145536887917448,0.0168765241908682,
0.0191993595899917,0.0215221949891152,0.0238450303882387,0.0261678657873622,
0.0284907011864857,0.0308135365856092,0.0331363719847327,0.0377820427829796,
0.0424277135812266,0.0447505489803501,0.0470733843794736,0.0493962197785971,
0.0517190551777206,0.0540418905768441,0.0563647259759676,0.0586875613750911,
0.0610103967742146,0.0633332321733381,0.0656560675724616,0.067978902971585,
0.0703017383707085,0.072624573769832,0.0749474091689555,0.077270244568079),
 .UNSPECIFIED.);
#18=CONICAL_SURFACE('',#6894,0.00115,0.785398163397452);
#19=CONICAL_SURFACE('',#6896,0.00075,0.785398163397452);
#20=CONICAL_SURFACE('',#6902,0.00115,0.785398163397452);
#21=CONICAL_SURFACE('',#6904,0.00115,0.785398163397452);
#22=CONICAL_SURFACE('',#6908,0.0019,0.785398163397434);
#23=CONICAL_SURFACE('',#6909,0.0019,0.785398163397434);
#24=CONICAL_SURFACE('',#6911,0.007,0.78539816339745);
#25=CONICAL_SURFACE('',#6912,0.0074,0.78539816339745);
#26=(
BOUNDED_SURFACE()
B_SPLINE_SURFACE(3,2,((#10367,#10368,#10369),(#10370,#10371,#10372),(#10373,
#10374,#10375),(#10376,#10377,#10378)),.UNSPECIFIED.,.F.,.F.,.F.)
B_SPLINE_SURFACE_WITH_KNOTS((4,4),(3,3),(-8.88178419700125E-16,0.500228919976442),
(0.,1.),.PIECEWISE_BEZIER_KNOTS.)
GEOMETRIC_REPRESENTATION_ITEM()
RATIONAL_B_SPLINE_SURFACE(((1.,0.816081045391754,1.),(1.,0.816081045391365,
1.),(1.,0.811783979112314,1.),(1.,0.803523610425078,1.)))
REPRESENTATION_ITEM('')
SURFACE()
);
#27=(
BOUNDED_SURFACE()
B_SPLINE_SURFACE(3,2,((#10381,#10382,#10383),(#10384,#10385,#10386),(#10387,
#10388,#10389),(#10390,#10391,#10392)),.UNSPECIFIED.,.F.,.F.,.F.)
B_SPLINE_SURFACE_WITH_KNOTS((4,4),(3,3),(0.0137051093205425,0.0146073378434419),
(0.,1.),.PIECEWISE_BEZIER_KNOTS.)
GEOMETRIC_REPRESENTATION_ITEM()
RATIONAL_B_SPLINE_SURFACE(((1.,0.787727054673547,1.),(1.,0.776776118794806,
1.),(1.,0.783642923024161,1.),(1.,0.803523610425078,1.)))
REPRESENTATION_ITEM('')
SURFACE()
);
#28=(
BOUNDED_SURFACE()
B_SPLINE_SURFACE(3,2,((#10396,#10397,#10398),(#10399,#10400,#10401),(#10402,
#10403,#10404),(#10405,#10406,#10407)),.UNSPECIFIED.,.F.,.F.,.F.)
B_SPLINE_SURFACE_WITH_KNOTS((4,4),(3,3),(0.,0.618674084142115),(0.,1.),
 .PIECEWISE_BEZIER_KNOTS.)
GEOMETRIC_REPRESENTATION_ITEM()
RATIONAL_B_SPLINE_SURFACE(((1.,0.80494328871841,1.),(1.,0.804943288718067,
1.),(1.,0.798957493678793,1.),(1.,0.787727054673549,1.)))
REPRESENTATION_ITEM('')
SURFACE()
);
#29=(
BOUNDED_SURFACE()
B_SPLINE_SURFACE(3,2,((#10409,#10410,#10411),(#10412,#10413,#10414),(#10415,
#10416,#10417),(#10418,#10419,#10420)),.UNSPECIFIED.,.F.,.F.,.F.)
B_SPLINE_SURFACE_WITH_KNOTS((4,4),(3,3),(2.72060615914598,3.14159265358979),
(0.,1.),.PIECEWISE_BEZIER_KNOTS.)
GEOMETRIC_REPRESENTATION_ITEM()
RATIONAL_B_SPLINE_SURFACE(((1.,0.807152533842579,1.),(1.,0.813049137436396,
1.),(1.,0.816081045391427,1.),(1.,0.816081045391754,1.)))
REPRESENTATION_ITEM('')
SURFACE()
);
#30=(
BOUNDED_SURFACE()
B_SPLINE_SURFACE(3,2,((#10424,#10425,#10426),(#10427,#10428,#10429),(#10430,
#10431,#10432),(#10433,#10434,#10435)),.UNSPECIFIED.,.F.,.F.,.F.)
B_SPLINE_SURFACE_WITH_KNOTS((4,4),(3,3),(-2.16840434497101E-18,0.000874031232516378),
(0.,1.),.PIECEWISE_BEZIER_KNOTS.)
GEOMETRIC_REPRESENTATION_ITEM()
RATIONAL_B_SPLINE_SURFACE(((1.,0.771397063950185,1.),(1.,0.768694994371478,
1.),(1.,0.78352763077976,1.),(1.,0.807152533842576,1.)))
REPRESENTATION_ITEM('')
SURFACE()
);
#31=(
BOUNDED_SURFACE()
B_SPLINE_SURFACE(3,2,((#10437,#10438,#10439),(#10440,#10441,#10442),(#10443,
#10444,#10445),(#10446,#10447,#10448)),.UNSPECIFIED.,.F.,.F.,.F.)
B_SPLINE_SURFACE_WITH_KNOTS((4,4),(3,3),(2.89890031508481,3.14159265358979),
(0.,1.),.PIECEWISE_BEZIER_KNOTS.)
GEOMETRIC_REPRESENTATION_ITEM()
RATIONAL_B_SPLINE_SURFACE(((1.,0.802245862558425,1.),(1.,0.804038319944844,
1.),(1.,0.804943288718275,1.),(1.,0.80494328871841,1.)))
REPRESENTATION_ITEM('')
SURFACE()
);
#32=(
BOUNDED_SURFACE()
B_SPLINE_SURFACE(3,2,((#10450,#10451,#10452),(#10453,#10454,#10455),(#10456,
#10457,#10458),(#10459,#10460,#10461)),.UNSPECIFIED.,.F.,.F.,.F.)
B_SPLINE_SURFACE_WITH_KNOTS((4,4),(3,3),(3.14159265358979,3.85289540603568),
(0.,1.),.PIECEWISE_BEZIER_KNOTS.)
GEOMETRIC_REPRESENTATION_ITEM()
RATIONAL_B_SPLINE_SURFACE(((1.,0.790873617837807,1.),(1.,0.790873617838017,
1.),(1.,0.783986253206227,1.),(1.,0.771397063950185,1.)))
REPRESENTATION_ITEM('')
SURFACE()
);
#33=(
BOUNDED_SURFACE()
B_SPLINE_SURFACE(3,2,((#10463,#10464,#10465),(#10466,#10467,#10468),(#10469,
#10470,#10471),(#10472,#10473,#10474)),.UNSPECIFIED.,.F.,.F.,.F.)
B_SPLINE_SURFACE_WITH_KNOTS((4,4),(3,3),(8.96635196645512E-17,0.000837598237824462),
(0.,1.),.PIECEWISE_BEZIER_KNOTS.)
GEOMETRIC_REPRESENTATION_ITEM()
RATIONAL_B_SPLINE_SURFACE(((1.,0.802245862558406,1.),(1.,0.778050822007442,
1.),(1.,0.753434892845327,1.),(1.,0.741263854769014,1.)))
REPRESENTATION_ITEM('')
SURFACE()
);
#34=(
BOUNDED_SURFACE()
B_SPLINE_SURFACE(3,2,((#10478,#10479,#10480),(#10481,#10482,#10483),(#10484,
#10485,#10486),(#10487,#10488,#10489)),.UNSPECIFIED.,.F.,.F.,.F.)
B_SPLINE_SURFACE_WITH_KNOTS((4,4),(3,3),(3.14159265358979,4.04880964615685),
(0.,1.),.PIECEWISE_BEZIER_KNOTS.)
GEOMETRIC_REPRESENTATION_ITEM()
RATIONAL_B_SPLINE_SURFACE(((1.,0.761787112149535,1.),(1.,0.761787112154235,
1.),(1.,0.754170714893005,1.),(1.,0.741263854769035,1.)))
REPRESENTATION_ITEM('')
SURFACE()
);
#35=(
BOUNDED_SURFACE()
B_SPLINE_SURFACE(3,2,((#10491,#10492,#10493),(#10494,#10495,#10496),(#10497,
#10498,#10499),(#10500,#10501,#10502)),.UNSPECIFIED.,.F.,.F.,.F.)
B_SPLINE_SURFACE_WITH_KNOTS((4,4),(3,3),(5.9014562370433,6.28318530717959),
(0.,1.),.PIECEWISE_BEZIER_KNOTS.)
GEOMETRIC_REPRESENTATION_ITEM()
RATIONAL_B_SPLINE_SURFACE(((1.,0.785142783023744,1.),(1.,0.78893060694382,
1.),(1.,0.790873617837919,1.),(1.,0.790873617837807,1.)))
REPRESENTATION_ITEM('')
SURFACE()
);
#36=(
BOUNDED_SURFACE()
B_SPLINE_SURFACE(3,2,((#10506,#10507,#10508),(#10509,#10510,#10511),(#10512,
#10513,#10514),(#10515,#10516,#10517)),.UNSPECIFIED.,.F.,.F.,.F.)
B_SPLINE_SURFACE_WITH_KNOTS((4,4),(3,3),(0.0114948918684305,0.0121567822669671),
(0.,1.),.PIECEWISE_BEZIER_KNOTS.)
GEOMETRIC_REPRESENTATION_ITEM()
RATIONAL_B_SPLINE_SURFACE(((1.,0.785142783023746,1.),(1.,0.765544346020138,
1.),(1.,0.749666838112277,1.),(1.,0.743452291680905,1.)))
REPRESENTATION_ITEM('')
SURFACE()
);
#37=(
BOUNDED_SURFACE()
B_SPLINE_SURFACE(3,2,((#10519,#10520,#10521),(#10522,#10523,#10524),(#10525,
#10526,#10527),(#10528,#10529,#10530)),.UNSPECIFIED.,.F.,.F.,.F.)
B_SPLINE_SURFACE_WITH_KNOTS((4,4),(3,3),(5.42841796140639,6.28318530717959),
(0.,1.),.PIECEWISE_BEZIER_KNOTS.)
GEOMETRIC_REPRESENTATION_ITEM()
RATIONAL_B_SPLINE_SURFACE(((1.,0.743452291680902,1.),(1.,0.755063497640798,
1.),(1.,0.761787112154248,1.),(1.,0.761787112149535,1.)))
REPRESENTATION_ITEM('')
SURFACE()
);
#38=CYLINDRICAL_SURFACE('',#6503,0.003);
#39=CYLINDRICAL_SURFACE('',#6506,0.003);
#40=CYLINDRICAL_SURFACE('',#6607,0.00356555025996534);
#41=CYLINDRICAL_SURFACE('',#6609,0.0025);
#42=CYLINDRICAL_SURFACE('',#6610,0.0035);
#43=CYLINDRICAL_SURFACE('',#6647,0.007);
#44=CYLINDRICAL_SURFACE('',#6649,0.007);
#45=CYLINDRICAL_SURFACE('',#6671,0.0015);
#46=CYLINDRICAL_SURFACE('',#6675,0.0015);
#47=CYLINDRICAL_SURFACE('',#6776,0.00075);
#48=CYLINDRICAL_SURFACE('',#6779,0.00075);
#49=CYLINDRICAL_SURFACE('',#6789,0.00075);
#50=CYLINDRICAL_SURFACE('',#6792,0.00075);
#51=CYLINDRICAL_SURFACE('',#6799,0.0015);
#52=CYLINDRICAL_SURFACE('',#6800,0.0015);
#53=CYLINDRICAL_SURFACE('',#6801,0.0015);
#54=CYLINDRICAL_SURFACE('',#6802,0.0015);
#55=CYLINDRICAL_SURFACE('',#6803,0.003);
#56=CYLINDRICAL_SURFACE('',#6806,0.003);
#57=CYLINDRICAL_SURFACE('',#6807,0.003);
#58=CYLINDRICAL_SURFACE('',#6810,0.003);
#59=CYLINDRICAL_SURFACE('',#6811,0.003);
#60=CYLINDRICAL_SURFACE('',#6814,0.003);
#61=CYLINDRICAL_SURFACE('',#6815,0.003);
#62=CYLINDRICAL_SURFACE('',#6818,0.003);
#63=CYLINDRICAL_SURFACE('',#6819,0.0005);
#64=CYLINDRICAL_SURFACE('',#6820,0.0005);
#65=CYLINDRICAL_SURFACE('',#6821,0.0005);
#66=CYLINDRICAL_SURFACE('',#6822,0.0005);
#67=CYLINDRICAL_SURFACE('',#6823,0.0005);
#68=CYLINDRICAL_SURFACE('',#6824,0.0005);
#69=CYLINDRICAL_SURFACE('',#6825,0.0005);
#70=CYLINDRICAL_SURFACE('',#6826,0.0005);
#71=CYLINDRICAL_SURFACE('',#6827,0.0005);
#72=CYLINDRICAL_SURFACE('',#6828,0.0005);
#73=CYLINDRICAL_SURFACE('',#6829,0.0005);
#74=CYLINDRICAL_SURFACE('',#6830,0.0005);
#75=CYLINDRICAL_SURFACE('',#6831,0.0005);
#76=CYLINDRICAL_SURFACE('',#6832,0.0005);
#77=CYLINDRICAL_SURFACE('',#6833,0.0005);
#78=CYLINDRICAL_SURFACE('',#6834,0.0005);
#79=CYLINDRICAL_SURFACE('',#6835,0.0005);
#80=CYLINDRICAL_SURFACE('',#6839,0.001);
#81=CYLINDRICAL_SURFACE('',#6843,0.001);
#82=CYLINDRICAL_SURFACE('',#6849,0.001);
#83=CYLINDRICAL_SURFACE('',#6853,0.001);
#84=CYLINDRICAL_SURFACE('',#6856,0.0005);
#85=CYLINDRICAL_SURFACE('',#6859,0.0005);
#86=CYLINDRICAL_SURFACE('',#6861,0.0005);
#87=CYLINDRICAL_SURFACE('',#6863,0.0005);
#88=CYLINDRICAL_SURFACE('',#6864,0.0005);
#89=CYLINDRICAL_SURFACE('',#6867,0.0005);
#90=CYLINDRICAL_SURFACE('',#6869,0.0005);
#91=CYLINDRICAL_SURFACE('',#6871,0.0005);
#92=CYLINDRICAL_SURFACE('',#6872,0.0005);
#93=CYLINDRICAL_SURFACE('',#6875,0.0005);
#94=CYLINDRICAL_SURFACE('',#6877,0.0005);
#95=CYLINDRICAL_SURFACE('',#6879,0.0005);
#96=CYLINDRICAL_SURFACE('',#6880,0.0005);
#97=CYLINDRICAL_SURFACE('',#6883,0.0005);
#98=CYLINDRICAL_SURFACE('',#6885,0.0005);
#99=CYLINDRICAL_SURFACE('',#6887,0.0005);
#100=CYLINDRICAL_SURFACE('',#6888,0.002);
#101=CYLINDRICAL_SURFACE('',#6889,0.002);
#102=CYLINDRICAL_SURFACE('',#6914,0.0025);
#103=CYLINDRICAL_SURFACE('',#6915,0.0025);
#104=CYLINDRICAL_SURFACE('',#6917,0.0025);
#105=CYLINDRICAL_SURFACE('',#6920,0.0025);
#106=CYLINDRICAL_SURFACE('',#6922,0.0025);
#107=CYLINDRICAL_SURFACE('',#6923,0.0025);
#108=CYLINDRICAL_SURFACE('',#6926,0.0025);
#109=CYLINDRICAL_SURFACE('',#6927,0.0025);
#110=CYLINDRICAL_SURFACE('',#6930,0.0025);
#111=CYLINDRICAL_SURFACE('',#6931,0.0025);
#112=CYLINDRICAL_SURFACE('',#6934,0.0025);
#113=CYLINDRICAL_SURFACE('',#6935,0.0025);
#114=CYLINDRICAL_SURFACE('',#6938,0.0025);
#115=CYLINDRICAL_SURFACE('',#6939,0.0025);
#116=CYLINDRICAL_SURFACE('',#6942,0.0025);
#117=CYLINDRICAL_SURFACE('',#6943,0.0025);
#118=CYLINDRICAL_SURFACE('',#6949,0.002);
#119=CYLINDRICAL_SURFACE('',#6951,0.002);
#120=CIRCLE('',#6465,0.0025);
#121=CIRCLE('',#6466,0.0025);
#122=CIRCLE('',#6467,0.0025);
#123=CIRCLE('',#6468,0.0025);
#124=CIRCLE('',#6469,0.0025);
#125=CIRCLE('',#6470,0.0025);
#126=CIRCLE('',#6471,0.0025);
#127=CIRCLE('',#6472,0.0025);
#128=CIRCLE('',#6473,0.0025);
#129=CIRCLE('',#6474,0.0025);
#130=CIRCLE('',#6475,0.0025);
#131=CIRCLE('',#6476,0.0025);
#132=CIRCLE('',#6477,0.0025);
#133=CIRCLE('',#6478,0.0025);
#134=CIRCLE('',#6479,0.0025);
#135=CIRCLE('',#6480,0.0025);
#136=CIRCLE('',#6482,0.0025);
#137=CIRCLE('',#6483,0.0025);
#138=CIRCLE('',#6484,0.0025);
#139=CIRCLE('',#6485,0.0025);
#140=CIRCLE('',#6486,0.0025);
#141=CIRCLE('',#6487,0.0025);
#142=CIRCLE('',#6488,0.0025);
#143=CIRCLE('',#6489,0.0025);
#144=CIRCLE('',#6490,0.0025);
#145=CIRCLE('',#6491,0.0025);
#146=CIRCLE('',#6492,0.0025);
#147=CIRCLE('',#6493,0.0025);
#148=CIRCLE('',#6494,0.0025);
#149=CIRCLE('',#6495,0.0025);
#150=CIRCLE('',#6496,0.0025);
#151=CIRCLE('',#6497,0.0025);
#152=CIRCLE('',#6499,0.0025);
#153=CIRCLE('',#6504,0.003);
#154=CIRCLE('',#6505,0.003);
#155=CIRCLE('',#6507,0.003);
#156=CIRCLE('',#6508,0.003);
#157=CIRCLE('',#6510,0.0015);
#158=CIRCLE('',#6511,0.003);
#159=CIRCLE('',#6512,0.003);
#160=CIRCLE('',#6513,0.003);
#161=CIRCLE('',#6514,0.003);
#162=CIRCLE('',#6515,0.002);
#163=CIRCLE('',#6516,0.002);
#164=CIRCLE('',#6517,0.0015);
#165=CIRCLE('',#6519,0.00075);
#166=CIRCLE('',#6520,0.00075);
#167=CIRCLE('',#6521,0.0005);
#168=CIRCLE('',#6522,0.0005);
#169=CIRCLE('',#6523,0.0005);
#170=CIRCLE('',#6524,0.0005);
#171=CIRCLE('',#6525,0.0005);
#172=CIRCLE('',#6526,0.0035);
#173=CIRCLE('',#6527,0.0005);
#174=CIRCLE('',#6528,0.0005);
#175=CIRCLE('',#6529,0.0005);
#176=CIRCLE('',#6530,0.0005);
#177=CIRCLE('',#6531,0.0005);
#178=CIRCLE('',#6532,0.0005);
#179=CIRCLE('',#6533,0.0005);
#180=CIRCLE('',#6534,0.0005);
#181=CIRCLE('',#6535,0.0005);
#182=CIRCLE('',#6536,0.00356555025996534);
#183=CIRCLE('',#6537,0.0025);
#184=CIRCLE('',#6538,0.0005);
#185=CIRCLE('',#6539,0.0005);
#186=CIRCLE('',#6540,0.0005);
#187=CIRCLE('',#6541,0.00075);
#188=CIRCLE('',#6542,0.00075);
#189=CIRCLE('',#6544,0.00115);
#190=CIRCLE('',#6545,0.00115);
#191=CIRCLE('',#6546,0.00356555025996534);
#192=CIRCLE('',#6547,0.0005);
#193=CIRCLE('',#6548,0.0005);
#194=CIRCLE('',#6549,0.0005);
#195=CIRCLE('',#6550,0.0005);
#196=CIRCLE('',#6551,0.0025);
#197=CIRCLE('',#6552,0.0005);
#198=CIRCLE('',#6553,0.0005);
#199=CIRCLE('',#6554,0.0005);
#200=CIRCLE('',#6555,0.0005);
#201=CIRCLE('',#6556,0.0005);
#202=CIRCLE('',#6557,0.0005);
#203=CIRCLE('',#6558,0.0005);
#204=CIRCLE('',#6559,0.0005);
#205=CIRCLE('',#6560,0.0035);
#206=CIRCLE('',#6561,0.0005);
#207=CIRCLE('',#6562,0.0005);
#208=CIRCLE('',#6563,0.0005);
#209=CIRCLE('',#6564,0.0005);
#210=CIRCLE('',#6565,0.0005);
#211=CIRCLE('',#6566,0.00115);
#212=CIRCLE('',#6567,0.00115);
#213=CIRCLE('',#6569,0.0019);
#214=CIRCLE('',#6570,0.0019);
#215=CIRCLE('',#6571,0.0074);
#216=CIRCLE('',#6573,0.0074);
#217=CIRCLE('',#6575,0.007);
#218=CIRCLE('',#6592,0.0015);
#219=CIRCLE('',#6593,0.0015);
#220=CIRCLE('',#6594,0.007);
#221=CIRCLE('',#6632,0.0025);
#222=CIRCLE('',#6648,0.007);
#223=CIRCLE('',#6650,0.007);
#224=CIRCLE('',#6672,0.0015);
#225=CIRCLE('',#6676,0.0015);
#226=CIRCLE('',#6746,0.0015);
#227=CIRCLE('',#6747,0.002);
#228=CIRCLE('',#6751,0.0015);
#229=CIRCLE('',#6752,0.002);
#230=CIRCLE('',#6754,0.0015);
#231=CIRCLE('',#6755,0.003);
#232=CIRCLE('',#6758,0.0015);
#233=CIRCLE('',#6759,0.003);
#234=CIRCLE('',#6763,0.0015);
#235=CIRCLE('',#6764,0.003);
#236=CIRCLE('',#6767,0.0015);
#237=CIRCLE('',#6768,0.003);
#238=CIRCLE('',#6777,0.00075);
#239=CIRCLE('',#6780,0.00075);
#240=CIRCLE('',#6790,0.00075);
#241=CIRCLE('',#6793,0.00075);
#242=CIRCLE('',#6836,0.001);
#243=CIRCLE('',#6837,0.001);
#244=CIRCLE('',#6838,0.001);
#245=CIRCLE('',#6840,0.001);
#246=CIRCLE('',#6841,0.001);
#247=CIRCLE('',#6842,0.001);
#248=CIRCLE('',#6844,0.001);
#249=CIRCLE('',#6845,0.001);
#250=CIRCLE('',#6846,0.001);
#251=CIRCLE('',#6847,0.001);
#252=CIRCLE('',#6848,0.001);
#253=CIRCLE('',#6850,0.001);
#254=CIRCLE('',#6851,0.001);
#255=CIRCLE('',#6852,0.001);
#256=CIRCLE('',#6854,0.001);
#257=CIRCLE('',#6855,0.001);
#258=CIRCLE('',#6947,0.002);
#259=CIRCLE('',#6948,0.002);
#260=CIRCLE('',#6950,0.002);
#261=CIRCLE('',#6952,0.002);
#262=ELLIPSE('',#6462,0.00202631536498051,0.002);
#263=ELLIPSE('',#6463,0.00202631536498051,0.002);
#264=ELLIPSE('',#6578,0.00206612232310835,0.002);
#265=ELLIPSE('',#6579,0.00206612232310835,0.002);
#266=ELLIPSE('',#6582,0.00209373873127789,0.002);
#267=ELLIPSE('',#6583,0.00209373873127789,0.002);
#268=ELLIPSE('',#6589,0.00212024404157913,0.002);
#269=ELLIPSE('',#6590,0.00212024404157913,0.002);
#270=ELLIPSE('',#6617,0.00651609045086709,0.003);
#271=ELLIPSE('',#6618,0.00410297709703751,0.003);
#272=ELLIPSE('',#6620,0.00516712253666878,0.003);
#273=ELLIPSE('',#6621,0.00466200514796619,0.003);
#274=ELLIPSE('',#6623,0.00357563296552225,0.003);
#275=ELLIPSE('',#6624,0.00342393964635193,0.003);
#276=ELLIPSE('',#6626,0.00569585088322636,0.003);
#277=ELLIPSE('',#6627,0.003806446935346,0.003);
#278=ELLIPSE('',#6804,0.0030444804900092,0.003);
#279=ELLIPSE('',#6805,0.00301760732341968,0.003);
#280=ELLIPSE('',#6808,0.00306328938803587,0.003);
#281=ELLIPSE('',#6809,0.00301760732341968,0.003);
#282=ELLIPSE('',#6812,0.0030444804900092,0.003);
#283=ELLIPSE('',#6813,0.00308146633858814,0.003);
#284=ELLIPSE('',#6816,0.00306328938803587,0.003);
#285=ELLIPSE('',#6817,0.00308146633858814,0.003);
#286=ELLIPSE('',#6857,0.000707106781186548,0.0005);
#287=ELLIPSE('',#6858,0.000707106781186548,0.0005);
#288=ELLIPSE('',#6860,0.000707106781186548,0.0005);
#289=ELLIPSE('',#6862,0.000707106781186548,0.0005);
#290=ELLIPSE('',#6865,0.000707106781186548,0.0005);
#291=ELLIPSE('',#6866,0.000707106781186548,0.0005);
#292=ELLIPSE('',#6868,0.000707106781186548,0.0005);
#293=ELLIPSE('',#6870,0.000707106781186548,0.0005);
#294=ELLIPSE('',#6873,0.000707106781186548,0.0005);
#295=ELLIPSE('',#6874,0.000707106781186548,0.0005);
#296=ELLIPSE('',#6876,0.000707106781186548,0.0005);
#297=ELLIPSE('',#6878,0.000707106781186548,0.0005);
#298=ELLIPSE('',#6881,0.000707106781186548,0.0005);
#299=ELLIPSE('',#6882,0.000707106781186548,0.0005);
#300=ELLIPSE('',#6884,0.000707106781186548,0.0005);
#301=ELLIPSE('',#6886,0.000707106781186548,0.0005);
#302=LINE('',#8717,#1004);
#303=LINE('',#8722,#1005);
#304=LINE('',#8724,#1006);
#305=LINE('',#8726,#1007);
#306=LINE('',#8730,#1008);
#307=LINE('',#8735,#1009);
#308=LINE('',#8738,#1010);
#309=LINE('',#8743,#1011);
#310=LINE('',#8746,#1012);
#311=LINE('',#8751,#1013);
#312=LINE('',#8754,#1014);
#313=LINE('',#8759,#1015);
#314=LINE('',#8762,#1016);
#315=LINE('',#8767,#1017);
#316=LINE('',#8770,#1018);
#317=LINE('',#8775,#1019);
#318=LINE('',#8778,#1020);
#319=LINE('',#8783,#1021);
#320=LINE('',#8785,#1022);
#321=LINE('',#8787,#1023);
#322=LINE('',#8789,#1024);
#323=LINE('',#8791,#1025);
#324=LINE('',#8793,#1026);
#325=LINE('',#8795,#1027);
#326=LINE('',#8797,#1028);
#327=LINE('',#8799,#1029);
#328=LINE('',#8801,#1030);
#329=LINE('',#8803,#1031);
#330=LINE('',#8805,#1032);
#331=LINE('',#8807,#1033);
#332=LINE('',#8811,#1034);
#333=LINE('',#8815,#1035);
#334=LINE('',#8817,#1036);
#335=LINE('',#8819,#1037);
#336=LINE('',#8821,#1038);
#337=LINE('',#8823,#1039);
#338=LINE('',#8825,#1040);
#339=LINE('',#8827,#1041);
#340=LINE('',#8831,#1042);
#341=LINE('',#8834,#1043);
#342=LINE('',#8836,#1044);
#343=LINE('',#8838,#1045);
#344=LINE('',#8842,#1046);
#345=LINE('',#8846,#1047);
#346=LINE('',#8850,#1048);
#347=LINE('',#8854,#1049);
#348=LINE('',#8858,#1050);
#349=LINE('',#8862,#1051);
#350=LINE('',#8866,#1052);
#351=LINE('',#8870,#1053);
#352=LINE('',#8874,#1054);
#353=LINE('',#8878,#1055);
#354=LINE('',#8882,#1056);
#355=LINE('',#8886,#1057);
#356=LINE('',#8890,#1058);
#357=LINE('',#8894,#1059);
#358=LINE('',#8898,#1060);
#359=LINE('',#8902,#1061);
#360=LINE('',#8904,#1062);
#361=LINE('',#8909,#1063);
#362=LINE('',#8911,#1064);
#363=LINE('',#8913,#1065);
#364=LINE('',#8915,#1066);
#365=LINE('',#8917,#1067);
#366=LINE('',#8918,#1068);
#367=LINE('',#8920,#1069);
#368=LINE('',#8922,#1070);
#369=LINE('',#8923,#1071);
#370=LINE('',#8925,#1072);
#371=LINE('',#8927,#1073);
#372=LINE('',#8929,#1074);
#373=LINE('',#8931,#1075);
#374=LINE('',#8959,#1076);
#375=LINE('',#8963,#1077);
#376=LINE('',#8967,#1078);
#377=LINE('',#8970,#1079);
#378=LINE('',#8973,#1080);
#379=LINE('',#8975,#1081);
#380=LINE('',#8977,#1082);
#381=LINE('',#8981,#1083);
#382=LINE('',#8982,#1084);
#383=LINE('',#8986,#1085);
#384=LINE('',#8990,#1086);
#385=LINE('',#8993,#1087);
#386=LINE('',#8995,#1088);
#387=LINE('',#8997,#1089);
#388=LINE('',#9001,#1090);
#389=LINE('',#9005,#1091);
#390=LINE('',#9007,#1092);
#391=LINE('',#9009,#1093);
#392=LINE('',#9011,#1094);
#393=LINE('',#9013,#1095);
#394=LINE('',#9014,#1096);
#395=LINE('',#9019,#1097);
#396=LINE('',#9023,#1098);
#397=LINE('',#9027,#1099);
#398=LINE('',#9031,#1100);
#399=LINE('',#9036,#1101);
#400=LINE('',#9041,#1102);
#401=LINE('',#9045,#1103);
#402=LINE('',#9049,#1104);
#403=LINE('',#9052,#1105);
#404=LINE('',#9057,#1106);
#405=LINE('',#9061,#1107);
#406=LINE('',#9065,#1108);
#407=LINE('',#9068,#1109);
#408=LINE('',#9070,#1110);
#409=LINE('',#9072,#1111);
#410=LINE('',#9073,#1112);
#411=LINE('',#9080,#1113);
#412=LINE('',#9084,#1114);
#413=LINE('',#9088,#1115);
#414=LINE('',#9092,#1116);
#415=LINE('',#9095,#1117);
#416=LINE('',#9098,#1118);
#417=LINE('',#9100,#1119);
#418=LINE('',#9102,#1120);
#419=LINE('',#9104,#1121);
#420=LINE('',#9106,#1122);
#421=LINE('',#9110,#1123);
#422=LINE('',#9114,#1124);
#423=LINE('',#9116,#1125);
#424=LINE('',#9118,#1126);
#425=LINE('',#9120,#1127);
#426=LINE('',#9123,#1128);
#427=LINE('',#9125,#1129);
#428=LINE('',#9129,#1130);
#429=LINE('',#9133,#1131);
#430=LINE('',#9135,#1132);
#431=LINE('',#9137,#1133);
#432=LINE('',#9139,#1134);
#433=LINE('',#9141,#1135);
#434=LINE('',#9143,#1136);
#435=LINE('',#9149,#1137);
#436=LINE('',#9153,#1138);
#437=LINE('',#9157,#1139);
#438=LINE('',#9161,#1140);
#439=LINE('',#9165,#1141);
#440=LINE('',#9166,#1142);
#441=LINE('',#9171,#1143);
#442=LINE('',#9175,#1144);
#443=LINE('',#9179,#1145);
#444=LINE('',#9182,#1146);
#445=LINE('',#9187,#1147);
#446=LINE('',#9191,#1148);
#447=LINE('',#9195,#1149);
#448=LINE('',#9198,#1150);
#449=LINE('',#9201,#1151);
#450=LINE('',#9203,#1152);
#451=LINE('',#9205,#1153);
#452=LINE('',#9208,#1154);
#453=LINE('',#9213,#1155);
#454=LINE('',#9217,#1156);
#455=LINE('',#9221,#1157);
#456=LINE('',#9225,#1158);
#457=LINE('',#9228,#1159);
#458=LINE('',#9231,#1160);
#459=LINE('',#9233,#1161);
#460=LINE('',#9235,#1162);
#461=LINE('',#9237,#1163);
#462=LINE('',#9239,#1164);
#463=LINE('',#9241,#1165);
#464=LINE('',#9243,#1166);
#465=LINE('',#9247,#1167);
#466=LINE('',#9251,#1168);
#467=LINE('',#9256,#1169);
#468=LINE('',#9260,#1170);
#469=LINE('',#9263,#1171);
#470=LINE('',#9265,#1172);
#471=LINE('',#9267,#1173);
#472=LINE('',#9269,#1174);
#473=LINE('',#9271,#1175);
#474=LINE('',#9273,#1176);
#475=LINE('',#9275,#1177);
#476=LINE('',#9279,#1178);
#477=LINE('',#9282,#1179);
#478=LINE('',#9284,#1180);
#479=LINE('',#9285,#1181);
#480=LINE('',#9287,#1182);
#481=LINE('',#9289,#1183);
#482=LINE('',#9291,#1184);
#483=LINE('',#9293,#1185);
#484=LINE('',#9296,#1186);
#485=LINE('',#9298,#1187);
#486=LINE('',#9300,#1188);
#487=LINE('',#9301,#1189);
#488=LINE('',#9304,#1190);
#489=LINE('',#9306,#1191);
#490=LINE('',#9308,#1192);
#491=LINE('',#9311,#1193);
#492=LINE('',#9313,#1194);
#493=LINE('',#9314,#1195);
#494=LINE('',#9315,#1196);
#495=LINE('',#9317,#1197);
#496=LINE('',#9319,#1198);
#497=LINE('',#9322,#1199);
#498=LINE('',#9324,#1200);
#499=LINE('',#9326,#1201);
#500=LINE('',#9327,#1202);
#501=LINE('',#9330,#1203);
#502=LINE('',#9332,#1204);
#503=LINE('',#9334,#1205);
#504=LINE('',#9335,#1206);
#505=LINE('',#9338,#1207);
#506=LINE('',#9340,#1208);
#507=LINE('',#9342,#1209);
#508=LINE('',#9343,#1210);
#509=LINE('',#9346,#1211);
#510=LINE('',#9348,#1212);
#511=LINE('',#9350,#1213);
#512=LINE('',#9351,#1214);
#513=LINE('',#9354,#1215);
#514=LINE('',#9356,#1216);
#515=LINE('',#9358,#1217);
#516=LINE('',#9359,#1218);
#517=LINE('',#9362,#1219);
#518=LINE('',#9363,#1220);
#519=LINE('',#9364,#1221);
#520=LINE('',#9366,#1222);
#521=LINE('',#9368,#1223);
#522=LINE('',#9369,#1224);
#523=LINE('',#9372,#1225);
#524=LINE('',#9374,#1226);
#525=LINE('',#9375,#1227);
#526=LINE('',#9378,#1228);
#527=LINE('',#9380,#1229);
#528=LINE('',#9382,#1230);
#529=LINE('',#9383,#1231);
#530=LINE('',#9386,#1232);
#531=LINE('',#9388,#1233);
#532=LINE('',#9390,#1234);
#533=LINE('',#9391,#1235);
#534=LINE('',#9394,#1236);
#535=LINE('',#9396,#1237);
#536=LINE('',#9398,#1238);
#537=LINE('',#9400,#1239);
#538=LINE('',#9405,#1240);
#539=LINE('',#9409,#1241);
#540=LINE('',#9411,#1242);
#541=LINE('',#9412,#1243);
#542=LINE('',#9415,#1244);
#543=LINE('',#9417,#1245);
#544=LINE('',#9419,#1246);
#545=LINE('',#9420,#1247);
#546=LINE('',#9423,#1248);
#547=LINE('',#9425,#1249);
#548=LINE('',#9427,#1250);
#549=LINE('',#9428,#1251);
#550=LINE('',#9431,#1252);
#551=LINE('',#9433,#1253);
#552=LINE('',#9435,#1254);
#553=LINE('',#9436,#1255);
#554=LINE('',#9439,#1256);
#555=LINE('',#9441,#1257);
#556=LINE('',#9443,#1258);
#557=LINE('',#9444,#1259);
#558=LINE('',#9447,#1260);
#559=LINE('',#9449,#1261);
#560=LINE('',#9451,#1262);
#561=LINE('',#9452,#1263);
#562=LINE('',#9455,#1264);
#563=LINE('',#9457,#1265);
#564=LINE('',#9459,#1266);
#565=LINE('',#9460,#1267);
#566=LINE('',#9463,#1268);
#567=LINE('',#9465,#1269);
#568=LINE('',#9466,#1270);
#569=LINE('',#9469,#1271);
#570=LINE('',#9471,#1272);
#571=LINE('',#9473,#1273);
#572=LINE('',#9474,#1274);
#573=LINE('',#9477,#1275);
#574=LINE('',#9479,#1276);
#575=LINE('',#9481,#1277);
#576=LINE('',#9483,#1278);
#577=LINE('',#9486,#1279);
#578=LINE('',#9488,#1280);
#579=LINE('',#9490,#1281);
#580=LINE('',#9491,#1282);
#581=LINE('',#9494,#1283);
#582=LINE('',#9496,#1284);
#583=LINE('',#9498,#1285);
#584=LINE('',#9499,#1286);
#585=LINE('',#9502,#1287);
#586=LINE('',#9504,#1288);
#587=LINE('',#9505,#1289);
#588=LINE('',#9506,#1290);
#589=LINE('',#9508,#1291);
#590=LINE('',#9510,#1292);
#591=LINE('',#9512,#1293);
#592=LINE('',#9514,#1294);
#593=LINE('',#9516,#1295);
#594=LINE('',#9518,#1296);
#595=LINE('',#9519,#1297);
#596=LINE('',#9522,#1298);
#597=LINE('',#9524,#1299);
#598=LINE('',#9525,#1300);
#599=LINE('',#9528,#1301);
#600=LINE('',#9530,#1302);
#601=LINE('',#9532,#1303);
#602=LINE('',#9533,#1304);
#603=LINE('',#9536,#1305);
#604=LINE('',#9538,#1306);
#605=LINE('',#9540,#1307);
#606=LINE('',#9541,#1308);
#607=LINE('',#9544,#1309);
#608=LINE('',#9546,#1310);
#609=LINE('',#9548,#1311);
#610=LINE('',#9550,#1312);
#611=LINE('',#9551,#1313);
#612=LINE('',#9554,#1314);
#613=LINE('',#9556,#1315);
#614=LINE('',#9558,#1316);
#615=LINE('',#9560,#1317);
#616=LINE('',#9565,#1318);
#617=LINE('',#9569,#1319);
#618=LINE('',#9571,#1320);
#619=LINE('',#9572,#1321);
#620=LINE('',#9575,#1322);
#621=LINE('',#9577,#1323);
#622=LINE('',#9579,#1324);
#623=LINE('',#9581,#1325);
#624=LINE('',#9582,#1326);
#625=LINE('',#9585,#1327);
#626=LINE('',#9587,#1328);
#627=LINE('',#9588,#1329);
#628=LINE('',#9591,#1330);
#629=LINE('',#9593,#1331);
#630=LINE('',#9594,#1332);
#631=LINE('',#9597,#1333);
#632=LINE('',#9599,#1334);
#633=LINE('',#9601,#1335);
#634=LINE('',#9602,#1336);
#635=LINE('',#9605,#1337);
#636=LINE('',#9607,#1338);
#637=LINE('',#9609,#1339);
#638=LINE('',#9610,#1340);
#639=LINE('',#9613,#1341);
#640=LINE('',#9615,#1342);
#641=LINE('',#9617,#1343);
#642=LINE('',#9618,#1344);
#643=LINE('',#9621,#1345);
#644=LINE('',#9623,#1346);
#645=LINE('',#9625,#1347);
#646=LINE('',#9626,#1348);
#647=LINE('',#9629,#1349);
#648=LINE('',#9631,#1350);
#649=LINE('',#9633,#1351);
#650=LINE('',#9635,#1352);
#651=LINE('',#9636,#1353);
#652=LINE('',#9637,#1354);
#653=LINE('',#9639,#1355);
#654=LINE('',#9641,#1356);
#655=LINE('',#9645,#1357);
#656=LINE('',#9646,#1358);
#657=LINE('',#9648,#1359);
#658=LINE('',#9653,#1360);
#659=LINE('',#9655,#1361);
#660=LINE('',#9657,#1362);
#661=LINE('',#9664,#1363);
#662=LINE('',#9668,#1364);
#663=LINE('',#9669,#1365);
#664=LINE('',#9672,#1366);
#665=LINE('',#9674,#1367);
#666=LINE('',#9676,#1368);
#667=LINE('',#9677,#1369);
#668=LINE('',#9680,#1370);
#669=LINE('',#9682,#1371);
#670=LINE('',#9684,#1372);
#671=LINE('',#9687,#1373);
#672=LINE('',#9689,#1374);
#673=LINE('',#9690,#1375);
#674=LINE('',#9692,#1376);
#675=LINE('',#9693,#1377);
#676=LINE('',#9695,#1378);
#677=LINE('',#9696,#1379);
#678=LINE('',#9698,#1380);
#679=LINE('',#9699,#1381);
#680=LINE('',#9701,#1382);
#681=LINE('',#9702,#1383);
#682=LINE('',#9704,#1384);
#683=LINE('',#9705,#1385);
#684=LINE('',#9707,#1386);
#685=LINE('',#9708,#1387);
#686=LINE('',#9710,#1388);
#687=LINE('',#9711,#1389);
#688=LINE('',#9713,#1390);
#689=LINE('',#9714,#1391);
#690=LINE('',#9716,#1392);
#691=LINE('',#9717,#1393);
#692=LINE('',#9719,#1394);
#693=LINE('',#9720,#1395);
#694=LINE('',#9722,#1396);
#695=LINE('',#9723,#1397);
#696=LINE('',#9725,#1398);
#697=LINE('',#9726,#1399);
#698=LINE('',#9728,#1400);
#699=LINE('',#9729,#1401);
#700=LINE('',#9731,#1402);
#701=LINE('',#9735,#1403);
#702=LINE('',#9736,#1404);
#703=LINE('',#9738,#1405);
#704=LINE('',#9739,#1406);
#705=LINE('',#9741,#1407);
#706=LINE('',#9742,#1408);
#707=LINE('',#9744,#1409);
#708=LINE('',#9745,#1410);
#709=LINE('',#9747,#1411);
#710=LINE('',#9748,#1412);
#711=LINE('',#9752,#1413);
#712=LINE('',#9753,#1414);
#713=LINE('',#9757,#1415);
#714=LINE('',#9764,#1416);
#715=LINE('',#9770,#1417);
#716=LINE('',#9773,#1418);
#717=LINE('',#9775,#1419);
#718=LINE('',#9777,#1420);
#719=LINE('',#9779,#1421);
#720=LINE('',#9781,#1422);
#721=LINE('',#9783,#1423);
#722=LINE('',#9785,#1424);
#723=LINE('',#9787,#1425);
#724=LINE('',#9789,#1426);
#725=LINE('',#9792,#1427);
#726=LINE('',#9794,#1428);
#727=LINE('',#9796,#1429);
#728=LINE('',#9798,#1430);
#729=LINE('',#9800,#1431);
#730=LINE('',#9801,#1432);
#731=LINE('',#9805,#1433);
#732=LINE('',#9807,#1434);
#733=LINE('',#9809,#1435);
#734=LINE('',#9811,#1436);
#735=LINE('',#9813,#1437);
#736=LINE('',#9815,#1438);
#737=LINE('',#9817,#1439);
#738=LINE('',#9819,#1440);
#739=LINE('',#9821,#1441);
#740=LINE('',#9823,#1442);
#741=LINE('',#9825,#1443);
#742=LINE('',#9827,#1444);
#743=LINE('',#9829,#1445);
#744=LINE('',#9832,#1446);
#745=LINE('',#9834,#1447);
#746=LINE('',#9836,#1448);
#747=LINE('',#9838,#1449);
#748=LINE('',#9840,#1450);
#749=LINE('',#9842,#1451);
#750=LINE('',#9844,#1452);
#751=LINE('',#9846,#1453);
#752=LINE('',#9848,#1454);
#753=LINE('',#9850,#1455);
#754=LINE('',#9852,#1456);
#755=LINE('',#9854,#1457);
#756=LINE('',#9863,#1458);
#757=LINE('',#9865,#1459);
#758=LINE('',#9867,#1460);
#759=LINE('',#9869,#1461);
#760=LINE('',#9871,#1462);
#761=LINE('',#9873,#1463);
#762=LINE('',#9875,#1464);
#763=LINE('',#9878,#1465);
#764=LINE('',#9880,#1466);
#765=LINE('',#9882,#1467);
#766=LINE('',#9884,#1468);
#767=LINE('',#9886,#1469);
#768=LINE('',#9888,#1470);
#769=LINE('',#9890,#1471);
#770=LINE('',#9892,#1472);
#771=LINE('',#9894,#1473);
#772=LINE('',#9897,#1474);
#773=LINE('',#9899,#1475);
#774=LINE('',#9901,#1476);
#775=LINE('',#9903,#1477);
#776=LINE('',#9905,#1478);
#777=LINE('',#9907,#1479);
#778=LINE('',#9909,#1480);
#779=LINE('',#9911,#1481);
#780=LINE('',#9913,#1482);
#781=LINE('',#9915,#1483);
#782=LINE('',#9917,#1484);
#783=LINE('',#9919,#1485);
#784=LINE('',#9922,#1486);
#785=LINE('',#9924,#1487);
#786=LINE('',#9926,#1488);
#787=LINE('',#9928,#1489);
#788=LINE('',#9930,#1490);
#789=LINE('',#9932,#1491);
#790=LINE('',#9934,#1492);
#791=LINE('',#9936,#1493);
#792=LINE('',#9938,#1494);
#793=LINE('',#9940,#1495);
#794=LINE('',#9942,#1496);
#795=LINE('',#9944,#1497);
#796=LINE('',#9946,#1498);
#797=LINE('',#9948,#1499);
#798=LINE('',#9950,#1500);
#799=LINE('',#9953,#1501);
#800=LINE('',#9955,#1502);
#801=LINE('',#9957,#1503);
#802=LINE('',#9959,#1504);
#803=LINE('',#9961,#1505);
#804=LINE('',#9963,#1506);
#805=LINE('',#9967,#1507);
#806=LINE('',#9969,#1508);
#807=LINE('',#9971,#1509);
#808=LINE('',#9973,#1510);
#809=LINE('',#9975,#1511);
#810=LINE('',#9979,#1512);
#811=LINE('',#9980,#1513);
#812=LINE('',#9982,#1514);
#813=LINE('',#9985,#1515);
#814=LINE('',#9986,#1516);
#815=LINE('',#9988,#1517);
#816=LINE('',#9991,#1518);
#817=LINE('',#9992,#1519);
#818=LINE('',#9994,#1520);
#819=LINE('',#9996,#1521);
#820=LINE('',#9999,#1522);
#821=LINE('',#10000,#1523);
#822=LINE('',#10002,#1524);
#823=LINE('',#10004,#1525);
#824=LINE('',#10007,#1526);
#825=LINE('',#10008,#1527);
#826=LINE('',#10010,#1528);
#827=LINE('',#10012,#1529);
#828=LINE('',#10015,#1530);
#829=LINE('',#10016,#1531);
#830=LINE('',#10018,#1532);
#831=LINE('',#10020,#1533);
#832=LINE('',#10023,#1534);
#833=LINE('',#10024,#1535);
#834=LINE('',#10026,#1536);
#835=LINE('',#10028,#1537);
#836=LINE('',#10030,#1538);
#837=LINE('',#10033,#1539);
#838=LINE('',#10034,#1540);
#839=LINE('',#10036,#1541);
#840=LINE('',#10038,#1542);
#841=LINE('',#10041,#1543);
#842=LINE('',#10042,#1544);
#843=LINE('',#10044,#1545);
#844=LINE('',#10047,#1546);
#845=LINE('',#10048,#1547);
#846=LINE('',#10050,#1548);
#847=LINE('',#10052,#1549);
#848=LINE('',#10055,#1550);
#849=LINE('',#10056,#1551);
#850=LINE('',#10058,#1552);
#851=LINE('',#10060,#1553);
#852=LINE('',#10063,#1554);
#853=LINE('',#10064,#1555);
#854=LINE('',#10066,#1556);
#855=LINE('',#10068,#1557);
#856=LINE('',#10071,#1558);
#857=LINE('',#10072,#1559);
#858=LINE('',#10074,#1560);
#859=LINE('',#10076,#1561);
#860=LINE('',#10079,#1562);
#861=LINE('',#10080,#1563);
#862=LINE('',#10082,#1564);
#863=LINE('',#10084,#1565);
#864=LINE('',#10087,#1566);
#865=LINE('',#10088,#1567);
#866=LINE('',#10090,#1568);
#867=LINE('',#10092,#1569);
#868=LINE('',#10095,#1570);
#869=LINE('',#10096,#1571);
#870=LINE('',#10098,#1572);
#871=LINE('',#10100,#1573);
#872=LINE('',#10103,#1574);
#873=LINE('',#10104,#1575);
#874=LINE('',#10106,#1576);
#875=LINE('',#10108,#1577);
#876=LINE('',#10111,#1578);
#877=LINE('',#10113,#1579);
#878=LINE('',#10115,#1580);
#879=LINE('',#10117,#1581);
#880=LINE('',#10123,#1582);
#881=LINE('',#10125,#1583);
#882=LINE('',#10127,#1584);
#883=LINE('',#10129,#1585);
#884=LINE('',#10139,#1586);
#885=LINE('',#10141,#1587);
#886=LINE('',#10143,#1588);
#887=LINE('',#10145,#1589);
#888=LINE('',#10147,#1590);
#889=LINE('',#10151,#1591);
#890=LINE('',#10155,#1592);
#891=LINE('',#10157,#1593);
#892=LINE('',#10158,#1594);
#893=LINE('',#10163,#1595);
#894=LINE('',#10167,#1596);
#895=LINE('',#10169,#1597);
#896=LINE('',#10171,#1598);
#897=LINE('',#10173,#1599);
#898=LINE('',#10179,#1600);
#899=LINE('',#10181,#1601);
#900=LINE('',#10183,#1602);
#901=LINE('',#10184,#1603);
#902=LINE('',#10187,#1604);
#903=LINE('',#10189,#1605);
#904=LINE('',#10191,#1606);
#905=LINE('',#10193,#1607);
#906=LINE('',#10194,#1608);
#907=LINE('',#10196,#1609);
#908=LINE('',#10198,#1610);
#909=LINE('',#10200,#1611);
#910=LINE('',#10202,#1612);
#911=LINE('',#10204,#1613);
#912=LINE('',#10205,#1614);
#913=LINE('',#10207,#1615);
#914=LINE('',#10209,#1616);
#915=LINE('',#10213,#1617);
#916=LINE('',#10215,#1618);
#917=LINE('',#10217,#1619);
#918=LINE('',#10221,#1620);
#919=LINE('',#10223,#1621);
#920=LINE('',#10225,#1622);
#921=LINE('',#10227,#1623);
#922=LINE('',#10228,#1624);
#923=LINE('',#10230,#1625);
#924=LINE('',#10232,#1626);
#925=LINE('',#10233,#1627);
#926=LINE('',#10235,#1628);
#927=LINE('',#10237,#1629);
#928=LINE('',#10239,#1630);
#929=LINE('',#10241,#1631);
#930=LINE('',#10242,#1632);
#931=LINE('',#10244,#1633);
#932=LINE('',#10246,#1634);
#933=LINE('',#10248,#1635);
#934=LINE('',#10250,#1636);
#935=LINE('',#10252,#1637);
#936=LINE('',#10253,#1638);
#937=LINE('',#10255,#1639);
#938=LINE('',#10257,#1640);
#939=LINE('',#10261,#1641);
#940=LINE('',#10263,#1642);
#941=LINE('',#10265,#1643);
#942=LINE('',#10269,#1644);
#943=LINE('',#10271,#1645);
#944=LINE('',#10273,#1646);
#945=LINE('',#10275,#1647);
#946=LINE('',#10276,#1648);
#947=LINE('',#10278,#1649);
#948=LINE('',#10280,#1650);
#949=LINE('',#10282,#1651);
#950=LINE('',#10284,#1652);
#951=LINE('',#10286,#1653);
#952=LINE('',#10288,#1654);
#953=LINE('',#10289,#1655);
#954=LINE('',#10569,#1656);
#955=LINE('',#10571,#1657);
#956=LINE('',#10573,#1658);
#957=LINE('',#10575,#1659);
#958=LINE('',#10581,#1660);
#959=LINE('',#10583,#1661);
#960=LINE('',#10585,#1662);
#961=LINE('',#10587,#1663);
#962=LINE('',#10591,#1664);
#963=LINE('',#10592,#1665);
#964=LINE('',#10594,#1666);
#965=LINE('',#10596,#1667);
#966=LINE('',#10601,#1668);
#967=LINE('',#10602,#1669);
#968=LINE('',#10603,#1670);
#969=LINE('',#10605,#1671);
#970=LINE('',#10607,#1672);
#971=LINE('',#10610,#1673);
#972=LINE('',#10611,#1674);
#973=LINE('',#10613,#1675);
#974=LINE('',#10615,#1676);
#975=LINE('',#10616,#1677);
#976=LINE('',#10619,#1678);
#977=LINE('',#10620,#1679);
#978=LINE('',#10622,#1680);
#979=LINE('',#10624,#1681);
#980=LINE('',#10627,#1682);
#981=LINE('',#10628,#1683);
#982=LINE('',#10630,#1684);
#983=LINE('',#10632,#1685);
#984=LINE('',#10635,#1686);
#985=LINE('',#10636,#1687);
#986=LINE('',#10638,#1688);
#987=LINE('',#10640,#1689);
#988=LINE('',#10643,#1690);
#989=LINE('',#10644,#1691);
#990=LINE('',#10646,#1692);
#991=LINE('',#10648,#1693);
#992=LINE('',#10651,#1694);
#993=LINE('',#10652,#1695);
#994=LINE('',#10654,#1696);
#995=LINE('',#10656,#1697);
#996=LINE('',#10659,#1698);
#997=LINE('',#10660,#1699);
#998=LINE('',#10662,#1700);
#999=LINE('',#10664,#1701);
#1000=LINE('',#11375,#1702);
#1001=LINE('',#11379,#1703);
#1002=LINE('',#11410,#1704);
#1003=LINE('',#11423,#1705);
#1004=VECTOR('',#6958,1.);
#1005=VECTOR('',#6961,1.);
#1006=VECTOR('',#6962,1.);
#1007=VECTOR('',#6963,1.);
#1008=VECTOR('',#6968,1.);
#1009=VECTOR('',#6971,1.);
#1010=VECTOR('',#6974,1.);
#1011=VECTOR('',#6977,1.);
#1012=VECTOR('',#6980,1.);
#1013=VECTOR('',#6983,1.);
#1014=VECTOR('',#6986,1.);
#1015=VECTOR('',#6989,1.);
#1016=VECTOR('',#6992,1.);
#1017=VECTOR('',#6995,1.);
#1018=VECTOR('',#6998,1.);
#1019=VECTOR('',#7001,1.);
#1020=VECTOR('',#7004,1.);
#1021=VECTOR('',#7007,1.);
#1022=VECTOR('',#7008,1.);
#1023=VECTOR('',#7009,1.);
#1024=VECTOR('',#7010,1.);
#1025=VECTOR('',#7011,1.);
#1026=VECTOR('',#7012,1.);
#1027=VECTOR('',#7013,1.);
#1028=VECTOR('',#7014,1.);
#1029=VECTOR('',#7015,1.);
#1030=VECTOR('',#7016,1.);
#1031=VECTOR('',#7017,1.);
#1032=VECTOR('',#7018,1.);
#1033=VECTOR('',#7019,1.);
#1034=VECTOR('',#7022,1.);
#1035=VECTOR('',#7025,1.);
#1036=VECTOR('',#7026,1.);
#1037=VECTOR('',#7027,1.);
#1038=VECTOR('',#7028,1.);
#1039=VECTOR('',#7029,1.);
#1040=VECTOR('',#7030,1.);
#1041=VECTOR('',#7031,1.);
#1042=VECTOR('',#7036,1.);
#1043=VECTOR('',#7037,1.);
#1044=VECTOR('',#7038,1.);
#1045=VECTOR('',#7039,1.);
#1046=VECTOR('',#7042,1.);
#1047=VECTOR('',#7045,1.);
#1048=VECTOR('',#7048,1.);
#1049=VECTOR('',#7051,1.);
#1050=VECTOR('',#7054,1.);
#1051=VECTOR('',#7057,1.);
#1052=VECTOR('',#7060,1.);
#1053=VECTOR('',#7063,1.);
#1054=VECTOR('',#7066,1.);
#1055=VECTOR('',#7069,1.);
#1056=VECTOR('',#7072,1.);
#1057=VECTOR('',#7075,1.);
#1058=VECTOR('',#7078,1.);
#1059=VECTOR('',#7081,1.);
#1060=VECTOR('',#7084,1.);
#1061=VECTOR('',#7087,1.);
#1062=VECTOR('',#7090,1.);
#1063=VECTOR('',#7093,1.);
#1064=VECTOR('',#7094,1.);
#1065=VECTOR('',#7095,1.);
#1066=VECTOR('',#7096,1.);
#1067=VECTOR('',#7099,1.);
#1068=VECTOR('',#7100,1.);
#1069=VECTOR('',#7101,1.);
#1070=VECTOR('',#7104,1.);
#1071=VECTOR('',#7105,1.);
#1072=VECTOR('',#7108,1.);
#1073=VECTOR('',#7109,1.);
#1074=VECTOR('',#7110,1.);
#1075=VECTOR('',#7111,1.);
#1076=VECTOR('',#7130,1.);
#1077=VECTOR('',#7133,1.);
#1078=VECTOR('',#7136,1.);
#1079=VECTOR('',#7139,1.);
#1080=VECTOR('',#7140,1.);
#1081=VECTOR('',#7141,1.);
#1082=VECTOR('',#7142,1.);
#1083=VECTOR('',#7145,1.);
#1084=VECTOR('',#7146,1.);
#1085=VECTOR('',#7149,1.);
#1086=VECTOR('',#7154,1.);
#1087=VECTOR('',#7155,1.);
#1088=VECTOR('',#7156,1.);
#1089=VECTOR('',#7157,1.);
#1090=VECTOR('',#7160,1.);
#1091=VECTOR('',#7163,1.);
#1092=VECTOR('',#7164,1.);
#1093=VECTOR('',#7165,1.);
#1094=VECTOR('',#7166,1.);
#1095=VECTOR('',#7167,1.);
#1096=VECTOR('',#7168,1.);
#1097=VECTOR('',#7171,1.);
#1098=VECTOR('',#7174,1.);
#1099=VECTOR('',#7177,1.);
#1100=VECTOR('',#7180,1.);
#1101=VECTOR('',#7185,1.);
#1102=VECTOR('',#7188,1.);
#1103=VECTOR('',#7191,1.);
#1104=VECTOR('',#7194,1.);
#1105=VECTOR('',#7197,1.);
#1106=VECTOR('',#7200,1.);
#1107=VECTOR('',#7203,1.);
#1108=VECTOR('',#7206,1.);
#1109=VECTOR('',#7209,1.);
#1110=VECTOR('',#7210,1.);
#1111=VECTOR('',#7211,1.);
#1112=VECTOR('',#7212,1.);
#1113=VECTOR('',#7217,1.);
#1114=VECTOR('',#7220,1.);
#1115=VECTOR('',#7223,1.);
#1116=VECTOR('',#7226,1.);
#1117=VECTOR('',#7229,1.);
#1118=VECTOR('',#7230,1.);
#1119=VECTOR('',#7231,1.);
#1120=VECTOR('',#7232,1.);
#1121=VECTOR('',#7233,1.);
#1122=VECTOR('',#7234,1.);
#1123=VECTOR('',#7237,1.);
#1124=VECTOR('',#7240,1.);
#1125=VECTOR('',#7241,1.);
#1126=VECTOR('',#7242,1.);
#1127=VECTOR('',#7245,1.);
#1128=VECTOR('',#7246,1.);
#1129=VECTOR('',#7247,1.);
#1130=VECTOR('',#7250,1.);
#1131=VECTOR('',#7253,1.);
#1132=VECTOR('',#7254,1.);
#1133=VECTOR('',#7255,1.);
#1134=VECTOR('',#7256,1.);
#1135=VECTOR('',#7257,1.);
#1136=VECTOR('',#7258,1.);
#1137=VECTOR('',#7263,1.);
#1138=VECTOR('',#7266,1.);
#1139=VECTOR('',#7269,1.);
#1140=VECTOR('',#7272,1.);
#1141=VECTOR('',#7275,1.);
#1142=VECTOR('',#7276,1.);
#1143=VECTOR('',#7279,1.);
#1144=VECTOR('',#7282,1.);
#1145=VECTOR('',#7285,1.);
#1146=VECTOR('',#7288,1.);
#1147=VECTOR('',#7291,1.);
#1148=VECTOR('',#7294,1.);
#1149=VECTOR('',#7297,1.);
#1150=VECTOR('',#7300,1.);
#1151=VECTOR('',#7301,1.);
#1152=VECTOR('',#7302,1.);
#1153=VECTOR('',#7303,1.);
#1154=VECTOR('',#7306,1.);
#1155=VECTOR('',#7309,1.);
#1156=VECTOR('',#7312,1.);
#1157=VECTOR('',#7315,1.);
#1158=VECTOR('',#7318,1.);
#1159=VECTOR('',#7321,1.);
#1160=VECTOR('',#7322,1.);
#1161=VECTOR('',#7323,1.);
#1162=VECTOR('',#7324,1.);
#1163=VECTOR('',#7325,1.);
#1164=VECTOR('',#7326,1.);
#1165=VECTOR('',#7327,1.);
#1166=VECTOR('',#7328,1.);
#1167=VECTOR('',#7331,1.);
#1168=VECTOR('',#7334,1.);
#1169=VECTOR('',#7339,1.);
#1170=VECTOR('',#7342,1.);
#1171=VECTOR('',#7345,1.);
#1172=VECTOR('',#7346,1.);
#1173=VECTOR('',#7347,1.);
#1174=VECTOR('',#7348,1.);
#1175=VECTOR('',#7349,1.);
#1176=VECTOR('',#7350,1.);
#1177=VECTOR('',#7351,1.);
#1178=VECTOR('',#7356,1.);
#1179=VECTOR('',#7357,1.);
#1180=VECTOR('',#7358,1.);
#1181=VECTOR('',#7359,1.);
#1182=VECTOR('',#7360,1.);
#1183=VECTOR('',#7361,1.);
#1184=VECTOR('',#7362,1.);
#1185=VECTOR('',#7365,1.);
#1186=VECTOR('',#7366,1.);
#1187=VECTOR('',#7367,1.);
#1188=VECTOR('',#7368,1.);
#1189=VECTOR('',#7369,1.);
#1190=VECTOR('',#7370,1.);
#1191=VECTOR('',#7371,1.);
#1192=VECTOR('',#7372,1.);
#1193=VECTOR('',#7375,1.);
#1194=VECTOR('',#7376,1.);
#1195=VECTOR('',#7377,1.);
#1196=VECTOR('',#7378,1.);
#1197=VECTOR('',#7379,1.);
#1198=VECTOR('',#7382,1.);
#1199=VECTOR('',#7383,1.);
#1200=VECTOR('',#7384,1.);
#1201=VECTOR('',#7385,1.);
#1202=VECTOR('',#7386,1.);
#1203=VECTOR('',#7387,1.);
#1204=VECTOR('',#7388,1.);
#1205=VECTOR('',#7389,1.);
#1206=VECTOR('',#7390,1.);
#1207=VECTOR('',#7391,1.);
#1208=VECTOR('',#7392,1.);
#1209=VECTOR('',#7393,1.);
#1210=VECTOR('',#7394,1.);
#1211=VECTOR('',#7395,1.);
#1212=VECTOR('',#7396,1.);
#1213=VECTOR('',#7397,1.);
#1214=VECTOR('',#7398,1.);
#1215=VECTOR('',#7399,1.);
#1216=VECTOR('',#7400,1.);
#1217=VECTOR('',#7401,1.);
#1218=VECTOR('',#7402,1.);
#1219=VECTOR('',#7403,1.);
#1220=VECTOR('',#7404,1.);
#1221=VECTOR('',#7405,1.);
#1222=VECTOR('',#7406,1.);
#1223=VECTOR('',#7407,1.);
#1224=VECTOR('',#7408,1.);
#1225=VECTOR('',#7409,1.);
#1226=VECTOR('',#7410,1.);
#1227=VECTOR('',#7411,1.);
#1228=VECTOR('',#7412,1.);
#1229=VECTOR('',#7413,1.);
#1230=VECTOR('',#7414,1.);
#1231=VECTOR('',#7415,1.);
#1232=VECTOR('',#7416,1.);
#1233=VECTOR('',#7417,1.);
#1234=VECTOR('',#7418,1.);
#1235=VECTOR('',#7419,1.);
#1236=VECTOR('',#7420,1.);
#1237=VECTOR('',#7421,1.);
#1238=VECTOR('',#7422,1.);
#1239=VECTOR('',#7425,1.);
#1240=VECTOR('',#7428,1.);
#1241=VECTOR('',#7431,1.);
#1242=VECTOR('',#7432,1.);
#1243=VECTOR('',#7433,1.);
#1244=VECTOR('',#7434,1.);
#1245=VECTOR('',#7435,1.);
#1246=VECTOR('',#7436,1.);
#1247=VECTOR('',#7437,1.);
#1248=VECTOR('',#7438,1.);
#1249=VECTOR('',#7439,1.);
#1250=VECTOR('',#7440,1.);
#1251=VECTOR('',#7441,1.);
#1252=VECTOR('',#7442,1.);
#1253=VECTOR('',#7443,1.);
#1254=VECTOR('',#7444,1.);
#1255=VECTOR('',#7445,1.);
#1256=VECTOR('',#7446,1.);
#1257=VECTOR('',#7447,1.);
#1258=VECTOR('',#7448,1.);
#1259=VECTOR('',#7449,1.);
#1260=VECTOR('',#7450,1.);
#1261=VECTOR('',#7451,1.);
#1262=VECTOR('',#7452,1.);
#1263=VECTOR('',#7453,1.);
#1264=VECTOR('',#7454,1.);
#1265=VECTOR('',#7455,1.);
#1266=VECTOR('',#7456,1.);
#1267=VECTOR('',#7457,1.);
#1268=VECTOR('',#7458,1.);
#1269=VECTOR('',#7459,1.);
#1270=VECTOR('',#7460,1.);
#1271=VECTOR('',#7461,1.);
#1272=VECTOR('',#7462,1.);
#1273=VECTOR('',#7463,1.);
#1274=VECTOR('',#7464,1.);
#1275=VECTOR('',#7465,1.);
#1276=VECTOR('',#7466,1.);
#1277=VECTOR('',#7467,1.);
#1278=VECTOR('',#7470,1.);
#1279=VECTOR('',#7471,1.);
#1280=VECTOR('',#7472,1.);
#1281=VECTOR('',#7473,1.);
#1282=VECTOR('',#7474,1.);
#1283=VECTOR('',#7475,1.);
#1284=VECTOR('',#7476,1.);
#1285=VECTOR('',#7477,1.);
#1286=VECTOR('',#7478,1.);
#1287=VECTOR('',#7479,1.);
#1288=VECTOR('',#7480,1.);
#1289=VECTOR('',#7481,1.);
#1290=VECTOR('',#7482,1.);
#1291=VECTOR('',#7483,1.);
#1292=VECTOR('',#7484,1.);
#1293=VECTOR('',#7485,1.);
#1294=VECTOR('',#7486,1.);
#1295=VECTOR('',#7487,1.);
#1296=VECTOR('',#7488,1.);
#1297=VECTOR('',#7489,1.);
#1298=VECTOR('',#7490,1.);
#1299=VECTOR('',#7491,1.);
#1300=VECTOR('',#7492,1.);
#1301=VECTOR('',#7493,1.);
#1302=VECTOR('',#7494,1.);
#1303=VECTOR('',#7495,1.);
#1304=VECTOR('',#7496,1.);
#1305=VECTOR('',#7497,1.);
#1306=VECTOR('',#7498,1.);
#1307=VECTOR('',#7499,1.);
#1308=VECTOR('',#7500,1.);
#1309=VECTOR('',#7501,1.);
#1310=VECTOR('',#7502,1.);
#1311=VECTOR('',#7503,1.);
#1312=VECTOR('',#7504,1.);
#1313=VECTOR('',#7505,1.);
#1314=VECTOR('',#7506,1.);
#1315=VECTOR('',#7507,1.);
#1316=VECTOR('',#7508,1.);
#1317=VECTOR('',#7511,1.);
#1318=VECTOR('',#7514,1.);
#1319=VECTOR('',#7517,1.);
#1320=VECTOR('',#7518,1.);
#1321=VECTOR('',#7519,1.);
#1322=VECTOR('',#7520,1.);
#1323=VECTOR('',#7521,1.);
#1324=VECTOR('',#7522,1.);
#1325=VECTOR('',#7523,1.);
#1326=VECTOR('',#7524,1.);
#1327=VECTOR('',#7525,1.);
#1328=VECTOR('',#7526,1.);
#1329=VECTOR('',#7527,1.);
#1330=VECTOR('',#7528,1.);
#1331=VECTOR('',#7529,1.);
#1332=VECTOR('',#7530,1.);
#1333=VECTOR('',#7531,1.);
#1334=VECTOR('',#7532,1.);
#1335=VECTOR('',#7533,1.);
#1336=VECTOR('',#7534,1.);
#1337=VECTOR('',#7535,1.);
#1338=VECTOR('',#7536,1.);
#1339=VECTOR('',#7537,1.);
#1340=VECTOR('',#7538,1.);
#1341=VECTOR('',#7539,1.);
#1342=VECTOR('',#7540,1.);
#1343=VECTOR('',#7541,1.);
#1344=VECTOR('',#7542,1.);
#1345=VECTOR('',#7543,1.);
#1346=VECTOR('',#7544,1.);
#1347=VECTOR('',#7545,1.);
#1348=VECTOR('',#7546,1.);
#1349=VECTOR('',#7547,1.);
#1350=VECTOR('',#7548,1.);
#1351=VECTOR('',#7549,1.);
#1352=VECTOR('',#7552,1.);
#1353=VECTOR('',#7553,1.);
#1354=VECTOR('',#7554,1.);
#1355=VECTOR('',#7555,1.);
#1356=VECTOR('',#7556,1.);
#1357=VECTOR('',#7563,1.);
#1358=VECTOR('',#7564,1.);
#1359=VECTOR('',#7567,1.);
#1360=VECTOR('',#7570,1.);
#1361=VECTOR('',#7571,1.);
#1362=VECTOR('',#7572,1.);
#1363=VECTOR('',#7579,1.);
#1364=VECTOR('',#7582,1.);
#1365=VECTOR('',#7583,1.);
#1366=VECTOR('',#7584,1.);
#1367=VECTOR('',#7585,1.);
#1368=VECTOR('',#7586,1.);
#1369=VECTOR('',#7587,1.);
#1370=VECTOR('',#7588,1.);
#1371=VECTOR('',#7589,1.);
#1372=VECTOR('',#7590,1.);
#1373=VECTOR('',#7593,1.);
#1374=VECTOR('',#7594,1.);
#1375=VECTOR('',#7595,1.);
#1376=VECTOR('',#7598,1.);
#1377=VECTOR('',#7599,1.);
#1378=VECTOR('',#7602,1.);
#1379=VECTOR('',#7603,1.);
#1380=VECTOR('',#7606,1.);
#1381=VECTOR('',#7607,1.);
#1382=VECTOR('',#7610,1.);
#1383=VECTOR('',#7611,1.);
#1384=VECTOR('',#7614,1.);
#1385=VECTOR('',#7615,1.);
#1386=VECTOR('',#7618,1.);
#1387=VECTOR('',#7619,1.);
#1388=VECTOR('',#7622,1.);
#1389=VECTOR('',#7623,1.);
#1390=VECTOR('',#7626,1.);
#1391=VECTOR('',#7627,1.);
#1392=VECTOR('',#7630,1.);
#1393=VECTOR('',#7631,1.);
#1394=VECTOR('',#7634,1.);
#1395=VECTOR('',#7635,1.);
#1396=VECTOR('',#7638,1.);
#1397=VECTOR('',#7639,1.);
#1398=VECTOR('',#7642,1.);
#1399=VECTOR('',#7643,1.);
#1400=VECTOR('',#7646,1.);
#1401=VECTOR('',#7647,1.);
#1402=VECTOR('',#7650,1.);
#1403=VECTOR('',#7657,1.);
#1404=VECTOR('',#7658,1.);
#1405=VECTOR('',#7661,1.);
#1406=VECTOR('',#7662,1.);
#1407=VECTOR('',#7665,1.);
#1408=VECTOR('',#7666,1.);
#1409=VECTOR('',#7669,1.);
#1410=VECTOR('',#7670,1.);
#1411=VECTOR('',#7673,1.);
#1412=VECTOR('',#7674,1.);
#1413=VECTOR('',#7679,1.);
#1414=VECTOR('',#7680,1.);
#1415=VECTOR('',#7685,1.);
#1416=VECTOR('',#7694,1.);
#1417=VECTOR('',#7705,1.);
#1418=VECTOR('',#7706,1.);
#1419=VECTOR('',#7707,1.);
#1420=VECTOR('',#7708,1.);
#1421=VECTOR('',#7709,1.);
#1422=VECTOR('',#7710,1.);
#1423=VECTOR('',#7713,1.);
#1424=VECTOR('',#7714,1.);
#1425=VECTOR('',#7715,1.);
#1426=VECTOR('',#7718,1.);
#1427=VECTOR('',#7719,1.);
#1428=VECTOR('',#7720,1.);
#1429=VECTOR('',#7721,1.);
#1430=VECTOR('',#7722,1.);
#1431=VECTOR('',#7723,1.);
#1432=VECTOR('',#7724,1.);
#1433=VECTOR('',#7729,1.);
#1434=VECTOR('',#7732,1.);
#1435=VECTOR('',#7733,1.);
#1436=VECTOR('',#7734,1.);
#1437=VECTOR('',#7737,1.);
#1438=VECTOR('',#7738,1.);
#1439=VECTOR('',#7741,1.);
#1440=VECTOR('',#7742,1.);
#1441=VECTOR('',#7745,1.);
#1442=VECTOR('',#7746,1.);
#1443=VECTOR('',#7749,1.);
#1444=VECTOR('',#7750,1.);
#1445=VECTOR('',#7753,1.);
#1446=VECTOR('',#7758,1.);
#1447=VECTOR('',#7759,1.);
#1448=VECTOR('',#7760,1.);
#1449=VECTOR('',#7763,1.);
#1450=VECTOR('',#7764,1.);
#1451=VECTOR('',#7767,1.);
#1452=VECTOR('',#7768,1.);
#1453=VECTOR('',#7771,1.);
#1454=VECTOR('',#7772,1.);
#1455=VECTOR('',#7775,1.);
#1456=VECTOR('',#7776,1.);
#1457=VECTOR('',#7779,1.);
#1458=VECTOR('',#7792,1.);
#1459=VECTOR('',#7793,1.);
#1460=VECTOR('',#7794,1.);
#1461=VECTOR('',#7797,1.);
#1462=VECTOR('',#7798,1.);
#1463=VECTOR('',#7799,1.);
#1464=VECTOR('',#7802,1.);
#1465=VECTOR('',#7803,1.);
#1466=VECTOR('',#7804,1.);
#1467=VECTOR('',#7805,1.);
#1468=VECTOR('',#7808,1.);
#1469=VECTOR('',#7811,1.);
#1470=VECTOR('',#7814,1.);
#1471=VECTOR('',#7815,1.);
#1472=VECTOR('',#7816,1.);
#1473=VECTOR('',#7819,1.);
#1474=VECTOR('',#7820,1.);
#1475=VECTOR('',#7821,1.);
#1476=VECTOR('',#7822,1.);
#1477=VECTOR('',#7825,1.);
#1478=VECTOR('',#7826,1.);
#1479=VECTOR('',#7827,1.);
#1480=VECTOR('',#7830,1.);
#1481=VECTOR('',#7833,1.);
#1482=VECTOR('',#7836,1.);
#1483=VECTOR('',#7837,1.);
#1484=VECTOR('',#7838,1.);
#1485=VECTOR('',#7841,1.);
#1486=VECTOR('',#7842,1.);
#1487=VECTOR('',#7843,1.);
#1488=VECTOR('',#7844,1.);
#1489=VECTOR('',#7847,1.);
#1490=VECTOR('',#7848,1.);
#1491=VECTOR('',#7849,1.);
#1492=VECTOR('',#7852,1.);
#1493=VECTOR('',#7855,1.);
#1494=VECTOR('',#7858,1.);
#1495=VECTOR('',#7859,1.);
#1496=VECTOR('',#7860,1.);
#1497=VECTOR('',#7863,1.);
#1498=VECTOR('',#7864,1.);
#1499=VECTOR('',#7865,1.);
#1500=VECTOR('',#7868,1.);
#1501=VECTOR('',#7869,1.);
#1502=VECTOR('',#7870,1.);
#1503=VECTOR('',#7871,1.);
#1504=VECTOR('',#7874,1.);
#1505=VECTOR('',#7877,1.);
#1506=VECTOR('',#7880,1.);
#1507=VECTOR('',#7883,1.);
#1508=VECTOR('',#7886,1.);
#1509=VECTOR('',#7887,1.);
#1510=VECTOR('',#7890,1.);
#1511=VECTOR('',#7891,1.);
#1512=VECTOR('',#7898,1.);
#1513=VECTOR('',#7899,1.);
#1514=VECTOR('',#7902,1.);
#1515=VECTOR('',#7907,1.);
#1516=VECTOR('',#7908,1.);
#1517=VECTOR('',#7911,1.);
#1518=VECTOR('',#7916,1.);
#1519=VECTOR('',#7917,1.);
#1520=VECTOR('',#7920,1.);
#1521=VECTOR('',#7923,1.);
#1522=VECTOR('',#7928,1.);
#1523=VECTOR('',#7929,1.);
#1524=VECTOR('',#7932,1.);
#1525=VECTOR('',#7935,1.);
#1526=VECTOR('',#7940,1.);
#1527=VECTOR('',#7941,1.);
#1528=VECTOR('',#7944,1.);
#1529=VECTOR('',#7947,1.);
#1530=VECTOR('',#7952,1.);
#1531=VECTOR('',#7953,1.);
#1532=VECTOR('',#7956,1.);
#1533=VECTOR('',#7959,1.);
#1534=VECTOR('',#7964,1.);
#1535=VECTOR('',#7965,1.);
#1536=VECTOR('',#7968,1.);
#1537=VECTOR('',#7971,1.);
#1538=VECTOR('',#7974,1.);
#1539=VECTOR('',#7979,1.);
#1540=VECTOR('',#7980,1.);
#1541=VECTOR('',#7983,1.);
#1542=VECTOR('',#7986,1.);
#1543=VECTOR('',#7991,1.);
#1544=VECTOR('',#7992,1.);
#1545=VECTOR('',#7995,1.);
#1546=VECTOR('',#8000,1.);
#1547=VECTOR('',#8001,1.);
#1548=VECTOR('',#8004,1.);
#1549=VECTOR('',#8007,1.);
#1550=VECTOR('',#8012,1.);
#1551=VECTOR('',#8013,1.);
#1552=VECTOR('',#8016,1.);
#1553=VECTOR('',#8019,1.);
#1554=VECTOR('',#8024,1.);
#1555=VECTOR('',#8025,1.);
#1556=VECTOR('',#8028,1.);
#1557=VECTOR('',#8031,1.);
#1558=VECTOR('',#8036,1.);
#1559=VECTOR('',#8037,1.);
#1560=VECTOR('',#8040,1.);
#1561=VECTOR('',#8043,1.);
#1562=VECTOR('',#8048,1.);
#1563=VECTOR('',#8049,1.);
#1564=VECTOR('',#8052,1.);
#1565=VECTOR('',#8055,1.);
#1566=VECTOR('',#8060,1.);
#1567=VECTOR('',#8061,1.);
#1568=VECTOR('',#8064,1.);
#1569=VECTOR('',#8067,1.);
#1570=VECTOR('',#8072,1.);
#1571=VECTOR('',#8073,1.);
#1572=VECTOR('',#8076,1.);
#1573=VECTOR('',#8079,1.);
#1574=VECTOR('',#8084,1.);
#1575=VECTOR('',#8085,1.);
#1576=VECTOR('',#8088,1.);
#1577=VECTOR('',#8091,1.);
#1578=VECTOR('',#8096,1.);
#1579=VECTOR('',#8097,1.);
#1580=VECTOR('',#8100,1.);
#1581=VECTOR('',#8101,1.);
#1582=VECTOR('',#8110,1.);
#1583=VECTOR('',#8111,1.);
#1584=VECTOR('',#8114,1.);
#1585=VECTOR('',#8115,1.);
#1586=VECTOR('',#8128,1.);
#1587=VECTOR('',#8129,1.);
#1588=VECTOR('',#8130,1.);
#1589=VECTOR('',#8133,1.);
#1590=VECTOR('',#8134,1.);
#1591=VECTOR('',#8139,1.);
#1592=VECTOR('',#8142,1.);
#1593=VECTOR('',#8145,1.);
#1594=VECTOR('',#8146,1.);
#1595=VECTOR('',#8153,1.);
#1596=VECTOR('',#8156,1.);
#1597=VECTOR('',#8157,1.);
#1598=VECTOR('',#8160,1.);
#1599=VECTOR('',#8161,1.);
#1600=VECTOR('',#8168,1.);
#1601=VECTOR('',#8169,1.);
#1602=VECTOR('',#8172,1.);
#1603=VECTOR('',#8173,1.);
#1604=VECTOR('',#8178,1.);
#1605=VECTOR('',#8179,1.);
#1606=VECTOR('',#8180,1.);
#1607=VECTOR('',#8183,1.);
#1608=VECTOR('',#8184,1.);
#1609=VECTOR('',#8185,1.);
#1610=VECTOR('',#8188,1.);
#1611=VECTOR('',#8189,1.);
#1612=VECTOR('',#8192,1.);
#1613=VECTOR('',#8193,1.);
#1614=VECTOR('',#8194,1.);
#1615=VECTOR('',#8197,1.);
#1616=VECTOR('',#8198,1.);
#1617=VECTOR('',#8203,1.);
#1618=VECTOR('',#8206,1.);
#1619=VECTOR('',#8207,1.);
#1620=VECTOR('',#8212,1.);
#1621=VECTOR('',#8215,1.);
#1622=VECTOR('',#8216,1.);
#1623=VECTOR('',#8219,1.);
#1624=VECTOR('',#8220,1.);
#1625=VECTOR('',#8221,1.);
#1626=VECTOR('',#8224,1.);
#1627=VECTOR('',#8225,1.);
#1628=VECTOR('',#8226,1.);
#1629=VECTOR('',#8229,1.);
#1630=VECTOR('',#8232,1.);
#1631=VECTOR('',#8233,1.);
#1632=VECTOR('',#8234,1.);
#1633=VECTOR('',#8235,1.);
#1634=VECTOR('',#8238,1.);
#1635=VECTOR('',#8239,1.);
#1636=VECTOR('',#8242,1.);
#1637=VECTOR('',#8243,1.);
#1638=VECTOR('',#8244,1.);
#1639=VECTOR('',#8247,1.);
#1640=VECTOR('',#8248,1.);
#1641=VECTOR('',#8253,1.);
#1642=VECTOR('',#8256,1.);
#1643=VECTOR('',#8257,1.);
#1644=VECTOR('',#8262,1.);
#1645=VECTOR('',#8265,1.);
#1646=VECTOR('',#8266,1.);
#1647=VECTOR('',#8269,1.);
#1648=VECTOR('',#8270,1.);
#1649=VECTOR('',#8271,1.);
#1650=VECTOR('',#8274,1.);
#1651=VECTOR('',#8275,1.);
#1652=VECTOR('',#8278,1.);
#1653=VECTOR('',#8279,1.);
#1654=VECTOR('',#8282,1.);
#1655=VECTOR('',#8283,1.);
#1656=VECTOR('',#8474,1.);
#1657=VECTOR('',#8477,1.);
#1658=VECTOR('',#8480,1.);
#1659=VECTOR('',#8483,1.);
#1660=VECTOR('',#8494,1.);
#1661=VECTOR('',#8497,1.);
#1662=VECTOR('',#8500,1.);
#1663=VECTOR('',#8503,1.);
#1664=VECTOR('',#8510,1.);
#1665=VECTOR('',#8511,1.);
#1666=VECTOR('',#8514,1.);
#1667=VECTOR('',#8517,1.);
#1668=VECTOR('',#8526,1.);
#1669=VECTOR('',#8527,1.);
#1670=VECTOR('',#8528,1.);
#1671=VECTOR('',#8531,1.);
#1672=VECTOR('',#8534,1.);
#1673=VECTOR('',#8539,1.);
#1674=VECTOR('',#8540,1.);
#1675=VECTOR('',#8543,1.);
#1676=VECTOR('',#8546,1.);
#1677=VECTOR('',#8547,1.);
#1678=VECTOR('',#8552,1.);
#1679=VECTOR('',#8553,1.);
#1680=VECTOR('',#8556,1.);
#1681=VECTOR('',#8559,1.);
#1682=VECTOR('',#8564,1.);
#1683=VECTOR('',#8565,1.);
#1684=VECTOR('',#8568,1.);
#1685=VECTOR('',#8571,1.);
#1686=VECTOR('',#8576,1.);
#1687=VECTOR('',#8577,1.);
#1688=VECTOR('',#8580,1.);
#1689=VECTOR('',#8583,1.);
#1690=VECTOR('',#8588,1.);
#1691=VECTOR('',#8589,1.);
#1692=VECTOR('',#8592,1.);
#1693=VECTOR('',#8595,1.);
#1694=VECTOR('',#8600,1.);
#1695=VECTOR('',#8601,1.);
#1696=VECTOR('',#8604,1.);
#1697=VECTOR('',#8607,1.);
#1698=VECTOR('',#8612,1.);
#1699=VECTOR('',#8613,1.);
#1700=VECTOR('',#8616,1.);
#1701=VECTOR('',#8619,1.);
#1702=VECTOR('',#8632,1.);
#1703=VECTOR('',#8635,1.);
#1704=VECTOR('',#8636,1.);
#1705=VECTOR('',#8639,1.);
#1706=ORIENTED_EDGE('',*,*,#3514,.T.);
#1707=ORIENTED_EDGE('',*,*,#3515,.T.);
#1708=ORIENTED_EDGE('',*,*,#3516,.T.);
#1709=ORIENTED_EDGE('',*,*,#3517,.T.);
#1710=ORIENTED_EDGE('',*,*,#3518,.T.);
#1711=ORIENTED_EDGE('',*,*,#3519,.T.);
#1712=ORIENTED_EDGE('',*,*,#3520,.T.);
#1713=ORIENTED_EDGE('',*,*,#3521,.T.);
#1714=ORIENTED_EDGE('',*,*,#3522,.F.);
#1715=ORIENTED_EDGE('',*,*,#3523,.F.);
#1716=ORIENTED_EDGE('',*,*,#3524,.F.);
#1717=ORIENTED_EDGE('',*,*,#3525,.T.);
#1718=ORIENTED_EDGE('',*,*,#3526,.F.);
#1719=ORIENTED_EDGE('',*,*,#3527,.F.);
#1720=ORIENTED_EDGE('',*,*,#3528,.F.);
#1721=ORIENTED_EDGE('',*,*,#3529,.T.);
#1722=ORIENTED_EDGE('',*,*,#3530,.F.);
#1723=ORIENTED_EDGE('',*,*,#3531,.F.);
#1724=ORIENTED_EDGE('',*,*,#3532,.F.);
#1725=ORIENTED_EDGE('',*,*,#3533,.T.);
#1726=ORIENTED_EDGE('',*,*,#3534,.F.);
#1727=ORIENTED_EDGE('',*,*,#3535,.F.);
#1728=ORIENTED_EDGE('',*,*,#3536,.F.);
#1729=ORIENTED_EDGE('',*,*,#3537,.T.);
#1730=ORIENTED_EDGE('',*,*,#3538,.F.);
#1731=ORIENTED_EDGE('',*,*,#3539,.F.);
#1732=ORIENTED_EDGE('',*,*,#3540,.F.);
#1733=ORIENTED_EDGE('',*,*,#3541,.T.);
#1734=ORIENTED_EDGE('',*,*,#3542,.F.);
#1735=ORIENTED_EDGE('',*,*,#3543,.F.);
#1736=ORIENTED_EDGE('',*,*,#3544,.F.);
#1737=ORIENTED_EDGE('',*,*,#3545,.F.);
#1738=ORIENTED_EDGE('',*,*,#3546,.F.);
#1739=ORIENTED_EDGE('',*,*,#3547,.F.);
#1740=ORIENTED_EDGE('',*,*,#3548,.T.);
#1741=ORIENTED_EDGE('',*,*,#3549,.F.);
#1742=ORIENTED_EDGE('',*,*,#3550,.F.);
#1743=ORIENTED_EDGE('',*,*,#3551,.T.);
#1744=ORIENTED_EDGE('',*,*,#3552,.T.);
#1745=ORIENTED_EDGE('',*,*,#3553,.F.);
#1746=ORIENTED_EDGE('',*,*,#3554,.F.);
#1747=ORIENTED_EDGE('',*,*,#3555,.T.);
#1748=ORIENTED_EDGE('',*,*,#3556,.T.);
#1749=ORIENTED_EDGE('',*,*,#3557,.T.);
#1750=ORIENTED_EDGE('',*,*,#3558,.T.);
#1751=ORIENTED_EDGE('',*,*,#3559,.T.);
#1752=ORIENTED_EDGE('',*,*,#3560,.F.);
#1753=ORIENTED_EDGE('',*,*,#3561,.T.);
#1754=ORIENTED_EDGE('',*,*,#3562,.F.);
#1755=ORIENTED_EDGE('',*,*,#3563,.F.);
#1756=ORIENTED_EDGE('',*,*,#3564,.T.);
#1757=ORIENTED_EDGE('',*,*,#3565,.F.);
#1758=ORIENTED_EDGE('',*,*,#3566,.T.);
#1759=ORIENTED_EDGE('',*,*,#3567,.T.);
#1760=ORIENTED_EDGE('',*,*,#3568,.T.);
#1761=ORIENTED_EDGE('',*,*,#3569,.T.);
#1762=ORIENTED_EDGE('',*,*,#3570,.F.);
#1763=ORIENTED_EDGE('',*,*,#3571,.T.);
#1764=ORIENTED_EDGE('',*,*,#3572,.T.);
#1765=ORIENTED_EDGE('',*,*,#3573,.T.);
#1766=ORIENTED_EDGE('',*,*,#3574,.T.);
#1767=ORIENTED_EDGE('',*,*,#3575,.T.);
#1768=ORIENTED_EDGE('',*,*,#3576,.F.);
#1769=ORIENTED_EDGE('',*,*,#3577,.T.);
#1770=ORIENTED_EDGE('',*,*,#3578,.T.);
#1771=ORIENTED_EDGE('',*,*,#3579,.T.);
#1772=ORIENTED_EDGE('',*,*,#3580,.F.);
#1773=ORIENTED_EDGE('',*,*,#3581,.T.);
#1774=ORIENTED_EDGE('',*,*,#3582,.T.);
#1775=ORIENTED_EDGE('',*,*,#3583,.T.);
#1776=ORIENTED_EDGE('',*,*,#3584,.F.);
#1777=ORIENTED_EDGE('',*,*,#3585,.T.);
#1778=ORIENTED_EDGE('',*,*,#3586,.T.);
#1779=ORIENTED_EDGE('',*,*,#3587,.T.);
#1780=ORIENTED_EDGE('',*,*,#3588,.F.);
#1781=ORIENTED_EDGE('',*,*,#3589,.T.);
#1782=ORIENTED_EDGE('',*,*,#3590,.T.);
#1783=ORIENTED_EDGE('',*,*,#3591,.T.);
#1784=ORIENTED_EDGE('',*,*,#3592,.F.);
#1785=ORIENTED_EDGE('',*,*,#3593,.T.);
#1786=ORIENTED_EDGE('',*,*,#3594,.T.);
#1787=ORIENTED_EDGE('',*,*,#3595,.T.);
#1788=ORIENTED_EDGE('',*,*,#3596,.F.);
#1789=ORIENTED_EDGE('',*,*,#3597,.T.);
#1790=ORIENTED_EDGE('',*,*,#3598,.T.);
#1791=ORIENTED_EDGE('',*,*,#3599,.T.);
#1792=ORIENTED_EDGE('',*,*,#3600,.F.);
#1793=ORIENTED_EDGE('',*,*,#3601,.T.);
#1794=ORIENTED_EDGE('',*,*,#3602,.T.);
#1795=ORIENTED_EDGE('',*,*,#3603,.T.);
#1796=ORIENTED_EDGE('',*,*,#3604,.T.);
#1797=ORIENTED_EDGE('',*,*,#3605,.T.);
#1798=ORIENTED_EDGE('',*,*,#3606,.F.);
#1799=ORIENTED_EDGE('',*,*,#3607,.T.);
#1800=ORIENTED_EDGE('',*,*,#3608,.T.);
#1801=ORIENTED_EDGE('',*,*,#3609,.F.);
#1802=ORIENTED_EDGE('',*,*,#3610,.F.);
#1803=ORIENTED_EDGE('',*,*,#3611,.T.);
#1804=ORIENTED_EDGE('',*,*,#3612,.T.);
#1805=ORIENTED_EDGE('',*,*,#3609,.T.);
#1806=ORIENTED_EDGE('',*,*,#3613,.F.);
#1807=ORIENTED_EDGE('',*,*,#3559,.F.);
#1808=ORIENTED_EDGE('',*,*,#3614,.T.);
#1809=ORIENTED_EDGE('',*,*,#3615,.T.);
#1810=ORIENTED_EDGE('',*,*,#3564,.F.);
#1811=ORIENTED_EDGE('',*,*,#3616,.F.);
#1812=ORIENTED_EDGE('',*,*,#3612,.F.);
#1813=ORIENTED_EDGE('',*,*,#3617,.F.);
#1814=ORIENTED_EDGE('',*,*,#3618,.T.);
#1815=ORIENTED_EDGE('',*,*,#3619,.F.);
#1816=ORIENTED_EDGE('',*,*,#3620,.F.);
#1817=ORIENTED_EDGE('',*,*,#3621,.F.);
#1818=ORIENTED_EDGE('',*,*,#3547,.T.);
#1819=ORIENTED_EDGE('',*,*,#3622,.T.);
#1820=ORIENTED_EDGE('',*,*,#3623,.T.);
#1821=ORIENTED_EDGE('',*,*,#3624,.F.);
#1822=ORIENTED_EDGE('',*,*,#3625,.F.);
#1823=ORIENTED_EDGE('',*,*,#3626,.T.);
#1824=ORIENTED_EDGE('',*,*,#3627,.T.);
#1825=ORIENTED_EDGE('',*,*,#3628,.T.);
#1826=ORIENTED_EDGE('',*,*,#3574,.F.);
#1827=ORIENTED_EDGE('',*,*,#3629,.T.);
#1828=ORIENTED_EDGE('',*,*,#3630,.F.);
#1829=ORIENTED_EDGE('',*,*,#3631,.T.);
#1830=ORIENTED_EDGE('',*,*,#3632,.T.);
#1831=ORIENTED_EDGE('',*,*,#3633,.T.);
#1832=ORIENTED_EDGE('',*,*,#3634,.T.);
#1833=ORIENTED_EDGE('',*,*,#3635,.T.);
#1834=ORIENTED_EDGE('',*,*,#3636,.F.);
#1835=ORIENTED_EDGE('',*,*,#3637,.T.);
#1836=ORIENTED_EDGE('',*,*,#3638,.T.);
#1837=ORIENTED_EDGE('',*,*,#3639,.F.);
#1838=ORIENTED_EDGE('',*,*,#3640,.T.);
#1839=ORIENTED_EDGE('',*,*,#3641,.T.);
#1840=ORIENTED_EDGE('',*,*,#3553,.T.);
#1841=ORIENTED_EDGE('',*,*,#3642,.F.);
#1842=ORIENTED_EDGE('',*,*,#3643,.T.);
#1843=ORIENTED_EDGE('',*,*,#3644,.T.);
#1844=ORIENTED_EDGE('',*,*,#3645,.F.);
#1845=ORIENTED_EDGE('',*,*,#3646,.T.);
#1846=ORIENTED_EDGE('',*,*,#3647,.T.);
#1847=ORIENTED_EDGE('',*,*,#3648,.T.);
#1848=ORIENTED_EDGE('',*,*,#3649,.F.);
#1849=ORIENTED_EDGE('',*,*,#3650,.F.);
#1850=ORIENTED_EDGE('',*,*,#3651,.T.);
#1851=ORIENTED_EDGE('',*,*,#3652,.F.);
#1852=ORIENTED_EDGE('',*,*,#3653,.F.);
#1853=ORIENTED_EDGE('',*,*,#3654,.F.);
#1854=ORIENTED_EDGE('',*,*,#3655,.F.);
#1855=ORIENTED_EDGE('',*,*,#3656,.F.);
#1856=ORIENTED_EDGE('',*,*,#3657,.F.);
#1857=ORIENTED_EDGE('',*,*,#3658,.F.);
#1858=ORIENTED_EDGE('',*,*,#3659,.T.);
#1859=ORIENTED_EDGE('',*,*,#3660,.T.);
#1860=ORIENTED_EDGE('',*,*,#3661,.T.);
#1861=ORIENTED_EDGE('',*,*,#3662,.F.);
#1862=ORIENTED_EDGE('',*,*,#3663,.T.);
#1863=ORIENTED_EDGE('',*,*,#3664,.F.);
#1864=ORIENTED_EDGE('',*,*,#3665,.T.);
#1865=ORIENTED_EDGE('',*,*,#3666,.T.);
#1866=ORIENTED_EDGE('',*,*,#3667,.T.);
#1867=ORIENTED_EDGE('',*,*,#3668,.F.);
#1868=ORIENTED_EDGE('',*,*,#3669,.F.);
#1869=ORIENTED_EDGE('',*,*,#3670,.T.);
#1870=ORIENTED_EDGE('',*,*,#3671,.T.);
#1871=ORIENTED_EDGE('',*,*,#3672,.T.);
#1872=ORIENTED_EDGE('',*,*,#3673,.T.);
#1873=ORIENTED_EDGE('',*,*,#3674,.T.);
#1874=ORIENTED_EDGE('',*,*,#3675,.F.);
#1875=ORIENTED_EDGE('',*,*,#3676,.T.);
#1876=ORIENTED_EDGE('',*,*,#3677,.F.);
#1877=ORIENTED_EDGE('',*,*,#3678,.T.);
#1878=ORIENTED_EDGE('',*,*,#3679,.T.);
#1879=ORIENTED_EDGE('',*,*,#3680,.T.);
#1880=ORIENTED_EDGE('',*,*,#3681,.T.);
#1881=ORIENTED_EDGE('',*,*,#3682,.T.);
#1882=ORIENTED_EDGE('',*,*,#3683,.F.);
#1883=ORIENTED_EDGE('',*,*,#3684,.T.);
#1884=ORIENTED_EDGE('',*,*,#3685,.T.);
#1885=ORIENTED_EDGE('',*,*,#3686,.T.);
#1886=ORIENTED_EDGE('',*,*,#3687,.T.);
#1887=ORIENTED_EDGE('',*,*,#3632,.F.);
#1888=ORIENTED_EDGE('',*,*,#3688,.F.);
#1889=ORIENTED_EDGE('',*,*,#3689,.T.);
#1890=ORIENTED_EDGE('',*,*,#3690,.T.);
#1891=ORIENTED_EDGE('',*,*,#3691,.T.);
#1892=ORIENTED_EDGE('',*,*,#3692,.T.);
#1893=ORIENTED_EDGE('',*,*,#3693,.T.);
#1894=ORIENTED_EDGE('',*,*,#3694,.T.);
#1895=ORIENTED_EDGE('',*,*,#3695,.T.);
#1896=ORIENTED_EDGE('',*,*,#3696,.T.);
#1897=ORIENTED_EDGE('',*,*,#3697,.F.);
#1898=ORIENTED_EDGE('',*,*,#3698,.T.);
#1899=ORIENTED_EDGE('',*,*,#3699,.F.);
#1900=ORIENTED_EDGE('',*,*,#3700,.F.);
#1901=ORIENTED_EDGE('',*,*,#3701,.T.);
#1902=ORIENTED_EDGE('',*,*,#3702,.T.);
#1903=ORIENTED_EDGE('',*,*,#3703,.T.);
#1904=ORIENTED_EDGE('',*,*,#3704,.F.);
#1905=ORIENTED_EDGE('',*,*,#3705,.T.);
#1906=ORIENTED_EDGE('',*,*,#3706,.T.);
#1907=ORIENTED_EDGE('',*,*,#3707,.F.);
#1908=ORIENTED_EDGE('',*,*,#3708,.F.);
#1909=ORIENTED_EDGE('',*,*,#3709,.F.);
#1910=ORIENTED_EDGE('',*,*,#3710,.F.);
#1911=ORIENTED_EDGE('',*,*,#3711,.T.);
#1912=ORIENTED_EDGE('',*,*,#3712,.T.);
#1913=ORIENTED_EDGE('',*,*,#3713,.T.);
#1914=ORIENTED_EDGE('',*,*,#3714,.T.);
#1915=ORIENTED_EDGE('',*,*,#3715,.T.);
#1916=ORIENTED_EDGE('',*,*,#3716,.T.);
#1917=ORIENTED_EDGE('',*,*,#3717,.T.);
#1918=ORIENTED_EDGE('',*,*,#3718,.F.);
#1919=ORIENTED_EDGE('',*,*,#3719,.T.);
#1920=ORIENTED_EDGE('',*,*,#3720,.F.);
#1921=ORIENTED_EDGE('',*,*,#3721,.T.);
#1922=ORIENTED_EDGE('',*,*,#3722,.T.);
#1923=ORIENTED_EDGE('',*,*,#3723,.T.);
#1924=ORIENTED_EDGE('',*,*,#3724,.T.);
#1925=ORIENTED_EDGE('',*,*,#3725,.F.);
#1926=ORIENTED_EDGE('',*,*,#3726,.T.);
#1927=ORIENTED_EDGE('',*,*,#3727,.F.);
#1928=ORIENTED_EDGE('',*,*,#3728,.T.);
#1929=ORIENTED_EDGE('',*,*,#3729,.T.);
#1930=ORIENTED_EDGE('',*,*,#3730,.T.);
#1931=ORIENTED_EDGE('',*,*,#3731,.T.);
#1932=ORIENTED_EDGE('',*,*,#3732,.T.);
#1933=ORIENTED_EDGE('',*,*,#3733,.T.);
#1934=ORIENTED_EDGE('',*,*,#3734,.T.);
#1935=ORIENTED_EDGE('',*,*,#3735,.T.);
#1936=ORIENTED_EDGE('',*,*,#3736,.T.);
#1937=ORIENTED_EDGE('',*,*,#3737,.T.);
#1938=ORIENTED_EDGE('',*,*,#3738,.F.);
#1939=ORIENTED_EDGE('',*,*,#3739,.T.);
#1940=ORIENTED_EDGE('',*,*,#3740,.F.);
#1941=ORIENTED_EDGE('',*,*,#3741,.T.);
#1942=ORIENTED_EDGE('',*,*,#3742,.T.);
#1943=ORIENTED_EDGE('',*,*,#3743,.T.);
#1944=ORIENTED_EDGE('',*,*,#3744,.T.);
#1945=ORIENTED_EDGE('',*,*,#3745,.T.);
#1946=ORIENTED_EDGE('',*,*,#3746,.F.);
#1947=ORIENTED_EDGE('',*,*,#3747,.T.);
#1948=ORIENTED_EDGE('',*,*,#3748,.F.);
#1949=ORIENTED_EDGE('',*,*,#3749,.T.);
#1950=ORIENTED_EDGE('',*,*,#3750,.F.);
#1951=ORIENTED_EDGE('',*,*,#3751,.T.);
#1952=ORIENTED_EDGE('',*,*,#3752,.T.);
#1953=ORIENTED_EDGE('',*,*,#3753,.F.);
#1954=ORIENTED_EDGE('',*,*,#3754,.F.);
#1955=ORIENTED_EDGE('',*,*,#3755,.F.);
#1956=ORIENTED_EDGE('',*,*,#3756,.T.);
#1957=ORIENTED_EDGE('',*,*,#3757,.T.);
#1958=ORIENTED_EDGE('',*,*,#3758,.T.);
#1959=ORIENTED_EDGE('',*,*,#3759,.F.);
#1960=ORIENTED_EDGE('',*,*,#3760,.T.);
#1961=ORIENTED_EDGE('',*,*,#3761,.T.);
#1962=ORIENTED_EDGE('',*,*,#3762,.T.);
#1963=ORIENTED_EDGE('',*,*,#3763,.F.);
#1964=ORIENTED_EDGE('',*,*,#3764,.T.);
#1965=ORIENTED_EDGE('',*,*,#3765,.F.);
#1966=ORIENTED_EDGE('',*,*,#3766,.T.);
#1967=ORIENTED_EDGE('',*,*,#3767,.F.);
#1968=ORIENTED_EDGE('',*,*,#3768,.T.);
#1969=ORIENTED_EDGE('',*,*,#3769,.T.);
#1970=ORIENTED_EDGE('',*,*,#3770,.T.);
#1971=ORIENTED_EDGE('',*,*,#3771,.T.);
#1972=ORIENTED_EDGE('',*,*,#3772,.T.);
#1973=ORIENTED_EDGE('',*,*,#3773,.T.);
#1974=ORIENTED_EDGE('',*,*,#3774,.T.);
#1975=ORIENTED_EDGE('',*,*,#3775,.T.);
#1976=ORIENTED_EDGE('',*,*,#3776,.T.);
#1977=ORIENTED_EDGE('',*,*,#3777,.T.);
#1978=ORIENTED_EDGE('',*,*,#3778,.T.);
#1979=ORIENTED_EDGE('',*,*,#3779,.T.);
#1980=ORIENTED_EDGE('',*,*,#3780,.T.);
#1981=ORIENTED_EDGE('',*,*,#3781,.T.);
#1982=ORIENTED_EDGE('',*,*,#3782,.T.);
#1983=ORIENTED_EDGE('',*,*,#3783,.T.);
#1984=ORIENTED_EDGE('',*,*,#3784,.T.);
#1985=ORIENTED_EDGE('',*,*,#3785,.F.);
#1986=ORIENTED_EDGE('',*,*,#3786,.F.);
#1987=ORIENTED_EDGE('',*,*,#3787,.T.);
#1988=ORIENTED_EDGE('',*,*,#3788,.T.);
#1989=ORIENTED_EDGE('',*,*,#3634,.F.);
#1990=ORIENTED_EDGE('',*,*,#3789,.T.);
#1991=ORIENTED_EDGE('',*,*,#3790,.T.);
#1992=ORIENTED_EDGE('',*,*,#3791,.T.);
#1993=ORIENTED_EDGE('',*,*,#3792,.T.);
#1994=ORIENTED_EDGE('',*,*,#3630,.T.);
#1995=ORIENTED_EDGE('',*,*,#3793,.T.);
#1996=ORIENTED_EDGE('',*,*,#3794,.F.);
#1997=ORIENTED_EDGE('',*,*,#3795,.T.);
#1998=ORIENTED_EDGE('',*,*,#3796,.T.);
#1999=ORIENTED_EDGE('',*,*,#3797,.F.);
#2000=ORIENTED_EDGE('',*,*,#3798,.T.);
#2001=ORIENTED_EDGE('',*,*,#3799,.T.);
#2002=ORIENTED_EDGE('',*,*,#3800,.F.);
#2003=ORIENTED_EDGE('',*,*,#3801,.F.);
#2004=ORIENTED_EDGE('',*,*,#3802,.T.);
#2005=ORIENTED_EDGE('',*,*,#3803,.T.);
#2006=ORIENTED_EDGE('',*,*,#3804,.F.);
#2007=ORIENTED_EDGE('',*,*,#3805,.T.);
#2008=ORIENTED_EDGE('',*,*,#3806,.T.);
#2009=ORIENTED_EDGE('',*,*,#3807,.T.);
#2010=ORIENTED_EDGE('',*,*,#3638,.F.);
#2011=ORIENTED_EDGE('',*,*,#3808,.T.);
#2012=ORIENTED_EDGE('',*,*,#3750,.T.);
#2013=ORIENTED_EDGE('',*,*,#3809,.T.);
#2014=ORIENTED_EDGE('',*,*,#3810,.T.);
#2015=ORIENTED_EDGE('',*,*,#3556,.F.);
#2016=ORIENTED_EDGE('',*,*,#3811,.T.);
#2017=ORIENTED_EDGE('',*,*,#3812,.F.);
#2018=ORIENTED_EDGE('',*,*,#3813,.F.);
#2019=ORIENTED_EDGE('',*,*,#3814,.F.);
#2020=ORIENTED_EDGE('',*,*,#3815,.F.);
#2021=ORIENTED_EDGE('',*,*,#3816,.F.);
#2022=ORIENTED_EDGE('',*,*,#3817,.F.);
#2023=ORIENTED_EDGE('',*,*,#3818,.T.);
#2024=ORIENTED_EDGE('',*,*,#3819,.F.);
#2025=ORIENTED_EDGE('',*,*,#3820,.F.);
#2026=ORIENTED_EDGE('',*,*,#3821,.F.);
#2027=ORIENTED_EDGE('',*,*,#3822,.T.);
#2028=ORIENTED_EDGE('',*,*,#3823,.F.);
#2029=ORIENTED_EDGE('',*,*,#3824,.F.);
#2030=ORIENTED_EDGE('',*,*,#3825,.F.);
#2031=ORIENTED_EDGE('',*,*,#3826,.T.);
#2032=ORIENTED_EDGE('',*,*,#3827,.F.);
#2033=ORIENTED_EDGE('',*,*,#3828,.F.);
#2034=ORIENTED_EDGE('',*,*,#3829,.F.);
#2035=ORIENTED_EDGE('',*,*,#3830,.T.);
#2036=ORIENTED_EDGE('',*,*,#3831,.T.);
#2037=ORIENTED_EDGE('',*,*,#3832,.T.);
#2038=ORIENTED_EDGE('',*,*,#3610,.T.);
#2039=ORIENTED_EDGE('',*,*,#3615,.F.);
#2040=ORIENTED_EDGE('',*,*,#3833,.T.);
#2041=ORIENTED_EDGE('',*,*,#3557,.F.);
#2042=ORIENTED_EDGE('',*,*,#3810,.F.);
#2043=ORIENTED_EDGE('',*,*,#3834,.F.);
#2044=ORIENTED_EDGE('',*,*,#3835,.T.);
#2045=ORIENTED_EDGE('',*,*,#3836,.T.);
#2046=ORIENTED_EDGE('',*,*,#3837,.T.);
#2047=ORIENTED_EDGE('',*,*,#3838,.F.);
#2048=ORIENTED_EDGE('',*,*,#3839,.F.);
#2049=ORIENTED_EDGE('',*,*,#3840,.T.);
#2050=ORIENTED_EDGE('',*,*,#3841,.F.);
#2051=ORIENTED_EDGE('',*,*,#3842,.F.);
#2052=ORIENTED_EDGE('',*,*,#3843,.T.);
#2053=ORIENTED_EDGE('',*,*,#3844,.F.);
#2054=ORIENTED_EDGE('',*,*,#3845,.F.);
#2055=ORIENTED_EDGE('',*,*,#3846,.F.);
#2056=ORIENTED_EDGE('',*,*,#3847,.T.);
#2057=ORIENTED_EDGE('',*,*,#3848,.T.);
#2058=ORIENTED_EDGE('',*,*,#3849,.F.);
#2059=ORIENTED_EDGE('',*,*,#3850,.F.);
#2060=ORIENTED_EDGE('',*,*,#3851,.F.);
#2061=ORIENTED_EDGE('',*,*,#3852,.T.);
#2062=ORIENTED_EDGE('',*,*,#3853,.T.);
#2063=ORIENTED_EDGE('',*,*,#3854,.T.);
#2064=ORIENTED_EDGE('',*,*,#3855,.T.);
#2065=ORIENTED_EDGE('',*,*,#3856,.T.);
#2066=ORIENTED_EDGE('',*,*,#3857,.T.);
#2067=ORIENTED_EDGE('',*,*,#3858,.F.);
#2068=ORIENTED_EDGE('',*,*,#3859,.F.);
#2069=ORIENTED_EDGE('',*,*,#3860,.T.);
#2070=ORIENTED_EDGE('',*,*,#3861,.F.);
#2071=ORIENTED_EDGE('',*,*,#3862,.F.);
#2072=ORIENTED_EDGE('',*,*,#3863,.T.);
#2073=ORIENTED_EDGE('',*,*,#3864,.T.);
#2074=ORIENTED_EDGE('',*,*,#3865,.F.);
#2075=ORIENTED_EDGE('',*,*,#3866,.F.);
#2076=ORIENTED_EDGE('',*,*,#3867,.F.);
#2077=ORIENTED_EDGE('',*,*,#3868,.T.);
#2078=ORIENTED_EDGE('',*,*,#3869,.F.);
#2079=ORIENTED_EDGE('',*,*,#3870,.F.);
#2080=ORIENTED_EDGE('',*,*,#3871,.F.);
#2081=ORIENTED_EDGE('',*,*,#3872,.T.);
#2082=ORIENTED_EDGE('',*,*,#3873,.F.);
#2083=ORIENTED_EDGE('',*,*,#3874,.F.);
#2084=ORIENTED_EDGE('',*,*,#3875,.F.);
#2085=ORIENTED_EDGE('',*,*,#3876,.T.);
#2086=ORIENTED_EDGE('',*,*,#3877,.F.);
#2087=ORIENTED_EDGE('',*,*,#3878,.F.);
#2088=ORIENTED_EDGE('',*,*,#3879,.F.);
#2089=ORIENTED_EDGE('',*,*,#3880,.T.);
#2090=ORIENTED_EDGE('',*,*,#3881,.F.);
#2091=ORIENTED_EDGE('',*,*,#3882,.F.);
#2092=ORIENTED_EDGE('',*,*,#3883,.T.);
#2093=ORIENTED_EDGE('',*,*,#3884,.F.);
#2094=ORIENTED_EDGE('',*,*,#3885,.F.);
#2095=ORIENTED_EDGE('',*,*,#3886,.T.);
#2096=ORIENTED_EDGE('',*,*,#3887,.F.);
#2097=ORIENTED_EDGE('',*,*,#3888,.F.);
#2098=ORIENTED_EDGE('',*,*,#3889,.F.);
#2099=ORIENTED_EDGE('',*,*,#3890,.T.);
#2100=ORIENTED_EDGE('',*,*,#3891,.F.);
#2101=ORIENTED_EDGE('',*,*,#3892,.F.);
#2102=ORIENTED_EDGE('',*,*,#3893,.T.);
#2103=ORIENTED_EDGE('',*,*,#3894,.T.);
#2104=ORIENTED_EDGE('',*,*,#3895,.F.);
#2105=ORIENTED_EDGE('',*,*,#3896,.F.);
#2106=ORIENTED_EDGE('',*,*,#3897,.T.);
#2107=ORIENTED_EDGE('',*,*,#3898,.T.);
#2108=ORIENTED_EDGE('',*,*,#3899,.T.);
#2109=ORIENTED_EDGE('',*,*,#3900,.F.);
#2110=ORIENTED_EDGE('',*,*,#3901,.T.);
#2111=ORIENTED_EDGE('',*,*,#3902,.T.);
#2112=ORIENTED_EDGE('',*,*,#3903,.F.);
#2113=ORIENTED_EDGE('',*,*,#3904,.F.);
#2114=ORIENTED_EDGE('',*,*,#3620,.T.);
#2115=ORIENTED_EDGE('',*,*,#3905,.F.);
#2116=ORIENTED_EDGE('',*,*,#3906,.F.);
#2117=ORIENTED_EDGE('',*,*,#3907,.F.);
#2118=ORIENTED_EDGE('',*,*,#3908,.T.);
#2119=ORIENTED_EDGE('',*,*,#3909,.T.);
#2120=ORIENTED_EDGE('',*,*,#3910,.T.);
#2121=ORIENTED_EDGE('',*,*,#3911,.T.);
#2122=ORIENTED_EDGE('',*,*,#3549,.T.);
#2123=ORIENTED_EDGE('',*,*,#3912,.T.);
#2124=ORIENTED_EDGE('',*,*,#3913,.F.);
#2125=ORIENTED_EDGE('',*,*,#3914,.F.);
#2126=ORIENTED_EDGE('',*,*,#3915,.T.);
#2127=ORIENTED_EDGE('',*,*,#3916,.T.);
#2128=ORIENTED_EDGE('',*,*,#3917,.T.);
#2129=ORIENTED_EDGE('',*,*,#3918,.F.);
#2130=ORIENTED_EDGE('',*,*,#3919,.T.);
#2131=ORIENTED_EDGE('',*,*,#3920,.T.);
#2132=ORIENTED_EDGE('',*,*,#3921,.F.);
#2133=ORIENTED_EDGE('',*,*,#3922,.F.);
#2134=ORIENTED_EDGE('',*,*,#3923,.F.);
#2135=ORIENTED_EDGE('',*,*,#3924,.F.);
#2136=ORIENTED_EDGE('',*,*,#3925,.F.);
#2137=ORIENTED_EDGE('',*,*,#3926,.T.);
#2138=ORIENTED_EDGE('',*,*,#3927,.T.);
#2139=ORIENTED_EDGE('',*,*,#3928,.T.);
#2140=ORIENTED_EDGE('',*,*,#3929,.T.);
#2141=ORIENTED_EDGE('',*,*,#3930,.T.);
#2142=ORIENTED_EDGE('',*,*,#3931,.F.);
#2143=ORIENTED_EDGE('',*,*,#3932,.T.);
#2144=ORIENTED_EDGE('',*,*,#3933,.T.);
#2145=ORIENTED_EDGE('',*,*,#3934,.T.);
#2146=ORIENTED_EDGE('',*,*,#3935,.T.);
#2147=ORIENTED_EDGE('',*,*,#3936,.T.);
#2148=ORIENTED_EDGE('',*,*,#3937,.T.);
#2149=ORIENTED_EDGE('',*,*,#3938,.F.);
#2150=ORIENTED_EDGE('',*,*,#3939,.F.);
#2151=ORIENTED_EDGE('',*,*,#3940,.T.);
#2152=ORIENTED_EDGE('',*,*,#3941,.T.);
#2153=ORIENTED_EDGE('',*,*,#3942,.F.);
#2154=ORIENTED_EDGE('',*,*,#3943,.F.);
#2155=ORIENTED_EDGE('',*,*,#3944,.T.);
#2156=ORIENTED_EDGE('',*,*,#3945,.F.);
#2157=ORIENTED_EDGE('',*,*,#3946,.T.);
#2158=ORIENTED_EDGE('',*,*,#3947,.T.);
#2159=ORIENTED_EDGE('',*,*,#3948,.F.);
#2160=ORIENTED_EDGE('',*,*,#3949,.T.);
#2161=ORIENTED_EDGE('',*,*,#3950,.T.);
#2162=ORIENTED_EDGE('',*,*,#3951,.F.);
#2163=ORIENTED_EDGE('',*,*,#3952,.T.);
#2164=ORIENTED_EDGE('',*,*,#3953,.T.);
#2165=ORIENTED_EDGE('',*,*,#3954,.T.);
#2166=ORIENTED_EDGE('',*,*,#3955,.F.);
#2167=ORIENTED_EDGE('',*,*,#3956,.T.);
#2168=ORIENTED_EDGE('',*,*,#3957,.T.);
#2169=ORIENTED_EDGE('',*,*,#3958,.T.);
#2170=ORIENTED_EDGE('',*,*,#3959,.F.);
#2171=ORIENTED_EDGE('',*,*,#3960,.F.);
#2172=ORIENTED_EDGE('',*,*,#3961,.T.);
#2173=ORIENTED_EDGE('',*,*,#3962,.T.);
#2174=ORIENTED_EDGE('',*,*,#3963,.F.);
#2175=ORIENTED_EDGE('',*,*,#3964,.F.);
#2176=ORIENTED_EDGE('',*,*,#3965,.T.);
#2177=ORIENTED_EDGE('',*,*,#3966,.T.);
#2178=ORIENTED_EDGE('',*,*,#3967,.F.);
#2179=ORIENTED_EDGE('',*,*,#3968,.T.);
#2180=ORIENTED_EDGE('',*,*,#3969,.F.);
#2181=ORIENTED_EDGE('',*,*,#3566,.F.);
#2182=ORIENTED_EDGE('',*,*,#3970,.T.);
#2183=ORIENTED_EDGE('',*,*,#3831,.F.);
#2184=ORIENTED_EDGE('',*,*,#3971,.T.);
#2185=ORIENTED_EDGE('',*,*,#3972,.T.);
#2186=ORIENTED_EDGE('',*,*,#3973,.T.);
#2187=ORIENTED_EDGE('',*,*,#3907,.T.);
#2188=ORIENTED_EDGE('',*,*,#3614,.F.);
#2189=ORIENTED_EDGE('',*,*,#3558,.F.);
#2190=ORIENTED_EDGE('',*,*,#3833,.F.);
#2191=ORIENTED_EDGE('',*,*,#3548,.F.);
#2192=ORIENTED_EDGE('',*,*,#3621,.T.);
#2193=ORIENTED_EDGE('',*,*,#3904,.T.);
#2194=ORIENTED_EDGE('',*,*,#3974,.T.);
#2195=ORIENTED_EDGE('',*,*,#3834,.T.);
#2196=ORIENTED_EDGE('',*,*,#3809,.F.);
#2197=ORIENTED_EDGE('',*,*,#3753,.T.);
#2198=ORIENTED_EDGE('',*,*,#3975,.T.);
#2199=ORIENTED_EDGE('',*,*,#3910,.F.);
#2200=ORIENTED_EDGE('',*,*,#3976,.T.);
#2201=ORIENTED_EDGE('',*,*,#3977,.T.);
#2202=ORIENTED_EDGE('',*,*,#3978,.T.);
#2203=ORIENTED_EDGE('',*,*,#3979,.T.);
#2204=ORIENTED_EDGE('',*,*,#3980,.T.);
#2205=ORIENTED_EDGE('',*,*,#3981,.T.);
#2206=ORIENTED_EDGE('',*,*,#3982,.T.);
#2207=ORIENTED_EDGE('',*,*,#3983,.F.);
#2208=ORIENTED_EDGE('',*,*,#3984,.T.);
#2209=ORIENTED_EDGE('',*,*,#3985,.T.);
#2210=ORIENTED_EDGE('',*,*,#3986,.F.);
#2211=ORIENTED_EDGE('',*,*,#3987,.T.);
#2212=ORIENTED_EDGE('',*,*,#3988,.T.);
#2213=ORIENTED_EDGE('',*,*,#3989,.F.);
#2214=ORIENTED_EDGE('',*,*,#3990,.F.);
#2215=ORIENTED_EDGE('',*,*,#3991,.T.);
#2216=ORIENTED_EDGE('',*,*,#3992,.T.);
#2217=ORIENTED_EDGE('',*,*,#3993,.F.);
#2218=ORIENTED_EDGE('',*,*,#3994,.F.);
#2219=ORIENTED_EDGE('',*,*,#3636,.T.);
#2220=ORIENTED_EDGE('',*,*,#3995,.T.);
#2221=ORIENTED_EDGE('',*,*,#3996,.F.);
#2222=ORIENTED_EDGE('',*,*,#3550,.T.);
#2223=ORIENTED_EDGE('',*,*,#3911,.F.);
#2224=ORIENTED_EDGE('',*,*,#3975,.F.);
#2225=ORIENTED_EDGE('',*,*,#3752,.F.);
#2226=ORIENTED_EDGE('',*,*,#3997,.T.);
#2227=ORIENTED_EDGE('',*,*,#3742,.F.);
#2228=ORIENTED_EDGE('',*,*,#3998,.T.);
#2229=ORIENTED_EDGE('',*,*,#3681,.F.);
#2230=ORIENTED_EDGE('',*,*,#3999,.T.);
#2231=ORIENTED_EDGE('',*,*,#3748,.T.);
#2232=ORIENTED_EDGE('',*,*,#4000,.T.);
#2233=ORIENTED_EDGE('',*,*,#3683,.T.);
#2234=ORIENTED_EDGE('',*,*,#4001,.T.);
#2235=ORIENTED_EDGE('',*,*,#3744,.F.);
#2236=ORIENTED_EDGE('',*,*,#4002,.T.);
#2237=ORIENTED_EDGE('',*,*,#3679,.F.);
#2238=ORIENTED_EDGE('',*,*,#4003,.T.);
#2239=ORIENTED_EDGE('',*,*,#3677,.T.);
#2240=ORIENTED_EDGE('',*,*,#4004,.T.);
#2241=ORIENTED_EDGE('',*,*,#3746,.T.);
#2242=ORIENTED_EDGE('',*,*,#4005,.T.);
#2243=ORIENTED_EDGE('',*,*,#3734,.F.);
#2244=ORIENTED_EDGE('',*,*,#4006,.T.);
#2245=ORIENTED_EDGE('',*,*,#3673,.F.);
#2246=ORIENTED_EDGE('',*,*,#4007,.T.);
#2247=ORIENTED_EDGE('',*,*,#3740,.T.);
#2248=ORIENTED_EDGE('',*,*,#4008,.T.);
#2249=ORIENTED_EDGE('',*,*,#3675,.T.);
#2250=ORIENTED_EDGE('',*,*,#4009,.T.);
#2251=ORIENTED_EDGE('',*,*,#3671,.F.);
#2252=ORIENTED_EDGE('',*,*,#4010,.T.);
#2253=ORIENTED_EDGE('',*,*,#3736,.F.);
#2254=ORIENTED_EDGE('',*,*,#4011,.T.);
#2255=ORIENTED_EDGE('',*,*,#3738,.T.);
#2256=ORIENTED_EDGE('',*,*,#4012,.T.);
#2257=ORIENTED_EDGE('',*,*,#3669,.T.);
#2258=ORIENTED_EDGE('',*,*,#4013,.T.);
#2259=ORIENTED_EDGE('',*,*,#3729,.F.);
#2260=ORIENTED_EDGE('',*,*,#4014,.T.);
#2261=ORIENTED_EDGE('',*,*,#3695,.F.);
#2262=ORIENTED_EDGE('',*,*,#4015,.T.);
#2263=ORIENTED_EDGE('',*,*,#3727,.T.);
#2264=ORIENTED_EDGE('',*,*,#4016,.T.);
#2265=ORIENTED_EDGE('',*,*,#3697,.T.);
#2266=ORIENTED_EDGE('',*,*,#4017,.T.);
#2267=ORIENTED_EDGE('',*,*,#3731,.F.);
#2268=ORIENTED_EDGE('',*,*,#4018,.T.);
#2269=ORIENTED_EDGE('',*,*,#3693,.F.);
#2270=ORIENTED_EDGE('',*,*,#4019,.F.);
#2271=ORIENTED_EDGE('',*,*,#3725,.T.);
#2272=ORIENTED_EDGE('',*,*,#4020,.T.);
#2273=ORIENTED_EDGE('',*,*,#3688,.T.);
#2274=ORIENTED_EDGE('',*,*,#4021,.T.);
#2275=ORIENTED_EDGE('',*,*,#3690,.F.);
#2276=ORIENTED_EDGE('',*,*,#4022,.T.);
#2277=ORIENTED_EDGE('',*,*,#3723,.F.);
#2278=ORIENTED_EDGE('',*,*,#4023,.T.);
#2279=ORIENTED_EDGE('',*,*,#4024,.T.);
#2280=ORIENTED_EDGE('',*,*,#3691,.F.);
#2281=ORIENTED_EDGE('',*,*,#4023,.F.);
#2282=ORIENTED_EDGE('',*,*,#3733,.F.);
#2283=ORIENTED_EDGE('',*,*,#4019,.T.);
#2284=ORIENTED_EDGE('',*,*,#3692,.F.);
#2285=ORIENTED_EDGE('',*,*,#4024,.F.);
#2286=ORIENTED_EDGE('',*,*,#3732,.F.);
#2287=ORIENTED_EDGE('',*,*,#3754,.T.);
#2288=ORIENTED_EDGE('',*,*,#3668,.T.);
#2289=ORIENTED_EDGE('',*,*,#3759,.T.);
#2290=ORIENTED_EDGE('',*,*,#4025,.T.);
#2291=ORIENTED_EDGE('',*,*,#3658,.T.);
#2292=ORIENTED_EDGE('',*,*,#4026,.T.);
#2293=ORIENTED_EDGE('',*,*,#3761,.F.);
#2294=ORIENTED_EDGE('',*,*,#4027,.T.);
#2295=ORIENTED_EDGE('',*,*,#3666,.F.);
#2296=ORIENTED_EDGE('',*,*,#4028,.T.);
#2297=ORIENTED_EDGE('',*,*,#3664,.T.);
#2298=ORIENTED_EDGE('',*,*,#4029,.T.);
#2299=ORIENTED_EDGE('',*,*,#3763,.T.);
#2300=ORIENTED_EDGE('',*,*,#4030,.T.);
#2301=ORIENTED_EDGE('',*,*,#3757,.F.);
#2302=ORIENTED_EDGE('',*,*,#4031,.T.);
#2303=ORIENTED_EDGE('',*,*,#3660,.F.);
#2304=ORIENTED_EDGE('',*,*,#4032,.T.);
#2305=ORIENTED_EDGE('',*,*,#3755,.T.);
#2306=ORIENTED_EDGE('',*,*,#4033,.T.);
#2307=ORIENTED_EDGE('',*,*,#3662,.T.);
#2308=ORIENTED_EDGE('',*,*,#4034,.T.);
#2309=ORIENTED_EDGE('',*,*,#3937,.F.);
#2310=ORIENTED_EDGE('',*,*,#4035,.T.);
#2311=ORIENTED_EDGE('',*,*,#4036,.F.);
#2312=ORIENTED_EDGE('',*,*,#3908,.F.);
#2313=ORIENTED_EDGE('',*,*,#3973,.F.);
#2314=ORIENTED_EDGE('',*,*,#4037,.T.);
#2315=ORIENTED_EDGE('',*,*,#4038,.T.);
#2316=ORIENTED_EDGE('',*,*,#4039,.T.);
#2317=ORIENTED_EDGE('',*,*,#4040,.T.);
#2318=ORIENTED_EDGE('',*,*,#3979,.F.);
#2319=ORIENTED_EDGE('',*,*,#4041,.T.);
#2320=ORIENTED_EDGE('',*,*,#4037,.F.);
#2321=ORIENTED_EDGE('',*,*,#3972,.F.);
#2322=ORIENTED_EDGE('',*,*,#3518,.F.);
#2323=ORIENTED_EDGE('',*,*,#4042,.T.);
#2324=ORIENTED_EDGE('',*,*,#4043,.F.);
#2325=ORIENTED_EDGE('',*,*,#3835,.F.);
#2326=ORIENTED_EDGE('',*,*,#3974,.F.);
#2327=ORIENTED_EDGE('',*,*,#3909,.F.);
#2328=ORIENTED_EDGE('',*,*,#4036,.T.);
#2329=ORIENTED_EDGE('',*,*,#4044,.T.);
#2330=ORIENTED_EDGE('',*,*,#4043,.T.);
#2331=ORIENTED_EDGE('',*,*,#4045,.T.);
#2332=ORIENTED_EDGE('',*,*,#3857,.F.);
#2333=ORIENTED_EDGE('',*,*,#4046,.T.);
#2334=ORIENTED_EDGE('',*,*,#4039,.F.);
#2335=ORIENTED_EDGE('',*,*,#3971,.F.);
#2336=ORIENTED_EDGE('',*,*,#3836,.F.);
#2337=ORIENTED_EDGE('',*,*,#4047,.T.);
#2338=ORIENTED_EDGE('',*,*,#4048,.T.);
#2339=ORIENTED_EDGE('',*,*,#4049,.T.);
#2340=ORIENTED_EDGE('',*,*,#4050,.T.);
#2341=ORIENTED_EDGE('',*,*,#4051,.T.);
#2342=ORIENTED_EDGE('',*,*,#4052,.T.);
#2343=ORIENTED_EDGE('',*,*,#3832,.F.);
#2344=ORIENTED_EDGE('',*,*,#3970,.F.);
#2345=ORIENTED_EDGE('',*,*,#3565,.T.);
#2346=ORIENTED_EDGE('',*,*,#3617,.T.);
#2347=ORIENTED_EDGE('',*,*,#3611,.F.);
#2348=ORIENTED_EDGE('',*,*,#4053,.T.);
#2349=ORIENTED_EDGE('',*,*,#3568,.F.);
#2350=ORIENTED_EDGE('',*,*,#4054,.T.);
#2351=ORIENTED_EDGE('',*,*,#4055,.T.);
#2352=ORIENTED_EDGE('',*,*,#4056,.F.);
#2353=ORIENTED_EDGE('',*,*,#4057,.F.);
#2354=ORIENTED_EDGE('',*,*,#4058,.F.);
#2355=ORIENTED_EDGE('',*,*,#4059,.F.);
#2356=ORIENTED_EDGE('',*,*,#4060,.F.);
#2357=ORIENTED_EDGE('',*,*,#4061,.F.);
#2358=ORIENTED_EDGE('',*,*,#3969,.T.);
#2359=ORIENTED_EDGE('',*,*,#3906,.T.);
#2360=ORIENTED_EDGE('',*,*,#4062,.T.);
#2361=ORIENTED_EDGE('',*,*,#4054,.F.);
#2362=ORIENTED_EDGE('',*,*,#3567,.F.);
#2363=ORIENTED_EDGE('',*,*,#4063,.F.);
#2364=ORIENTED_EDGE('',*,*,#4064,.T.);
#2365=ORIENTED_EDGE('',*,*,#4055,.F.);
#2366=ORIENTED_EDGE('',*,*,#4062,.F.);
#2367=ORIENTED_EDGE('',*,*,#3905,.T.);
#2368=ORIENTED_EDGE('',*,*,#3619,.T.);
#2369=ORIENTED_EDGE('',*,*,#4056,.T.);
#2370=ORIENTED_EDGE('',*,*,#4065,.F.);
#2371=ORIENTED_EDGE('',*,*,#4066,.F.);
#2372=ORIENTED_EDGE('',*,*,#4067,.T.);
#2373=ORIENTED_EDGE('',*,*,#4061,.T.);
#2374=ORIENTED_EDGE('',*,*,#4068,.F.);
#2375=ORIENTED_EDGE('',*,*,#4069,.F.);
#2376=ORIENTED_EDGE('',*,*,#4065,.T.);
#2377=ORIENTED_EDGE('',*,*,#4060,.T.);
#2378=ORIENTED_EDGE('',*,*,#4070,.F.);
#2379=ORIENTED_EDGE('',*,*,#4071,.F.);
#2380=ORIENTED_EDGE('',*,*,#4068,.T.);
#2381=ORIENTED_EDGE('',*,*,#4059,.T.);
#2382=ORIENTED_EDGE('',*,*,#4072,.F.);
#2383=ORIENTED_EDGE('',*,*,#4073,.F.);
#2384=ORIENTED_EDGE('',*,*,#4070,.T.);
#2385=ORIENTED_EDGE('',*,*,#4058,.T.);
#2386=ORIENTED_EDGE('',*,*,#4074,.F.);
#2387=ORIENTED_EDGE('',*,*,#4075,.F.);
#2388=ORIENTED_EDGE('',*,*,#4072,.T.);
#2389=ORIENTED_EDGE('',*,*,#4057,.T.);
#2390=ORIENTED_EDGE('',*,*,#4067,.F.);
#2391=ORIENTED_EDGE('',*,*,#4076,.F.);
#2392=ORIENTED_EDGE('',*,*,#4074,.T.);
#2393=ORIENTED_EDGE('',*,*,#3622,.F.);
#2394=ORIENTED_EDGE('',*,*,#4066,.T.);
#2395=ORIENTED_EDGE('',*,*,#4069,.T.);
#2396=ORIENTED_EDGE('',*,*,#4071,.T.);
#2397=ORIENTED_EDGE('',*,*,#4073,.T.);
#2398=ORIENTED_EDGE('',*,*,#4075,.T.);
#2399=ORIENTED_EDGE('',*,*,#4076,.T.);
#2400=ORIENTED_EDGE('',*,*,#4048,.F.);
#2401=ORIENTED_EDGE('',*,*,#4077,.F.);
#2402=ORIENTED_EDGE('',*,*,#4078,.T.);
#2403=ORIENTED_EDGE('',*,*,#4079,.T.);
#2404=ORIENTED_EDGE('',*,*,#4049,.F.);
#2405=ORIENTED_EDGE('',*,*,#4079,.F.);
#2406=ORIENTED_EDGE('',*,*,#4080,.T.);
#2407=ORIENTED_EDGE('',*,*,#4081,.T.);
#2408=ORIENTED_EDGE('',*,*,#4050,.F.);
#2409=ORIENTED_EDGE('',*,*,#4081,.F.);
#2410=ORIENTED_EDGE('',*,*,#4082,.T.);
#2411=ORIENTED_EDGE('',*,*,#4083,.T.);
#2412=ORIENTED_EDGE('',*,*,#4051,.F.);
#2413=ORIENTED_EDGE('',*,*,#4083,.F.);
#2414=ORIENTED_EDGE('',*,*,#4084,.T.);
#2415=ORIENTED_EDGE('',*,*,#4085,.T.);
#2416=ORIENTED_EDGE('',*,*,#4052,.F.);
#2417=ORIENTED_EDGE('',*,*,#4085,.F.);
#2418=ORIENTED_EDGE('',*,*,#4086,.T.);
#2419=ORIENTED_EDGE('',*,*,#4087,.T.);
#2420=ORIENTED_EDGE('',*,*,#4047,.F.);
#2421=ORIENTED_EDGE('',*,*,#4087,.F.);
#2422=ORIENTED_EDGE('',*,*,#4088,.T.);
#2423=ORIENTED_EDGE('',*,*,#4077,.T.);
#2424=ORIENTED_EDGE('',*,*,#3625,.T.);
#2425=ORIENTED_EDGE('',*,*,#4078,.F.);
#2426=ORIENTED_EDGE('',*,*,#4088,.F.);
#2427=ORIENTED_EDGE('',*,*,#4086,.F.);
#2428=ORIENTED_EDGE('',*,*,#4084,.F.);
#2429=ORIENTED_EDGE('',*,*,#4082,.F.);
#2430=ORIENTED_EDGE('',*,*,#4080,.F.);
#2431=ORIENTED_EDGE('',*,*,#4089,.T.);
#2432=ORIENTED_EDGE('',*,*,#3994,.T.);
#2433=ORIENTED_EDGE('',*,*,#4090,.T.);
#2434=ORIENTED_EDGE('',*,*,#3805,.F.);
#2435=ORIENTED_EDGE('',*,*,#4091,.T.);
#2436=ORIENTED_EDGE('',*,*,#4092,.T.);
#2437=ORIENTED_EDGE('',*,*,#4093,.F.);
#2438=ORIENTED_EDGE('',*,*,#3992,.F.);
#2439=ORIENTED_EDGE('',*,*,#4094,.T.);
#2440=ORIENTED_EDGE('',*,*,#4095,.T.);
#2441=ORIENTED_EDGE('',*,*,#4096,.F.);
#2442=ORIENTED_EDGE('',*,*,#3990,.T.);
#2443=ORIENTED_EDGE('',*,*,#4097,.T.);
#2444=ORIENTED_EDGE('',*,*,#4098,.T.);
#2445=ORIENTED_EDGE('',*,*,#4099,.T.);
#2446=ORIENTED_EDGE('',*,*,#4100,.T.);
#2447=ORIENTED_EDGE('',*,*,#4096,.T.);
#2448=ORIENTED_EDGE('',*,*,#4101,.T.);
#2449=ORIENTED_EDGE('',*,*,#4091,.F.);
#2450=ORIENTED_EDGE('',*,*,#3991,.F.);
#2451=ORIENTED_EDGE('',*,*,#4093,.T.);
#2452=ORIENTED_EDGE('',*,*,#4102,.T.);
#2453=ORIENTED_EDGE('',*,*,#4094,.F.);
#2454=ORIENTED_EDGE('',*,*,#3993,.T.);
#2455=ORIENTED_EDGE('',*,*,#4103,.F.);
#2456=ORIENTED_EDGE('',*,*,#4104,.T.);
#2457=ORIENTED_EDGE('',*,*,#4105,.T.);
#2458=ORIENTED_EDGE('',*,*,#3986,.T.);
#2459=ORIENTED_EDGE('',*,*,#4106,.T.);
#2460=ORIENTED_EDGE('',*,*,#4107,.T.);
#2461=ORIENTED_EDGE('',*,*,#4108,.T.);
#2462=ORIENTED_EDGE('',*,*,#4109,.T.);
#2463=ORIENTED_EDGE('',*,*,#4110,.F.);
#2464=ORIENTED_EDGE('',*,*,#4111,.T.);
#2465=ORIENTED_EDGE('',*,*,#4112,.T.);
#2466=ORIENTED_EDGE('',*,*,#3988,.F.);
#2467=ORIENTED_EDGE('',*,*,#4105,.F.);
#2468=ORIENTED_EDGE('',*,*,#4113,.T.);
#2469=ORIENTED_EDGE('',*,*,#4110,.T.);
#2470=ORIENTED_EDGE('',*,*,#3987,.F.);
#2471=ORIENTED_EDGE('',*,*,#4112,.F.);
#2472=ORIENTED_EDGE('',*,*,#4114,.T.);
#2473=ORIENTED_EDGE('',*,*,#4103,.T.);
#2474=ORIENTED_EDGE('',*,*,#3989,.T.);
#2475=ORIENTED_EDGE('',*,*,#4115,.F.);
#2476=ORIENTED_EDGE('',*,*,#4116,.T.);
#2477=ORIENTED_EDGE('',*,*,#4117,.T.);
#2478=ORIENTED_EDGE('',*,*,#3802,.F.);
#2479=ORIENTED_EDGE('',*,*,#4118,.T.);
#2480=ORIENTED_EDGE('',*,*,#4119,.T.);
#2481=ORIENTED_EDGE('',*,*,#4120,.T.);
#2482=ORIENTED_EDGE('',*,*,#4121,.T.);
#2483=ORIENTED_EDGE('',*,*,#4122,.F.);
#2484=ORIENTED_EDGE('',*,*,#4123,.T.);
#2485=ORIENTED_EDGE('',*,*,#4124,.T.);
#2486=ORIENTED_EDGE('',*,*,#3804,.T.);
#2487=ORIENTED_EDGE('',*,*,#4124,.F.);
#2488=ORIENTED_EDGE('',*,*,#4125,.T.);
#2489=ORIENTED_EDGE('',*,*,#4115,.T.);
#2490=ORIENTED_EDGE('',*,*,#3801,.T.);
#2491=ORIENTED_EDGE('',*,*,#4117,.F.);
#2492=ORIENTED_EDGE('',*,*,#4126,.T.);
#2493=ORIENTED_EDGE('',*,*,#4122,.T.);
#2494=ORIENTED_EDGE('',*,*,#3803,.F.);
#2495=ORIENTED_EDGE('',*,*,#4127,.T.);
#2496=ORIENTED_EDGE('',*,*,#4128,.T.);
#2497=ORIENTED_EDGE('',*,*,#4129,.F.);
#2498=ORIENTED_EDGE('',*,*,#3800,.T.);
#2499=ORIENTED_EDGE('',*,*,#4130,.T.);
#2500=ORIENTED_EDGE('',*,*,#4131,.T.);
#2501=ORIENTED_EDGE('',*,*,#4132,.F.);
#2502=ORIENTED_EDGE('',*,*,#3798,.F.);
#2503=ORIENTED_EDGE('',*,*,#4133,.T.);
#2504=ORIENTED_EDGE('',*,*,#4134,.T.);
#2505=ORIENTED_EDGE('',*,*,#4135,.T.);
#2506=ORIENTED_EDGE('',*,*,#4136,.T.);
#2507=ORIENTED_EDGE('',*,*,#4129,.T.);
#2508=ORIENTED_EDGE('',*,*,#4137,.T.);
#2509=ORIENTED_EDGE('',*,*,#4130,.F.);
#2510=ORIENTED_EDGE('',*,*,#3797,.T.);
#2511=ORIENTED_EDGE('',*,*,#4132,.T.);
#2512=ORIENTED_EDGE('',*,*,#4138,.T.);
#2513=ORIENTED_EDGE('',*,*,#4127,.F.);
#2514=ORIENTED_EDGE('',*,*,#3799,.F.);
#2515=ORIENTED_EDGE('',*,*,#4139,.T.);
#2516=ORIENTED_EDGE('',*,*,#4140,.T.);
#2517=ORIENTED_EDGE('',*,*,#4141,.F.);
#2518=ORIENTED_EDGE('',*,*,#3984,.F.);
#2519=ORIENTED_EDGE('',*,*,#4142,.T.);
#2520=ORIENTED_EDGE('',*,*,#4143,.T.);
#2521=ORIENTED_EDGE('',*,*,#4139,.F.);
#2522=ORIENTED_EDGE('',*,*,#3983,.T.);
#2523=ORIENTED_EDGE('',*,*,#4141,.T.);
#2524=ORIENTED_EDGE('',*,*,#4144,.T.);
#2525=ORIENTED_EDGE('',*,*,#4145,.F.);
#2526=ORIENTED_EDGE('',*,*,#3985,.F.);
#2527=ORIENTED_EDGE('',*,*,#4145,.T.);
#2528=ORIENTED_EDGE('',*,*,#4146,.T.);
#2529=ORIENTED_EDGE('',*,*,#4142,.F.);
#2530=ORIENTED_EDGE('',*,*,#3982,.F.);
#2531=ORIENTED_EDGE('',*,*,#3914,.T.);
#2532=ORIENTED_EDGE('',*,*,#4147,.T.);
#2533=ORIENTED_EDGE('',*,*,#3945,.T.);
#2534=ORIENTED_EDGE('',*,*,#4148,.F.);
#2535=ORIENTED_EDGE('',*,*,#3913,.T.);
#2536=ORIENTED_EDGE('',*,*,#4149,.T.);
#2537=ORIENTED_EDGE('',*,*,#3943,.T.);
#2538=ORIENTED_EDGE('',*,*,#4147,.F.);
#2539=ORIENTED_EDGE('',*,*,#4148,.T.);
#2540=ORIENTED_EDGE('',*,*,#3944,.F.);
#2541=ORIENTED_EDGE('',*,*,#4149,.F.);
#2542=ORIENTED_EDGE('',*,*,#3912,.F.);
#2543=ORIENTED_EDGE('',*,*,#3903,.T.);
#2544=ORIENTED_EDGE('',*,*,#4150,.T.);
#2545=ORIENTED_EDGE('',*,*,#3948,.T.);
#2546=ORIENTED_EDGE('',*,*,#4151,.F.);
#2547=ORIENTED_EDGE('',*,*,#4152,.T.);
#2548=ORIENTED_EDGE('',*,*,#3946,.F.);
#2549=ORIENTED_EDGE('',*,*,#4150,.F.);
#2550=ORIENTED_EDGE('',*,*,#3902,.F.);
#2551=ORIENTED_EDGE('',*,*,#4151,.T.);
#2552=ORIENTED_EDGE('',*,*,#3947,.F.);
#2553=ORIENTED_EDGE('',*,*,#4152,.F.);
#2554=ORIENTED_EDGE('',*,*,#3901,.F.);
#2555=ORIENTED_EDGE('',*,*,#3918,.T.);
#2556=ORIENTED_EDGE('',*,*,#4153,.T.);
#2557=ORIENTED_EDGE('',*,*,#3951,.T.);
#2558=ORIENTED_EDGE('',*,*,#4154,.F.);
#2559=ORIENTED_EDGE('',*,*,#4155,.T.);
#2560=ORIENTED_EDGE('',*,*,#3952,.F.);
#2561=ORIENTED_EDGE('',*,*,#4153,.F.);
#2562=ORIENTED_EDGE('',*,*,#3917,.F.);
#2563=ORIENTED_EDGE('',*,*,#4156,.T.);
#2564=ORIENTED_EDGE('',*,*,#3949,.F.);
#2565=ORIENTED_EDGE('',*,*,#4155,.F.);
#2566=ORIENTED_EDGE('',*,*,#3916,.F.);
#2567=ORIENTED_EDGE('',*,*,#4154,.T.);
#2568=ORIENTED_EDGE('',*,*,#3950,.F.);
#2569=ORIENTED_EDGE('',*,*,#4156,.F.);
#2570=ORIENTED_EDGE('',*,*,#3915,.F.);
#2571=ORIENTED_EDGE('',*,*,#3900,.T.);
#2572=ORIENTED_EDGE('',*,*,#4157,.T.);
#2573=ORIENTED_EDGE('',*,*,#3955,.T.);
#2574=ORIENTED_EDGE('',*,*,#4158,.F.);
#2575=ORIENTED_EDGE('',*,*,#4159,.T.);
#2576=ORIENTED_EDGE('',*,*,#3956,.F.);
#2577=ORIENTED_EDGE('',*,*,#4157,.F.);
#2578=ORIENTED_EDGE('',*,*,#3899,.F.);
#2579=ORIENTED_EDGE('',*,*,#4160,.T.);
#2580=ORIENTED_EDGE('',*,*,#3953,.F.);
#2581=ORIENTED_EDGE('',*,*,#4159,.F.);
#2582=ORIENTED_EDGE('',*,*,#3898,.F.);
#2583=ORIENTED_EDGE('',*,*,#4158,.T.);
#2584=ORIENTED_EDGE('',*,*,#3954,.F.);
#2585=ORIENTED_EDGE('',*,*,#4160,.F.);
#2586=ORIENTED_EDGE('',*,*,#3897,.F.);
#2587=ORIENTED_EDGE('',*,*,#3922,.T.);
#2588=ORIENTED_EDGE('',*,*,#4161,.T.);
#2589=ORIENTED_EDGE('',*,*,#3959,.T.);
#2590=ORIENTED_EDGE('',*,*,#4162,.F.);
#2591=ORIENTED_EDGE('',*,*,#3921,.T.);
#2592=ORIENTED_EDGE('',*,*,#4163,.T.);
#2593=ORIENTED_EDGE('',*,*,#3960,.T.);
#2594=ORIENTED_EDGE('',*,*,#4161,.F.);
#2595=ORIENTED_EDGE('',*,*,#4164,.T.);
#2596=ORIENTED_EDGE('',*,*,#3957,.F.);
#2597=ORIENTED_EDGE('',*,*,#4163,.F.);
#2598=ORIENTED_EDGE('',*,*,#3920,.F.);
#2599=ORIENTED_EDGE('',*,*,#4162,.T.);
#2600=ORIENTED_EDGE('',*,*,#3958,.F.);
#2601=ORIENTED_EDGE('',*,*,#4164,.F.);
#2602=ORIENTED_EDGE('',*,*,#3919,.F.);
#2603=ORIENTED_EDGE('',*,*,#3896,.T.);
#2604=ORIENTED_EDGE('',*,*,#4165,.T.);
#2605=ORIENTED_EDGE('',*,*,#3963,.T.);
#2606=ORIENTED_EDGE('',*,*,#4166,.F.);
#2607=ORIENTED_EDGE('',*,*,#3895,.T.);
#2608=ORIENTED_EDGE('',*,*,#4167,.T.);
#2609=ORIENTED_EDGE('',*,*,#3964,.T.);
#2610=ORIENTED_EDGE('',*,*,#4165,.F.);
#2611=ORIENTED_EDGE('',*,*,#4168,.T.);
#2612=ORIENTED_EDGE('',*,*,#3961,.F.);
#2613=ORIENTED_EDGE('',*,*,#4167,.F.);
#2614=ORIENTED_EDGE('',*,*,#3894,.F.);
#2615=ORIENTED_EDGE('',*,*,#4166,.T.);
#2616=ORIENTED_EDGE('',*,*,#3962,.F.);
#2617=ORIENTED_EDGE('',*,*,#4168,.F.);
#2618=ORIENTED_EDGE('',*,*,#3893,.F.);
#2619=ORIENTED_EDGE('',*,*,#4169,.T.);
#2620=ORIENTED_EDGE('',*,*,#3940,.F.);
#2621=ORIENTED_EDGE('',*,*,#4170,.F.);
#2622=ORIENTED_EDGE('',*,*,#3927,.F.);
#2623=ORIENTED_EDGE('',*,*,#4171,.T.);
#2624=ORIENTED_EDGE('',*,*,#3941,.F.);
#2625=ORIENTED_EDGE('',*,*,#4169,.F.);
#2626=ORIENTED_EDGE('',*,*,#3926,.F.);
#2627=ORIENTED_EDGE('',*,*,#3923,.T.);
#2628=ORIENTED_EDGE('',*,*,#4170,.T.);
#2629=ORIENTED_EDGE('',*,*,#3939,.T.);
#2630=ORIENTED_EDGE('',*,*,#4172,.F.);
#2631=ORIENTED_EDGE('',*,*,#3925,.T.);
#2632=ORIENTED_EDGE('',*,*,#4173,.T.);
#2633=ORIENTED_EDGE('',*,*,#3942,.T.);
#2634=ORIENTED_EDGE('',*,*,#4171,.F.);
#2635=ORIENTED_EDGE('',*,*,#3924,.T.);
#2636=ORIENTED_EDGE('',*,*,#4172,.T.);
#2637=ORIENTED_EDGE('',*,*,#3938,.T.);
#2638=ORIENTED_EDGE('',*,*,#4173,.F.);
#2639=ORIENTED_EDGE('',*,*,#3931,.T.);
#2640=ORIENTED_EDGE('',*,*,#4174,.T.);
#2641=ORIENTED_EDGE('',*,*,#3967,.T.);
#2642=ORIENTED_EDGE('',*,*,#4175,.F.);
#2643=ORIENTED_EDGE('',*,*,#4176,.T.);
#2644=ORIENTED_EDGE('',*,*,#3968,.F.);
#2645=ORIENTED_EDGE('',*,*,#4174,.F.);
#2646=ORIENTED_EDGE('',*,*,#3930,.F.);
#2647=ORIENTED_EDGE('',*,*,#4177,.T.);
#2648=ORIENTED_EDGE('',*,*,#3965,.F.);
#2649=ORIENTED_EDGE('',*,*,#4176,.F.);
#2650=ORIENTED_EDGE('',*,*,#3929,.F.);
#2651=ORIENTED_EDGE('',*,*,#4175,.T.);
#2652=ORIENTED_EDGE('',*,*,#3966,.F.);
#2653=ORIENTED_EDGE('',*,*,#4177,.F.);
#2654=ORIENTED_EDGE('',*,*,#3928,.F.);
#2655=ORIENTED_EDGE('',*,*,#3839,.T.);
#2656=ORIENTED_EDGE('',*,*,#4178,.T.);
#2657=ORIENTED_EDGE('',*,*,#3884,.T.);
#2658=ORIENTED_EDGE('',*,*,#4179,.F.);
#2659=ORIENTED_EDGE('',*,*,#3838,.T.);
#2660=ORIENTED_EDGE('',*,*,#4180,.T.);
#2661=ORIENTED_EDGE('',*,*,#3882,.T.);
#2662=ORIENTED_EDGE('',*,*,#4178,.F.);
#2663=ORIENTED_EDGE('',*,*,#4179,.T.);
#2664=ORIENTED_EDGE('',*,*,#3883,.F.);
#2665=ORIENTED_EDGE('',*,*,#4180,.F.);
#2666=ORIENTED_EDGE('',*,*,#3837,.F.);
#2667=ORIENTED_EDGE('',*,*,#3827,.T.);
#2668=ORIENTED_EDGE('',*,*,#4181,.T.);
#2669=ORIENTED_EDGE('',*,*,#3879,.T.);
#2670=ORIENTED_EDGE('',*,*,#4182,.F.);
#2671=ORIENTED_EDGE('',*,*,#4183,.T.);
#2672=ORIENTED_EDGE('',*,*,#3880,.F.);
#2673=ORIENTED_EDGE('',*,*,#4181,.F.);
#2674=ORIENTED_EDGE('',*,*,#3830,.F.);
#2675=ORIENTED_EDGE('',*,*,#3829,.T.);
#2676=ORIENTED_EDGE('',*,*,#4184,.T.);
#2677=ORIENTED_EDGE('',*,*,#3881,.T.);
#2678=ORIENTED_EDGE('',*,*,#4183,.F.);
#2679=ORIENTED_EDGE('',*,*,#3828,.T.);
#2680=ORIENTED_EDGE('',*,*,#4182,.T.);
#2681=ORIENTED_EDGE('',*,*,#3878,.T.);
#2682=ORIENTED_EDGE('',*,*,#4184,.F.);
#2683=ORIENTED_EDGE('',*,*,#3823,.T.);
#2684=ORIENTED_EDGE('',*,*,#4185,.T.);
#2685=ORIENTED_EDGE('',*,*,#3875,.T.);
#2686=ORIENTED_EDGE('',*,*,#4186,.F.);
#2687=ORIENTED_EDGE('',*,*,#4187,.T.);
#2688=ORIENTED_EDGE('',*,*,#3876,.F.);
#2689=ORIENTED_EDGE('',*,*,#4185,.F.);
#2690=ORIENTED_EDGE('',*,*,#3826,.F.);
#2691=ORIENTED_EDGE('',*,*,#3825,.T.);
#2692=ORIENTED_EDGE('',*,*,#4188,.T.);
#2693=ORIENTED_EDGE('',*,*,#3877,.T.);
#2694=ORIENTED_EDGE('',*,*,#4187,.F.);
#2695=ORIENTED_EDGE('',*,*,#3824,.T.);
#2696=ORIENTED_EDGE('',*,*,#4186,.T.);
#2697=ORIENTED_EDGE('',*,*,#3874,.T.);
#2698=ORIENTED_EDGE('',*,*,#4188,.F.);
#2699=ORIENTED_EDGE('',*,*,#3819,.T.);
#2700=ORIENTED_EDGE('',*,*,#4189,.T.);
#2701=ORIENTED_EDGE('',*,*,#3871,.T.);
#2702=ORIENTED_EDGE('',*,*,#4190,.F.);
#2703=ORIENTED_EDGE('',*,*,#4191,.T.);
#2704=ORIENTED_EDGE('',*,*,#3872,.F.);
#2705=ORIENTED_EDGE('',*,*,#4189,.F.);
#2706=ORIENTED_EDGE('',*,*,#3822,.F.);
#2707=ORIENTED_EDGE('',*,*,#3821,.T.);
#2708=ORIENTED_EDGE('',*,*,#4192,.T.);
#2709=ORIENTED_EDGE('',*,*,#3873,.T.);
#2710=ORIENTED_EDGE('',*,*,#4191,.F.);
#2711=ORIENTED_EDGE('',*,*,#3820,.T.);
#2712=ORIENTED_EDGE('',*,*,#4190,.T.);
#2713=ORIENTED_EDGE('',*,*,#3870,.T.);
#2714=ORIENTED_EDGE('',*,*,#4192,.F.);
#2715=ORIENTED_EDGE('',*,*,#3815,.T.);
#2716=ORIENTED_EDGE('',*,*,#4193,.T.);
#2717=ORIENTED_EDGE('',*,*,#3867,.T.);
#2718=ORIENTED_EDGE('',*,*,#4194,.F.);
#2719=ORIENTED_EDGE('',*,*,#4195,.T.);
#2720=ORIENTED_EDGE('',*,*,#3868,.F.);
#2721=ORIENTED_EDGE('',*,*,#4193,.F.);
#2722=ORIENTED_EDGE('',*,*,#3818,.F.);
#2723=ORIENTED_EDGE('',*,*,#3817,.T.);
#2724=ORIENTED_EDGE('',*,*,#4196,.T.);
#2725=ORIENTED_EDGE('',*,*,#3869,.T.);
#2726=ORIENTED_EDGE('',*,*,#4195,.F.);
#2727=ORIENTED_EDGE('',*,*,#3816,.T.);
#2728=ORIENTED_EDGE('',*,*,#4194,.T.);
#2729=ORIENTED_EDGE('',*,*,#3866,.T.);
#2730=ORIENTED_EDGE('',*,*,#4196,.F.);
#2731=ORIENTED_EDGE('',*,*,#3814,.T.);
#2732=ORIENTED_EDGE('',*,*,#4197,.T.);
#2733=ORIENTED_EDGE('',*,*,#3887,.T.);
#2734=ORIENTED_EDGE('',*,*,#4198,.F.);
#2735=ORIENTED_EDGE('',*,*,#3813,.T.);
#2736=ORIENTED_EDGE('',*,*,#4199,.T.);
#2737=ORIENTED_EDGE('',*,*,#3888,.T.);
#2738=ORIENTED_EDGE('',*,*,#4197,.F.);
#2739=ORIENTED_EDGE('',*,*,#3812,.T.);
#2740=ORIENTED_EDGE('',*,*,#4200,.T.);
#2741=ORIENTED_EDGE('',*,*,#3885,.T.);
#2742=ORIENTED_EDGE('',*,*,#4199,.F.);
#2743=ORIENTED_EDGE('',*,*,#4198,.T.);
#2744=ORIENTED_EDGE('',*,*,#3886,.F.);
#2745=ORIENTED_EDGE('',*,*,#4200,.F.);
#2746=ORIENTED_EDGE('',*,*,#3811,.F.);
#2747=ORIENTED_EDGE('',*,*,#4201,.T.);
#2748=ORIENTED_EDGE('',*,*,#3864,.F.);
#2749=ORIENTED_EDGE('',*,*,#4202,.F.);
#2750=ORIENTED_EDGE('',*,*,#3843,.F.);
#2751=ORIENTED_EDGE('',*,*,#3842,.T.);
#2752=ORIENTED_EDGE('',*,*,#4203,.T.);
#2753=ORIENTED_EDGE('',*,*,#3865,.T.);
#2754=ORIENTED_EDGE('',*,*,#4201,.F.);
#2755=ORIENTED_EDGE('',*,*,#4202,.T.);
#2756=ORIENTED_EDGE('',*,*,#3863,.F.);
#2757=ORIENTED_EDGE('',*,*,#4204,.F.);
#2758=ORIENTED_EDGE('',*,*,#3840,.F.);
#2759=ORIENTED_EDGE('',*,*,#3841,.T.);
#2760=ORIENTED_EDGE('',*,*,#4204,.T.);
#2761=ORIENTED_EDGE('',*,*,#3862,.T.);
#2762=ORIENTED_EDGE('',*,*,#4203,.F.);
#2763=ORIENTED_EDGE('',*,*,#3844,.T.);
#2764=ORIENTED_EDGE('',*,*,#4205,.T.);
#2765=ORIENTED_EDGE('',*,*,#3859,.T.);
#2766=ORIENTED_EDGE('',*,*,#4206,.F.);
#2767=ORIENTED_EDGE('',*,*,#4207,.T.);
#2768=ORIENTED_EDGE('',*,*,#3860,.F.);
#2769=ORIENTED_EDGE('',*,*,#4205,.F.);
#2770=ORIENTED_EDGE('',*,*,#3847,.F.);
#2771=ORIENTED_EDGE('',*,*,#3846,.T.);
#2772=ORIENTED_EDGE('',*,*,#4208,.T.);
#2773=ORIENTED_EDGE('',*,*,#3861,.T.);
#2774=ORIENTED_EDGE('',*,*,#4207,.F.);
#2775=ORIENTED_EDGE('',*,*,#3845,.T.);
#2776=ORIENTED_EDGE('',*,*,#4206,.T.);
#2777=ORIENTED_EDGE('',*,*,#3858,.T.);
#2778=ORIENTED_EDGE('',*,*,#4208,.F.);
#2779=ORIENTED_EDGE('',*,*,#3851,.T.);
#2780=ORIENTED_EDGE('',*,*,#4209,.T.);
#2781=ORIENTED_EDGE('',*,*,#3891,.T.);
#2782=ORIENTED_EDGE('',*,*,#4210,.F.);
#2783=ORIENTED_EDGE('',*,*,#3850,.T.);
#2784=ORIENTED_EDGE('',*,*,#4211,.T.);
#2785=ORIENTED_EDGE('',*,*,#3892,.T.);
#2786=ORIENTED_EDGE('',*,*,#4209,.F.);
#2787=ORIENTED_EDGE('',*,*,#3849,.T.);
#2788=ORIENTED_EDGE('',*,*,#4212,.T.);
#2789=ORIENTED_EDGE('',*,*,#3889,.T.);
#2790=ORIENTED_EDGE('',*,*,#4211,.F.);
#2791=ORIENTED_EDGE('',*,*,#4210,.T.);
#2792=ORIENTED_EDGE('',*,*,#3890,.F.);
#2793=ORIENTED_EDGE('',*,*,#4212,.F.);
#2794=ORIENTED_EDGE('',*,*,#3848,.F.);
#2795=ORIENTED_EDGE('',*,*,#3644,.F.);
#2796=ORIENTED_EDGE('',*,*,#4213,.T.);
#2797=ORIENTED_EDGE('',*,*,#4214,.T.);
#2798=ORIENTED_EDGE('',*,*,#3995,.F.);
#2799=ORIENTED_EDGE('',*,*,#4215,.F.);
#2800=ORIENTED_EDGE('',*,*,#4216,.T.);
#2801=ORIENTED_EDGE('',*,*,#3642,.T.);
#2802=ORIENTED_EDGE('',*,*,#3552,.F.);
#2803=ORIENTED_EDGE('',*,*,#4217,.F.);
#2804=ORIENTED_EDGE('',*,*,#4214,.F.);
#2805=ORIENTED_EDGE('',*,*,#4218,.T.);
#2806=ORIENTED_EDGE('',*,*,#4215,.T.);
#2807=ORIENTED_EDGE('',*,*,#3551,.F.);
#2808=ORIENTED_EDGE('',*,*,#3996,.T.);
#2809=ORIENTED_EDGE('',*,*,#4219,.F.);
#2810=ORIENTED_EDGE('',*,*,#4220,.T.);
#2811=ORIENTED_EDGE('',*,*,#3639,.T.);
#2812=ORIENTED_EDGE('',*,*,#3807,.F.);
#2813=ORIENTED_EDGE('',*,*,#3641,.F.);
#2814=ORIENTED_EDGE('',*,*,#4221,.T.);
#2815=ORIENTED_EDGE('',*,*,#4222,.T.);
#2816=ORIENTED_EDGE('',*,*,#3554,.T.);
#2817=ORIENTED_EDGE('',*,*,#4223,.T.);
#2818=ORIENTED_EDGE('',*,*,#4222,.F.);
#2819=ORIENTED_EDGE('',*,*,#4224,.T.);
#2820=ORIENTED_EDGE('',*,*,#4219,.T.);
#2821=ORIENTED_EDGE('',*,*,#3806,.F.);
#2822=ORIENTED_EDGE('',*,*,#3555,.F.);
#2823=ORIENTED_EDGE('',*,*,#4225,.T.);
#2824=ORIENTED_EDGE('',*,*,#3794,.T.);
#2825=ORIENTED_EDGE('',*,*,#4226,.T.);
#2826=ORIENTED_EDGE('',*,*,#4227,.F.);
#2827=ORIENTED_EDGE('',*,*,#4228,.F.);
#2828=ORIENTED_EDGE('',*,*,#4229,.T.);
#2829=ORIENTED_EDGE('',*,*,#3795,.F.);
#2830=ORIENTED_EDGE('',*,*,#4229,.F.);
#2831=ORIENTED_EDGE('',*,*,#4230,.T.);
#2832=ORIENTED_EDGE('',*,*,#4231,.T.);
#2833=ORIENTED_EDGE('',*,*,#4232,.F.);
#2834=ORIENTED_EDGE('',*,*,#4233,.T.);
#2835=ORIENTED_EDGE('',*,*,#4234,.T.);
#2836=ORIENTED_EDGE('',*,*,#3796,.F.);
#2837=ORIENTED_EDGE('',*,*,#4231,.F.);
#2838=ORIENTED_EDGE('',*,*,#4235,.T.);
#2839=ORIENTED_EDGE('',*,*,#4227,.T.);
#2840=ORIENTED_EDGE('',*,*,#4236,.T.);
#2841=ORIENTED_EDGE('',*,*,#4233,.F.);
#2842=ORIENTED_EDGE('',*,*,#4237,.F.);
#2843=ORIENTED_EDGE('',*,*,#4228,.T.);
#2844=ORIENTED_EDGE('',*,*,#4237,.T.);
#2845=ORIENTED_EDGE('',*,*,#4235,.F.);
#2846=ORIENTED_EDGE('',*,*,#4230,.F.);
#2847=ORIENTED_EDGE('',*,*,#4238,.F.);
#2848=ORIENTED_EDGE('',*,*,#4239,.T.);
#2849=ORIENTED_EDGE('',*,*,#4240,.T.);
#2850=ORIENTED_EDGE('',*,*,#3787,.F.);
#2851=ORIENTED_EDGE('',*,*,#4241,.F.);
#2852=ORIENTED_EDGE('',*,*,#4242,.T.);
#2853=ORIENTED_EDGE('',*,*,#3786,.T.);
#2854=ORIENTED_EDGE('',*,*,#4243,.F.);
#2855=ORIENTED_EDGE('',*,*,#4244,.F.);
#2856=ORIENTED_EDGE('',*,*,#4241,.T.);
#2857=ORIENTED_EDGE('',*,*,#4245,.T.);
#2858=ORIENTED_EDGE('',*,*,#3785,.T.);
#2859=ORIENTED_EDGE('',*,*,#4246,.T.);
#2860=ORIENTED_EDGE('',*,*,#4247,.F.);
#2861=ORIENTED_EDGE('',*,*,#4248,.F.);
#2862=ORIENTED_EDGE('',*,*,#4243,.T.);
#2863=ORIENTED_EDGE('',*,*,#4247,.T.);
#2864=ORIENTED_EDGE('',*,*,#4249,.T.);
#2865=ORIENTED_EDGE('',*,*,#4239,.F.);
#2866=ORIENTED_EDGE('',*,*,#4250,.T.);
#2867=ORIENTED_EDGE('',*,*,#4242,.F.);
#2868=ORIENTED_EDGE('',*,*,#4244,.T.);
#2869=ORIENTED_EDGE('',*,*,#4248,.T.);
#2870=ORIENTED_EDGE('',*,*,#4250,.F.);
#2871=ORIENTED_EDGE('',*,*,#4251,.T.);
#2872=ORIENTED_EDGE('',*,*,#4252,.T.);
#2873=ORIENTED_EDGE('',*,*,#4253,.F.);
#2874=ORIENTED_EDGE('',*,*,#3700,.T.);
#2875=ORIENTED_EDGE('',*,*,#4253,.T.);
#2876=ORIENTED_EDGE('',*,*,#4254,.T.);
#2877=ORIENTED_EDGE('',*,*,#3767,.T.);
#2878=ORIENTED_EDGE('',*,*,#4255,.T.);
#2879=ORIENTED_EDGE('',*,*,#4256,.F.);
#2880=ORIENTED_EDGE('',*,*,#3701,.F.);
#2881=ORIENTED_EDGE('',*,*,#4256,.T.);
#2882=ORIENTED_EDGE('',*,*,#4257,.T.);
#2883=ORIENTED_EDGE('',*,*,#4258,.F.);
#2884=ORIENTED_EDGE('',*,*,#3702,.F.);
#2885=ORIENTED_EDGE('',*,*,#3765,.T.);
#2886=ORIENTED_EDGE('',*,*,#4259,.T.);
#2887=ORIENTED_EDGE('',*,*,#4260,.F.);
#2888=ORIENTED_EDGE('',*,*,#3703,.F.);
#2889=ORIENTED_EDGE('',*,*,#4258,.T.);
#2890=ORIENTED_EDGE('',*,*,#4261,.T.);
#2891=ORIENTED_EDGE('',*,*,#4260,.T.);
#2892=ORIENTED_EDGE('',*,*,#4262,.T.);
#2893=ORIENTED_EDGE('',*,*,#4263,.F.);
#2894=ORIENTED_EDGE('',*,*,#3704,.T.);
#2895=ORIENTED_EDGE('',*,*,#4263,.T.);
#2896=ORIENTED_EDGE('',*,*,#4264,.T.);
#2897=ORIENTED_EDGE('',*,*,#4265,.F.);
#2898=ORIENTED_EDGE('',*,*,#3705,.F.);
#2899=ORIENTED_EDGE('',*,*,#4265,.T.);
#2900=ORIENTED_EDGE('',*,*,#4266,.T.);
#2901=ORIENTED_EDGE('',*,*,#4267,.F.);
#2902=ORIENTED_EDGE('',*,*,#3706,.F.);
#2903=ORIENTED_EDGE('',*,*,#4267,.T.);
#2904=ORIENTED_EDGE('',*,*,#4268,.T.);
#2905=ORIENTED_EDGE('',*,*,#4269,.F.);
#2906=ORIENTED_EDGE('',*,*,#3707,.T.);
#2907=ORIENTED_EDGE('',*,*,#4269,.T.);
#2908=ORIENTED_EDGE('',*,*,#4270,.T.);
#2909=ORIENTED_EDGE('',*,*,#4271,.F.);
#2910=ORIENTED_EDGE('',*,*,#3708,.T.);
#2911=ORIENTED_EDGE('',*,*,#4271,.T.);
#2912=ORIENTED_EDGE('',*,*,#4272,.T.);
#2913=ORIENTED_EDGE('',*,*,#3771,.F.);
#2914=ORIENTED_EDGE('',*,*,#4273,.T.);
#2915=ORIENTED_EDGE('',*,*,#4274,.F.);
#2916=ORIENTED_EDGE('',*,*,#3709,.T.);
#2917=ORIENTED_EDGE('',*,*,#3769,.F.);
#2918=ORIENTED_EDGE('',*,*,#4275,.T.);
#2919=ORIENTED_EDGE('',*,*,#4251,.F.);
#2920=ORIENTED_EDGE('',*,*,#3699,.T.);
#2921=ORIENTED_EDGE('',*,*,#4276,.T.);
#2922=ORIENTED_EDGE('',*,*,#4277,.T.);
#2923=ORIENTED_EDGE('',*,*,#4274,.T.);
#2924=ORIENTED_EDGE('',*,*,#4278,.T.);
#2925=ORIENTED_EDGE('',*,*,#4276,.F.);
#2926=ORIENTED_EDGE('',*,*,#3710,.T.);
#2927=ORIENTED_EDGE('',*,*,#4279,.T.);
#2928=ORIENTED_EDGE('',*,*,#4280,.T.);
#2929=ORIENTED_EDGE('',*,*,#3720,.T.);
#2930=ORIENTED_EDGE('',*,*,#4281,.T.);
#2931=ORIENTED_EDGE('',*,*,#4282,.F.);
#2932=ORIENTED_EDGE('',*,*,#3646,.F.);
#2933=ORIENTED_EDGE('',*,*,#4282,.T.);
#2934=ORIENTED_EDGE('',*,*,#4283,.T.);
#2935=ORIENTED_EDGE('',*,*,#4284,.F.);
#2936=ORIENTED_EDGE('',*,*,#3647,.F.);
#2937=ORIENTED_EDGE('',*,*,#3718,.T.);
#2938=ORIENTED_EDGE('',*,*,#4285,.T.);
#2939=ORIENTED_EDGE('',*,*,#4286,.F.);
#2940=ORIENTED_EDGE('',*,*,#3648,.F.);
#2941=ORIENTED_EDGE('',*,*,#4284,.T.);
#2942=ORIENTED_EDGE('',*,*,#4287,.T.);
#2943=ORIENTED_EDGE('',*,*,#4286,.T.);
#2944=ORIENTED_EDGE('',*,*,#4288,.T.);
#2945=ORIENTED_EDGE('',*,*,#4289,.F.);
#2946=ORIENTED_EDGE('',*,*,#3649,.T.);
#2947=ORIENTED_EDGE('',*,*,#4289,.T.);
#2948=ORIENTED_EDGE('',*,*,#4290,.T.);
#2949=ORIENTED_EDGE('',*,*,#4291,.F.);
#2950=ORIENTED_EDGE('',*,*,#3650,.T.);
#2951=ORIENTED_EDGE('',*,*,#4291,.T.);
#2952=ORIENTED_EDGE('',*,*,#4292,.T.);
#2953=ORIENTED_EDGE('',*,*,#4293,.F.);
#2954=ORIENTED_EDGE('',*,*,#3651,.F.);
#2955=ORIENTED_EDGE('',*,*,#4293,.T.);
#2956=ORIENTED_EDGE('',*,*,#4294,.T.);
#2957=ORIENTED_EDGE('',*,*,#4295,.F.);
#2958=ORIENTED_EDGE('',*,*,#3652,.T.);
#2959=ORIENTED_EDGE('',*,*,#4295,.T.);
#2960=ORIENTED_EDGE('',*,*,#4296,.T.);
#2961=ORIENTED_EDGE('',*,*,#4297,.F.);
#2962=ORIENTED_EDGE('',*,*,#3653,.T.);
#2963=ORIENTED_EDGE('',*,*,#4297,.T.);
#2964=ORIENTED_EDGE('',*,*,#4298,.T.);
#2965=ORIENTED_EDGE('',*,*,#3712,.F.);
#2966=ORIENTED_EDGE('',*,*,#4299,.T.);
#2967=ORIENTED_EDGE('',*,*,#4300,.F.);
#2968=ORIENTED_EDGE('',*,*,#3654,.T.);
#2969=ORIENTED_EDGE('',*,*,#4300,.T.);
#2970=ORIENTED_EDGE('',*,*,#4301,.T.);
#2971=ORIENTED_EDGE('',*,*,#4302,.F.);
#2972=ORIENTED_EDGE('',*,*,#3655,.T.);
#2973=ORIENTED_EDGE('',*,*,#4303,.T.);
#2974=ORIENTED_EDGE('',*,*,#4304,.T.);
#2975=ORIENTED_EDGE('',*,*,#4279,.F.);
#2976=ORIENTED_EDGE('',*,*,#3657,.T.);
#2977=ORIENTED_EDGE('',*,*,#3722,.F.);
#2978=ORIENTED_EDGE('',*,*,#4305,.T.);
#2979=ORIENTED_EDGE('',*,*,#4303,.F.);
#2980=ORIENTED_EDGE('',*,*,#3656,.T.);
#2981=ORIENTED_EDGE('',*,*,#4302,.T.);
#2982=ORIENTED_EDGE('',*,*,#4306,.T.);
#2983=ORIENTED_EDGE('',*,*,#4217,.T.);
#2984=ORIENTED_EDGE('',*,*,#4245,.F.);
#2985=ORIENTED_EDGE('',*,*,#3645,.T.);
#2986=ORIENTED_EDGE('',*,*,#4238,.T.);
#2987=ORIENTED_EDGE('',*,*,#4223,.F.);
#2988=ORIENTED_EDGE('',*,*,#4232,.T.);
#2989=ORIENTED_EDGE('',*,*,#3628,.F.);
#2990=ORIENTED_EDGE('',*,*,#4225,.F.);
#2991=ORIENTED_EDGE('',*,*,#3792,.F.);
#2992=ORIENTED_EDGE('',*,*,#4307,.T.);
#2993=ORIENTED_EDGE('',*,*,#4308,.T.);
#2994=ORIENTED_EDGE('',*,*,#4309,.T.);
#2995=ORIENTED_EDGE('',*,*,#3685,.F.);
#2996=ORIENTED_EDGE('',*,*,#3631,.F.);
#2997=ORIENTED_EDGE('',*,*,#3517,.F.);
#2998=ORIENTED_EDGE('',*,*,#4310,.T.);
#2999=ORIENTED_EDGE('',*,*,#3852,.F.);
#3000=ORIENTED_EDGE('',*,*,#4045,.F.);
#3001=ORIENTED_EDGE('',*,*,#4042,.F.);
#3002=ORIENTED_EDGE('',*,*,#4311,.T.);
#3003=ORIENTED_EDGE('',*,*,#4312,.T.);
#3004=ORIENTED_EDGE('',*,*,#3782,.F.);
#3005=ORIENTED_EDGE('',*,*,#3633,.F.);
#3006=ORIENTED_EDGE('',*,*,#3687,.F.);
#3007=ORIENTED_EDGE('',*,*,#4313,.T.);
#3008=ORIENTED_EDGE('',*,*,#3936,.F.);
#3009=ORIENTED_EDGE('',*,*,#4314,.T.);
#3010=ORIENTED_EDGE('',*,*,#3519,.F.);
#3011=ORIENTED_EDGE('',*,*,#4044,.F.);
#3012=ORIENTED_EDGE('',*,*,#4035,.F.);
#3013=ORIENTED_EDGE('',*,*,#4315,.T.);
#3014=ORIENTED_EDGE('',*,*,#4316,.T.);
#3015=ORIENTED_EDGE('',*,*,#3790,.F.);
#3016=ORIENTED_EDGE('',*,*,#4234,.F.);
#3017=ORIENTED_EDGE('',*,*,#4236,.F.);
#3018=ORIENTED_EDGE('',*,*,#4226,.F.);
#3019=ORIENTED_EDGE('',*,*,#3793,.F.);
#3020=ORIENTED_EDGE('',*,*,#3629,.F.);
#3021=ORIENTED_EDGE('',*,*,#3573,.F.);
#3022=ORIENTED_EDGE('',*,*,#4317,.T.);
#3023=ORIENTED_EDGE('',*,*,#3856,.F.);
#3024=ORIENTED_EDGE('',*,*,#4318,.T.);
#3025=ORIENTED_EDGE('',*,*,#3980,.F.);
#3026=ORIENTED_EDGE('',*,*,#4040,.F.);
#3027=ORIENTED_EDGE('',*,*,#4046,.F.);
#3028=ORIENTED_EDGE('',*,*,#3784,.F.);
#3029=ORIENTED_EDGE('',*,*,#4319,.T.);
#3030=ORIENTED_EDGE('',*,*,#4320,.T.);
#3031=ORIENTED_EDGE('',*,*,#4321,.T.);
#3032=ORIENTED_EDGE('',*,*,#3571,.F.);
#3033=ORIENTED_EDGE('',*,*,#3635,.F.);
#3034=ORIENTED_EDGE('',*,*,#3788,.F.);
#3035=ORIENTED_EDGE('',*,*,#4240,.F.);
#3036=ORIENTED_EDGE('',*,*,#4249,.F.);
#3037=ORIENTED_EDGE('',*,*,#4246,.F.);
#3038=ORIENTED_EDGE('',*,*,#3978,.F.);
#3039=ORIENTED_EDGE('',*,*,#4322,.T.);
#3040=ORIENTED_EDGE('',*,*,#3932,.F.);
#3041=ORIENTED_EDGE('',*,*,#4038,.F.);
#3042=ORIENTED_EDGE('',*,*,#4041,.F.);
#3043=ORIENTED_EDGE('',*,*,#3724,.F.);
#3044=ORIENTED_EDGE('',*,*,#4022,.F.);
#3045=ORIENTED_EDGE('',*,*,#3689,.F.);
#3046=ORIENTED_EDGE('',*,*,#4020,.F.);
#3047=ORIENTED_EDGE('',*,*,#3726,.F.);
#3048=ORIENTED_EDGE('',*,*,#4021,.F.);
#3049=ORIENTED_EDGE('',*,*,#3698,.F.);
#3050=ORIENTED_EDGE('',*,*,#4016,.F.);
#3051=ORIENTED_EDGE('',*,*,#3728,.F.);
#3052=ORIENTED_EDGE('',*,*,#4017,.F.);
#3053=ORIENTED_EDGE('',*,*,#3696,.F.);
#3054=ORIENTED_EDGE('',*,*,#4014,.F.);
#3055=ORIENTED_EDGE('',*,*,#3730,.F.);
#3056=ORIENTED_EDGE('',*,*,#4015,.F.);
#3057=ORIENTED_EDGE('',*,*,#3694,.F.);
#3058=ORIENTED_EDGE('',*,*,#4018,.F.);
#3059=ORIENTED_EDGE('',*,*,#3737,.F.);
#3060=ORIENTED_EDGE('',*,*,#4010,.F.);
#3061=ORIENTED_EDGE('',*,*,#3670,.F.);
#3062=ORIENTED_EDGE('',*,*,#4012,.F.);
#3063=ORIENTED_EDGE('',*,*,#3739,.F.);
#3064=ORIENTED_EDGE('',*,*,#4013,.F.);
#3065=ORIENTED_EDGE('',*,*,#3676,.F.);
#3066=ORIENTED_EDGE('',*,*,#4008,.F.);
#3067=ORIENTED_EDGE('',*,*,#3741,.F.);
#3068=ORIENTED_EDGE('',*,*,#4009,.F.);
#3069=ORIENTED_EDGE('',*,*,#3674,.F.);
#3070=ORIENTED_EDGE('',*,*,#4006,.F.);
#3071=ORIENTED_EDGE('',*,*,#3735,.F.);
#3072=ORIENTED_EDGE('',*,*,#4007,.F.);
#3073=ORIENTED_EDGE('',*,*,#3672,.F.);
#3074=ORIENTED_EDGE('',*,*,#4011,.F.);
#3075=ORIENTED_EDGE('',*,*,#3747,.F.);
#3076=ORIENTED_EDGE('',*,*,#4004,.F.);
#3077=ORIENTED_EDGE('',*,*,#3684,.F.);
#3078=ORIENTED_EDGE('',*,*,#4000,.F.);
#3079=ORIENTED_EDGE('',*,*,#3749,.F.);
#3080=ORIENTED_EDGE('',*,*,#4001,.F.);
#3081=ORIENTED_EDGE('',*,*,#3682,.F.);
#3082=ORIENTED_EDGE('',*,*,#3998,.F.);
#3083=ORIENTED_EDGE('',*,*,#3743,.F.);
#3084=ORIENTED_EDGE('',*,*,#3999,.F.);
#3085=ORIENTED_EDGE('',*,*,#3680,.F.);
#3086=ORIENTED_EDGE('',*,*,#4002,.F.);
#3087=ORIENTED_EDGE('',*,*,#3745,.F.);
#3088=ORIENTED_EDGE('',*,*,#4003,.F.);
#3089=ORIENTED_EDGE('',*,*,#3678,.F.);
#3090=ORIENTED_EDGE('',*,*,#4005,.F.);
#3091=ORIENTED_EDGE('',*,*,#3764,.F.);
#3092=ORIENTED_EDGE('',*,*,#4029,.F.);
#3093=ORIENTED_EDGE('',*,*,#3663,.F.);
#3094=ORIENTED_EDGE('',*,*,#4033,.F.);
#3095=ORIENTED_EDGE('',*,*,#3756,.F.);
#3096=ORIENTED_EDGE('',*,*,#4034,.F.);
#3097=ORIENTED_EDGE('',*,*,#3661,.F.);
#3098=ORIENTED_EDGE('',*,*,#4031,.F.);
#3099=ORIENTED_EDGE('',*,*,#3758,.F.);
#3100=ORIENTED_EDGE('',*,*,#4032,.F.);
#3101=ORIENTED_EDGE('',*,*,#3659,.F.);
#3102=ORIENTED_EDGE('',*,*,#4025,.F.);
#3103=ORIENTED_EDGE('',*,*,#3760,.F.);
#3104=ORIENTED_EDGE('',*,*,#4026,.F.);
#3105=ORIENTED_EDGE('',*,*,#3667,.F.);
#3106=ORIENTED_EDGE('',*,*,#4027,.F.);
#3107=ORIENTED_EDGE('',*,*,#3762,.F.);
#3108=ORIENTED_EDGE('',*,*,#4028,.F.);
#3109=ORIENTED_EDGE('',*,*,#3665,.F.);
#3110=ORIENTED_EDGE('',*,*,#4030,.F.);
#3111=ORIENTED_EDGE('',*,*,#4323,.F.);
#3112=ORIENTED_EDGE('',*,*,#4321,.F.);
#3113=ORIENTED_EDGE('',*,*,#4324,.F.);
#3114=ORIENTED_EDGE('',*,*,#3977,.F.);
#3115=ORIENTED_EDGE('',*,*,#4324,.T.);
#3116=ORIENTED_EDGE('',*,*,#4320,.F.);
#3117=ORIENTED_EDGE('',*,*,#4325,.F.);
#3118=ORIENTED_EDGE('',*,*,#4322,.F.);
#3119=ORIENTED_EDGE('',*,*,#4323,.T.);
#3120=ORIENTED_EDGE('',*,*,#3976,.F.);
#3121=ORIENTED_EDGE('',*,*,#4326,.F.);
#3122=ORIENTED_EDGE('',*,*,#3572,.F.);
#3123=ORIENTED_EDGE('',*,*,#4325,.T.);
#3124=ORIENTED_EDGE('',*,*,#4319,.F.);
#3125=ORIENTED_EDGE('',*,*,#4327,.F.);
#3126=ORIENTED_EDGE('',*,*,#3933,.F.);
#3127=ORIENTED_EDGE('',*,*,#4326,.T.);
#3128=ORIENTED_EDGE('',*,*,#3981,.F.);
#3129=ORIENTED_EDGE('',*,*,#4328,.F.);
#3130=ORIENTED_EDGE('',*,*,#4317,.F.);
#3131=ORIENTED_EDGE('',*,*,#4327,.T.);
#3132=ORIENTED_EDGE('',*,*,#3783,.F.);
#3133=ORIENTED_EDGE('',*,*,#4329,.F.);
#3134=ORIENTED_EDGE('',*,*,#3934,.F.);
#3135=ORIENTED_EDGE('',*,*,#4328,.T.);
#3136=ORIENTED_EDGE('',*,*,#4318,.F.);
#3137=ORIENTED_EDGE('',*,*,#4330,.F.);
#3138=ORIENTED_EDGE('',*,*,#4315,.F.);
#3139=ORIENTED_EDGE('',*,*,#4329,.T.);
#3140=ORIENTED_EDGE('',*,*,#4312,.F.);
#3141=ORIENTED_EDGE('',*,*,#4331,.F.);
#3142=ORIENTED_EDGE('',*,*,#3935,.F.);
#3143=ORIENTED_EDGE('',*,*,#4330,.T.);
#3144=ORIENTED_EDGE('',*,*,#3855,.F.);
#3145=ORIENTED_EDGE('',*,*,#4332,.F.);
#3146=ORIENTED_EDGE('',*,*,#4316,.F.);
#3147=ORIENTED_EDGE('',*,*,#4331,.T.);
#3148=ORIENTED_EDGE('',*,*,#4311,.F.);
#3149=ORIENTED_EDGE('',*,*,#4333,.F.);
#3150=ORIENTED_EDGE('',*,*,#4314,.F.);
#3151=ORIENTED_EDGE('',*,*,#4332,.T.);
#3152=ORIENTED_EDGE('',*,*,#3854,.F.);
#3153=ORIENTED_EDGE('',*,*,#4334,.F.);
#3154=ORIENTED_EDGE('',*,*,#3791,.F.);
#3155=ORIENTED_EDGE('',*,*,#4333,.T.);
#3156=ORIENTED_EDGE('',*,*,#4313,.F.);
#3157=ORIENTED_EDGE('',*,*,#4335,.F.);
#3158=ORIENTED_EDGE('',*,*,#3520,.F.);
#3159=ORIENTED_EDGE('',*,*,#4334,.T.);
#3160=ORIENTED_EDGE('',*,*,#3853,.F.);
#3161=ORIENTED_EDGE('',*,*,#4336,.F.);
#3162=ORIENTED_EDGE('',*,*,#4307,.F.);
#3163=ORIENTED_EDGE('',*,*,#4335,.T.);
#3164=ORIENTED_EDGE('',*,*,#3686,.F.);
#3165=ORIENTED_EDGE('',*,*,#4337,.F.);
#3166=ORIENTED_EDGE('',*,*,#3515,.F.);
#3167=ORIENTED_EDGE('',*,*,#4336,.T.);
#3168=ORIENTED_EDGE('',*,*,#4310,.F.);
#3169=ORIENTED_EDGE('',*,*,#4338,.F.);
#3170=ORIENTED_EDGE('',*,*,#4308,.F.);
#3171=ORIENTED_EDGE('',*,*,#4337,.T.);
#3172=ORIENTED_EDGE('',*,*,#4309,.F.);
#3173=ORIENTED_EDGE('',*,*,#4338,.T.);
#3174=ORIENTED_EDGE('',*,*,#3516,.F.);
#3175=ORIENTED_EDGE('',*,*,#4339,.F.);
#3176=ORIENTED_EDGE('',*,*,#4126,.F.);
#3177=ORIENTED_EDGE('',*,*,#4340,.F.);
#3178=ORIENTED_EDGE('',*,*,#4120,.F.);
#3179=ORIENTED_EDGE('',*,*,#4340,.T.);
#3180=ORIENTED_EDGE('',*,*,#4116,.F.);
#3181=ORIENTED_EDGE('',*,*,#4341,.F.);
#3182=ORIENTED_EDGE('',*,*,#4121,.F.);
#3183=ORIENTED_EDGE('',*,*,#4339,.T.);
#3184=ORIENTED_EDGE('',*,*,#4119,.F.);
#3185=ORIENTED_EDGE('',*,*,#4342,.F.);
#3186=ORIENTED_EDGE('',*,*,#4123,.F.);
#3187=ORIENTED_EDGE('',*,*,#4341,.T.);
#3188=ORIENTED_EDGE('',*,*,#4125,.F.);
#3189=ORIENTED_EDGE('',*,*,#4342,.T.);
#3190=ORIENTED_EDGE('',*,*,#4118,.F.);
#3191=ORIENTED_EDGE('',*,*,#4343,.F.);
#3192=ORIENTED_EDGE('',*,*,#4133,.F.);
#3193=ORIENTED_EDGE('',*,*,#4344,.F.);
#3194=ORIENTED_EDGE('',*,*,#4138,.F.);
#3195=ORIENTED_EDGE('',*,*,#4344,.T.);
#3196=ORIENTED_EDGE('',*,*,#4136,.F.);
#3197=ORIENTED_EDGE('',*,*,#4345,.F.);
#3198=ORIENTED_EDGE('',*,*,#4128,.F.);
#3199=ORIENTED_EDGE('',*,*,#4343,.T.);
#3200=ORIENTED_EDGE('',*,*,#4131,.F.);
#3201=ORIENTED_EDGE('',*,*,#4346,.F.);
#3202=ORIENTED_EDGE('',*,*,#4134,.F.);
#3203=ORIENTED_EDGE('',*,*,#4345,.T.);
#3204=ORIENTED_EDGE('',*,*,#4135,.F.);
#3205=ORIENTED_EDGE('',*,*,#4346,.T.);
#3206=ORIENTED_EDGE('',*,*,#4137,.F.);
#3207=ORIENTED_EDGE('',*,*,#4347,.F.);
#3208=ORIENTED_EDGE('',*,*,#4106,.F.);
#3209=ORIENTED_EDGE('',*,*,#4348,.F.);
#3210=ORIENTED_EDGE('',*,*,#4114,.F.);
#3211=ORIENTED_EDGE('',*,*,#4348,.T.);
#3212=ORIENTED_EDGE('',*,*,#4109,.F.);
#3213=ORIENTED_EDGE('',*,*,#4349,.F.);
#3214=ORIENTED_EDGE('',*,*,#4104,.F.);
#3215=ORIENTED_EDGE('',*,*,#4347,.T.);
#3216=ORIENTED_EDGE('',*,*,#4111,.F.);
#3217=ORIENTED_EDGE('',*,*,#4350,.F.);
#3218=ORIENTED_EDGE('',*,*,#4107,.F.);
#3219=ORIENTED_EDGE('',*,*,#4349,.T.);
#3220=ORIENTED_EDGE('',*,*,#4108,.F.);
#3221=ORIENTED_EDGE('',*,*,#4350,.T.);
#3222=ORIENTED_EDGE('',*,*,#4113,.F.);
#3223=ORIENTED_EDGE('',*,*,#4351,.F.);
#3224=ORIENTED_EDGE('',*,*,#4102,.F.);
#3225=ORIENTED_EDGE('',*,*,#4352,.F.);
#3226=ORIENTED_EDGE('',*,*,#4099,.F.);
#3227=ORIENTED_EDGE('',*,*,#4352,.T.);
#3228=ORIENTED_EDGE('',*,*,#4092,.F.);
#3229=ORIENTED_EDGE('',*,*,#4353,.F.);
#3230=ORIENTED_EDGE('',*,*,#4100,.F.);
#3231=ORIENTED_EDGE('',*,*,#4351,.T.);
#3232=ORIENTED_EDGE('',*,*,#4098,.F.);
#3233=ORIENTED_EDGE('',*,*,#4354,.F.);
#3234=ORIENTED_EDGE('',*,*,#4095,.F.);
#3235=ORIENTED_EDGE('',*,*,#4353,.T.);
#3236=ORIENTED_EDGE('',*,*,#4101,.F.);
#3237=ORIENTED_EDGE('',*,*,#4354,.T.);
#3238=ORIENTED_EDGE('',*,*,#4097,.F.);
#3239=ORIENTED_EDGE('',*,*,#4218,.F.);
#3240=ORIENTED_EDGE('',*,*,#4213,.F.);
#3241=ORIENTED_EDGE('',*,*,#3643,.F.);
#3242=ORIENTED_EDGE('',*,*,#4216,.F.);
#3243=ORIENTED_EDGE('',*,*,#4224,.F.);
#3244=ORIENTED_EDGE('',*,*,#4221,.F.);
#3245=ORIENTED_EDGE('',*,*,#3640,.F.);
#3246=ORIENTED_EDGE('',*,*,#4220,.F.);
#3247=ORIENTED_EDGE('',*,*,#4255,.F.);
#3248=ORIENTED_EDGE('',*,*,#3766,.F.);
#3249=ORIENTED_EDGE('',*,*,#4261,.F.);
#3250=ORIENTED_EDGE('',*,*,#4257,.F.);
#3251=ORIENTED_EDGE('',*,*,#4277,.F.);
#3252=ORIENTED_EDGE('',*,*,#4278,.F.);
#3253=ORIENTED_EDGE('',*,*,#4273,.F.);
#3254=ORIENTED_EDGE('',*,*,#3770,.F.);
#3255=ORIENTED_EDGE('',*,*,#4254,.F.);
#3256=ORIENTED_EDGE('',*,*,#4252,.F.);
#3257=ORIENTED_EDGE('',*,*,#4275,.F.);
#3258=ORIENTED_EDGE('',*,*,#3768,.F.);
#3259=ORIENTED_EDGE('',*,*,#4272,.F.);
#3260=ORIENTED_EDGE('',*,*,#4270,.F.);
#3261=ORIENTED_EDGE('',*,*,#4355,.F.);
#3262=ORIENTED_EDGE('',*,*,#3772,.F.);
#3263=ORIENTED_EDGE('',*,*,#4355,.T.);
#3264=ORIENTED_EDGE('',*,*,#4268,.F.);
#3265=ORIENTED_EDGE('',*,*,#4356,.F.);
#3266=ORIENTED_EDGE('',*,*,#3773,.F.);
#3267=ORIENTED_EDGE('',*,*,#4356,.T.);
#3268=ORIENTED_EDGE('',*,*,#4266,.F.);
#3269=ORIENTED_EDGE('',*,*,#4357,.F.);
#3270=ORIENTED_EDGE('',*,*,#3774,.F.);
#3271=ORIENTED_EDGE('',*,*,#4357,.T.);
#3272=ORIENTED_EDGE('',*,*,#4264,.F.);
#3273=ORIENTED_EDGE('',*,*,#4358,.F.);
#3274=ORIENTED_EDGE('',*,*,#3775,.F.);
#3275=ORIENTED_EDGE('',*,*,#4358,.T.);
#3276=ORIENTED_EDGE('',*,*,#4262,.F.);
#3277=ORIENTED_EDGE('',*,*,#4259,.F.);
#3278=ORIENTED_EDGE('',*,*,#3776,.F.);
#3279=ORIENTED_EDGE('',*,*,#4306,.F.);
#3280=ORIENTED_EDGE('',*,*,#4301,.F.);
#3281=ORIENTED_EDGE('',*,*,#4299,.F.);
#3282=ORIENTED_EDGE('',*,*,#3711,.F.);
#3283=ORIENTED_EDGE('',*,*,#4281,.F.);
#3284=ORIENTED_EDGE('',*,*,#3719,.F.);
#3285=ORIENTED_EDGE('',*,*,#4287,.F.);
#3286=ORIENTED_EDGE('',*,*,#4283,.F.);
#3287=ORIENTED_EDGE('',*,*,#4280,.F.);
#3288=ORIENTED_EDGE('',*,*,#4304,.F.);
#3289=ORIENTED_EDGE('',*,*,#4305,.F.);
#3290=ORIENTED_EDGE('',*,*,#3721,.F.);
#3291=ORIENTED_EDGE('',*,*,#4298,.F.);
#3292=ORIENTED_EDGE('',*,*,#4296,.F.);
#3293=ORIENTED_EDGE('',*,*,#4359,.F.);
#3294=ORIENTED_EDGE('',*,*,#3713,.F.);
#3295=ORIENTED_EDGE('',*,*,#4359,.T.);
#3296=ORIENTED_EDGE('',*,*,#4294,.F.);
#3297=ORIENTED_EDGE('',*,*,#4360,.F.);
#3298=ORIENTED_EDGE('',*,*,#3714,.F.);
#3299=ORIENTED_EDGE('',*,*,#4360,.T.);
#3300=ORIENTED_EDGE('',*,*,#4292,.F.);
#3301=ORIENTED_EDGE('',*,*,#4361,.F.);
#3302=ORIENTED_EDGE('',*,*,#3715,.F.);
#3303=ORIENTED_EDGE('',*,*,#4361,.T.);
#3304=ORIENTED_EDGE('',*,*,#4290,.F.);
#3305=ORIENTED_EDGE('',*,*,#4362,.F.);
#3306=ORIENTED_EDGE('',*,*,#3716,.F.);
#3307=ORIENTED_EDGE('',*,*,#4362,.T.);
#3308=ORIENTED_EDGE('',*,*,#4288,.F.);
#3309=ORIENTED_EDGE('',*,*,#4285,.F.);
#3310=ORIENTED_EDGE('',*,*,#3717,.F.);
#3311=ORIENTED_EDGE('',*,*,#3808,.F.);
#3312=ORIENTED_EDGE('',*,*,#3637,.F.);
#3313=ORIENTED_EDGE('',*,*,#3997,.F.);
#3314=ORIENTED_EDGE('',*,*,#3751,.F.);
#3315=ORIENTED_EDGE('',*,*,#4363,.F.);
#3316=ORIENTED_EDGE('',*,*,#3780,.F.);
#3317=ORIENTED_EDGE('',*,*,#4364,.F.);
#3318=ORIENTED_EDGE('',*,*,#4144,.F.);
#3319=ORIENTED_EDGE('',*,*,#4364,.T.);
#3320=ORIENTED_EDGE('',*,*,#3779,.F.);
#3321=ORIENTED_EDGE('',*,*,#4365,.F.);
#3322=ORIENTED_EDGE('',*,*,#4146,.F.);
#3323=ORIENTED_EDGE('',*,*,#4363,.T.);
#3324=ORIENTED_EDGE('',*,*,#4140,.F.);
#3325=ORIENTED_EDGE('',*,*,#4366,.F.);
#3326=ORIENTED_EDGE('',*,*,#3777,.F.);
#3327=ORIENTED_EDGE('',*,*,#4365,.T.);
#3328=ORIENTED_EDGE('',*,*,#3778,.F.);
#3329=ORIENTED_EDGE('',*,*,#4366,.T.);
#3330=ORIENTED_EDGE('',*,*,#4143,.F.);
#3331=ORIENTED_EDGE('',*,*,#3781,.F.);
#3332=ORIENTED_EDGE('',*,*,#4089,.F.);
#3333=ORIENTED_EDGE('',*,*,#4090,.F.);
#3334=ORIENTED_EDGE('',*,*,#3789,.F.);
#3335=ORIENTED_EDGE('',*,*,#4367,.F.);
#3336=ORIENTED_EDGE('',*,*,#3607,.F.);
#3337=ORIENTED_EDGE('',*,*,#3616,.T.);
#3338=ORIENTED_EDGE('',*,*,#3563,.T.);
#3339=ORIENTED_EDGE('',*,*,#4368,.T.);
#3340=ORIENTED_EDGE('',*,*,#3578,.F.);
#3341=ORIENTED_EDGE('',*,*,#4369,.F.);
#3342=ORIENTED_EDGE('',*,*,#3627,.F.);
#3343=ORIENTED_EDGE('',*,*,#4369,.T.);
#3344=ORIENTED_EDGE('',*,*,#3577,.F.);
#3345=ORIENTED_EDGE('',*,*,#4370,.F.);
#3346=ORIENTED_EDGE('',*,*,#3560,.T.);
#3347=ORIENTED_EDGE('',*,*,#3613,.T.);
#3348=ORIENTED_EDGE('',*,*,#3608,.F.);
#3349=ORIENTED_EDGE('',*,*,#4367,.T.);
#3350=ORIENTED_EDGE('',*,*,#3626,.F.);
#3351=ORIENTED_EDGE('',*,*,#3562,.T.);
#3352=ORIENTED_EDGE('',*,*,#4371,.T.);
#3353=ORIENTED_EDGE('',*,*,#3575,.F.);
#3354=ORIENTED_EDGE('',*,*,#4368,.F.);
#3355=ORIENTED_EDGE('',*,*,#4370,.T.);
#3356=ORIENTED_EDGE('',*,*,#3576,.T.);
#3357=ORIENTED_EDGE('',*,*,#4371,.F.);
#3358=ORIENTED_EDGE('',*,*,#3561,.F.);
#3359=ORIENTED_EDGE('',*,*,#3570,.T.);
#3360=ORIENTED_EDGE('',*,*,#4372,.T.);
#3361=ORIENTED_EDGE('',*,*,#3605,.F.);
#3362=ORIENTED_EDGE('',*,*,#4373,.F.);
#3363=ORIENTED_EDGE('',*,*,#3545,.T.);
#3364=ORIENTED_EDGE('',*,*,#4373,.T.);
#3365=ORIENTED_EDGE('',*,*,#3604,.F.);
#3366=ORIENTED_EDGE('',*,*,#4374,.F.);
#3367=ORIENTED_EDGE('',*,*,#3624,.T.);
#3368=ORIENTED_EDGE('',*,*,#4375,.T.);
#3369=ORIENTED_EDGE('',*,*,#3606,.T.);
#3370=ORIENTED_EDGE('',*,*,#4372,.F.);
#3371=ORIENTED_EDGE('',*,*,#3569,.F.);
#3372=ORIENTED_EDGE('',*,*,#4053,.F.);
#3373=ORIENTED_EDGE('',*,*,#4064,.F.);
#3374=ORIENTED_EDGE('',*,*,#4376,.T.);
#3375=ORIENTED_EDGE('',*,*,#4376,.F.);
#3376=ORIENTED_EDGE('',*,*,#4063,.T.);
#3377=ORIENTED_EDGE('',*,*,#3618,.F.);
#3378=ORIENTED_EDGE('',*,*,#3546,.T.);
#3379=ORIENTED_EDGE('',*,*,#4374,.T.);
#3380=ORIENTED_EDGE('',*,*,#3603,.F.);
#3381=ORIENTED_EDGE('',*,*,#4375,.F.);
#3382=ORIENTED_EDGE('',*,*,#3623,.F.);
#3383=ORIENTED_EDGE('',*,*,#3543,.T.);
#3384=ORIENTED_EDGE('',*,*,#4377,.T.);
#3385=ORIENTED_EDGE('',*,*,#3582,.F.);
#3386=ORIENTED_EDGE('',*,*,#4378,.F.);
#3387=ORIENTED_EDGE('',*,*,#3544,.T.);
#3388=ORIENTED_EDGE('',*,*,#4378,.T.);
#3389=ORIENTED_EDGE('',*,*,#3581,.F.);
#3390=ORIENTED_EDGE('',*,*,#4379,.F.);
#3391=ORIENTED_EDGE('',*,*,#3542,.T.);
#3392=ORIENTED_EDGE('',*,*,#4380,.T.);
#3393=ORIENTED_EDGE('',*,*,#3579,.F.);
#3394=ORIENTED_EDGE('',*,*,#4377,.F.);
#3395=ORIENTED_EDGE('',*,*,#4379,.T.);
#3396=ORIENTED_EDGE('',*,*,#3580,.T.);
#3397=ORIENTED_EDGE('',*,*,#4380,.F.);
#3398=ORIENTED_EDGE('',*,*,#3541,.F.);
#3399=ORIENTED_EDGE('',*,*,#4381,.T.);
#3400=ORIENTED_EDGE('',*,*,#3584,.T.);
#3401=ORIENTED_EDGE('',*,*,#4382,.F.);
#3402=ORIENTED_EDGE('',*,*,#3537,.F.);
#3403=ORIENTED_EDGE('',*,*,#3538,.T.);
#3404=ORIENTED_EDGE('',*,*,#4382,.T.);
#3405=ORIENTED_EDGE('',*,*,#3583,.F.);
#3406=ORIENTED_EDGE('',*,*,#4383,.F.);
#3407=ORIENTED_EDGE('',*,*,#3540,.T.);
#3408=ORIENTED_EDGE('',*,*,#4384,.T.);
#3409=ORIENTED_EDGE('',*,*,#3585,.F.);
#3410=ORIENTED_EDGE('',*,*,#4381,.F.);
#3411=ORIENTED_EDGE('',*,*,#3539,.T.);
#3412=ORIENTED_EDGE('',*,*,#4383,.T.);
#3413=ORIENTED_EDGE('',*,*,#3586,.F.);
#3414=ORIENTED_EDGE('',*,*,#4384,.F.);
#3415=ORIENTED_EDGE('',*,*,#3535,.T.);
#3416=ORIENTED_EDGE('',*,*,#4385,.T.);
#3417=ORIENTED_EDGE('',*,*,#3590,.F.);
#3418=ORIENTED_EDGE('',*,*,#4386,.F.);
#3419=ORIENTED_EDGE('',*,*,#3536,.T.);
#3420=ORIENTED_EDGE('',*,*,#4386,.T.);
#3421=ORIENTED_EDGE('',*,*,#3589,.F.);
#3422=ORIENTED_EDGE('',*,*,#4387,.F.);
#3423=ORIENTED_EDGE('',*,*,#3534,.T.);
#3424=ORIENTED_EDGE('',*,*,#4388,.T.);
#3425=ORIENTED_EDGE('',*,*,#3587,.F.);
#3426=ORIENTED_EDGE('',*,*,#4385,.F.);
#3427=ORIENTED_EDGE('',*,*,#4387,.T.);
#3428=ORIENTED_EDGE('',*,*,#3588,.T.);
#3429=ORIENTED_EDGE('',*,*,#4388,.F.);
#3430=ORIENTED_EDGE('',*,*,#3533,.F.);
#3431=ORIENTED_EDGE('',*,*,#3531,.T.);
#3432=ORIENTED_EDGE('',*,*,#4389,.T.);
#3433=ORIENTED_EDGE('',*,*,#3594,.F.);
#3434=ORIENTED_EDGE('',*,*,#4390,.F.);
#3435=ORIENTED_EDGE('',*,*,#3532,.T.);
#3436=ORIENTED_EDGE('',*,*,#4390,.T.);
#3437=ORIENTED_EDGE('',*,*,#3593,.F.);
#3438=ORIENTED_EDGE('',*,*,#4391,.F.);
#3439=ORIENTED_EDGE('',*,*,#3530,.T.);
#3440=ORIENTED_EDGE('',*,*,#4392,.T.);
#3441=ORIENTED_EDGE('',*,*,#3591,.F.);
#3442=ORIENTED_EDGE('',*,*,#4389,.F.);
#3443=ORIENTED_EDGE('',*,*,#4391,.T.);
#3444=ORIENTED_EDGE('',*,*,#3592,.T.);
#3445=ORIENTED_EDGE('',*,*,#4392,.F.);
#3446=ORIENTED_EDGE('',*,*,#3529,.F.);
#3447=ORIENTED_EDGE('',*,*,#4393,.T.);
#3448=ORIENTED_EDGE('',*,*,#3596,.T.);
#3449=ORIENTED_EDGE('',*,*,#4394,.F.);
#3450=ORIENTED_EDGE('',*,*,#3525,.F.);
#3451=ORIENTED_EDGE('',*,*,#3526,.T.);
#3452=ORIENTED_EDGE('',*,*,#4394,.T.);
#3453=ORIENTED_EDGE('',*,*,#3595,.F.);
#3454=ORIENTED_EDGE('',*,*,#4395,.F.);
#3455=ORIENTED_EDGE('',*,*,#3528,.T.);
#3456=ORIENTED_EDGE('',*,*,#4396,.T.);
#3457=ORIENTED_EDGE('',*,*,#3597,.F.);
#3458=ORIENTED_EDGE('',*,*,#4393,.F.);
#3459=ORIENTED_EDGE('',*,*,#3527,.T.);
#3460=ORIENTED_EDGE('',*,*,#4395,.T.);
#3461=ORIENTED_EDGE('',*,*,#3598,.F.);
#3462=ORIENTED_EDGE('',*,*,#4396,.F.);
#3463=ORIENTED_EDGE('',*,*,#3523,.T.);
#3464=ORIENTED_EDGE('',*,*,#4397,.T.);
#3465=ORIENTED_EDGE('',*,*,#3602,.F.);
#3466=ORIENTED_EDGE('',*,*,#4398,.F.);
#3467=ORIENTED_EDGE('',*,*,#3524,.T.);
#3468=ORIENTED_EDGE('',*,*,#4398,.T.);
#3469=ORIENTED_EDGE('',*,*,#3601,.F.);
#3470=ORIENTED_EDGE('',*,*,#4399,.F.);
#3471=ORIENTED_EDGE('',*,*,#3522,.T.);
#3472=ORIENTED_EDGE('',*,*,#4400,.T.);
#3473=ORIENTED_EDGE('',*,*,#3599,.F.);
#3474=ORIENTED_EDGE('',*,*,#4397,.F.);
#3475=ORIENTED_EDGE('',*,*,#4399,.T.);
#3476=ORIENTED_EDGE('',*,*,#3600,.T.);
#3477=ORIENTED_EDGE('',*,*,#4400,.F.);
#3478=ORIENTED_EDGE('',*,*,#3521,.F.);
#3479=ORIENTED_EDGE('',*,*,#4401,.T.);
#3480=ORIENTED_EDGE('',*,*,#4402,.T.);
#3481=ORIENTED_EDGE('',*,*,#4403,.T.);
#3482=ORIENTED_EDGE('',*,*,#4404,.F.);
#3483=ORIENTED_EDGE('',*,*,#4402,.F.);
#3484=ORIENTED_EDGE('',*,*,#4404,.T.);
#3485=ORIENTED_EDGE('',*,*,#4405,.T.);
#3486=ORIENTED_EDGE('',*,*,#4406,.F.);
#3487=ORIENTED_EDGE('',*,*,#4407,.T.);
#3488=ORIENTED_EDGE('',*,*,#4408,.F.);
#3489=ORIENTED_EDGE('',*,*,#4409,.F.);
#3490=ORIENTED_EDGE('',*,*,#4406,.T.);
#3491=ORIENTED_EDGE('',*,*,#4410,.F.);
#3492=ORIENTED_EDGE('',*,*,#4411,.F.);
#3493=ORIENTED_EDGE('',*,*,#4412,.T.);
#3494=ORIENTED_EDGE('',*,*,#4409,.T.);
#3495=ORIENTED_EDGE('',*,*,#4413,.F.);
#3496=ORIENTED_EDGE('',*,*,#4414,.F.);
#3497=ORIENTED_EDGE('',*,*,#4410,.T.);
#3498=ORIENTED_EDGE('',*,*,#4408,.T.);
#3499=ORIENTED_EDGE('',*,*,#4415,.F.);
#3500=ORIENTED_EDGE('',*,*,#4416,.F.);
#3501=ORIENTED_EDGE('',*,*,#4413,.T.);
#3502=ORIENTED_EDGE('',*,*,#4407,.F.);
#3503=ORIENTED_EDGE('',*,*,#4412,.F.);
#3504=ORIENTED_EDGE('',*,*,#4417,.T.);
#3505=ORIENTED_EDGE('',*,*,#4415,.T.);
#3506=ORIENTED_EDGE('',*,*,#4411,.T.);
#3507=ORIENTED_EDGE('',*,*,#4414,.T.);
#3508=ORIENTED_EDGE('',*,*,#4416,.T.);
#3509=ORIENTED_EDGE('',*,*,#4417,.F.);
#3510=ORIENTED_EDGE('',*,*,#4405,.F.);
#3511=ORIENTED_EDGE('',*,*,#4403,.F.);
#3512=ORIENTED_EDGE('',*,*,#4401,.F.);
#3513=ORIENTED_EDGE('',*,*,#3514,.F.);
#3514=EDGE_CURVE('',#4418,#4418,#5014,.T.);
#3515=EDGE_CURVE('',#4419,#4420,#302,.F.);
#3516=EDGE_CURVE('',#4420,#4421,#262,.F.);
#3517=EDGE_CURVE('',#4421,#4422,#303,.F.);
#3518=EDGE_CURVE('',#4422,#4423,#304,.F.);
#3519=EDGE_CURVE('',#4423,#4424,#305,.F.);
#3520=EDGE_CURVE('',#4424,#4419,#263,.F.);
#3521=EDGE_CURVE('',#4425,#4426,#306,.T.);
#3522=EDGE_CURVE('',#4427,#4426,#120,.T.);
#3523=EDGE_CURVE('',#4428,#4427,#307,.T.);
#3524=EDGE_CURVE('',#4425,#4428,#121,.T.);
#3525=EDGE_CURVE('',#4429,#4430,#308,.T.);
#3526=EDGE_CURVE('',#4431,#4430,#122,.T.);
#3527=EDGE_CURVE('',#4432,#4431,#309,.T.);
#3528=EDGE_CURVE('',#4429,#4432,#123,.T.);
#3529=EDGE_CURVE('',#4433,#4434,#310,.T.);
#3530=EDGE_CURVE('',#4435,#4434,#124,.T.);
#3531=EDGE_CURVE('',#4436,#4435,#311,.T.);
#3532=EDGE_CURVE('',#4433,#4436,#125,.T.);
#3533=EDGE_CURVE('',#4437,#4438,#312,.T.);
#3534=EDGE_CURVE('',#4439,#4438,#126,.T.);
#3535=EDGE_CURVE('',#4440,#4439,#313,.T.);
#3536=EDGE_CURVE('',#4437,#4440,#127,.T.);
#3537=EDGE_CURVE('',#4441,#4442,#314,.T.);
#3538=EDGE_CURVE('',#4443,#4442,#128,.T.);
#3539=EDGE_CURVE('',#4444,#4443,#315,.T.);
#3540=EDGE_CURVE('',#4441,#4444,#129,.T.);
#3541=EDGE_CURVE('',#4445,#4446,#316,.T.);
#3542=EDGE_CURVE('',#4447,#4446,#130,.T.);
#3543=EDGE_CURVE('',#4448,#4447,#317,.T.);
#3544=EDGE_CURVE('',#4445,#4448,#131,.T.);
#3545=EDGE_CURVE('',#4449,#4450,#318,.T.);
#3546=EDGE_CURVE('',#4451,#4449,#132,.T.);
#3547=EDGE_CURVE('',#4452,#4451,#319,.T.);
#3548=EDGE_CURVE('',#4452,#4453,#320,.T.);
#3549=EDGE_CURVE('',#4454,#4453,#321,.F.);
#3550=EDGE_CURVE('',#4455,#4454,#322,.T.);
#3551=EDGE_CURVE('',#4455,#4456,#323,.T.);
#3552=EDGE_CURVE('',#4456,#4457,#324,.T.);
#3553=EDGE_CURVE('',#4458,#4457,#325,.T.);
#3554=EDGE_CURVE('',#4459,#4458,#326,.T.);
#3555=EDGE_CURVE('',#4459,#4460,#327,.T.);
#3556=EDGE_CURVE('',#4460,#4461,#328,.T.);
#3557=EDGE_CURVE('',#4461,#4462,#329,.T.);
#3558=EDGE_CURVE('',#4462,#4463,#330,.T.);
#3559=EDGE_CURVE('',#4463,#4464,#331,.T.);
#3560=EDGE_CURVE('',#4465,#4464,#133,.T.);
#3561=EDGE_CURVE('',#4465,#4466,#332,.T.);
#3562=EDGE_CURVE('',#4467,#4466,#134,.T.);
#3563=EDGE_CURVE('',#4468,#4467,#333,.T.);
#3564=EDGE_CURVE('',#4468,#4469,#334,.T.);
#3565=EDGE_CURVE('',#4470,#4469,#335,.T.);
#3566=EDGE_CURVE('',#4470,#4471,#336,.T.);
#3567=EDGE_CURVE('',#4471,#4472,#337,.T.);
#3568=EDGE_CURVE('',#4472,#4473,#338,.T.);
#3569=EDGE_CURVE('',#4473,#4474,#339,.T.);
#3570=EDGE_CURVE('',#4450,#4474,#135,.T.);
#3571=EDGE_CURVE('',#4475,#4476,#340,.T.);
#3572=EDGE_CURVE('',#4476,#4477,#341,.F.);
#3573=EDGE_CURVE('',#4477,#4478,#342,.F.);
#3574=EDGE_CURVE('',#4478,#4475,#343,.T.);
#3575=EDGE_CURVE('',#4479,#4480,#136,.T.);
#3576=EDGE_CURVE('',#4481,#4480,#344,.T.);
#3577=EDGE_CURVE('',#4481,#4482,#137,.T.);
#3578=EDGE_CURVE('',#4482,#4479,#345,.T.);
#3579=EDGE_CURVE('',#4483,#4484,#138,.T.);
#3580=EDGE_CURVE('',#4485,#4484,#346,.T.);
#3581=EDGE_CURVE('',#4485,#4486,#139,.T.);
#3582=EDGE_CURVE('',#4486,#4483,#347,.T.);
#3583=EDGE_CURVE('',#4487,#4488,#140,.T.);
#3584=EDGE_CURVE('',#4489,#4488,#348,.T.);
#3585=EDGE_CURVE('',#4489,#4490,#141,.T.);
#3586=EDGE_CURVE('',#4490,#4487,#349,.T.);
#3587=EDGE_CURVE('',#4491,#4492,#142,.T.);
#3588=EDGE_CURVE('',#4493,#4492,#350,.T.);
#3589=EDGE_CURVE('',#4493,#4494,#143,.T.);
#3590=EDGE_CURVE('',#4494,#4491,#351,.T.);
#3591=EDGE_CURVE('',#4495,#4496,#144,.T.);
#3592=EDGE_CURVE('',#4497,#4496,#352,.T.);
#3593=EDGE_CURVE('',#4497,#4498,#145,.T.);
#3594=EDGE_CURVE('',#4498,#4495,#353,.T.);
#3595=EDGE_CURVE('',#4499,#4500,#146,.T.);
#3596=EDGE_CURVE('',#4501,#4500,#354,.T.);
#3597=EDGE_CURVE('',#4501,#4502,#147,.T.);
#3598=EDGE_CURVE('',#4502,#4499,#355,.T.);
#3599=EDGE_CURVE('',#4503,#4504,#148,.T.);
#3600=EDGE_CURVE('',#4505,#4504,#356,.T.);
#3601=EDGE_CURVE('',#4505,#4506,#149,.T.);
#3602=EDGE_CURVE('',#4506,#4503,#357,.T.);
#3603=EDGE_CURVE('',#4507,#4508,#150,.T.);
#3604=EDGE_CURVE('',#4508,#4509,#358,.T.);
#3605=EDGE_CURVE('',#4509,#4510,#151,.T.);
#3606=EDGE_CURVE('',#4507,#4510,#359,.T.);
#3607=EDGE_CURVE('',#4511,#4512,#360,.T.);
#3608=EDGE_CURVE('',#4512,#4513,#152,.T.);
#3609=EDGE_CURVE('',#4514,#4513,#361,.T.);
#3610=EDGE_CURVE('',#4515,#4514,#362,.T.);
#3611=EDGE_CURVE('',#4515,#4516,#363,.T.);
#3612=EDGE_CURVE('',#4516,#4511,#364,.T.);
#3613=EDGE_CURVE('',#4464,#4513,#365,.F.);
#3614=EDGE_CURVE('',#4463,#4517,#366,.T.);
#3615=EDGE_CURVE('',#4517,#4514,#367,.T.);
#3616=EDGE_CURVE('',#4511,#4468,#368,.T.);
#3617=EDGE_CURVE('',#4469,#4516,#369,.T.);
#3618=EDGE_CURVE('',#4451,#4518,#370,.F.);
#3619=EDGE_CURVE('',#4519,#4518,#371,.T.);
#3620=EDGE_CURVE('',#4520,#4519,#372,.F.);
#3621=EDGE_CURVE('',#4452,#4520,#373,.T.);
#3622=EDGE_CURVE('',#4521,#4521,#153,.T.);
#3623=EDGE_CURVE('',#4522,#4523,#5015,.T.);
#3624=EDGE_CURVE('',#4522,#4523,#154,.T.);
#3625=EDGE_CURVE('',#4524,#4524,#155,.T.);
#3626=EDGE_CURVE('',#4525,#4526,#5016,.T.);
#3627=EDGE_CURVE('',#4526,#4525,#156,.T.);
#3628=EDGE_CURVE('',#4527,#4527,#157,.F.);
#3629=EDGE_CURVE('',#4478,#4528,#158,.T.);
#3630=EDGE_CURVE('',#4529,#4528,#374,.T.);
#3631=EDGE_CURVE('',#4529,#4530,#159,.T.);
#3632=EDGE_CURVE('',#4530,#4531,#375,.T.);
#3633=EDGE_CURVE('',#4531,#4532,#160,.T.);
#3634=EDGE_CURVE('',#4532,#4533,#376,.T.);
#3635=EDGE_CURVE('',#4533,#4475,#161,.T.);
#3636=EDGE_CURVE('',#4534,#4535,#377,.T.);
#3637=EDGE_CURVE('',#4534,#4536,#378,.T.);
#3638=EDGE_CURVE('',#4536,#4537,#379,.T.);
#3639=EDGE_CURVE('',#4538,#4537,#380,.T.);
#3640=EDGE_CURVE('',#4538,#4539,#162,.T.);
#3641=EDGE_CURVE('',#4539,#4458,#381,.T.);
#3642=EDGE_CURVE('',#4540,#4457,#382,.T.);
#3643=EDGE_CURVE('',#4540,#4541,#163,.T.);
#3644=EDGE_CURVE('',#4541,#4535,#383,.T.);
#3645=EDGE_CURVE('',#4542,#4542,#164,.T.);
#3646=EDGE_CURVE('',#4543,#4544,#384,.T.);
#3647=EDGE_CURVE('',#4544,#4545,#385,.T.);
#3648=EDGE_CURVE('',#4545,#4546,#386,.T.);
#3649=EDGE_CURVE('',#4547,#4546,#387,.T.);
#3650=EDGE_CURVE('',#4548,#4547,#165,.T.);
#3651=EDGE_CURVE('',#4548,#4549,#388,.T.);
#3652=EDGE_CURVE('',#4550,#4549,#166,.T.);
#3653=EDGE_CURVE('',#4551,#4550,#389,.T.);
#3654=EDGE_CURVE('',#4552,#4551,#390,.T.);
#3655=EDGE_CURVE('',#4553,#4552,#391,.T.);
#3656=EDGE_CURVE('',#4554,#4553,#392,.T.);
#3657=EDGE_CURVE('',#4543,#4554,#393,.T.);
#3658=EDGE_CURVE('',#4555,#4556,#394,.T.);
#3659=EDGE_CURVE('',#4555,#4557,#167,.F.);
#3660=EDGE_CURVE('',#4557,#4558,#395,.T.);
#3661=EDGE_CURVE('',#4558,#4559,#168,.F.);
#3662=EDGE_CURVE('',#4560,#4559,#396,.T.);
#3663=EDGE_CURVE('',#4560,#4561,#169,.F.);
#3664=EDGE_CURVE('',#4562,#4561,#397,.T.);
#3665=EDGE_CURVE('',#4562,#4563,#170,.F.);
#3666=EDGE_CURVE('',#4563,#4564,#398,.T.);
#3667=EDGE_CURVE('',#4564,#4556,#171,.F.);
#3668=EDGE_CURVE('',#4565,#4565,#172,.T.);
#3669=EDGE_CURVE('',#4566,#4567,#399,.T.);
#3670=EDGE_CURVE('',#4566,#4568,#173,.F.);
#3671=EDGE_CURVE('',#4568,#4569,#400,.T.);
#3672=EDGE_CURVE('',#4569,#4570,#174,.F.);
#3673=EDGE_CURVE('',#4570,#4571,#401,.T.);
#3674=EDGE_CURVE('',#4571,#4572,#175,.F.);
#3675=EDGE_CURVE('',#4573,#4572,#402,.T.);
#3676=EDGE_CURVE('',#4573,#4567,#176,.F.);
#3677=EDGE_CURVE('',#4574,#4575,#403,.T.);
#3678=EDGE_CURVE('',#4574,#4576,#177,.F.);
#3679=EDGE_CURVE('',#4576,#4577,#404,.T.);
#3680=EDGE_CURVE('',#4577,#4578,#178,.F.);
#3681=EDGE_CURVE('',#4578,#4579,#405,.T.);
#3682=EDGE_CURVE('',#4579,#4580,#179,.F.);
#3683=EDGE_CURVE('',#4581,#4580,#406,.T.);
#3684=EDGE_CURVE('',#4581,#4575,#180,.F.);
#3685=EDGE_CURVE('',#4530,#4582,#407,.T.);
#3686=EDGE_CURVE('',#4582,#4583,#408,.F.);
#3687=EDGE_CURVE('',#4583,#4531,#409,.F.);
#3688=EDGE_CURVE('',#4584,#4585,#410,.T.);
#3689=EDGE_CURVE('',#4584,#4586,#181,.T.);
#3690=EDGE_CURVE('',#4586,#4587,#182,.T.);
#3691=EDGE_CURVE('',#4587,#4588,#411,.T.);
#3692=EDGE_CURVE('',#4588,#4589,#183,.T.);
#3693=EDGE_CURVE('',#4589,#4590,#412,.T.);
#3694=EDGE_CURVE('',#4590,#4591,#184,.F.);
#3695=EDGE_CURVE('',#4591,#4592,#413,.T.);
#3696=EDGE_CURVE('',#4592,#4593,#185,.F.);
#3697=EDGE_CURVE('',#4594,#4593,#414,.T.);
#3698=EDGE_CURVE('',#4594,#4585,#186,.F.);
#3699=EDGE_CURVE('',#4595,#4596,#415,.T.);
#3700=EDGE_CURVE('',#4597,#4595,#416,.T.);
#3701=EDGE_CURVE('',#4597,#4598,#417,.T.);
#3702=EDGE_CURVE('',#4598,#4599,#418,.T.);
#3703=EDGE_CURVE('',#4599,#4600,#419,.T.);
#3704=EDGE_CURVE('',#4601,#4600,#420,.T.);
#3705=EDGE_CURVE('',#4601,#4602,#187,.F.);
#3706=EDGE_CURVE('',#4602,#4603,#421,.T.);
#3707=EDGE_CURVE('',#4604,#4603,#188,.T.);
#3708=EDGE_CURVE('',#4605,#4604,#422,.T.);
#3709=EDGE_CURVE('',#4606,#4605,#423,.T.);
#3710=EDGE_CURVE('',#4596,#4606,#424,.T.);
#3711=EDGE_CURVE('',#4607,#4608,#425,.T.);
#3712=EDGE_CURVE('',#4608,#4609,#426,.T.);
#3713=EDGE_CURVE('',#4609,#4610,#427,.T.);
#3714=EDGE_CURVE('',#4610,#4611,#189,.T.);
#3715=EDGE_CURVE('',#4611,#4612,#428,.T.);
#3716=EDGE_CURVE('',#4612,#4613,#190,.T.);
#3717=EDGE_CURVE('',#4613,#4614,#429,.T.);
#3718=EDGE_CURVE('',#4615,#4614,#430,.T.);
#3719=EDGE_CURVE('',#4615,#4616,#431,.T.);
#3720=EDGE_CURVE('',#4617,#4616,#432,.T.);
#3721=EDGE_CURVE('',#4617,#4618,#433,.T.);
#3722=EDGE_CURVE('',#4618,#4607,#434,.T.);
#3723=EDGE_CURVE('',#4619,#4620,#191,.F.);
#3724=EDGE_CURVE('',#4620,#4621,#192,.F.);
#3725=EDGE_CURVE('',#4622,#4621,#435,.T.);
#3726=EDGE_CURVE('',#4622,#4623,#193,.T.);
#3727=EDGE_CURVE('',#4624,#4623,#436,.T.);
#3728=EDGE_CURVE('',#4624,#4625,#194,.T.);
#3729=EDGE_CURVE('',#4625,#4626,#437,.T.);
#3730=EDGE_CURVE('',#4626,#4627,#195,.T.);
#3731=EDGE_CURVE('',#4627,#4628,#438,.T.);
#3732=EDGE_CURVE('',#4628,#4629,#196,.T.);
#3733=EDGE_CURVE('',#4629,#4619,#439,.T.);
#3734=EDGE_CURVE('',#4630,#4631,#440,.T.);
#3735=EDGE_CURVE('',#4631,#4632,#197,.T.);
#3736=EDGE_CURVE('',#4632,#4633,#441,.T.);
#3737=EDGE_CURVE('',#4633,#4634,#198,.T.);
#3738=EDGE_CURVE('',#4635,#4634,#442,.T.);
#3739=EDGE_CURVE('',#4635,#4636,#199,.T.);
#3740=EDGE_CURVE('',#4637,#4636,#443,.T.);
#3741=EDGE_CURVE('',#4637,#4630,#200,.T.);
#3742=EDGE_CURVE('',#4638,#4639,#444,.T.);
#3743=EDGE_CURVE('',#4639,#4640,#201,.T.);
#3744=EDGE_CURVE('',#4640,#4641,#445,.T.);
#3745=EDGE_CURVE('',#4641,#4642,#202,.T.);
#3746=EDGE_CURVE('',#4643,#4642,#446,.T.);
#3747=EDGE_CURVE('',#4643,#4644,#203,.T.);
#3748=EDGE_CURVE('',#4645,#4644,#447,.T.);
#3749=EDGE_CURVE('',#4645,#4638,#204,.T.);
#3750=EDGE_CURVE('',#4646,#4647,#448,.T.);
#3751=EDGE_CURVE('',#4646,#4648,#449,.T.);
#3752=EDGE_CURVE('',#4648,#4649,#450,.T.);
#3753=EDGE_CURVE('',#4647,#4649,#451,.F.);
#3754=EDGE_CURVE('',#4650,#4650,#205,.F.);
#3755=EDGE_CURVE('',#4651,#4652,#452,.T.);
#3756=EDGE_CURVE('',#4651,#4653,#206,.T.);
#3757=EDGE_CURVE('',#4653,#4654,#453,.T.);
#3758=EDGE_CURVE('',#4654,#4655,#207,.T.);
#3759=EDGE_CURVE('',#4656,#4655,#454,.T.);
#3760=EDGE_CURVE('',#4656,#4657,#208,.T.);
#3761=EDGE_CURVE('',#4657,#4658,#455,.T.);
#3762=EDGE_CURVE('',#4658,#4659,#209,.T.);
#3763=EDGE_CURVE('',#4660,#4659,#456,.T.);
#3764=EDGE_CURVE('',#4660,#4652,#210,.T.);
#3765=EDGE_CURVE('',#4661,#4662,#457,.T.);
#3766=EDGE_CURVE('',#4661,#4663,#458,.T.);
#3767=EDGE_CURVE('',#4664,#4663,#459,.T.);
#3768=EDGE_CURVE('',#4664,#4665,#460,.T.);
#3769=EDGE_CURVE('',#4665,#4666,#461,.T.);
#3770=EDGE_CURVE('',#4666,#4667,#462,.T.);
#3771=EDGE_CURVE('',#4667,#4668,#463,.T.);
#3772=EDGE_CURVE('',#4668,#4669,#464,.T.);
#3773=EDGE_CURVE('',#4669,#4670,#211,.T.);
#3774=EDGE_CURVE('',#4670,#4671,#465,.T.);
#3775=EDGE_CURVE('',#4671,#4672,#212,.T.);
#3776=EDGE_CURVE('',#4672,#4662,#466,.T.);
#3777=EDGE_CURVE('',#4673,#4674,#213,.F.);
#3778=EDGE_CURVE('',#4674,#4675,#467,.T.);
#3779=EDGE_CURVE('',#4675,#4676,#214,.F.);
#3780=EDGE_CURVE('',#4676,#4673,#468,.T.);
#3781=EDGE_CURVE('',#4677,#4677,#215,.F.);
#3782=EDGE_CURVE('',#4532,#4678,#469,.T.);
#3783=EDGE_CURVE('',#4678,#4679,#470,.F.);
#3784=EDGE_CURVE('',#4679,#4680,#471,.F.);
#3785=EDGE_CURVE('',#4681,#4680,#472,.T.);
#3786=EDGE_CURVE('',#4682,#4681,#473,.T.);
#3787=EDGE_CURVE('',#4682,#4683,#474,.T.);
#3788=EDGE_CURVE('',#4683,#4533,#475,.F.);
#3789=EDGE_CURVE('',#4684,#4684,#216,.T.);
#3790=EDGE_CURVE('',#4685,#4686,#476,.T.);
#3791=EDGE_CURVE('',#4686,#4687,#477,.F.);
#3792=EDGE_CURVE('',#4687,#4529,#478,.F.);
#3793=EDGE_CURVE('',#4528,#4688,#479,.T.);
#3794=EDGE_CURVE('',#4689,#4688,#480,.T.);
#3795=EDGE_CURVE('',#4689,#4690,#481,.T.);
#3796=EDGE_CURVE('',#4690,#4685,#482,.T.);
#3797=EDGE_CURVE('',#4691,#4692,#483,.T.);
#3798=EDGE_CURVE('',#4691,#4693,#484,.T.);
#3799=EDGE_CURVE('',#4693,#4694,#485,.T.);
#3800=EDGE_CURVE('',#4692,#4694,#486,.T.);
#3801=EDGE_CURVE('',#4695,#4696,#487,.T.);
#3802=EDGE_CURVE('',#4695,#4697,#488,.T.);
#3803=EDGE_CURVE('',#4697,#4698,#489,.T.);
#3804=EDGE_CURVE('',#4696,#4698,#490,.T.);
#3805=EDGE_CURVE('',#4699,#4699,#217,.F.);
#3806=EDGE_CURVE('',#4460,#4700,#491,.T.);
#3807=EDGE_CURVE('',#4700,#4537,#492,.T.);
#3808=EDGE_CURVE('',#4536,#4646,#493,.T.);
#3809=EDGE_CURVE('',#4647,#4701,#494,.F.);
#3810=EDGE_CURVE('',#4701,#4461,#495,.T.);
#3811=EDGE_CURVE('',#4702,#4703,#496,.T.);
#3812=EDGE_CURVE('',#4704,#4703,#497,.T.);
#3813=EDGE_CURVE('',#4705,#4704,#498,.T.);
#3814=EDGE_CURVE('',#4702,#4705,#499,.T.);
#3815=EDGE_CURVE('',#4706,#4707,#500,.T.);
#3816=EDGE_CURVE('',#4708,#4706,#501,.T.);
#3817=EDGE_CURVE('',#4709,#4708,#502,.T.);
#3818=EDGE_CURVE('',#4709,#4707,#503,.T.);
#3819=EDGE_CURVE('',#4710,#4711,#504,.T.);
#3820=EDGE_CURVE('',#4712,#4710,#505,.T.);
#3821=EDGE_CURVE('',#4713,#4712,#506,.T.);
#3822=EDGE_CURVE('',#4713,#4711,#507,.T.);
#3823=EDGE_CURVE('',#4714,#4715,#508,.T.);
#3824=EDGE_CURVE('',#4716,#4714,#509,.T.);
#3825=EDGE_CURVE('',#4717,#4716,#510,.T.);
#3826=EDGE_CURVE('',#4717,#4715,#511,.T.);
#3827=EDGE_CURVE('',#4718,#4719,#512,.T.);
#3828=EDGE_CURVE('',#4720,#4718,#513,.T.);
#3829=EDGE_CURVE('',#4721,#4720,#514,.T.);
#3830=EDGE_CURVE('',#4721,#4719,#515,.T.);
#3831=EDGE_CURVE('',#4722,#4723,#516,.T.);
#3832=EDGE_CURVE('',#4723,#4515,#517,.T.);
#3833=EDGE_CURVE('',#4517,#4462,#518,.T.);
#3834=EDGE_CURVE('',#4724,#4701,#519,.F.);
#3835=EDGE_CURVE('',#4724,#4725,#520,.T.);
#3836=EDGE_CURVE('',#4725,#4722,#521,.T.);
#3837=EDGE_CURVE('',#4726,#4727,#522,.T.);
#3838=EDGE_CURVE('',#4728,#4727,#523,.T.);
#3839=EDGE_CURVE('',#4726,#4728,#524,.T.);
#3840=EDGE_CURVE('',#4729,#4730,#525,.T.);
#3841=EDGE_CURVE('',#4731,#4730,#526,.T.);
#3842=EDGE_CURVE('',#4732,#4731,#527,.T.);
#3843=EDGE_CURVE('',#4732,#4729,#528,.T.);
#3844=EDGE_CURVE('',#4733,#4734,#529,.T.);
#3845=EDGE_CURVE('',#4735,#4733,#530,.T.);
#3846=EDGE_CURVE('',#4736,#4735,#531,.T.);
#3847=EDGE_CURVE('',#4736,#4734,#532,.T.);
#3848=EDGE_CURVE('',#4737,#4738,#533,.T.);
#3849=EDGE_CURVE('',#4739,#4738,#534,.T.);
#3850=EDGE_CURVE('',#4740,#4739,#535,.T.);
#3851=EDGE_CURVE('',#4737,#4740,#536,.T.);
#3852=EDGE_CURVE('',#4741,#4742,#537,.F.);
#3853=EDGE_CURVE('',#4742,#4743,#264,.T.);
#3854=EDGE_CURVE('',#4743,#4744,#538,.T.);
#3855=EDGE_CURVE('',#4744,#4745,#265,.T.);
#3856=EDGE_CURVE('',#4745,#4746,#539,.F.);
#3857=EDGE_CURVE('',#4746,#4741,#540,.T.);
#3858=EDGE_CURVE('',#4747,#4748,#541,.T.);
#3859=EDGE_CURVE('',#4749,#4747,#542,.T.);
#3860=EDGE_CURVE('',#4749,#4750,#543,.T.);
#3861=EDGE_CURVE('',#4748,#4750,#544,.T.);
#3862=EDGE_CURVE('',#4751,#4752,#545,.T.);
#3863=EDGE_CURVE('',#4751,#4753,#546,.T.);
#3864=EDGE_CURVE('',#4753,#4754,#547,.T.);
#3865=EDGE_CURVE('',#4752,#4754,#548,.T.);
#3866=EDGE_CURVE('',#4755,#4756,#549,.T.);
#3867=EDGE_CURVE('',#4757,#4755,#550,.T.);
#3868=EDGE_CURVE('',#4757,#4758,#551,.T.);
#3869=EDGE_CURVE('',#4756,#4758,#552,.T.);
#3870=EDGE_CURVE('',#4759,#4760,#553,.T.);
#3871=EDGE_CURVE('',#4761,#4759,#554,.T.);
#3872=EDGE_CURVE('',#4761,#4762,#555,.T.);
#3873=EDGE_CURVE('',#4760,#4762,#556,.T.);
#3874=EDGE_CURVE('',#4763,#4764,#557,.T.);
#3875=EDGE_CURVE('',#4765,#4763,#558,.T.);
#3876=EDGE_CURVE('',#4765,#4766,#559,.T.);
#3877=EDGE_CURVE('',#4764,#4766,#560,.T.);
#3878=EDGE_CURVE('',#4767,#4768,#561,.T.);
#3879=EDGE_CURVE('',#4769,#4767,#562,.T.);
#3880=EDGE_CURVE('',#4769,#4770,#563,.T.);
#3881=EDGE_CURVE('',#4768,#4770,#564,.T.);
#3882=EDGE_CURVE('',#4771,#4772,#565,.T.);
#3883=EDGE_CURVE('',#4771,#4773,#566,.T.);
#3884=EDGE_CURVE('',#4772,#4773,#567,.T.);
#3885=EDGE_CURVE('',#4774,#4775,#568,.T.);
#3886=EDGE_CURVE('',#4774,#4776,#569,.T.);
#3887=EDGE_CURVE('',#4777,#4776,#570,.T.);
#3888=EDGE_CURVE('',#4775,#4777,#571,.T.);
#3889=EDGE_CURVE('',#4778,#4779,#572,.T.);
#3890=EDGE_CURVE('',#4778,#4780,#573,.T.);
#3891=EDGE_CURVE('',#4781,#4780,#574,.T.);
#3892=EDGE_CURVE('',#4779,#4781,#575,.T.);
#3893=EDGE_CURVE('',#4782,#4783,#576,.F.);
#3894=EDGE_CURVE('',#4783,#4784,#577,.F.);
#3895=EDGE_CURVE('',#4785,#4784,#578,.F.);
#3896=EDGE_CURVE('',#4782,#4785,#579,.F.);
#3897=EDGE_CURVE('',#4786,#4787,#580,.F.);
#3898=EDGE_CURVE('',#4787,#4788,#581,.F.);
#3899=EDGE_CURVE('',#4788,#4789,#582,.F.);
#3900=EDGE_CURVE('',#4786,#4789,#583,.F.);
#3901=EDGE_CURVE('',#4790,#4791,#584,.F.);
#3902=EDGE_CURVE('',#4791,#4792,#585,.F.);
#3903=EDGE_CURVE('',#4790,#4792,#586,.F.);
#3904=EDGE_CURVE('',#4520,#4453,#587,.F.);
#3905=EDGE_CURVE('',#4793,#4519,#588,.F.);
#3906=EDGE_CURVE('',#4794,#4793,#589,.F.);
#3907=EDGE_CURVE('',#4795,#4794,#590,.F.);
#3908=EDGE_CURVE('',#4795,#4796,#591,.F.);
#3909=EDGE_CURVE('',#4796,#4797,#592,.F.);
#3910=EDGE_CURVE('',#4797,#4798,#593,.T.);
#3911=EDGE_CURVE('',#4798,#4454,#594,.F.);
#3912=EDGE_CURVE('',#4799,#4800,#595,.F.);
#3913=EDGE_CURVE('',#4801,#4800,#596,.F.);
#3914=EDGE_CURVE('',#4799,#4801,#597,.F.);
#3915=EDGE_CURVE('',#4802,#4803,#598,.F.);
#3916=EDGE_CURVE('',#4803,#4804,#599,.F.);
#3917=EDGE_CURVE('',#4804,#4805,#600,.F.);
#3918=EDGE_CURVE('',#4802,#4805,#601,.F.);
#3919=EDGE_CURVE('',#4806,#4807,#602,.F.);
#3920=EDGE_CURVE('',#4807,#4808,#603,.F.);
#3921=EDGE_CURVE('',#4809,#4808,#604,.F.);
#3922=EDGE_CURVE('',#4806,#4809,#605,.F.);
#3923=EDGE_CURVE('',#4810,#4811,#606,.F.);
#3924=EDGE_CURVE('',#4812,#4810,#607,.F.);
#3925=EDGE_CURVE('',#4813,#4812,#608,.F.);
#3926=EDGE_CURVE('',#4813,#4814,#609,.F.);
#3927=EDGE_CURVE('',#4814,#4811,#610,.F.);
#3928=EDGE_CURVE('',#4815,#4816,#611,.F.);
#3929=EDGE_CURVE('',#4816,#4817,#612,.F.);
#3930=EDGE_CURVE('',#4817,#4818,#613,.F.);
#3931=EDGE_CURVE('',#4815,#4818,#614,.F.);
#3932=EDGE_CURVE('',#4819,#4820,#615,.T.);
#3933=EDGE_CURVE('',#4820,#4821,#266,.F.);
#3934=EDGE_CURVE('',#4821,#4822,#616,.F.);
#3935=EDGE_CURVE('',#4822,#4823,#267,.F.);
#3936=EDGE_CURVE('',#4823,#4824,#617,.T.);
#3937=EDGE_CURVE('',#4824,#4819,#618,.F.);
#3938=EDGE_CURVE('',#4825,#4826,#619,.T.);
#3939=EDGE_CURVE('',#4827,#4825,#620,.T.);
#3940=EDGE_CURVE('',#4827,#4828,#621,.T.);
#3941=EDGE_CURVE('',#4828,#4829,#622,.T.);
#3942=EDGE_CURVE('',#4826,#4829,#623,.T.);
#3943=EDGE_CURVE('',#4830,#4831,#624,.T.);
#3944=EDGE_CURVE('',#4830,#4832,#625,.T.);
#3945=EDGE_CURVE('',#4831,#4832,#626,.T.);
#3946=EDGE_CURVE('',#4833,#4834,#627,.T.);
#3947=EDGE_CURVE('',#4834,#4835,#628,.T.);
#3948=EDGE_CURVE('',#4833,#4835,#629,.T.);
#3949=EDGE_CURVE('',#4836,#4837,#630,.T.);
#3950=EDGE_CURVE('',#4837,#4838,#631,.T.);
#3951=EDGE_CURVE('',#4839,#4838,#632,.T.);
#3952=EDGE_CURVE('',#4839,#4836,#633,.T.);
#3953=EDGE_CURVE('',#4840,#4841,#634,.T.);
#3954=EDGE_CURVE('',#4841,#4842,#635,.T.);
#3955=EDGE_CURVE('',#4843,#4842,#636,.T.);
#3956=EDGE_CURVE('',#4843,#4840,#637,.T.);
#3957=EDGE_CURVE('',#4844,#4845,#638,.T.);
#3958=EDGE_CURVE('',#4845,#4846,#639,.T.);
#3959=EDGE_CURVE('',#4847,#4846,#640,.T.);
#3960=EDGE_CURVE('',#4844,#4847,#641,.T.);
#3961=EDGE_CURVE('',#4848,#4849,#642,.T.);
#3962=EDGE_CURVE('',#4849,#4850,#643,.T.);
#3963=EDGE_CURVE('',#4851,#4850,#644,.T.);
#3964=EDGE_CURVE('',#4848,#4851,#645,.T.);
#3965=EDGE_CURVE('',#4852,#4853,#646,.T.);
#3966=EDGE_CURVE('',#4853,#4854,#647,.T.);
#3967=EDGE_CURVE('',#4855,#4854,#648,.T.);
#3968=EDGE_CURVE('',#4855,#4852,#649,.T.);
#3969=EDGE_CURVE('',#4471,#4794,#650,.T.);
#3970=EDGE_CURVE('',#4470,#4723,#651,.T.);
#3971=EDGE_CURVE('',#4722,#4856,#652,.T.);
#3972=EDGE_CURVE('',#4856,#4857,#653,.T.);
#3973=EDGE_CURVE('',#4857,#4795,#654,.T.);
#3974=EDGE_CURVE('',#4797,#4724,#655,.F.);
#3975=EDGE_CURVE('',#4649,#4798,#656,.F.);
#3976=EDGE_CURVE('',#4858,#4859,#657,.T.);
#3977=EDGE_CURVE('',#4859,#4860,#268,.T.);
#3978=EDGE_CURVE('',#4860,#4861,#658,.T.);
#3979=EDGE_CURVE('',#4861,#4862,#659,.T.);
#3980=EDGE_CURVE('',#4862,#4863,#660,.T.);
#3981=EDGE_CURVE('',#4863,#4858,#269,.T.);
#3982=EDGE_CURVE('',#4864,#4865,#218,.T.);
#3983=EDGE_CURVE('',#4866,#4865,#661,.T.);
#3984=EDGE_CURVE('',#4866,#4867,#219,.T.);
#3985=EDGE_CURVE('',#4867,#4864,#662,.T.);
#3986=EDGE_CURVE('',#4868,#4869,#663,.T.);
#3987=EDGE_CURVE('',#4868,#4870,#664,.T.);
#3988=EDGE_CURVE('',#4870,#4871,#665,.T.);
#3989=EDGE_CURVE('',#4869,#4871,#666,.T.);
#3990=EDGE_CURVE('',#4872,#4873,#667,.T.);
#3991=EDGE_CURVE('',#4872,#4874,#668,.T.);
#3992=EDGE_CURVE('',#4874,#4875,#669,.T.);
#3993=EDGE_CURVE('',#4873,#4875,#670,.T.);
#3994=EDGE_CURVE('',#4876,#4876,#220,.F.);
#3995=EDGE_CURVE('',#4535,#4877,#671,.T.);
#3996=EDGE_CURVE('',#4455,#4877,#672,.T.);
#3997=EDGE_CURVE('',#4648,#4534,#673,.T.);
#3998=EDGE_CURVE('',#4638,#4579,#674,.T.);
#3999=EDGE_CURVE('',#4578,#4639,#675,.F.);
#4000=EDGE_CURVE('',#4644,#4581,#676,.T.);
#4001=EDGE_CURVE('',#4580,#4645,#677,.F.);
#4002=EDGE_CURVE('',#4640,#4577,#678,.T.);
#4003=EDGE_CURVE('',#4576,#4641,#679,.F.);
#4004=EDGE_CURVE('',#4575,#4643,#680,.F.);
#4005=EDGE_CURVE('',#4642,#4574,#681,.T.);
#4006=EDGE_CURVE('',#4630,#4571,#682,.T.);
#4007=EDGE_CURVE('',#4570,#4631,#683,.F.);
#4008=EDGE_CURVE('',#4636,#4573,#684,.T.);
#4009=EDGE_CURVE('',#4572,#4637,#685,.F.);
#4010=EDGE_CURVE('',#4568,#4633,#686,.F.);
#4011=EDGE_CURVE('',#4632,#4569,#687,.T.);
#4012=EDGE_CURVE('',#4634,#4566,#688,.T.);
#4013=EDGE_CURVE('',#4567,#4635,#689,.F.);
#4014=EDGE_CURVE('',#4625,#4592,#690,.T.);
#4015=EDGE_CURVE('',#4591,#4626,#691,.F.);
#4016=EDGE_CURVE('',#4623,#4594,#692,.T.);
#4017=EDGE_CURVE('',#4593,#4624,#693,.F.);
#4018=EDGE_CURVE('',#4627,#4590,#694,.T.);
#4019=EDGE_CURVE('',#4628,#4589,#695,.T.);
#4020=EDGE_CURVE('',#4621,#4584,#696,.F.);
#4021=EDGE_CURVE('',#4585,#4622,#697,.F.);
#4022=EDGE_CURVE('',#4586,#4620,#698,.F.);
#4023=EDGE_CURVE('',#4619,#4587,#699,.T.);
#4024=EDGE_CURVE('',#4629,#4588,#700,.T.);
#4025=EDGE_CURVE('',#4655,#4555,#701,.T.);
#4026=EDGE_CURVE('',#4556,#4656,#702,.F.);
#4027=EDGE_CURVE('',#4657,#4564,#703,.T.);
#4028=EDGE_CURVE('',#4563,#4658,#704,.F.);
#4029=EDGE_CURVE('',#4561,#4660,#705,.F.);
#4030=EDGE_CURVE('',#4659,#4562,#706,.T.);
#4031=EDGE_CURVE('',#4653,#4558,#707,.T.);
#4032=EDGE_CURVE('',#4557,#4654,#708,.F.);
#4033=EDGE_CURVE('',#4652,#4560,#709,.T.);
#4034=EDGE_CURVE('',#4559,#4651,#710,.F.);
#4035=EDGE_CURVE('',#4824,#4878,#270,.T.);
#4036=EDGE_CURVE('',#4796,#4878,#711,.T.);
#4037=EDGE_CURVE('',#4857,#4879,#712,.T.);
#4038=EDGE_CURVE('',#4879,#4819,#271,.T.);
#4039=EDGE_CURVE('',#4856,#4880,#713,.T.);
#4040=EDGE_CURVE('',#4880,#4862,#272,.T.);
#4041=EDGE_CURVE('',#4861,#4879,#273,.T.);
#4042=EDGE_CURVE('',#4422,#4881,#274,.T.);
#4043=EDGE_CURVE('',#4725,#4881,#714,.T.);
#4044=EDGE_CURVE('',#4878,#4423,#275,.T.);
#4045=EDGE_CURVE('',#4881,#4741,#276,.T.);
#4046=EDGE_CURVE('',#4746,#4880,#277,.T.);
#4047=EDGE_CURVE('',#4882,#4883,#715,.T.);
#4048=EDGE_CURVE('',#4883,#4884,#716,.T.);
#4049=EDGE_CURVE('',#4884,#4885,#717,.T.);
#4050=EDGE_CURVE('',#4885,#4886,#718,.T.);
#4051=EDGE_CURVE('',#4886,#4887,#719,.T.);
#4052=EDGE_CURVE('',#4887,#4882,#720,.T.);
#4053=EDGE_CURVE('',#4888,#4473,#721,.T.);
#4054=EDGE_CURVE('',#4472,#4889,#722,.T.);
#4055=EDGE_CURVE('',#4889,#4888,#723,.T.);
#4056=EDGE_CURVE('',#4890,#4891,#724,.T.);
#4057=EDGE_CURVE('',#4892,#4890,#725,.T.);
#4058=EDGE_CURVE('',#4893,#4892,#726,.T.);
#4059=EDGE_CURVE('',#4894,#4893,#727,.T.);
#4060=EDGE_CURVE('',#4895,#4894,#728,.T.);
#4061=EDGE_CURVE('',#4891,#4895,#729,.T.);
#4062=EDGE_CURVE('',#4793,#4889,#730,.T.);
#4063=EDGE_CURVE('',#4896,#4518,#221,.T.);
#4064=EDGE_CURVE('',#4896,#4888,#731,.T.);
#4065=EDGE_CURVE('',#4897,#4891,#732,.T.);
#4066=EDGE_CURVE('',#4898,#4897,#733,.T.);
#4067=EDGE_CURVE('',#4898,#4890,#734,.T.);
#4068=EDGE_CURVE('',#4899,#4895,#735,.T.);
#4069=EDGE_CURVE('',#4897,#4899,#736,.T.);
#4070=EDGE_CURVE('',#4900,#4894,#737,.T.);
#4071=EDGE_CURVE('',#4899,#4900,#738,.T.);
#4072=EDGE_CURVE('',#4901,#4893,#739,.T.);
#4073=EDGE_CURVE('',#4900,#4901,#740,.T.);
#4074=EDGE_CURVE('',#4902,#4892,#741,.T.);
#4075=EDGE_CURVE('',#4901,#4902,#742,.T.);
#4076=EDGE_CURVE('',#4902,#4898,#743,.T.);
#4077=EDGE_CURVE('',#4903,#4883,#744,.T.);
#4078=EDGE_CURVE('',#4903,#4904,#745,.T.);
#4079=EDGE_CURVE('',#4904,#4884,#746,.T.);
#4080=EDGE_CURVE('',#4904,#4905,#747,.T.);
#4081=EDGE_CURVE('',#4905,#4885,#748,.T.);
#4082=EDGE_CURVE('',#4905,#4906,#749,.T.);
#4083=EDGE_CURVE('',#4906,#4886,#750,.T.);
#4084=EDGE_CURVE('',#4906,#4907,#751,.T.);
#4085=EDGE_CURVE('',#4907,#4887,#752,.T.);
#4086=EDGE_CURVE('',#4907,#4908,#753,.T.);
#4087=EDGE_CURVE('',#4908,#4882,#754,.T.);
#4088=EDGE_CURVE('',#4908,#4903,#755,.T.);
#4089=EDGE_CURVE('',#4909,#4909,#222,.T.);
#4090=EDGE_CURVE('',#4910,#4910,#223,.F.);
#4091=EDGE_CURVE('',#4874,#4911,#756,.T.);
#4092=EDGE_CURVE('',#4911,#4912,#757,.T.);
#4093=EDGE_CURVE('',#4875,#4912,#758,.T.);
#4094=EDGE_CURVE('',#4873,#4913,#759,.T.);
#4095=EDGE_CURVE('',#4913,#4914,#760,.F.);
#4096=EDGE_CURVE('',#4872,#4914,#761,.T.);
#4097=EDGE_CURVE('',#4915,#4916,#762,.T.);
#4098=EDGE_CURVE('',#4916,#4917,#763,.T.);
#4099=EDGE_CURVE('',#4917,#4918,#764,.F.);
#4100=EDGE_CURVE('',#4918,#4915,#765,.F.);
#4101=EDGE_CURVE('',#4914,#4911,#766,.F.);
#4102=EDGE_CURVE('',#4912,#4913,#767,.T.);
#4103=EDGE_CURVE('',#4919,#4869,#768,.T.);
#4104=EDGE_CURVE('',#4919,#4920,#769,.F.);
#4105=EDGE_CURVE('',#4920,#4868,#770,.T.);
#4106=EDGE_CURVE('',#4921,#4922,#771,.T.);
#4107=EDGE_CURVE('',#4922,#4923,#772,.F.);
#4108=EDGE_CURVE('',#4923,#4924,#773,.F.);
#4109=EDGE_CURVE('',#4924,#4921,#774,.T.);
#4110=EDGE_CURVE('',#4925,#4870,#775,.T.);
#4111=EDGE_CURVE('',#4925,#4926,#776,.T.);
#4112=EDGE_CURVE('',#4926,#4871,#777,.T.);
#4113=EDGE_CURVE('',#4920,#4925,#778,.T.);
#4114=EDGE_CURVE('',#4926,#4919,#779,.F.);
#4115=EDGE_CURVE('',#4927,#4695,#780,.T.);
#4116=EDGE_CURVE('',#4927,#4928,#781,.T.);
#4117=EDGE_CURVE('',#4928,#4697,#782,.T.);
#4118=EDGE_CURVE('',#4929,#4930,#783,.T.);
#4119=EDGE_CURVE('',#4930,#4931,#784,.T.);
#4120=EDGE_CURVE('',#4931,#4932,#785,.F.);
#4121=EDGE_CURVE('',#4932,#4929,#786,.F.);
#4122=EDGE_CURVE('',#4933,#4698,#787,.T.);
#4123=EDGE_CURVE('',#4933,#4934,#788,.F.);
#4124=EDGE_CURVE('',#4934,#4696,#789,.T.);
#4125=EDGE_CURVE('',#4934,#4927,#790,.F.);
#4126=EDGE_CURVE('',#4928,#4933,#791,.T.);
#4127=EDGE_CURVE('',#4694,#4935,#792,.T.);
#4128=EDGE_CURVE('',#4935,#4936,#793,.F.);
#4129=EDGE_CURVE('',#4692,#4936,#794,.T.);
#4130=EDGE_CURVE('',#4691,#4937,#795,.T.);
#4131=EDGE_CURVE('',#4937,#4938,#796,.T.);
#4132=EDGE_CURVE('',#4693,#4938,#797,.T.);
#4133=EDGE_CURVE('',#4939,#4940,#798,.T.);
#4134=EDGE_CURVE('',#4940,#4941,#799,.F.);
#4135=EDGE_CURVE('',#4941,#4942,#800,.F.);
#4136=EDGE_CURVE('',#4942,#4939,#801,.T.);
#4137=EDGE_CURVE('',#4936,#4937,#802,.T.);
#4138=EDGE_CURVE('',#4938,#4935,#803,.F.);
#4139=EDGE_CURVE('',#4866,#4943,#804,.T.);
#4140=EDGE_CURVE('',#4943,#4944,#224,.T.);
#4141=EDGE_CURVE('',#4867,#4944,#805,.T.);
#4142=EDGE_CURVE('',#4865,#4945,#806,.T.);
#4143=EDGE_CURVE('',#4945,#4943,#807,.T.);
#4144=EDGE_CURVE('',#4944,#4946,#808,.T.);
#4145=EDGE_CURVE('',#4864,#4946,#809,.T.);
#4146=EDGE_CURVE('',#4946,#4945,#225,.T.);
#4147=EDGE_CURVE('',#4801,#4831,#810,.T.);
#4148=EDGE_CURVE('',#4799,#4832,#811,.T.);
#4149=EDGE_CURVE('',#4800,#4830,#812,.T.);
#4150=EDGE_CURVE('',#4792,#4833,#813,.T.);
#4151=EDGE_CURVE('',#4790,#4835,#814,.T.);
#4152=EDGE_CURVE('',#4791,#4834,#815,.T.);
#4153=EDGE_CURVE('',#4805,#4839,#816,.T.);
#4154=EDGE_CURVE('',#4802,#4838,#817,.T.);
#4155=EDGE_CURVE('',#4804,#4836,#818,.T.);
#4156=EDGE_CURVE('',#4803,#4837,#819,.T.);
#4157=EDGE_CURVE('',#4789,#4843,#820,.T.);
#4158=EDGE_CURVE('',#4786,#4842,#821,.T.);
#4159=EDGE_CURVE('',#4788,#4840,#822,.T.);
#4160=EDGE_CURVE('',#4787,#4841,#823,.T.);
#4161=EDGE_CURVE('',#4809,#4847,#824,.T.);
#4162=EDGE_CURVE('',#4806,#4846,#825,.T.);
#4163=EDGE_CURVE('',#4808,#4844,#826,.T.);
#4164=EDGE_CURVE('',#4807,#4845,#827,.T.);
#4165=EDGE_CURVE('',#4785,#4851,#828,.T.);
#4166=EDGE_CURVE('',#4782,#4850,#829,.T.);
#4167=EDGE_CURVE('',#4784,#4848,#830,.T.);
#4168=EDGE_CURVE('',#4783,#4849,#831,.T.);
#4169=EDGE_CURVE('',#4814,#4828,#832,.T.);
#4170=EDGE_CURVE('',#4811,#4827,#833,.T.);
#4171=EDGE_CURVE('',#4813,#4829,#834,.T.);
#4172=EDGE_CURVE('',#4810,#4825,#835,.T.);
#4173=EDGE_CURVE('',#4812,#4826,#836,.T.);
#4174=EDGE_CURVE('',#4818,#4855,#837,.T.);
#4175=EDGE_CURVE('',#4815,#4854,#838,.T.);
#4176=EDGE_CURVE('',#4817,#4852,#839,.T.);
#4177=EDGE_CURVE('',#4816,#4853,#840,.T.);
#4178=EDGE_CURVE('',#4728,#4772,#841,.T.);
#4179=EDGE_CURVE('',#4726,#4773,#842,.T.);
#4180=EDGE_CURVE('',#4727,#4771,#843,.T.);
#4181=EDGE_CURVE('',#4719,#4769,#844,.T.);
#4182=EDGE_CURVE('',#4718,#4767,#845,.T.);
#4183=EDGE_CURVE('',#4721,#4770,#846,.T.);
#4184=EDGE_CURVE('',#4720,#4768,#847,.T.);
#4185=EDGE_CURVE('',#4715,#4765,#848,.T.);
#4186=EDGE_CURVE('',#4714,#4763,#849,.T.);
#4187=EDGE_CURVE('',#4717,#4766,#850,.T.);
#4188=EDGE_CURVE('',#4716,#4764,#851,.T.);
#4189=EDGE_CURVE('',#4711,#4761,#852,.T.);
#4190=EDGE_CURVE('',#4710,#4759,#853,.T.);
#4191=EDGE_CURVE('',#4713,#4762,#854,.T.);
#4192=EDGE_CURVE('',#4712,#4760,#855,.T.);
#4193=EDGE_CURVE('',#4707,#4757,#856,.T.);
#4194=EDGE_CURVE('',#4706,#4755,#857,.T.);
#4195=EDGE_CURVE('',#4709,#4758,#858,.T.);
#4196=EDGE_CURVE('',#4708,#4756,#859,.T.);
#4197=EDGE_CURVE('',#4705,#4777,#860,.T.);
#4198=EDGE_CURVE('',#4702,#4776,#861,.T.);
#4199=EDGE_CURVE('',#4704,#4775,#862,.T.);
#4200=EDGE_CURVE('',#4703,#4774,#863,.T.);
#4201=EDGE_CURVE('',#4732,#4754,#864,.T.);
#4202=EDGE_CURVE('',#4729,#4753,#865,.T.);
#4203=EDGE_CURVE('',#4731,#4752,#866,.T.);
#4204=EDGE_CURVE('',#4730,#4751,#867,.T.);
#4205=EDGE_CURVE('',#4734,#4749,#868,.T.);
#4206=EDGE_CURVE('',#4733,#4747,#869,.T.);
#4207=EDGE_CURVE('',#4736,#4750,#870,.T.);
#4208=EDGE_CURVE('',#4735,#4748,#871,.T.);
#4209=EDGE_CURVE('',#4740,#4781,#872,.T.);
#4210=EDGE_CURVE('',#4737,#4780,#873,.T.);
#4211=EDGE_CURVE('',#4739,#4779,#874,.T.);
#4212=EDGE_CURVE('',#4738,#4778,#875,.T.);
#4213=EDGE_CURVE('',#4541,#4947,#876,.F.);
#4214=EDGE_CURVE('',#4947,#4877,#877,.T.);
#4215=EDGE_CURVE('',#4948,#4456,#878,.T.);
#4216=EDGE_CURVE('',#4948,#4540,#879,.T.);
#4217=EDGE_CURVE('',#4949,#4949,#226,.F.);
#4218=EDGE_CURVE('',#4947,#4948,#227,.F.);
#4219=EDGE_CURVE('',#4950,#4700,#880,.T.);
#4220=EDGE_CURVE('',#4950,#4538,#881,.T.);
#4221=EDGE_CURVE('',#4539,#4951,#882,.F.);
#4222=EDGE_CURVE('',#4951,#4459,#883,.T.);
#4223=EDGE_CURVE('',#4952,#4952,#228,.T.);
#4224=EDGE_CURVE('',#4951,#4950,#229,.F.);
#4225=EDGE_CURVE('',#4953,#4953,#230,.F.);
#4226=EDGE_CURVE('',#4688,#4954,#231,.T.);
#4227=EDGE_CURVE('',#4955,#4954,#884,.T.);
#4228=EDGE_CURVE('',#4956,#4955,#885,.T.);
#4229=EDGE_CURVE('',#4956,#4689,#886,.T.);
#4230=EDGE_CURVE('',#4956,#4957,#887,.T.);
#4231=EDGE_CURVE('',#4957,#4690,#888,.T.);
#4232=EDGE_CURVE('',#4958,#4958,#232,.F.);
#4233=EDGE_CURVE('',#4959,#4960,#889,.T.);
#4234=EDGE_CURVE('',#4960,#4685,#233,.F.);
#4235=EDGE_CURVE('',#4957,#4959,#890,.T.);
#4236=EDGE_CURVE('',#4954,#4960,#891,.T.);
#4237=EDGE_CURVE('',#4955,#4959,#892,.T.);
#4238=EDGE_CURVE('',#4961,#4961,#234,.T.);
#4239=EDGE_CURVE('',#4962,#4963,#893,.T.);
#4240=EDGE_CURVE('',#4963,#4683,#235,.T.);
#4241=EDGE_CURVE('',#4964,#4682,#894,.T.);
#4242=EDGE_CURVE('',#4964,#4962,#895,.T.);
#4243=EDGE_CURVE('',#4965,#4681,#896,.T.);
#4244=EDGE_CURVE('',#4964,#4965,#897,.T.);
#4245=EDGE_CURVE('',#4966,#4966,#236,.T.);
#4246=EDGE_CURVE('',#4680,#4967,#237,.F.);
#4247=EDGE_CURVE('',#4968,#4967,#898,.T.);
#4248=EDGE_CURVE('',#4965,#4968,#899,.T.);
#4249=EDGE_CURVE('',#4967,#4963,#900,.T.);
#4250=EDGE_CURVE('',#4962,#4968,#901,.T.);
#4251=EDGE_CURVE('',#4595,#4969,#902,.T.);
#4252=EDGE_CURVE('',#4969,#4970,#903,.T.);
#4253=EDGE_CURVE('',#4597,#4970,#904,.T.);
#4254=EDGE_CURVE('',#4970,#4664,#905,.T.);
#4255=EDGE_CURVE('',#4663,#4971,#906,.F.);
#4256=EDGE_CURVE('',#4598,#4971,#907,.T.);
#4257=EDGE_CURVE('',#4971,#4972,#908,.T.);
#4258=EDGE_CURVE('',#4599,#4972,#909,.T.);
#4259=EDGE_CURVE('',#4662,#4973,#910,.T.);
#4260=EDGE_CURVE('',#4600,#4973,#911,.T.);
#4261=EDGE_CURVE('',#4972,#4661,#912,.F.);
#4262=EDGE_CURVE('',#4973,#4974,#913,.T.);
#4263=EDGE_CURVE('',#4601,#4974,#914,.T.);
#4264=EDGE_CURVE('',#4974,#4975,#238,.F.);
#4265=EDGE_CURVE('',#4602,#4975,#915,.T.);
#4266=EDGE_CURVE('',#4975,#4976,#916,.T.);
#4267=EDGE_CURVE('',#4603,#4976,#917,.T.);
#4268=EDGE_CURVE('',#4976,#4977,#239,.F.);
#4269=EDGE_CURVE('',#4604,#4977,#918,.T.);
#4270=EDGE_CURVE('',#4977,#4978,#919,.T.);
#4271=EDGE_CURVE('',#4605,#4978,#920,.T.);
#4272=EDGE_CURVE('',#4978,#4668,#921,.T.);
#4273=EDGE_CURVE('',#4667,#4979,#922,.T.);
#4274=EDGE_CURVE('',#4606,#4979,#923,.T.);
#4275=EDGE_CURVE('',#4665,#4969,#924,.T.);
#4276=EDGE_CURVE('',#4596,#4980,#925,.T.);
#4277=EDGE_CURVE('',#4980,#4666,#926,.T.);
#4278=EDGE_CURVE('',#4979,#4980,#927,.T.);
#4279=EDGE_CURVE('',#4543,#4981,#928,.T.);
#4280=EDGE_CURVE('',#4981,#4617,#929,.T.);
#4281=EDGE_CURVE('',#4616,#4982,#930,.F.);
#4282=EDGE_CURVE('',#4544,#4982,#931,.T.);
#4283=EDGE_CURVE('',#4982,#4983,#932,.T.);
#4284=EDGE_CURVE('',#4545,#4983,#933,.T.);
#4285=EDGE_CURVE('',#4614,#4984,#934,.T.);
#4286=EDGE_CURVE('',#4546,#4984,#935,.T.);
#4287=EDGE_CURVE('',#4983,#4615,#936,.F.);
#4288=EDGE_CURVE('',#4984,#4985,#937,.T.);
#4289=EDGE_CURVE('',#4547,#4985,#938,.T.);
#4290=EDGE_CURVE('',#4985,#4986,#240,.F.);
#4291=EDGE_CURVE('',#4548,#4986,#939,.T.);
#4292=EDGE_CURVE('',#4986,#4987,#940,.T.);
#4293=EDGE_CURVE('',#4549,#4987,#941,.T.);
#4294=EDGE_CURVE('',#4987,#4988,#241,.F.);
#4295=EDGE_CURVE('',#4550,#4988,#942,.T.);
#4296=EDGE_CURVE('',#4988,#4989,#943,.T.);
#4297=EDGE_CURVE('',#4551,#4989,#944,.T.);
#4298=EDGE_CURVE('',#4989,#4609,#945,.T.);
#4299=EDGE_CURVE('',#4608,#4990,#946,.T.);
#4300=EDGE_CURVE('',#4552,#4990,#947,.T.);
#4301=EDGE_CURVE('',#4990,#4991,#948,.T.);
#4302=EDGE_CURVE('',#4553,#4991,#949,.T.);
#4303=EDGE_CURVE('',#4554,#4992,#950,.T.);
#4304=EDGE_CURVE('',#4992,#4981,#951,.T.);
#4305=EDGE_CURVE('',#4618,#4992,#952,.T.);
#4306=EDGE_CURVE('',#4991,#4607,#953,.T.);
#4307=EDGE_CURVE('',#4687,#4993,#278,.T.);
#4308=EDGE_CURVE('',#4993,#4994,#5017,.T.);
#4309=EDGE_CURVE('',#4994,#4582,#279,.F.);
#4310=EDGE_CURVE('',#4421,#4742,#5018,.T.);
#4311=EDGE_CURVE('',#4995,#4996,#5019,.T.);
#4312=EDGE_CURVE('',#4996,#4678,#280,.F.);
#4313=EDGE_CURVE('',#4583,#4995,#281,.F.);
#4314=EDGE_CURVE('',#4823,#4424,#5020,.T.);
#4315=EDGE_CURVE('',#4997,#4998,#5021,.T.);
#4316=EDGE_CURVE('',#4998,#4686,#282,.T.);
#4317=EDGE_CURVE('',#4477,#4997,#283,.T.);
#4318=EDGE_CURVE('',#4745,#4863,#5022,.T.);
#4319=EDGE_CURVE('',#4679,#4999,#284,.F.);
#4320=EDGE_CURVE('',#4999,#5000,#5023,.T.);
#4321=EDGE_CURVE('',#5000,#4476,#285,.T.);
#4322=EDGE_CURVE('',#4860,#4820,#5024,.T.);
#4323=EDGE_CURVE('',#4476,#4859,#242,.T.);
#4324=EDGE_CURVE('',#4860,#5000,#243,.T.);
#4325=EDGE_CURVE('',#4820,#4999,#244,.T.);
#4326=EDGE_CURVE('',#4477,#4858,#245,.T.);
#4327=EDGE_CURVE('',#4821,#4679,#246,.T.);
#4328=EDGE_CURVE('',#4997,#4863,#247,.T.);
#4329=EDGE_CURVE('',#4822,#4678,#248,.T.);
#4330=EDGE_CURVE('',#4998,#4745,#249,.T.);
#4331=EDGE_CURVE('',#4823,#4996,#250,.T.);
#4332=EDGE_CURVE('',#4686,#4744,#251,.T.);
#4333=EDGE_CURVE('',#4424,#4995,#252,.T.);
#4334=EDGE_CURVE('',#4687,#4743,#253,.T.);
#4335=EDGE_CURVE('',#4419,#4583,#254,.T.);
#4336=EDGE_CURVE('',#4993,#4742,#255,.T.);
#4337=EDGE_CURVE('',#4420,#4582,#256,.T.);
#4338=EDGE_CURVE('',#4994,#4421,#257,.T.);
#4339=EDGE_CURVE('',#4933,#4931,#286,.F.);
#4340=EDGE_CURVE('',#4932,#4928,#287,.T.);
#4341=EDGE_CURVE('',#4929,#4927,#288,.T.);
#4342=EDGE_CURVE('',#4934,#4930,#289,.F.);
#4343=EDGE_CURVE('',#4940,#4938,#290,.T.);
#4344=EDGE_CURVE('',#4935,#4939,#291,.F.);
#4345=EDGE_CURVE('',#4936,#4942,#292,.F.);
#4346=EDGE_CURVE('',#4941,#4937,#293,.T.);
#4347=EDGE_CURVE('',#4922,#4926,#294,.F.);
#4348=EDGE_CURVE('',#4919,#4921,#295,.T.);
#4349=EDGE_CURVE('',#4920,#4924,#296,.T.);
#4350=EDGE_CURVE('',#4923,#4925,#297,.F.);
#4351=EDGE_CURVE('',#4913,#4917,#298,.T.);
#4352=EDGE_CURVE('',#4918,#4912,#299,.F.);
#4353=EDGE_CURVE('',#4915,#4911,#300,.F.);
#4354=EDGE_CURVE('',#4914,#4916,#301,.T.);
#4355=EDGE_CURVE('',#4669,#4977,#954,.T.);
#4356=EDGE_CURVE('',#4670,#4976,#955,.T.);
#4357=EDGE_CURVE('',#4671,#4975,#956,.T.);
#4358=EDGE_CURVE('',#4672,#4974,#957,.T.);
#4359=EDGE_CURVE('',#4610,#4988,#958,.T.);
#4360=EDGE_CURVE('',#4611,#4987,#959,.T.);
#4361=EDGE_CURVE('',#4612,#4986,#960,.T.);
#4362=EDGE_CURVE('',#4613,#4985,#961,.T.);
#4363=EDGE_CURVE('',#4673,#4944,#962,.T.);
#4364=EDGE_CURVE('',#4946,#4676,#963,.T.);
#4365=EDGE_CURVE('',#4945,#4675,#964,.T.);
#4366=EDGE_CURVE('',#4674,#4943,#965,.T.);
#4367=EDGE_CURVE('',#4512,#4526,#966,.T.);
#4368=EDGE_CURVE('',#4467,#4479,#967,.T.);
#4369=EDGE_CURVE('',#4525,#4482,#968,.T.);
#4370=EDGE_CURVE('',#4465,#4481,#969,.T.);
#4371=EDGE_CURVE('',#4466,#4480,#970,.T.);
#4372=EDGE_CURVE('',#4474,#4510,#971,.T.);
#4373=EDGE_CURVE('',#4450,#4509,#972,.T.);
#4374=EDGE_CURVE('',#4449,#4508,#973,.T.);
#4375=EDGE_CURVE('',#4523,#4507,#974,.T.);
#4376=EDGE_CURVE('',#4896,#4522,#975,.T.);
#4377=EDGE_CURVE('',#4447,#4483,#976,.T.);
#4378=EDGE_CURVE('',#4448,#4486,#977,.T.);
#4379=EDGE_CURVE('',#4445,#4485,#978,.T.);
#4380=EDGE_CURVE('',#4446,#4484,#979,.T.);
#4381=EDGE_CURVE('',#4441,#4489,#980,.T.);
#4382=EDGE_CURVE('',#4442,#4488,#981,.T.);
#4383=EDGE_CURVE('',#4443,#4487,#982,.T.);
#4384=EDGE_CURVE('',#4444,#4490,#983,.T.);
#4385=EDGE_CURVE('',#4439,#4491,#984,.T.);
#4386=EDGE_CURVE('',#4440,#4494,#985,.T.);
#4387=EDGE_CURVE('',#4437,#4493,#986,.T.);
#4388=EDGE_CURVE('',#4438,#4492,#987,.T.);
#4389=EDGE_CURVE('',#4435,#4495,#988,.T.);
#4390=EDGE_CURVE('',#4436,#4498,#989,.T.);
#4391=EDGE_CURVE('',#4433,#4497,#990,.T.);
#4392=EDGE_CURVE('',#4434,#4496,#991,.T.);
#4393=EDGE_CURVE('',#4429,#4501,#992,.T.);
#4394=EDGE_CURVE('',#4430,#4500,#993,.T.);
#4395=EDGE_CURVE('',#4431,#4499,#994,.T.);
#4396=EDGE_CURVE('',#4432,#4502,#995,.T.);
#4397=EDGE_CURVE('',#4427,#4503,#996,.T.);
#4398=EDGE_CURVE('',#4428,#4506,#997,.T.);
#4399=EDGE_CURVE('',#4425,#4505,#998,.T.);
#4400=EDGE_CURVE('',#4426,#4504,#999,.T.);
#4401=EDGE_CURVE('',#5001,#5001,#5025,.T.);
#4402=EDGE_CURVE('',#5002,#5002,#5026,.T.);
#4403=EDGE_CURVE('',#5003,#5003,#5027,.T.);
#4404=EDGE_CURVE('',#5004,#5004,#5028,.T.);
#4405=EDGE_CURVE('',#5005,#5005,#5029,.T.);
#4406=EDGE_CURVE('',#5006,#5007,#258,.T.);
#4407=EDGE_CURVE('',#5006,#5008,#5030,.T.);
#4408=EDGE_CURVE('',#5009,#5008,#259,.T.);
#4409=EDGE_CURVE('',#5007,#5009,#5031,.T.);
#4410=EDGE_CURVE('',#5010,#5007,#1000,.T.);
#4411=EDGE_CURVE('',#5011,#5010,#260,.T.);
#4412=EDGE_CURVE('',#5011,#5006,#1001,.T.);
#4413=EDGE_CURVE('',#5012,#5009,#1002,.T.);
#4414=EDGE_CURVE('',#5010,#5012,#5032,.T.);
#4415=EDGE_CURVE('',#5013,#5008,#1003,.T.);
#4416=EDGE_CURVE('',#5012,#5013,#261,.T.);
#4417=EDGE_CURVE('',#5011,#5013,#5033,.T.);
#4418=VERTEX_POINT('',#8716);
#4419=VERTEX_POINT('',#8718);
#4420=VERTEX_POINT('',#8719);
#4421=VERTEX_POINT('',#8721);
#4422=VERTEX_POINT('',#8723);
#4423=VERTEX_POINT('',#8725);
#4424=VERTEX_POINT('',#8727);
#4425=VERTEX_POINT('',#8731);
#4426=VERTEX_POINT('',#8732);
#4427=VERTEX_POINT('',#8734);
#4428=VERTEX_POINT('',#8736);
#4429=VERTEX_POINT('',#8739);
#4430=VERTEX_POINT('',#8740);
#4431=VERTEX_POINT('',#8742);
#4432=VERTEX_POINT('',#8744);
#4433=VERTEX_POINT('',#8747);
#4434=VERTEX_POINT('',#8748);
#4435=VERTEX_POINT('',#8750);
#4436=VERTEX_POINT('',#8752);
#4437=VERTEX_POINT('',#8755);
#4438=VERTEX_POINT('',#8756);
#4439=VERTEX_POINT('',#8758);
#4440=VERTEX_POINT('',#8760);
#4441=VERTEX_POINT('',#8763);
#4442=VERTEX_POINT('',#8764);
#4443=VERTEX_POINT('',#8766);
#4444=VERTEX_POINT('',#8768);
#4445=VERTEX_POINT('',#8771);
#4446=VERTEX_POINT('',#8772);
#4447=VERTEX_POINT('',#8774);
#4448=VERTEX_POINT('',#8776);
#4449=VERTEX_POINT('',#8779);
#4450=VERTEX_POINT('',#8780);
#4451=VERTEX_POINT('',#8782);
#4452=VERTEX_POINT('',#8784);
#4453=VERTEX_POINT('',#8786);
#4454=VERTEX_POINT('',#8788);
#4455=VERTEX_POINT('',#8790);
#4456=VERTEX_POINT('',#8792);
#4457=VERTEX_POINT('',#8794);
#4458=VERTEX_POINT('',#8796);
#4459=VERTEX_POINT('',#8798);
#4460=VERTEX_POINT('',#8800);
#4461=VERTEX_POINT('',#8802);
#4462=VERTEX_POINT('',#8804);
#4463=VERTEX_POINT('',#8806);
#4464=VERTEX_POINT('',#8808);
#4465=VERTEX_POINT('',#8810);
#4466=VERTEX_POINT('',#8812);
#4467=VERTEX_POINT('',#8814);
#4468=VERTEX_POINT('',#8816);
#4469=VERTEX_POINT('',#8818);
#4470=VERTEX_POINT('',#8820);
#4471=VERTEX_POINT('',#8822);
#4472=VERTEX_POINT('',#8824);
#4473=VERTEX_POINT('',#8826);
#4474=VERTEX_POINT('',#8828);
#4475=VERTEX_POINT('',#8832);
#4476=VERTEX_POINT('',#8833);
#4477=VERTEX_POINT('',#8835);
#4478=VERTEX_POINT('',#8837);
#4479=VERTEX_POINT('',#8840);
#4480=VERTEX_POINT('',#8841);
#4481=VERTEX_POINT('',#8843);
#4482=VERTEX_POINT('',#8845);
#4483=VERTEX_POINT('',#8848);
#4484=VERTEX_POINT('',#8849);
#4485=VERTEX_POINT('',#8851);
#4486=VERTEX_POINT('',#8853);
#4487=VERTEX_POINT('',#8856);
#4488=VERTEX_POINT('',#8857);
#4489=VERTEX_POINT('',#8859);
#4490=VERTEX_POINT('',#8861);
#4491=VERTEX_POINT('',#8864);
#4492=VERTEX_POINT('',#8865);
#4493=VERTEX_POINT('',#8867);
#4494=VERTEX_POINT('',#8869);
#4495=VERTEX_POINT('',#8872);
#4496=VERTEX_POINT('',#8873);
#4497=VERTEX_POINT('',#8875);
#4498=VERTEX_POINT('',#8877);
#4499=VERTEX_POINT('',#8880);
#4500=VERTEX_POINT('',#8881);
#4501=VERTEX_POINT('',#8883);
#4502=VERTEX_POINT('',#8885);
#4503=VERTEX_POINT('',#8888);
#4504=VERTEX_POINT('',#8889);
#4505=VERTEX_POINT('',#8891);
#4506=VERTEX_POINT('',#8893);
#4507=VERTEX_POINT('',#8896);
#4508=VERTEX_POINT('',#8897);
#4509=VERTEX_POINT('',#8899);
#4510=VERTEX_POINT('',#8901);
#4511=VERTEX_POINT('',#8905);
#4512=VERTEX_POINT('',#8906);
#4513=VERTEX_POINT('',#8908);
#4514=VERTEX_POINT('',#8910);
#4515=VERTEX_POINT('',#8912);
#4516=VERTEX_POINT('',#8914);
#4517=VERTEX_POINT('',#8919);
#4518=VERTEX_POINT('',#8926);
#4519=VERTEX_POINT('',#8928);
#4520=VERTEX_POINT('',#8930);
#4521=VERTEX_POINT('',#8934);
#4522=VERTEX_POINT('',#8940);
#4523=VERTEX_POINT('',#8941);
#4524=VERTEX_POINT('',#8945);
#4525=VERTEX_POINT('',#8951);
#4526=VERTEX_POINT('',#8952);
#4527=VERTEX_POINT('',#8956);
#4528=VERTEX_POINT('',#8958);
#4529=VERTEX_POINT('',#8960);
#4530=VERTEX_POINT('',#8962);
#4531=VERTEX_POINT('',#8964);
#4532=VERTEX_POINT('',#8966);
#4533=VERTEX_POINT('',#8968);
#4534=VERTEX_POINT('',#8971);
#4535=VERTEX_POINT('',#8972);
#4536=VERTEX_POINT('',#8974);
#4537=VERTEX_POINT('',#8976);
#4538=VERTEX_POINT('',#8978);
#4539=VERTEX_POINT('',#8980);
#4540=VERTEX_POINT('',#8983);
#4541=VERTEX_POINT('',#8985);
#4542=VERTEX_POINT('',#8988);
#4543=VERTEX_POINT('',#8991);
#4544=VERTEX_POINT('',#8992);
#4545=VERTEX_POINT('',#8994);
#4546=VERTEX_POINT('',#8996);
#4547=VERTEX_POINT('',#8998);
#4548=VERTEX_POINT('',#9000);
#4549=VERTEX_POINT('',#9002);
#4550=VERTEX_POINT('',#9004);
#4551=VERTEX_POINT('',#9006);
#4552=VERTEX_POINT('',#9008);
#4553=VERTEX_POINT('',#9010);
#4554=VERTEX_POINT('',#9012);
#4555=VERTEX_POINT('',#9015);
#4556=VERTEX_POINT('',#9016);
#4557=VERTEX_POINT('',#9018);
#4558=VERTEX_POINT('',#9020);
#4559=VERTEX_POINT('',#9022);
#4560=VERTEX_POINT('',#9024);
#4561=VERTEX_POINT('',#9026);
#4562=VERTEX_POINT('',#9028);
#4563=VERTEX_POINT('',#9030);
#4564=VERTEX_POINT('',#9032);
#4565=VERTEX_POINT('',#9035);
#4566=VERTEX_POINT('',#9037);
#4567=VERTEX_POINT('',#9038);
#4568=VERTEX_POINT('',#9040);
#4569=VERTEX_POINT('',#9042);
#4570=VERTEX_POINT('',#9044);
#4571=VERTEX_POINT('',#9046);
#4572=VERTEX_POINT('',#9048);
#4573=VERTEX_POINT('',#9050);
#4574=VERTEX_POINT('',#9053);
#4575=VERTEX_POINT('',#9054);
#4576=VERTEX_POINT('',#9056);
#4577=VERTEX_POINT('',#9058);
#4578=VERTEX_POINT('',#9060);
#4579=VERTEX_POINT('',#9062);
#4580=VERTEX_POINT('',#9064);
#4581=VERTEX_POINT('',#9066);
#4582=VERTEX_POINT('',#9069);
#4583=VERTEX_POINT('',#9071);
#4584=VERTEX_POINT('',#9074);
#4585=VERTEX_POINT('',#9075);
#4586=VERTEX_POINT('',#9077);
#4587=VERTEX_POINT('',#9079);
#4588=VERTEX_POINT('',#9081);
#4589=VERTEX_POINT('',#9083);
#4590=VERTEX_POINT('',#9085);
#4591=VERTEX_POINT('',#9087);
#4592=VERTEX_POINT('',#9089);
#4593=VERTEX_POINT('',#9091);
#4594=VERTEX_POINT('',#9093);
#4595=VERTEX_POINT('',#9096);
#4596=VERTEX_POINT('',#9097);
#4597=VERTEX_POINT('',#9099);
#4598=VERTEX_POINT('',#9101);
#4599=VERTEX_POINT('',#9103);
#4600=VERTEX_POINT('',#9105);
#4601=VERTEX_POINT('',#9107);
#4602=VERTEX_POINT('',#9109);
#4603=VERTEX_POINT('',#9111);
#4604=VERTEX_POINT('',#9113);
#4605=VERTEX_POINT('',#9115);
#4606=VERTEX_POINT('',#9117);
#4607=VERTEX_POINT('',#9121);
#4608=VERTEX_POINT('',#9122);
#4609=VERTEX_POINT('',#9124);
#4610=VERTEX_POINT('',#9126);
#4611=VERTEX_POINT('',#9128);
#4612=VERTEX_POINT('',#9130);
#4613=VERTEX_POINT('',#9132);
#4614=VERTEX_POINT('',#9134);
#4615=VERTEX_POINT('',#9136);
#4616=VERTEX_POINT('',#9138);
#4617=VERTEX_POINT('',#9140);
#4618=VERTEX_POINT('',#9142);
#4619=VERTEX_POINT('',#9145);
#4620=VERTEX_POINT('',#9146);
#4621=VERTEX_POINT('',#9148);
#4622=VERTEX_POINT('',#9150);
#4623=VERTEX_POINT('',#9152);
#4624=VERTEX_POINT('',#9154);
#4625=VERTEX_POINT('',#9156);
#4626=VERTEX_POINT('',#9158);
#4627=VERTEX_POINT('',#9160);
#4628=VERTEX_POINT('',#9162);
#4629=VERTEX_POINT('',#9164);
#4630=VERTEX_POINT('',#9167);
#4631=VERTEX_POINT('',#9168);
#4632=VERTEX_POINT('',#9170);
#4633=VERTEX_POINT('',#9172);
#4634=VERTEX_POINT('',#9174);
#4635=VERTEX_POINT('',#9176);
#4636=VERTEX_POINT('',#9178);
#4637=VERTEX_POINT('',#9180);
#4638=VERTEX_POINT('',#9183);
#4639=VERTEX_POINT('',#9184);
#4640=VERTEX_POINT('',#9186);
#4641=VERTEX_POINT('',#9188);
#4642=VERTEX_POINT('',#9190);
#4643=VERTEX_POINT('',#9192);
#4644=VERTEX_POINT('',#9194);
#4645=VERTEX_POINT('',#9196);
#4646=VERTEX_POINT('',#9199);
#4647=VERTEX_POINT('',#9200);
#4648=VERTEX_POINT('',#9202);
#4649=VERTEX_POINT('',#9204);
#4650=VERTEX_POINT('',#9207);
#4651=VERTEX_POINT('',#9209);
#4652=VERTEX_POINT('',#9210);
#4653=VERTEX_POINT('',#9212);
#4654=VERTEX_POINT('',#9214);
#4655=VERTEX_POINT('',#9216);
#4656=VERTEX_POINT('',#9218);
#4657=VERTEX_POINT('',#9220);
#4658=VERTEX_POINT('',#9222);
#4659=VERTEX_POINT('',#9224);
#4660=VERTEX_POINT('',#9226);
#4661=VERTEX_POINT('',#9229);
#4662=VERTEX_POINT('',#9230);
#4663=VERTEX_POINT('',#9232);
#4664=VERTEX_POINT('',#9234);
#4665=VERTEX_POINT('',#9236);
#4666=VERTEX_POINT('',#9238);
#4667=VERTEX_POINT('',#9240);
#4668=VERTEX_POINT('',#9242);
#4669=VERTEX_POINT('',#9244);
#4670=VERTEX_POINT('',#9246);
#4671=VERTEX_POINT('',#9248);
#4672=VERTEX_POINT('',#9250);
#4673=VERTEX_POINT('',#9254);
#4674=VERTEX_POINT('',#9255);
#4675=VERTEX_POINT('',#9257);
#4676=VERTEX_POINT('',#9259);
#4677=VERTEX_POINT('',#9262);
#4678=VERTEX_POINT('',#9264);
#4679=VERTEX_POINT('',#9266);
#4680=VERTEX_POINT('',#9268);
#4681=VERTEX_POINT('',#9270);
#4682=VERTEX_POINT('',#9272);
#4683=VERTEX_POINT('',#9274);
#4684=VERTEX_POINT('',#9278);
#4685=VERTEX_POINT('',#9280);
#4686=VERTEX_POINT('',#9281);
#4687=VERTEX_POINT('',#9283);
#4688=VERTEX_POINT('',#9286);
#4689=VERTEX_POINT('',#9288);
#4690=VERTEX_POINT('',#9290);
#4691=VERTEX_POINT('',#9294);
#4692=VERTEX_POINT('',#9295);
#4693=VERTEX_POINT('',#9297);
#4694=VERTEX_POINT('',#9299);
#4695=VERTEX_POINT('',#9302);
#4696=VERTEX_POINT('',#9303);
#4697=VERTEX_POINT('',#9305);
#4698=VERTEX_POINT('',#9307);
#4699=VERTEX_POINT('',#9310);
#4700=VERTEX_POINT('',#9312);
#4701=VERTEX_POINT('',#9316);
#4702=VERTEX_POINT('',#9320);
#4703=VERTEX_POINT('',#9321);
#4704=VERTEX_POINT('',#9323);
#4705=VERTEX_POINT('',#9325);
#4706=VERTEX_POINT('',#9328);
#4707=VERTEX_POINT('',#9329);
#4708=VERTEX_POINT('',#9331);
#4709=VERTEX_POINT('',#9333);
#4710=VERTEX_POINT('',#9336);
#4711=VERTEX_POINT('',#9337);
#4712=VERTEX_POINT('',#9339);
#4713=VERTEX_POINT('',#9341);
#4714=VERTEX_POINT('',#9344);
#4715=VERTEX_POINT('',#9345);
#4716=VERTEX_POINT('',#9347);
#4717=VERTEX_POINT('',#9349);
#4718=VERTEX_POINT('',#9352);
#4719=VERTEX_POINT('',#9353);
#4720=VERTEX_POINT('',#9355);
#4721=VERTEX_POINT('',#9357);
#4722=VERTEX_POINT('',#9360);
#4723=VERTEX_POINT('',#9361);
#4724=VERTEX_POINT('',#9365);
#4725=VERTEX_POINT('',#9367);
#4726=VERTEX_POINT('',#9370);
#4727=VERTEX_POINT('',#9371);
#4728=VERTEX_POINT('',#9373);
#4729=VERTEX_POINT('',#9376);
#4730=VERTEX_POINT('',#9377);
#4731=VERTEX_POINT('',#9379);
#4732=VERTEX_POINT('',#9381);
#4733=VERTEX_POINT('',#9384);
#4734=VERTEX_POINT('',#9385);
#4735=VERTEX_POINT('',#9387);
#4736=VERTEX_POINT('',#9389);
#4737=VERTEX_POINT('',#9392);
#4738=VERTEX_POINT('',#9393);
#4739=VERTEX_POINT('',#9395);
#4740=VERTEX_POINT('',#9397);
#4741=VERTEX_POINT('',#9401);
#4742=VERTEX_POINT('',#9402);
#4743=VERTEX_POINT('',#9404);
#4744=VERTEX_POINT('',#9406);
#4745=VERTEX_POINT('',#9408);
#4746=VERTEX_POINT('',#9410);
#4747=VERTEX_POINT('',#9413);
#4748=VERTEX_POINT('',#9414);
#4749=VERTEX_POINT('',#9416);
#4750=VERTEX_POINT('',#9418);
#4751=VERTEX_POINT('',#9421);
#4752=VERTEX_POINT('',#9422);
#4753=VERTEX_POINT('',#9424);
#4754=VERTEX_POINT('',#9426);
#4755=VERTEX_POINT('',#9429);
#4756=VERTEX_POINT('',#9430);
#4757=VERTEX_POINT('',#9432);
#4758=VERTEX_POINT('',#9434);
#4759=VERTEX_POINT('',#9437);
#4760=VERTEX_POINT('',#9438);
#4761=VERTEX_POINT('',#9440);
#4762=VERTEX_POINT('',#9442);
#4763=VERTEX_POINT('',#9445);
#4764=VERTEX_POINT('',#9446);
#4765=VERTEX_POINT('',#9448);
#4766=VERTEX_POINT('',#9450);
#4767=VERTEX_POINT('',#9453);
#4768=VERTEX_POINT('',#9454);
#4769=VERTEX_POINT('',#9456);
#4770=VERTEX_POINT('',#9458);
#4771=VERTEX_POINT('',#9461);
#4772=VERTEX_POINT('',#9462);
#4773=VERTEX_POINT('',#9464);
#4774=VERTEX_POINT('',#9467);
#4775=VERTEX_POINT('',#9468);
#4776=VERTEX_POINT('',#9470);
#4777=VERTEX_POINT('',#9472);
#4778=VERTEX_POINT('',#9475);
#4779=VERTEX_POINT('',#9476);
#4780=VERTEX_POINT('',#9478);
#4781=VERTEX_POINT('',#9480);
#4782=VERTEX_POINT('',#9484);
#4783=VERTEX_POINT('',#9485);
#4784=VERTEX_POINT('',#9487);
#4785=VERTEX_POINT('',#9489);
#4786=VERTEX_POINT('',#9492);
#4787=VERTEX_POINT('',#9493);
#4788=VERTEX_POINT('',#9495);
#4789=VERTEX_POINT('',#9497);
#4790=VERTEX_POINT('',#9500);
#4791=VERTEX_POINT('',#9501);
#4792=VERTEX_POINT('',#9503);
#4793=VERTEX_POINT('',#9507);
#4794=VERTEX_POINT('',#9509);
#4795=VERTEX_POINT('',#9511);
#4796=VERTEX_POINT('',#9513);
#4797=VERTEX_POINT('',#9515);
#4798=VERTEX_POINT('',#9517);
#4799=VERTEX_POINT('',#9520);
#4800=VERTEX_POINT('',#9521);
#4801=VERTEX_POINT('',#9523);
#4802=VERTEX_POINT('',#9526);
#4803=VERTEX_POINT('',#9527);
#4804=VERTEX_POINT('',#9529);
#4805=VERTEX_POINT('',#9531);
#4806=VERTEX_POINT('',#9534);
#4807=VERTEX_POINT('',#9535);
#4808=VERTEX_POINT('',#9537);
#4809=VERTEX_POINT('',#9539);
#4810=VERTEX_POINT('',#9542);
#4811=VERTEX_POINT('',#9543);
#4812=VERTEX_POINT('',#9545);
#4813=VERTEX_POINT('',#9547);
#4814=VERTEX_POINT('',#9549);
#4815=VERTEX_POINT('',#9552);
#4816=VERTEX_POINT('',#9553);
#4817=VERTEX_POINT('',#9555);
#4818=VERTEX_POINT('',#9557);
#4819=VERTEX_POINT('',#9561);
#4820=VERTEX_POINT('',#9562);
#4821=VERTEX_POINT('',#9564);
#4822=VERTEX_POINT('',#9566);
#4823=VERTEX_POINT('',#9568);
#4824=VERTEX_POINT('',#9570);
#4825=VERTEX_POINT('',#9573);
#4826=VERTEX_POINT('',#9574);
#4827=VERTEX_POINT('',#9576);
#4828=VERTEX_POINT('',#9578);
#4829=VERTEX_POINT('',#9580);
#4830=VERTEX_POINT('',#9583);
#4831=VERTEX_POINT('',#9584);
#4832=VERTEX_POINT('',#9586);
#4833=VERTEX_POINT('',#9589);
#4834=VERTEX_POINT('',#9590);
#4835=VERTEX_POINT('',#9592);
#4836=VERTEX_POINT('',#9595);
#4837=VERTEX_POINT('',#9596);
#4838=VERTEX_POINT('',#9598);
#4839=VERTEX_POINT('',#9600);
#4840=VERTEX_POINT('',#9603);
#4841=VERTEX_POINT('',#9604);
#4842=VERTEX_POINT('',#9606);
#4843=VERTEX_POINT('',#9608);
#4844=VERTEX_POINT('',#9611);
#4845=VERTEX_POINT('',#9612);
#4846=VERTEX_POINT('',#9614);
#4847=VERTEX_POINT('',#9616);
#4848=VERTEX_POINT('',#9619);
#4849=VERTEX_POINT('',#9620);
#4850=VERTEX_POINT('',#9622);
#4851=VERTEX_POINT('',#9624);
#4852=VERTEX_POINT('',#9627);
#4853=VERTEX_POINT('',#9628);
#4854=VERTEX_POINT('',#9630);
#4855=VERTEX_POINT('',#9632);
#4856=VERTEX_POINT('',#9638);
#4857=VERTEX_POINT('',#9640);
#4858=VERTEX_POINT('',#9649);
#4859=VERTEX_POINT('',#9650);
#4860=VERTEX_POINT('',#9652);
#4861=VERTEX_POINT('',#9654);
#4862=VERTEX_POINT('',#9656);
#4863=VERTEX_POINT('',#9658);
#4864=VERTEX_POINT('',#9662);
#4865=VERTEX_POINT('',#9663);
#4866=VERTEX_POINT('',#9665);
#4867=VERTEX_POINT('',#9667);
#4868=VERTEX_POINT('',#9670);
#4869=VERTEX_POINT('',#9671);
#4870=VERTEX_POINT('',#9673);
#4871=VERTEX_POINT('',#9675);
#4872=VERTEX_POINT('',#9678);
#4873=VERTEX_POINT('',#9679);
#4874=VERTEX_POINT('',#9681);
#4875=VERTEX_POINT('',#9683);
#4876=VERTEX_POINT('',#9686);
#4877=VERTEX_POINT('',#9688);
#4878=VERTEX_POINT('',#9751);
#4879=VERTEX_POINT('',#9754);
#4880=VERTEX_POINT('',#9758);
#4881=VERTEX_POINT('',#9763);
#4882=VERTEX_POINT('',#9771);
#4883=VERTEX_POINT('',#9772);
#4884=VERTEX_POINT('',#9774);
#4885=VERTEX_POINT('',#9776);
#4886=VERTEX_POINT('',#9778);
#4887=VERTEX_POINT('',#9780);
#4888=VERTEX_POINT('',#9784);
#4889=VERTEX_POINT('',#9786);
#4890=VERTEX_POINT('',#9790);
#4891=VERTEX_POINT('',#9791);
#4892=VERTEX_POINT('',#9793);
#4893=VERTEX_POINT('',#9795);
#4894=VERTEX_POINT('',#9797);
#4895=VERTEX_POINT('',#9799);
#4896=VERTEX_POINT('',#9804);
#4897=VERTEX_POINT('',#9808);
#4898=VERTEX_POINT('',#9810);
#4899=VERTEX_POINT('',#9814);
#4900=VERTEX_POINT('',#9818);
#4901=VERTEX_POINT('',#9822);
#4902=VERTEX_POINT('',#9826);
#4903=VERTEX_POINT('',#9833);
#4904=VERTEX_POINT('',#9835);
#4905=VERTEX_POINT('',#9839);
#4906=VERTEX_POINT('',#9843);
#4907=VERTEX_POINT('',#9847);
#4908=VERTEX_POINT('',#9851);
#4909=VERTEX_POINT('',#9858);
#4910=VERTEX_POINT('',#9861);
#4911=VERTEX_POINT('',#9864);
#4912=VERTEX_POINT('',#9866);
#4913=VERTEX_POINT('',#9870);
#4914=VERTEX_POINT('',#9872);
#4915=VERTEX_POINT('',#9876);
#4916=VERTEX_POINT('',#9877);
#4917=VERTEX_POINT('',#9879);
#4918=VERTEX_POINT('',#9881);
#4919=VERTEX_POINT('',#9889);
#4920=VERTEX_POINT('',#9891);
#4921=VERTEX_POINT('',#9895);
#4922=VERTEX_POINT('',#9896);
#4923=VERTEX_POINT('',#9898);
#4924=VERTEX_POINT('',#9900);
#4925=VERTEX_POINT('',#9904);
#4926=VERTEX_POINT('',#9906);
#4927=VERTEX_POINT('',#9914);
#4928=VERTEX_POINT('',#9916);
#4929=VERTEX_POINT('',#9920);
#4930=VERTEX_POINT('',#9921);
#4931=VERTEX_POINT('',#9923);
#4932=VERTEX_POINT('',#9925);
#4933=VERTEX_POINT('',#9929);
#4934=VERTEX_POINT('',#9931);
#4935=VERTEX_POINT('',#9939);
#4936=VERTEX_POINT('',#9941);
#4937=VERTEX_POINT('',#9945);
#4938=VERTEX_POINT('',#9947);
#4939=VERTEX_POINT('',#9951);
#4940=VERTEX_POINT('',#9952);
#4941=VERTEX_POINT('',#9954);
#4942=VERTEX_POINT('',#9956);
#4943=VERTEX_POINT('',#9964);
#4944=VERTEX_POINT('',#9966);
#4945=VERTEX_POINT('',#9970);
#4946=VERTEX_POINT('',#9974);
#4947=VERTEX_POINT('',#10112);
#4948=VERTEX_POINT('',#10116);
#4949=VERTEX_POINT('',#10120);
#4950=VERTEX_POINT('',#10124);
#4951=VERTEX_POINT('',#10128);
#4952=VERTEX_POINT('',#10132);
#4953=VERTEX_POINT('',#10136);
#4954=VERTEX_POINT('',#10138);
#4955=VERTEX_POINT('',#10140);
#4956=VERTEX_POINT('',#10142);
#4957=VERTEX_POINT('',#10146);
#4958=VERTEX_POINT('',#10150);
#4959=VERTEX_POINT('',#10152);
#4960=VERTEX_POINT('',#10153);
#4961=VERTEX_POINT('',#10162);
#4962=VERTEX_POINT('',#10164);
#4963=VERTEX_POINT('',#10165);
#4964=VERTEX_POINT('',#10168);
#4965=VERTEX_POINT('',#10172);
#4966=VERTEX_POINT('',#10176);
#4967=VERTEX_POINT('',#10178);
#4968=VERTEX_POINT('',#10180);
#4969=VERTEX_POINT('',#10188);
#4970=VERTEX_POINT('',#10190);
#4971=VERTEX_POINT('',#10195);
#4972=VERTEX_POINT('',#10199);
#4973=VERTEX_POINT('',#10203);
#4974=VERTEX_POINT('',#10208);
#4975=VERTEX_POINT('',#10212);
#4976=VERTEX_POINT('',#10216);
#4977=VERTEX_POINT('',#10220);
#4978=VERTEX_POINT('',#10224);
#4979=VERTEX_POINT('',#10229);
#4980=VERTEX_POINT('',#10234);
#4981=VERTEX_POINT('',#10240);
#4982=VERTEX_POINT('',#10243);
#4983=VERTEX_POINT('',#10247);
#4984=VERTEX_POINT('',#10251);
#4985=VERTEX_POINT('',#10256);
#4986=VERTEX_POINT('',#10260);
#4987=VERTEX_POINT('',#10264);
#4988=VERTEX_POINT('',#10268);
#4989=VERTEX_POINT('',#10272);
#4990=VERTEX_POINT('',#10277);
#4991=VERTEX_POINT('',#10281);
#4992=VERTEX_POINT('',#10285);
#4993=VERTEX_POINT('',#10296);
#4994=VERTEX_POINT('',#10301);
#4995=VERTEX_POINT('',#10313);
#4996=VERTEX_POINT('',#10314);
#4997=VERTEX_POINT('',#10327);
#4998=VERTEX_POINT('',#10328);
#4999=VERTEX_POINT('',#10338);
#5000=VERTEX_POINT('',#10343);
#5001=VERTEX_POINT('',#10760);
#5002=VERTEX_POINT('',#10788);
#5003=VERTEX_POINT('',#11125);
#5004=VERTEX_POINT('',#11271);
#5005=VERTEX_POINT('',#11347);
#5006=VERTEX_POINT('',#11349);
#5007=VERTEX_POINT('',#11350);
#5008=VERTEX_POINT('',#11361);
#5009=VERTEX_POINT('',#11363);
#5010=VERTEX_POINT('',#11376);
#5011=VERTEX_POINT('',#11378);
#5012=VERTEX_POINT('',#11411);
#5013=VERTEX_POINT('',#11424);
#5014=B_SPLINE_CURVE_WITH_KNOTS('',3,(#8646,#8647,#8648,#8649,#8650,#8651,
#8652,#8653,#8654,#8655,#8656,#8657,#8658,#8659,#8660,#8661,#8662,#8663,
#8664,#8665,#8666,#8667,#8668,#8669,#8670,#8671,#8672,#8673,#8674,#8675,
#8676,#8677,#8678,#8679,#8680,#8681,#8682,#8683,#8684,#8685,#8686,#8687,
#8688,#8689,#8690,#8691,#8692,#8693,#8694,#8695,#8696,#8697,#8698,#8699,
#8700,#8701,#8702,#8703,#8704,#8705,#8706,#8707,#8708,#8709,#8710,#8711,
#8712,#8713,#8714,#8715),.UNSPECIFIED.,.T.,.F.,(1,1,1,1,1,1,1,1,1,1,1,1,
1,1,1,1,1,1,1,1,1,1,1,1,1,1,1,1,1,1,1,1,1,1,1,1,1,1,1,1,1,1,1,1,1,1,1,1,
1,1,1,1,1,1,1,1,1,1,1,1,1,1,1,1,1,1,1,1,1,1,1,1,1,1),(-0.0328949321546053,
-0.0164474660773026,-0.00822373303865132,0.,0.007421875,0.01484375,0.0296875,
0.04453125,0.059375,0.090546875,0.1061328125,0.12171875,0.137341796875,
0.15296484375,0.168587890625,0.1842109375,0.188117163085937,0.192023388671875,
0.19983583984375,0.2154607421875,0.246710546875,0.262335541992187,0.277960537109375,
0.30921052734375,0.342023026367187,0.357687088842773,0.373351151318359,
0.388978104442139,0.404605057565918,0.420230155222107,0.435855252878296,
0.451089630319701,0.466324007761105,0.48155838520251,0.496792762643915,
0.500694129861932,0.50459549707995,0.512398231515985,0.528003700388055,
0.559214638132196,0.572650185019403,0.579367958463006,0.58608573190661,
0.59532787057879,0.60457000925097,0.61381214792315,0.62305428659533,0.638822250462548,
0.654590214329766,0.670222362523127,0.685854510716488,0.701479868126156,
0.717105225535824,0.732730243406308,0.748355261276791,0.763980262170315,
0.77960526306384,0.795230263108516,0.810855263153192,0.841324013155426,
0.856558388156543,0.87179276315766,0.888159950657771,0.904527138157883,
0.920189247532889,0.935851356907894,0.951478212376644,0.967105067845395,
0.983552533922697,0.991776266961349,1.,1.007421875,1.01484375,1.0296875),
 .UNSPECIFIED.);
#5015=B_SPLINE_CURVE_WITH_KNOTS('',3,(#8935,#8936,#8937,#8938,#8939),
 .UNSPECIFIED.,.F.,.F.,(4,1,4),(0.,0.00137054591818999,0.00274109183637997),
 .UNSPECIFIED.);
#5016=B_SPLINE_CURVE_WITH_KNOTS('',3,(#8946,#8947,#8948,#8949,#8950),
 .UNSPECIFIED.,.F.,.F.,(4,1,4),(9.0555223987003E-18,0.00137054591819003,
0.00274109183638005),.UNSPECIFIED.);
#5017=B_SPLINE_CURVE_WITH_KNOTS('',3,(#10297,#10298,#10299,#10300),
 .UNSPECIFIED.,.F.,.F.,(4,4),(0.,0.000998784823272087),.UNSPECIFIED.);
#5018=B_SPLINE_CURVE_WITH_KNOTS('',3,(#10304,#10305,#10306,#10307),
 .UNSPECIFIED.,.F.,.F.,(4,4),(7.88106850030428E-17,0.000953078729327361),
 .UNSPECIFIED.);
#5019=B_SPLINE_CURVE_WITH_KNOTS('',3,(#10309,#10310,#10311,#10312),
 .UNSPECIFIED.,.F.,.F.,(4,4),(0.,0.0012694801582693),.UNSPECIFIED.);
#5020=B_SPLINE_CURVE_WITH_KNOTS('',3,(#10318,#10319,#10320,#10321),
 .UNSPECIFIED.,.F.,.F.,(4,4),(0.,0.00112917663068069),.UNSPECIFIED.);
#5021=B_SPLINE_CURVE_WITH_KNOTS('',3,(#10323,#10324,#10325,#10326),
 .UNSPECIFIED.,.F.,.F.,(4,4),(0.,0.00132062857479566),.UNSPECIFIED.);
#5022=B_SPLINE_CURVE_WITH_KNOTS('',3,(#10332,#10333,#10334,#10335),
 .UNSPECIFIED.,.F.,.F.,(4,4),(8.29963667627602E-18,0.00127992441574599),
 .UNSPECIFIED.);
#5023=B_SPLINE_CURVE_WITH_KNOTS('',3,(#10339,#10340,#10341,#10342),
 .UNSPECIFIED.,.F.,.F.,(4,4),(0.,0.00135093619854067),.UNSPECIFIED.);
#5024=B_SPLINE_CURVE_WITH_KNOTS('',3,(#10346,#10347,#10348,#10349),
 .UNSPECIFIED.,.F.,.F.,(4,4),(7.58941520739853E-19,0.00135487816834228),
 .UNSPECIFIED.);
#5025=B_SPLINE_CURVE_WITH_KNOTS('',3,(#10720,#10721,#10722,#10723,#10724,
#10725,#10726,#10727,#10728,#10729,#10730,#10731,#10732,#10733,#10734,#10735,
#10736,#10737,#10738,#10739,#10740,#10741,#10742,#10743,#10744,#10745,#10746,
#10747,#10748,#10749,#10750,#10751,#10752,#10753,#10754,#10755,#10756,#10757,
#10758,#10759),.UNSPECIFIED.,.T.,.F.,(1,1,1,1,1,1,1,1,1,1,1,1,1,1,1,1,1,
1,1,1,1,1,1,1,1,1,1,1,1,1,1,1,1,1,1,1,1,1,1,1,1,1,1,1),(-0.09375,-0.0625,
-0.03125,0.,0.03125,0.0625,0.09375,0.125,0.15625,0.1875,0.21875,0.234375,
0.25,0.265625,0.28125,0.296875,0.3125,0.328125,0.34375,0.375,0.40625,0.4375,
0.46875,0.5,0.53125,0.5625,0.59375,0.625,0.65625,0.6875,0.71875,0.75,0.78125,
0.8125,0.84375,0.859375,0.875,0.90625,0.9375,0.96875,1.,1.03125,1.0625,
1.09375),.UNSPECIFIED.);
#5026=B_SPLINE_CURVE_WITH_KNOTS('',3,(#10761,#10762,#10763,#10764,#10765,
#10766,#10767,#10768,#10769,#10770,#10771,#10772,#10773,#10774,#10775,#10776,
#10777,#10778,#10779,#10780,#10781,#10782,#10783,#10784,#10785,#10786,#10787),
 .UNSPECIFIED.,.T.,.F.,(1,3,1,1,1,1,1,1,1,1,1,1,1,1,1,1,1,1,1,1,1,1,1,1,
1,3,1),(-0.0361364431401214,0.,0.0458900957985269,0.093976674263935,0.142067337223402,
0.182308376340848,0.22308126526073,0.26843317998421,0.316933789011814,0.366006275565797,
0.409445828179118,0.451249985592453,0.496050846715718,0.541536604433978,
0.583135878939788,0.626328327303057,0.670619028831607,0.706242271180676,
0.742373855551526,0.776303400649635,0.817060180669652,0.856188329807887,
0.890507618265424,0.926217029515014,0.963863556859879,1.,1.04589009579853),
 .UNSPECIFIED.);
#5027=B_SPLINE_CURVE_WITH_KNOTS('',3,(#11079,#11080,#11081,#11082,#11083,
#11084,#11085,#11086,#11087,#11088,#11089,#11090,#11091,#11092,#11093,#11094,
#11095,#11096,#11097,#11098,#11099,#11100,#11101,#11102,#11103,#11104,#11105,
#11106,#11107,#11108,#11109,#11110,#11111,#11112,#11113,#11114,#11115,#11116,
#11117,#11118,#11119,#11120,#11121,#11122,#11123,#11124),.UNSPECIFIED.,
 .T.,.F.,(1,1,1,1,1,1,1,1,1,1,1,1,1,1,1,1,1,1,1,1,1,1,1,1,1,1,1,1,1,1,1,
1,1,1,1,1,1,1,1,1,1,1,1,1,1,1,1,1,1,1),(-0.09375,-0.0625,-0.03125,0.,0.03125,
0.0625,0.09375,0.125,0.140625,0.15625,0.1875,0.21875,0.25,0.28125,0.3125,
0.328125,0.34375,0.359375,0.375,0.40625,0.4375,0.46875,0.5,0.53125,0.5625,
0.578125,0.59375,0.609375,0.625,0.640625,0.65625,0.671875,0.6875,0.703125,
0.71875,0.734375,0.75,0.765625,0.78125,0.8125,0.84375,0.859375,0.875,0.90625,
0.9375,0.96875,1.,1.03125,1.0625,1.09375),.UNSPECIFIED.);
#5028=B_SPLINE_CURVE_WITH_KNOTS('',3,(#11126,#11127,#11128,#11129,#11130,
#11131,#11132,#11133,#11134,#11135,#11136,#11137,#11138,#11139,#11140,#11141,
#11142,#11143,#11144,#11145,#11146,#11147,#11148,#11149,#11150,#11151,#11152,
#11153,#11154,#11155,#11156,#11157,#11158,#11159,#11160,#11161,#11162,#11163,
#11164,#11165,#11166,#11167,#11168,#11169,#11170,#11171,#11172,#11173,#11174,
#11175,#11176,#11177,#11178,#11179,#11180,#11181,#11182,#11183,#11184,#11185,
#11186,#11187,#11188,#11189,#11190,#11191,#11192,#11193,#11194,#11195,#11196,
#11197,#11198,#11199,#11200,#11201,#11202,#11203,#11204,#11205,#11206,#11207,
#11208,#11209,#11210,#11211,#11212,#11213,#11214,#11215,#11216,#11217,#11218,
#11219,#11220,#11221,#11222,#11223,#11224,#11225,#11226,#11227,#11228,#11229,
#11230,#11231,#11232,#11233,#11234,#11235,#11236,#11237,#11238,#11239,#11240,
#11241,#11242,#11243,#11244,#11245,#11246,#11247,#11248,#11249,#11250,#11251,
#11252,#11253,#11254,#11255,#11256,#11257,#11258,#11259,#11260,#11261,#11262,
#11263,#11264,#11265,#11266,#11267,#11268,#11269,#11270),.UNSPECIFIED.,
 .T.,.F.,(1,3,1,1,1,1,1,1,1,1,1,1,1,1,1,1,1,1,1,1,1,1,1,1,1,1,1,1,1,1,1,
1,1,1,1,1,1,1,1,1,1,1,1,1,1,1,1,1,1,1,1,1,1,1,1,1,1,1,1,1,1,1,1,1,1,1,1,
1,1,1,1,1,1,1,1,1,1,1,1,1,1,1,1,1,1,1,1,1,1,1,1,1,1,1,1,1,1,1,1,1,1,1,1,
1,1,1,1,1,1,1,1,1,1,1,1,1,1,1,1,1,1,1,1,1,1,1,1,1,1,1,1,1,1,1,1,1,1,1,1,
1,1,1,1,3,1),(-0.0078125,0.,0.0078125,0.015625,0.0234375,0.03125,0.0390625,
0.04296875,0.046875,0.05078125,0.0546875,0.0625,0.0703125,0.078125,0.09375,
0.109375,0.125,0.1328125,0.140625,0.15625,0.1640625,0.171875,0.1796875,
0.1875,0.1953125,0.203125,0.21875,0.2265625,0.234375,0.25,0.2578125,0.265625,
0.26953125,0.2734375,0.28125,0.2890625,0.296875,0.3046875,0.3125,0.31640625,
0.318359375,0.3203125,0.328125,0.3359375,0.34375,0.3515625,0.359375,0.36328125,
0.3671875,0.375,0.3828125,0.390625,0.3984375,0.40625,0.41015625,0.4140625,
0.421875,0.4296875,0.4375,0.453125,0.46875,0.4765625,0.484375,0.4921875,
0.5,0.515625,0.53125,0.5390625,0.54296875,0.546875,0.5546875,0.5625,0.5703125,
0.578125,0.58203125,0.5859375,0.59375,0.6015625,0.609375,0.6171875,0.62109375,
0.625,0.62890625,0.6328125,0.63671875,0.640625,0.6484375,0.65625,0.6640625,
0.671875,0.6796875,0.6875,0.6953125,0.69921875,0.703125,0.70703125,0.7109375,
0.71875,0.7265625,0.734375,0.73828125,0.7421875,0.74609375,0.75,0.7578125,
0.765625,0.76953125,0.7734375,0.77734375,0.78125,0.7890625,0.796875,0.8046875,
0.8125,0.81640625,0.8203125,0.828125,0.8359375,0.84375,0.8515625,0.85546875,
0.859375,0.8671875,0.875,0.8828125,0.88671875,0.890625,0.89453125,0.8984375,
0.90625,0.9140625,0.921875,0.9296875,0.9375,0.9453125,0.953125,0.9609375,
0.96484375,0.96875,0.97265625,0.9765625,0.984375,0.9921875,1.,1.0078125),
 .UNSPECIFIED.);
#5029=B_SPLINE_CURVE_WITH_KNOTS('',3,(#11274,#11275,#11276,#11277,#11278,
#11279,#11280,#11281,#11282,#11283,#11284,#11285,#11286,#11287,#11288,#11289,
#11290,#11291,#11292,#11293,#11294,#11295,#11296,#11297,#11298,#11299,#11300,
#11301,#11302,#11303,#11304,#11305,#11306,#11307,#11308,#11309,#11310,#11311,
#11312,#11313,#11314,#11315,#11316,#11317,#11318,#11319,#11320,#11321,#11322,
#11323,#11324,#11325,#11326,#11327,#11328,#11329,#11330,#11331,#11332,#11333,
#11334,#11335,#11336,#11337,#11338,#11339,#11340,#11341,#11342,#11343,#11344,
#11345,#11346),.UNSPECIFIED.,.T.,.F.,(1,1,1,1,1,1,1,1,1,1,1,1,1,1,1,1,1,
1,1,1,1,1,1,1,1,1,1,1,1,1,1,1,1,1,1,1,1,1,1,1,1,1,1,1,1,1,1,1,1,1,1,1,1,
1,1,1,1,1,1,1,1,1,1,1,1,1,1,1,1,1,1,1,1,1,1,1,1),(-0.0328926858038652,-0.0164463429019326,
-0.00822317145096629,0.,0.007421875,0.01484375,0.0296875,0.0452734375,0.060859375,
0.076482421875,0.09210546875,0.10773037109375,0.1233552734375,0.153824018554687,
0.169058391113281,0.184292763671875,0.200659950927734,0.217027138183594,
0.232689247546387,0.24835135690918,0.263978212377319,0.279605067845459,
0.295230160618866,0.310855253392273,0.326480258030943,0.342105262669614,
0.357730262901547,0.365542763017514,0.373355263133481,0.37716385688493,
0.38097245063638,0.388589638139279,0.403824013145077,0.419058388150876,
0.426675575653775,0.434292763156674,0.438194130344246,0.442095497531819,
0.449898231906964,0.465503700657254,0.496714638157834,0.513118935032863,
0.529523231907892,0.545187196751643,0.560851161595394,0.576478109837582,
0.584291583958676,0.59210505807977,0.607730155491879,0.623355252903989,
0.638980257774594,0.654605262645199,0.67023026288873,0.68585526313226,0.716324013144436,
0.731558388150525,0.746792763156613,0.763159950657222,0.779527138157831,
0.795189247532861,0.810851356907891,0.826086659642267,0.841321962376643,
0.856557265111019,0.871792567845394,0.879595325413754,0.887398082982113,
0.903003598118832,0.93421462839227,0.950660971294202,0.967107314196135,
0.983553657098067,0.991776828549034,1.,1.007421875,1.01484375,1.0296875),
 .UNSPECIFIED.);
#5030=B_SPLINE_CURVE_WITH_KNOTS('',3,(#11351,#11352,#11353,#11354,#11355,
#11356,#11357,#11358,#11359,#11360),.UNSPECIFIED.,.F.,.F.,(4,1,1,1,1,1,
1,4),(0.,0.0930990653948389,0.247405974449434,0.447523299446346,0.62463948543385,
0.780867652906698,0.907779054095977,1.),.UNSPECIFIED.);
#5031=B_SPLINE_CURVE_WITH_KNOTS('',3,(#11364,#11365,#11366,#11367,#11368,
#11369,#11370,#11371,#11372,#11373),.UNSPECIFIED.,.F.,.F.,(4,1,1,1,1,1,
1,4),(0.,0.105057865245525,0.241131067643545,0.455372893079686,0.643240474905184,
0.802420263459742,0.914103746435922,1.),.UNSPECIFIED.);
#5032=B_SPLINE_CURVE_WITH_KNOTS('',3,(#11412,#11413,#11414,#11415,#11416,
#11417,#11418,#11419,#11420,#11421),.UNSPECIFIED.,.F.,.F.,(4,1,1,1,1,1,
1,4),(0.,0.105057865245525,0.241131067643545,0.455372893079686,0.643240474905184,
0.802420263459742,0.914103746435922,1.),.UNSPECIFIED.);
#5033=B_SPLINE_CURVE_WITH_KNOTS('',3,(#11454,#11455,#11456,#11457,#11458,
#11459,#11460,#11461,#11462,#11463),.UNSPECIFIED.,.F.,.F.,(4,1,1,1,1,1,
1,4),(0.,0.0930990653948389,0.247405974449434,0.447523299446346,0.62463948543385,
0.780867652906698,0.907779054095977,1.),.UNSPECIFIED.);
#5034=EDGE_LOOP('',(#1706));
#5035=EDGE_LOOP('',(#1707,#1708,#1709,#1710,#1711,#1712));
#5036=EDGE_LOOP('',(#1713,#1714,#1715,#1716));
#5037=EDGE_LOOP('',(#1717,#1718,#1719,#1720));
#5038=EDGE_LOOP('',(#1721,#1722,#1723,#1724));
#5039=EDGE_LOOP('',(#1725,#1726,#1727,#1728));
#5040=EDGE_LOOP('',(#1729,#1730,#1731,#1732));
#5041=EDGE_LOOP('',(#1733,#1734,#1735,#1736));
#5042=EDGE_LOOP('',(#1737,#1738,#1739,#1740,#1741,#1742,#1743,#1744,#1745,
#1746,#1747,#1748,#1749,#1750,#1751,#1752,#1753,#1754,#1755,#1756,#1757,
#1758,#1759,#1760,#1761,#1762));
#5043=EDGE_LOOP('',(#1763,#1764,#1765,#1766));
#5044=EDGE_LOOP('',(#1767,#1768,#1769,#1770));
#5045=EDGE_LOOP('',(#1771,#1772,#1773,#1774));
#5046=EDGE_LOOP('',(#1775,#1776,#1777,#1778));
#5047=EDGE_LOOP('',(#1779,#1780,#1781,#1782));
#5048=EDGE_LOOP('',(#1783,#1784,#1785,#1786));
#5049=EDGE_LOOP('',(#1787,#1788,#1789,#1790));
#5050=EDGE_LOOP('',(#1791,#1792,#1793,#1794));
#5051=EDGE_LOOP('',(#1795,#1796,#1797,#1798));
#5052=EDGE_LOOP('',(#1799,#1800,#1801,#1802,#1803,#1804));
#5053=EDGE_LOOP('',(#1805,#1806,#1807,#1808,#1809));
#5054=EDGE_LOOP('',(#1810,#1811,#1812,#1813));
#5055=EDGE_LOOP('',(#1814,#1815,#1816,#1817,#1818));
#5056=EDGE_LOOP('',(#1819));
#5057=EDGE_LOOP('',(#1820,#1821));
#5058=EDGE_LOOP('',(#1822));
#5059=EDGE_LOOP('',(#1823,#1824));
#5060=EDGE_LOOP('',(#1825));
#5061=EDGE_LOOP('',(#1826,#1827,#1828,#1829,#1830,#1831,#1832,#1833));
#5062=EDGE_LOOP('',(#1834,#1835,#1836,#1837,#1838,#1839,#1840,#1841,#1842,
#1843));
#5063=EDGE_LOOP('',(#1844));
#5064=EDGE_LOOP('',(#1845,#1846,#1847,#1848,#1849,#1850,#1851,#1852,#1853,
#1854,#1855,#1856));
#5065=EDGE_LOOP('',(#1857,#1858,#1859,#1860,#1861,#1862,#1863,#1864,#1865,
#1866));
#5066=EDGE_LOOP('',(#1867));
#5067=EDGE_LOOP('',(#1868,#1869,#1870,#1871,#1872,#1873,#1874,#1875));
#5068=EDGE_LOOP('',(#1876,#1877,#1878,#1879,#1880,#1881,#1882,#1883));
#5069=EDGE_LOOP('',(#1884,#1885,#1886,#1887));
#5070=EDGE_LOOP('',(#1888,#1889,#1890,#1891,#1892,#1893,#1894,#1895,#1896,
#1897,#1898));
#5071=EDGE_LOOP('',(#1899,#1900,#1901,#1902,#1903,#1904,#1905,#1906,#1907,
#1908,#1909,#1910));
#5072=EDGE_LOOP('',(#1911,#1912,#1913,#1914,#1915,#1916,#1917,#1918,#1919,
#1920,#1921,#1922));
#5073=EDGE_LOOP('',(#1923,#1924,#1925,#1926,#1927,#1928,#1929,#1930,#1931,
#1932,#1933));
#5074=EDGE_LOOP('',(#1934,#1935,#1936,#1937,#1938,#1939,#1940,#1941));
#5075=EDGE_LOOP('',(#1942,#1943,#1944,#1945,#1946,#1947,#1948,#1949));
#5076=EDGE_LOOP('',(#1950,#1951,#1952,#1953));
#5077=EDGE_LOOP('',(#1954));
#5078=EDGE_LOOP('',(#1955,#1956,#1957,#1958,#1959,#1960,#1961,#1962,#1963,
#1964));
#5079=EDGE_LOOP('',(#1965,#1966,#1967,#1968,#1969,#1970,#1971,#1972,#1973,
#1974,#1975,#1976));
#5080=EDGE_LOOP('',(#1977,#1978,#1979,#1980));
#5081=EDGE_LOOP('',(#1981));
#5082=EDGE_LOOP('',(#1982,#1983,#1984,#1985,#1986,#1987,#1988,#1989));
#5083=EDGE_LOOP('',(#1990));
#5084=EDGE_LOOP('',(#1991,#1992,#1993,#1994,#1995,#1996,#1997,#1998));
#5085=EDGE_LOOP('',(#1999,#2000,#2001,#2002));
#5086=EDGE_LOOP('',(#2003,#2004,#2005,#2006));
#5087=EDGE_LOOP('',(#2007));
#5088=EDGE_LOOP('',(#2008,#2009,#2010,#2011,#2012,#2013,#2014,#2015));
#5089=EDGE_LOOP('',(#2016,#2017,#2018,#2019));
#5090=EDGE_LOOP('',(#2020,#2021,#2022,#2023));
#5091=EDGE_LOOP('',(#2024,#2025,#2026,#2027));
#5092=EDGE_LOOP('',(#2028,#2029,#2030,#2031));
#5093=EDGE_LOOP('',(#2032,#2033,#2034,#2035));
#5094=EDGE_LOOP('',(#2036,#2037,#2038,#2039,#2040,#2041,#2042,#2043,#2044,
#2045));
#5095=EDGE_LOOP('',(#2046,#2047,#2048));
#5096=EDGE_LOOP('',(#2049,#2050,#2051,#2052));
#5097=EDGE_LOOP('',(#2053,#2054,#2055,#2056));
#5098=EDGE_LOOP('',(#2057,#2058,#2059,#2060));
#5099=EDGE_LOOP('',(#2061,#2062,#2063,#2064,#2065,#2066));
#5100=EDGE_LOOP('',(#2067,#2068,#2069,#2070));
#5101=EDGE_LOOP('',(#2071,#2072,#2073,#2074));
#5102=EDGE_LOOP('',(#2075,#2076,#2077,#2078));
#5103=EDGE_LOOP('',(#2079,#2080,#2081,#2082));
#5104=EDGE_LOOP('',(#2083,#2084,#2085,#2086));
#5105=EDGE_LOOP('',(#2087,#2088,#2089,#2090));
#5106=EDGE_LOOP('',(#2091,#2092,#2093));
#5107=EDGE_LOOP('',(#2094,#2095,#2096,#2097));
#5108=EDGE_LOOP('',(#2098,#2099,#2100,#2101));
#5109=EDGE_LOOP('',(#2102,#2103,#2104,#2105));
#5110=EDGE_LOOP('',(#2106,#2107,#2108,#2109));
#5111=EDGE_LOOP('',(#2110,#2111,#2112));
#5112=EDGE_LOOP('',(#2113,#2114,#2115,#2116,#2117,#2118,#2119,#2120,#2121,
#2122));
#5113=EDGE_LOOP('',(#2123,#2124,#2125));
#5114=EDGE_LOOP('',(#2126,#2127,#2128,#2129));
#5115=EDGE_LOOP('',(#2130,#2131,#2132,#2133));
#5116=EDGE_LOOP('',(#2134,#2135,#2136,#2137,#2138));
#5117=EDGE_LOOP('',(#2139,#2140,#2141,#2142));
#5118=EDGE_LOOP('',(#2143,#2144,#2145,#2146,#2147,#2148));
#5119=EDGE_LOOP('',(#2149,#2150,#2151,#2152,#2153));
#5120=EDGE_LOOP('',(#2154,#2155,#2156));
#5121=EDGE_LOOP('',(#2157,#2158,#2159));
#5122=EDGE_LOOP('',(#2160,#2161,#2162,#2163));
#5123=EDGE_LOOP('',(#2164,#2165,#2166,#2167));
#5124=EDGE_LOOP('',(#2168,#2169,#2170,#2171));
#5125=EDGE_LOOP('',(#2172,#2173,#2174,#2175));
#5126=EDGE_LOOP('',(#2176,#2177,#2178,#2179));
#5127=EDGE_LOOP('',(#2180,#2181,#2182,#2183,#2184,#2185,#2186,#2187));
#5128=EDGE_LOOP('',(#2188,#2189,#2190));
#5129=EDGE_LOOP('',(#2191,#2192,#2193));
#5130=EDGE_LOOP('',(#2194,#2195,#2196,#2197,#2198,#2199));
#5131=EDGE_LOOP('',(#2200,#2201,#2202,#2203,#2204,#2205));
#5132=EDGE_LOOP('',(#2206,#2207,#2208,#2209));
#5133=EDGE_LOOP('',(#2210,#2211,#2212,#2213));
#5134=EDGE_LOOP('',(#2214,#2215,#2216,#2217));
#5135=EDGE_LOOP('',(#2218));
#5136=EDGE_LOOP('',(#2219,#2220,#2221,#2222,#2223,#2224,#2225,#2226));
#5137=EDGE_LOOP('',(#2227,#2228,#2229,#2230));
#5138=EDGE_LOOP('',(#2231,#2232,#2233,#2234));
#5139=EDGE_LOOP('',(#2235,#2236,#2237,#2238));
#5140=EDGE_LOOP('',(#2239,#2240,#2241,#2242));
#5141=EDGE_LOOP('',(#2243,#2244,#2245,#2246));
#5142=EDGE_LOOP('',(#2247,#2248,#2249,#2250));
#5143=EDGE_LOOP('',(#2251,#2252,#2253,#2254));
#5144=EDGE_LOOP('',(#2255,#2256,#2257,#2258));
#5145=EDGE_LOOP('',(#2259,#2260,#2261,#2262));
#5146=EDGE_LOOP('',(#2263,#2264,#2265,#2266));
#5147=EDGE_LOOP('',(#2267,#2268,#2269,#2270));
#5148=EDGE_LOOP('',(#2271,#2272,#2273,#2274));
#5149=EDGE_LOOP('',(#2275,#2276,#2277,#2278));
#5150=EDGE_LOOP('',(#2279,#2280,#2281,#2282));
#5151=EDGE_LOOP('',(#2283,#2284,#2285,#2286));
#5152=EDGE_LOOP('',(#2287));
#5153=EDGE_LOOP('',(#2288));
#5154=EDGE_LOOP('',(#2289,#2290,#2291,#2292));
#5155=EDGE_LOOP('',(#2293,#2294,#2295,#2296));
#5156=EDGE_LOOP('',(#2297,#2298,#2299,#2300));
#5157=EDGE_LOOP('',(#2301,#2302,#2303,#2304));
#5158=EDGE_LOOP('',(#2305,#2306,#2307,#2308));
#5159=EDGE_LOOP('',(#2309,#2310,#2311,#2312,#2313,#2314,#2315));
#5160=EDGE_LOOP('',(#2316,#2317,#2318,#2319,#2320,#2321));
#5161=EDGE_LOOP('',(#2322,#2323,#2324,#2325,#2326,#2327,#2328,#2329));
#5162=EDGE_LOOP('',(#2330,#2331,#2332,#2333,#2334,#2335,#2336));
#5163=EDGE_LOOP('',(#2337,#2338,#2339,#2340,#2341,#2342));
#5164=EDGE_LOOP('',(#2343,#2344,#2345,#2346,#2347));
#5165=EDGE_LOOP('',(#2348,#2349,#2350,#2351));
#5166=EDGE_LOOP('',(#2352,#2353,#2354,#2355,#2356,#2357));
#5167=EDGE_LOOP('',(#2358,#2359,#2360,#2361,#2362));
#5168=EDGE_LOOP('',(#2363,#2364,#2365,#2366,#2367,#2368));
#5169=EDGE_LOOP('',(#2369,#2370,#2371,#2372));
#5170=EDGE_LOOP('',(#2373,#2374,#2375,#2376));
#5171=EDGE_LOOP('',(#2377,#2378,#2379,#2380));
#5172=EDGE_LOOP('',(#2381,#2382,#2383,#2384));
#5173=EDGE_LOOP('',(#2385,#2386,#2387,#2388));
#5174=EDGE_LOOP('',(#2389,#2390,#2391,#2392));
#5175=EDGE_LOOP('',(#2393));
#5176=EDGE_LOOP('',(#2394,#2395,#2396,#2397,#2398,#2399));
#5177=EDGE_LOOP('',(#2400,#2401,#2402,#2403));
#5178=EDGE_LOOP('',(#2404,#2405,#2406,#2407));
#5179=EDGE_LOOP('',(#2408,#2409,#2410,#2411));
#5180=EDGE_LOOP('',(#2412,#2413,#2414,#2415));
#5181=EDGE_LOOP('',(#2416,#2417,#2418,#2419));
#5182=EDGE_LOOP('',(#2420,#2421,#2422,#2423));
#5183=EDGE_LOOP('',(#2424));
#5184=EDGE_LOOP('',(#2425,#2426,#2427,#2428,#2429,#2430));
#5185=EDGE_LOOP('',(#2431));
#5186=EDGE_LOOP('',(#2432));
#5187=EDGE_LOOP('',(#2433));
#5188=EDGE_LOOP('',(#2434));
#5189=EDGE_LOOP('',(#2435,#2436,#2437,#2438));
#5190=EDGE_LOOP('',(#2439,#2440,#2441,#2442));
#5191=EDGE_LOOP('',(#2443,#2444,#2445,#2446));
#5192=EDGE_LOOP('',(#2447,#2448,#2449,#2450));
#5193=EDGE_LOOP('',(#2451,#2452,#2453,#2454));
#5194=EDGE_LOOP('',(#2455,#2456,#2457,#2458));
#5195=EDGE_LOOP('',(#2459,#2460,#2461,#2462));
#5196=EDGE_LOOP('',(#2463,#2464,#2465,#2466));
#5197=EDGE_LOOP('',(#2467,#2468,#2469,#2470));
#5198=EDGE_LOOP('',(#2471,#2472,#2473,#2474));
#5199=EDGE_LOOP('',(#2475,#2476,#2477,#2478));
#5200=EDGE_LOOP('',(#2479,#2480,#2481,#2482));
#5201=EDGE_LOOP('',(#2483,#2484,#2485,#2486));
#5202=EDGE_LOOP('',(#2487,#2488,#2489,#2490));
#5203=EDGE_LOOP('',(#2491,#2492,#2493,#2494));
#5204=EDGE_LOOP('',(#2495,#2496,#2497,#2498));
#5205=EDGE_LOOP('',(#2499,#2500,#2501,#2502));
#5206=EDGE_LOOP('',(#2503,#2504,#2505,#2506));
#5207=EDGE_LOOP('',(#2507,#2508,#2509,#2510));
#5208=EDGE_LOOP('',(#2511,#2512,#2513,#2514));
#5209=EDGE_LOOP('',(#2515,#2516,#2517,#2518));
#5210=EDGE_LOOP('',(#2519,#2520,#2521,#2522));
#5211=EDGE_LOOP('',(#2523,#2524,#2525,#2526));
#5212=EDGE_LOOP('',(#2527,#2528,#2529,#2530));
#5213=EDGE_LOOP('',(#2531,#2532,#2533,#2534));
#5214=EDGE_LOOP('',(#2535,#2536,#2537,#2538));
#5215=EDGE_LOOP('',(#2539,#2540,#2541,#2542));
#5216=EDGE_LOOP('',(#2543,#2544,#2545,#2546));
#5217=EDGE_LOOP('',(#2547,#2548,#2549,#2550));
#5218=EDGE_LOOP('',(#2551,#2552,#2553,#2554));
#5219=EDGE_LOOP('',(#2555,#2556,#2557,#2558));
#5220=EDGE_LOOP('',(#2559,#2560,#2561,#2562));
#5221=EDGE_LOOP('',(#2563,#2564,#2565,#2566));
#5222=EDGE_LOOP('',(#2567,#2568,#2569,#2570));
#5223=EDGE_LOOP('',(#2571,#2572,#2573,#2574));
#5224=EDGE_LOOP('',(#2575,#2576,#2577,#2578));
#5225=EDGE_LOOP('',(#2579,#2580,#2581,#2582));
#5226=EDGE_LOOP('',(#2583,#2584,#2585,#2586));
#5227=EDGE_LOOP('',(#2587,#2588,#2589,#2590));
#5228=EDGE_LOOP('',(#2591,#2592,#2593,#2594));
#5229=EDGE_LOOP('',(#2595,#2596,#2597,#2598));
#5230=EDGE_LOOP('',(#2599,#2600,#2601,#2602));
#5231=EDGE_LOOP('',(#2603,#2604,#2605,#2606));
#5232=EDGE_LOOP('',(#2607,#2608,#2609,#2610));
#5233=EDGE_LOOP('',(#2611,#2612,#2613,#2614));
#5234=EDGE_LOOP('',(#2615,#2616,#2617,#2618));
#5235=EDGE_LOOP('',(#2619,#2620,#2621,#2622));
#5236=EDGE_LOOP('',(#2623,#2624,#2625,#2626));
#5237=EDGE_LOOP('',(#2627,#2628,#2629,#2630));
#5238=EDGE_LOOP('',(#2631,#2632,#2633,#2634));
#5239=EDGE_LOOP('',(#2635,#2636,#2637,#2638));
#5240=EDGE_LOOP('',(#2639,#2640,#2641,#2642));
#5241=EDGE_LOOP('',(#2643,#2644,#2645,#2646));
#5242=EDGE_LOOP('',(#2647,#2648,#2649,#2650));
#5243=EDGE_LOOP('',(#2651,#2652,#2653,#2654));
#5244=EDGE_LOOP('',(#2655,#2656,#2657,#2658));
#5245=EDGE_LOOP('',(#2659,#2660,#2661,#2662));
#5246=EDGE_LOOP('',(#2663,#2664,#2665,#2666));
#5247=EDGE_LOOP('',(#2667,#2668,#2669,#2670));
#5248=EDGE_LOOP('',(#2671,#2672,#2673,#2674));
#5249=EDGE_LOOP('',(#2675,#2676,#2677,#2678));
#5250=EDGE_LOOP('',(#2679,#2680,#2681,#2682));
#5251=EDGE_LOOP('',(#2683,#2684,#2685,#2686));
#5252=EDGE_LOOP('',(#2687,#2688,#2689,#2690));
#5253=EDGE_LOOP('',(#2691,#2692,#2693,#2694));
#5254=EDGE_LOOP('',(#2695,#2696,#2697,#2698));
#5255=EDGE_LOOP('',(#2699,#2700,#2701,#2702));
#5256=EDGE_LOOP('',(#2703,#2704,#2705,#2706));
#5257=EDGE_LOOP('',(#2707,#2708,#2709,#2710));
#5258=EDGE_LOOP('',(#2711,#2712,#2713,#2714));
#5259=EDGE_LOOP('',(#2715,#2716,#2717,#2718));
#5260=EDGE_LOOP('',(#2719,#2720,#2721,#2722));
#5261=EDGE_LOOP('',(#2723,#2724,#2725,#2726));
#5262=EDGE_LOOP('',(#2727,#2728,#2729,#2730));
#5263=EDGE_LOOP('',(#2731,#2732,#2733,#2734));
#5264=EDGE_LOOP('',(#2735,#2736,#2737,#2738));
#5265=EDGE_LOOP('',(#2739,#2740,#2741,#2742));
#5266=EDGE_LOOP('',(#2743,#2744,#2745,#2746));
#5267=EDGE_LOOP('',(#2747,#2748,#2749,#2750));
#5268=EDGE_LOOP('',(#2751,#2752,#2753,#2754));
#5269=EDGE_LOOP('',(#2755,#2756,#2757,#2758));
#5270=EDGE_LOOP('',(#2759,#2760,#2761,#2762));
#5271=EDGE_LOOP('',(#2763,#2764,#2765,#2766));
#5272=EDGE_LOOP('',(#2767,#2768,#2769,#2770));
#5273=EDGE_LOOP('',(#2771,#2772,#2773,#2774));
#5274=EDGE_LOOP('',(#2775,#2776,#2777,#2778));
#5275=EDGE_LOOP('',(#2779,#2780,#2781,#2782));
#5276=EDGE_LOOP('',(#2783,#2784,#2785,#2786));
#5277=EDGE_LOOP('',(#2787,#2788,#2789,#2790));
#5278=EDGE_LOOP('',(#2791,#2792,#2793,#2794));
#5279=EDGE_LOOP('',(#2795,#2796,#2797,#2798));
#5280=EDGE_LOOP('',(#2799,#2800,#2801,#2802));
#5281=EDGE_LOOP('',(#2803));
#5282=EDGE_LOOP('',(#2804,#2805,#2806,#2807,#2808));
#5283=EDGE_LOOP('',(#2809,#2810,#2811,#2812));
#5284=EDGE_LOOP('',(#2813,#2814,#2815,#2816));
#5285=EDGE_LOOP('',(#2817));
#5286=EDGE_LOOP('',(#2818,#2819,#2820,#2821,#2822));
#5287=EDGE_LOOP('',(#2823));
#5288=EDGE_LOOP('',(#2824,#2825,#2826,#2827,#2828));
#5289=EDGE_LOOP('',(#2829,#2830,#2831,#2832));
#5290=EDGE_LOOP('',(#2833));
#5291=EDGE_LOOP('',(#2834,#2835,#2836,#2837,#2838));
#5292=EDGE_LOOP('',(#2839,#2840,#2841,#2842));
#5293=EDGE_LOOP('',(#2843,#2844,#2845,#2846));
#5294=EDGE_LOOP('',(#2847));
#5295=EDGE_LOOP('',(#2848,#2849,#2850,#2851,#2852));
#5296=EDGE_LOOP('',(#2853,#2854,#2855,#2856));
#5297=EDGE_LOOP('',(#2857));
#5298=EDGE_LOOP('',(#2858,#2859,#2860,#2861,#2862));
#5299=EDGE_LOOP('',(#2863,#2864,#2865,#2866));
#5300=EDGE_LOOP('',(#2867,#2868,#2869,#2870));
#5301=EDGE_LOOP('',(#2871,#2872,#2873,#2874));
#5302=EDGE_LOOP('',(#2875,#2876,#2877,#2878,#2879,#2880));
#5303=EDGE_LOOP('',(#2881,#2882,#2883,#2884));
#5304=EDGE_LOOP('',(#2885,#2886,#2887,#2888,#2889,#2890));
#5305=EDGE_LOOP('',(#2891,#2892,#2893,#2894));
#5306=EDGE_LOOP('',(#2895,#2896,#2897,#2898));
#5307=EDGE_LOOP('',(#2899,#2900,#2901,#2902));
#5308=EDGE_LOOP('',(#2903,#2904,#2905,#2906));
#5309=EDGE_LOOP('',(#2907,#2908,#2909,#2910));
#5310=EDGE_LOOP('',(#2911,#2912,#2913,#2914,#2915,#2916));
#5311=EDGE_LOOP('',(#2917,#2918,#2919,#2920,#2921,#2922));
#5312=EDGE_LOOP('',(#2923,#2924,#2925,#2926));
#5313=EDGE_LOOP('',(#2927,#2928,#2929,#2930,#2931,#2932));
#5314=EDGE_LOOP('',(#2933,#2934,#2935,#2936));
#5315=EDGE_LOOP('',(#2937,#2938,#2939,#2940,#2941,#2942));
#5316=EDGE_LOOP('',(#2943,#2944,#2945,#2946));
#5317=EDGE_LOOP('',(#2947,#2948,#2949,#2950));
#5318=EDGE_LOOP('',(#2951,#2952,#2953,#2954));
#5319=EDGE_LOOP('',(#2955,#2956,#2957,#2958));
#5320=EDGE_LOOP('',(#2959,#2960,#2961,#2962));
#5321=EDGE_LOOP('',(#2963,#2964,#2965,#2966,#2967,#2968));
#5322=EDGE_LOOP('',(#2969,#2970,#2971,#2972));
#5323=EDGE_LOOP('',(#2973,#2974,#2975,#2976));
#5324=EDGE_LOOP('',(#2977,#2978,#2979,#2980,#2981,#2982));
#5325=EDGE_LOOP('',(#2983));
#5326=EDGE_LOOP('',(#2984));
#5327=EDGE_LOOP('',(#2985));
#5328=EDGE_LOOP('',(#2986));
#5329=EDGE_LOOP('',(#2987));
#5330=EDGE_LOOP('',(#2988));
#5331=EDGE_LOOP('',(#2989));
#5332=EDGE_LOOP('',(#2990));
#5333=EDGE_LOOP('',(#2991,#2992,#2993,#2994,#2995,#2996));
#5334=EDGE_LOOP('',(#2997,#2998,#2999,#3000,#3001));
#5335=EDGE_LOOP('',(#3002,#3003,#3004,#3005,#3006,#3007));
#5336=EDGE_LOOP('',(#3008,#3009,#3010,#3011,#3012));
#5337=EDGE_LOOP('',(#3013,#3014,#3015,#3016,#3017,#3018,#3019,#3020,#3021,
#3022));
#5338=EDGE_LOOP('',(#3023,#3024,#3025,#3026,#3027));
#5339=EDGE_LOOP('',(#3028,#3029,#3030,#3031,#3032,#3033,#3034,#3035,#3036,
#3037));
#5340=EDGE_LOOP('',(#3038,#3039,#3040,#3041,#3042));
#5341=EDGE_LOOP('',(#3043,#3044,#3045,#3046));
#5342=EDGE_LOOP('',(#3047,#3048,#3049,#3050));
#5343=EDGE_LOOP('',(#3051,#3052,#3053,#3054));
#5344=EDGE_LOOP('',(#3055,#3056,#3057,#3058));
#5345=EDGE_LOOP('',(#3059,#3060,#3061,#3062));
#5346=EDGE_LOOP('',(#3063,#3064,#3065,#3066));
#5347=EDGE_LOOP('',(#3067,#3068,#3069,#3070));
#5348=EDGE_LOOP('',(#3071,#3072,#3073,#3074));
#5349=EDGE_LOOP('',(#3075,#3076,#3077,#3078));
#5350=EDGE_LOOP('',(#3079,#3080,#3081,#3082));
#5351=EDGE_LOOP('',(#3083,#3084,#3085,#3086));
#5352=EDGE_LOOP('',(#3087,#3088,#3089,#3090));
#5353=EDGE_LOOP('',(#3091,#3092,#3093,#3094));
#5354=EDGE_LOOP('',(#3095,#3096,#3097,#3098));
#5355=EDGE_LOOP('',(#3099,#3100,#3101,#3102));
#5356=EDGE_LOOP('',(#3103,#3104,#3105,#3106));
#5357=EDGE_LOOP('',(#3107,#3108,#3109,#3110));
#5358=EDGE_LOOP('',(#3111,#3112,#3113,#3114));
#5359=EDGE_LOOP('',(#3115,#3116,#3117,#3118));
#5360=EDGE_LOOP('',(#3119,#3120,#3121,#3122));
#5361=EDGE_LOOP('',(#3123,#3124,#3125,#3126));
#5362=EDGE_LOOP('',(#3127,#3128,#3129,#3130));
#5363=EDGE_LOOP('',(#3131,#3132,#3133,#3134));
#5364=EDGE_LOOP('',(#3135,#3136,#3137,#3138));
#5365=EDGE_LOOP('',(#3139,#3140,#3141,#3142));
#5366=EDGE_LOOP('',(#3143,#3144,#3145,#3146));
#5367=EDGE_LOOP('',(#3147,#3148,#3149,#3150));
#5368=EDGE_LOOP('',(#3151,#3152,#3153,#3154));
#5369=EDGE_LOOP('',(#3155,#3156,#3157,#3158));
#5370=EDGE_LOOP('',(#3159,#3160,#3161,#3162));
#5371=EDGE_LOOP('',(#3163,#3164,#3165,#3166));
#5372=EDGE_LOOP('',(#3167,#3168,#3169,#3170));
#5373=EDGE_LOOP('',(#3171,#3172,#3173,#3174));
#5374=EDGE_LOOP('',(#3175,#3176,#3177,#3178));
#5375=EDGE_LOOP('',(#3179,#3180,#3181,#3182));
#5376=EDGE_LOOP('',(#3183,#3184,#3185,#3186));
#5377=EDGE_LOOP('',(#3187,#3188,#3189,#3190));
#5378=EDGE_LOOP('',(#3191,#3192,#3193,#3194));
#5379=EDGE_LOOP('',(#3195,#3196,#3197,#3198));
#5380=EDGE_LOOP('',(#3199,#3200,#3201,#3202));
#5381=EDGE_LOOP('',(#3203,#3204,#3205,#3206));
#5382=EDGE_LOOP('',(#3207,#3208,#3209,#3210));
#5383=EDGE_LOOP('',(#3211,#3212,#3213,#3214));
#5384=EDGE_LOOP('',(#3215,#3216,#3217,#3218));
#5385=EDGE_LOOP('',(#3219,#3220,#3221,#3222));
#5386=EDGE_LOOP('',(#3223,#3224,#3225,#3226));
#5387=EDGE_LOOP('',(#3227,#3228,#3229,#3230));
#5388=EDGE_LOOP('',(#3231,#3232,#3233,#3234));
#5389=EDGE_LOOP('',(#3235,#3236,#3237,#3238));
#5390=EDGE_LOOP('',(#3239,#3240,#3241,#3242));
#5391=EDGE_LOOP('',(#3243,#3244,#3245,#3246));
#5392=EDGE_LOOP('',(#3247,#3248,#3249,#3250));
#5393=EDGE_LOOP('',(#3251,#3252,#3253,#3254));
#5394=EDGE_LOOP('',(#3255,#3256,#3257,#3258));
#5395=EDGE_LOOP('',(#3259,#3260,#3261,#3262));
#5396=EDGE_LOOP('',(#3263,#3264,#3265,#3266));
#5397=EDGE_LOOP('',(#3267,#3268,#3269,#3270));
#5398=EDGE_LOOP('',(#3271,#3272,#3273,#3274));
#5399=EDGE_LOOP('',(#3275,#3276,#3277,#3278));
#5400=EDGE_LOOP('',(#3279,#3280,#3281,#3282));
#5401=EDGE_LOOP('',(#3283,#3284,#3285,#3286));
#5402=EDGE_LOOP('',(#3287,#3288,#3289,#3290));
#5403=EDGE_LOOP('',(#3291,#3292,#3293,#3294));
#5404=EDGE_LOOP('',(#3295,#3296,#3297,#3298));
#5405=EDGE_LOOP('',(#3299,#3300,#3301,#3302));
#5406=EDGE_LOOP('',(#3303,#3304,#3305,#3306));
#5407=EDGE_LOOP('',(#3307,#3308,#3309,#3310));
#5408=EDGE_LOOP('',(#3311,#3312,#3313,#3314));
#5409=EDGE_LOOP('',(#3315,#3316,#3317,#3318));
#5410=EDGE_LOOP('',(#3319,#3320,#3321,#3322));
#5411=EDGE_LOOP('',(#3323,#3324,#3325,#3326));
#5412=EDGE_LOOP('',(#3327,#3328,#3329,#3330));
#5413=EDGE_LOOP('',(#3331));
#5414=EDGE_LOOP('',(#3332));
#5415=EDGE_LOOP('',(#3333));
#5416=EDGE_LOOP('',(#3334));
#5417=EDGE_LOOP('',(#3335,#3336,#3337,#3338,#3339,#3340,#3341,#3342));
#5418=EDGE_LOOP('',(#3343,#3344,#3345,#3346,#3347,#3348,#3349,#3350));
#5419=EDGE_LOOP('',(#3351,#3352,#3353,#3354));
#5420=EDGE_LOOP('',(#3355,#3356,#3357,#3358));
#5421=EDGE_LOOP('',(#3359,#3360,#3361,#3362));
#5422=EDGE_LOOP('',(#3363,#3364,#3365,#3366));
#5423=EDGE_LOOP('',(#3367,#3368,#3369,#3370,#3371,#3372,#3373,#3374));
#5424=EDGE_LOOP('',(#3375,#3376,#3377,#3378,#3379,#3380,#3381,#3382));
#5425=EDGE_LOOP('',(#3383,#3384,#3385,#3386));
#5426=EDGE_LOOP('',(#3387,#3388,#3389,#3390));
#5427=EDGE_LOOP('',(#3391,#3392,#3393,#3394));
#5428=EDGE_LOOP('',(#3395,#3396,#3397,#3398));
#5429=EDGE_LOOP('',(#3399,#3400,#3401,#3402));
#5430=EDGE_LOOP('',(#3403,#3404,#3405,#3406));
#5431=EDGE_LOOP('',(#3407,#3408,#3409,#3410));
#5432=EDGE_LOOP('',(#3411,#3412,#3413,#3414));
#5433=EDGE_LOOP('',(#3415,#3416,#3417,#3418));
#5434=EDGE_LOOP('',(#3419,#3420,#3421,#3422));
#5435=EDGE_LOOP('',(#3423,#3424,#3425,#3426));
#5436=EDGE_LOOP('',(#3427,#3428,#3429,#3430));
#5437=EDGE_LOOP('',(#3431,#3432,#3433,#3434));
#5438=EDGE_LOOP('',(#3435,#3436,#3437,#3438));
#5439=EDGE_LOOP('',(#3439,#3440,#3441,#3442));
#5440=EDGE_LOOP('',(#3443,#3444,#3445,#3446));
#5441=EDGE_LOOP('',(#3447,#3448,#3449,#3450));
#5442=EDGE_LOOP('',(#3451,#3452,#3453,#3454));
#5443=EDGE_LOOP('',(#3455,#3456,#3457,#3458));
#5444=EDGE_LOOP('',(#3459,#3460,#3461,#3462));
#5445=EDGE_LOOP('',(#3463,#3464,#3465,#3466));
#5446=EDGE_LOOP('',(#3467,#3468,#3469,#3470));
#5447=EDGE_LOOP('',(#3471,#3472,#3473,#3474));
#5448=EDGE_LOOP('',(#3475,#3476,#3477,#3478));
#5449=EDGE_LOOP('',(#3479));
#5450=EDGE_LOOP('',(#3480));
#5451=EDGE_LOOP('',(#3481));
#5452=EDGE_LOOP('',(#3482));
#5453=EDGE_LOOP('',(#3483));
#5454=EDGE_LOOP('',(#3484));
#5455=EDGE_LOOP('',(#3485));
#5456=EDGE_LOOP('',(#3486,#3487,#3488,#3489));
#5457=EDGE_LOOP('',(#3490,#3491,#3492,#3493));
#5458=EDGE_LOOP('',(#3494,#3495,#3496,#3497));
#5459=EDGE_LOOP('',(#3498,#3499,#3500,#3501));
#5460=EDGE_LOOP('',(#3502,#3503,#3504,#3505));
#5461=EDGE_LOOP('',(#3506,#3507,#3508,#3509));
#5462=EDGE_LOOP('',(#3510));
#5463=EDGE_LOOP('',(#3511));
#5464=EDGE_LOOP('',(#3512));
#5465=EDGE_LOOP('',(#3513));
#5466=FACE_BOUND('',#5034,.T.);
#5467=FACE_BOUND('',#5035,.T.);
#5468=FACE_BOUND('',#5036,.T.);
#5469=FACE_BOUND('',#5037,.T.);
#5470=FACE_BOUND('',#5038,.T.);
#5471=FACE_BOUND('',#5039,.T.);
#5472=FACE_BOUND('',#5040,.T.);
#5473=FACE_BOUND('',#5041,.T.);
#5474=FACE_BOUND('',#5042,.T.);
#5475=FACE_BOUND('',#5043,.T.);
#5476=FACE_BOUND('',#5044,.T.);
#5477=FACE_BOUND('',#5045,.T.);
#5478=FACE_BOUND('',#5046,.T.);
#5479=FACE_BOUND('',#5047,.T.);
#5480=FACE_BOUND('',#5048,.T.);
#5481=FACE_BOUND('',#5049,.T.);
#5482=FACE_BOUND('',#5050,.T.);
#5483=FACE_BOUND('',#5051,.T.);
#5484=FACE_BOUND('',#5052,.T.);
#5485=FACE_BOUND('',#5053,.T.);
#5486=FACE_BOUND('',#5054,.T.);
#5487=FACE_BOUND('',#5055,.T.);
#5488=FACE_BOUND('',#5056,.T.);
#5489=FACE_BOUND('',#5057,.T.);
#5490=FACE_BOUND('',#5058,.T.);
#5491=FACE_BOUND('',#5059,.T.);
#5492=FACE_BOUND('',#5060,.T.);
#5493=FACE_BOUND('',#5061,.T.);
#5494=FACE_BOUND('',#5062,.T.);
#5495=FACE_BOUND('',#5063,.T.);
#5496=FACE_BOUND('',#5064,.T.);
#5497=FACE_BOUND('',#5065,.T.);
#5498=FACE_BOUND('',#5066,.T.);
#5499=FACE_BOUND('',#5067,.T.);
#5500=FACE_BOUND('',#5068,.T.);
#5501=FACE_BOUND('',#5069,.T.);
#5502=FACE_BOUND('',#5070,.T.);
#5503=FACE_BOUND('',#5071,.T.);
#5504=FACE_BOUND('',#5072,.T.);
#5505=FACE_BOUND('',#5073,.T.);
#5506=FACE_BOUND('',#5074,.T.);
#5507=FACE_BOUND('',#5075,.T.);
#5508=FACE_BOUND('',#5076,.T.);
#5509=FACE_BOUND('',#5077,.T.);
#5510=FACE_BOUND('',#5078,.T.);
#5511=FACE_BOUND('',#5079,.T.);
#5512=FACE_BOUND('',#5080,.T.);
#5513=FACE_BOUND('',#5081,.T.);
#5514=FACE_BOUND('',#5082,.T.);
#5515=FACE_BOUND('',#5083,.T.);
#5516=FACE_BOUND('',#5084,.T.);
#5517=FACE_BOUND('',#5085,.T.);
#5518=FACE_BOUND('',#5086,.T.);
#5519=FACE_BOUND('',#5087,.T.);
#5520=FACE_BOUND('',#5088,.T.);
#5521=FACE_BOUND('',#5089,.T.);
#5522=FACE_BOUND('',#5090,.T.);
#5523=FACE_BOUND('',#5091,.T.);
#5524=FACE_BOUND('',#5092,.T.);
#5525=FACE_BOUND('',#5093,.T.);
#5526=FACE_BOUND('',#5094,.T.);
#5527=FACE_BOUND('',#5095,.T.);
#5528=FACE_BOUND('',#5096,.T.);
#5529=FACE_BOUND('',#5097,.T.);
#5530=FACE_BOUND('',#5098,.T.);
#5531=FACE_BOUND('',#5099,.T.);
#5532=FACE_BOUND('',#5100,.T.);
#5533=FACE_BOUND('',#5101,.T.);
#5534=FACE_BOUND('',#5102,.T.);
#5535=FACE_BOUND('',#5103,.T.);
#5536=FACE_BOUND('',#5104,.T.);
#5537=FACE_BOUND('',#5105,.T.);
#5538=FACE_BOUND('',#5106,.T.);
#5539=FACE_BOUND('',#5107,.T.);
#5540=FACE_BOUND('',#5108,.T.);
#5541=FACE_BOUND('',#5109,.T.);
#5542=FACE_BOUND('',#5110,.T.);
#5543=FACE_BOUND('',#5111,.T.);
#5544=FACE_BOUND('',#5112,.T.);
#5545=FACE_BOUND('',#5113,.T.);
#5546=FACE_BOUND('',#5114,.T.);
#5547=FACE_BOUND('',#5115,.T.);
#5548=FACE_BOUND('',#5116,.T.);
#5549=FACE_BOUND('',#5117,.T.);
#5550=FACE_BOUND('',#5118,.T.);
#5551=FACE_BOUND('',#5119,.T.);
#5552=FACE_BOUND('',#5120,.T.);
#5553=FACE_BOUND('',#5121,.T.);
#5554=FACE_BOUND('',#5122,.T.);
#5555=FACE_BOUND('',#5123,.T.);
#5556=FACE_BOUND('',#5124,.T.);
#5557=FACE_BOUND('',#5125,.T.);
#5558=FACE_BOUND('',#5126,.T.);
#5559=FACE_BOUND('',#5127,.T.);
#5560=FACE_BOUND('',#5128,.T.);
#5561=FACE_BOUND('',#5129,.T.);
#5562=FACE_BOUND('',#5130,.T.);
#5563=FACE_BOUND('',#5131,.T.);
#5564=FACE_BOUND('',#5132,.T.);
#5565=FACE_BOUND('',#5133,.T.);
#5566=FACE_BOUND('',#5134,.T.);
#5567=FACE_BOUND('',#5135,.T.);
#5568=FACE_BOUND('',#5136,.T.);
#5569=FACE_BOUND('',#5137,.T.);
#5570=FACE_BOUND('',#5138,.T.);
#5571=FACE_BOUND('',#5139,.T.);
#5572=FACE_BOUND('',#5140,.T.);
#5573=FACE_BOUND('',#5141,.T.);
#5574=FACE_BOUND('',#5142,.T.);
#5575=FACE_BOUND('',#5143,.T.);
#5576=FACE_BOUND('',#5144,.T.);
#5577=FACE_BOUND('',#5145,.T.);
#5578=FACE_BOUND('',#5146,.T.);
#5579=FACE_BOUND('',#5147,.T.);
#5580=FACE_BOUND('',#5148,.T.);
#5581=FACE_BOUND('',#5149,.T.);
#5582=FACE_BOUND('',#5150,.T.);
#5583=FACE_BOUND('',#5151,.T.);
#5584=FACE_BOUND('',#5152,.T.);
#5585=FACE_BOUND('',#5153,.T.);
#5586=FACE_BOUND('',#5154,.T.);
#5587=FACE_BOUND('',#5155,.T.);
#5588=FACE_BOUND('',#5156,.T.);
#5589=FACE_BOUND('',#5157,.T.);
#5590=FACE_BOUND('',#5158,.T.);
#5591=FACE_BOUND('',#5159,.T.);
#5592=FACE_BOUND('',#5160,.T.);
#5593=FACE_BOUND('',#5161,.T.);
#5594=FACE_BOUND('',#5162,.T.);
#5595=FACE_BOUND('',#5163,.T.);
#5596=FACE_BOUND('',#5164,.T.);
#5597=FACE_BOUND('',#5165,.T.);
#5598=FACE_BOUND('',#5166,.T.);
#5599=FACE_BOUND('',#5167,.T.);
#5600=FACE_BOUND('',#5168,.T.);
#5601=FACE_BOUND('',#5169,.T.);
#5602=FACE_BOUND('',#5170,.T.);
#5603=FACE_BOUND('',#5171,.T.);
#5604=FACE_BOUND('',#5172,.T.);
#5605=FACE_BOUND('',#5173,.T.);
#5606=FACE_BOUND('',#5174,.T.);
#5607=FACE_BOUND('',#5175,.T.);
#5608=FACE_BOUND('',#5176,.T.);
#5609=FACE_BOUND('',#5177,.T.);
#5610=FACE_BOUND('',#5178,.T.);
#5611=FACE_BOUND('',#5179,.T.);
#5612=FACE_BOUND('',#5180,.T.);
#5613=FACE_BOUND('',#5181,.T.);
#5614=FACE_BOUND('',#5182,.T.);
#5615=FACE_BOUND('',#5183,.T.);
#5616=FACE_BOUND('',#5184,.T.);
#5617=FACE_BOUND('',#5185,.T.);
#5618=FACE_BOUND('',#5186,.T.);
#5619=FACE_BOUND('',#5187,.T.);
#5620=FACE_BOUND('',#5188,.T.);
#5621=FACE_BOUND('',#5189,.T.);
#5622=FACE_BOUND('',#5190,.T.);
#5623=FACE_BOUND('',#5191,.T.);
#5624=FACE_BOUND('',#5192,.T.);
#5625=FACE_BOUND('',#5193,.T.);
#5626=FACE_BOUND('',#5194,.T.);
#5627=FACE_BOUND('',#5195,.T.);
#5628=FACE_BOUND('',#5196,.T.);
#5629=FACE_BOUND('',#5197,.T.);
#5630=FACE_BOUND('',#5198,.T.);
#5631=FACE_BOUND('',#5199,.T.);
#5632=FACE_BOUND('',#5200,.T.);
#5633=FACE_BOUND('',#5201,.T.);
#5634=FACE_BOUND('',#5202,.T.);
#5635=FACE_BOUND('',#5203,.T.);
#5636=FACE_BOUND('',#5204,.T.);
#5637=FACE_BOUND('',#5205,.T.);
#5638=FACE_BOUND('',#5206,.T.);
#5639=FACE_BOUND('',#5207,.T.);
#5640=FACE_BOUND('',#5208,.T.);
#5641=FACE_BOUND('',#5209,.T.);
#5642=FACE_BOUND('',#5210,.T.);
#5643=FACE_BOUND('',#5211,.T.);
#5644=FACE_BOUND('',#5212,.T.);
#5645=FACE_BOUND('',#5213,.T.);
#5646=FACE_BOUND('',#5214,.T.);
#5647=FACE_BOUND('',#5215,.T.);
#5648=FACE_BOUND('',#5216,.T.);
#5649=FACE_BOUND('',#5217,.T.);
#5650=FACE_BOUND('',#5218,.T.);
#5651=FACE_BOUND('',#5219,.T.);
#5652=FACE_BOUND('',#5220,.T.);
#5653=FACE_BOUND('',#5221,.T.);
#5654=FACE_BOUND('',#5222,.T.);
#5655=FACE_BOUND('',#5223,.T.);
#5656=FACE_BOUND('',#5224,.T.);
#5657=FACE_BOUND('',#5225,.T.);
#5658=FACE_BOUND('',#5226,.T.);
#5659=FACE_BOUND('',#5227,.T.);
#5660=FACE_BOUND('',#5228,.T.);
#5661=FACE_BOUND('',#5229,.T.);
#5662=FACE_BOUND('',#5230,.T.);
#5663=FACE_BOUND('',#5231,.T.);
#5664=FACE_BOUND('',#5232,.T.);
#5665=FACE_BOUND('',#5233,.T.);
#5666=FACE_BOUND('',#5234,.T.);
#5667=FACE_BOUND('',#5235,.T.);
#5668=FACE_BOUND('',#5236,.T.);
#5669=FACE_BOUND('',#5237,.T.);
#5670=FACE_BOUND('',#5238,.T.);
#5671=FACE_BOUND('',#5239,.T.);
#5672=FACE_BOUND('',#5240,.T.);
#5673=FACE_BOUND('',#5241,.T.);
#5674=FACE_BOUND('',#5242,.T.);
#5675=FACE_BOUND('',#5243,.T.);
#5676=FACE_BOUND('',#5244,.T.);
#5677=FACE_BOUND('',#5245,.T.);
#5678=FACE_BOUND('',#5246,.T.);
#5679=FACE_BOUND('',#5247,.T.);
#5680=FACE_BOUND('',#5248,.T.);
#5681=FACE_BOUND('',#5249,.T.);
#5682=FACE_BOUND('',#5250,.T.);
#5683=FACE_BOUND('',#5251,.T.);
#5684=FACE_BOUND('',#5252,.T.);
#5685=FACE_BOUND('',#5253,.T.);
#5686=FACE_BOUND('',#5254,.T.);
#5687=FACE_BOUND('',#5255,.T.);
#5688=FACE_BOUND('',#5256,.T.);
#5689=FACE_BOUND('',#5257,.T.);
#5690=FACE_BOUND('',#5258,.T.);
#5691=FACE_BOUND('',#5259,.T.);
#5692=FACE_BOUND('',#5260,.T.);
#5693=FACE_BOUND('',#5261,.T.);
#5694=FACE_BOUND('',#5262,.T.);
#5695=FACE_BOUND('',#5263,.T.);
#5696=FACE_BOUND('',#5264,.T.);
#5697=FACE_BOUND('',#5265,.T.);
#5698=FACE_BOUND('',#5266,.T.);
#5699=FACE_BOUND('',#5267,.T.);
#5700=FACE_BOUND('',#5268,.T.);
#5701=FACE_BOUND('',#5269,.T.);
#5702=FACE_BOUND('',#5270,.T.);
#5703=FACE_BOUND('',#5271,.T.);
#5704=FACE_BOUND('',#5272,.T.);
#5705=FACE_BOUND('',#5273,.T.);
#5706=FACE_BOUND('',#5274,.T.);
#5707=FACE_BOUND('',#5275,.T.);
#5708=FACE_BOUND('',#5276,.T.);
#5709=FACE_BOUND('',#5277,.T.);
#5710=FACE_BOUND('',#5278,.T.);
#5711=FACE_BOUND('',#5279,.T.);
#5712=FACE_BOUND('',#5280,.T.);
#5713=FACE_BOUND('',#5281,.T.);
#5714=FACE_BOUND('',#5282,.T.);
#5715=FACE_BOUND('',#5283,.T.);
#5716=FACE_BOUND('',#5284,.T.);
#5717=FACE_BOUND('',#5285,.T.);
#5718=FACE_BOUND('',#5286,.T.);
#5719=FACE_BOUND('',#5287,.T.);
#5720=FACE_BOUND('',#5288,.T.);
#5721=FACE_BOUND('',#5289,.T.);
#5722=FACE_BOUND('',#5290,.T.);
#5723=FACE_BOUND('',#5291,.T.);
#5724=FACE_BOUND('',#5292,.T.);
#5725=FACE_BOUND('',#5293,.T.);
#5726=FACE_BOUND('',#5294,.T.);
#5727=FACE_BOUND('',#5295,.T.);
#5728=FACE_BOUND('',#5296,.T.);
#5729=FACE_BOUND('',#5297,.T.);
#5730=FACE_BOUND('',#5298,.T.);
#5731=FACE_BOUND('',#5299,.T.);
#5732=FACE_BOUND('',#5300,.T.);
#5733=FACE_BOUND('',#5301,.T.);
#5734=FACE_BOUND('',#5302,.T.);
#5735=FACE_BOUND('',#5303,.T.);
#5736=FACE_BOUND('',#5304,.T.);
#5737=FACE_BOUND('',#5305,.T.);
#5738=FACE_BOUND('',#5306,.T.);
#5739=FACE_BOUND('',#5307,.T.);
#5740=FACE_BOUND('',#5308,.T.);
#5741=FACE_BOUND('',#5309,.T.);
#5742=FACE_BOUND('',#5310,.T.);
#5743=FACE_BOUND('',#5311,.T.);
#5744=FACE_BOUND('',#5312,.T.);
#5745=FACE_BOUND('',#5313,.T.);
#5746=FACE_BOUND('',#5314,.T.);
#5747=FACE_BOUND('',#5315,.T.);
#5748=FACE_BOUND('',#5316,.T.);
#5749=FACE_BOUND('',#5317,.T.);
#5750=FACE_BOUND('',#5318,.T.);
#5751=FACE_BOUND('',#5319,.T.);
#5752=FACE_BOUND('',#5320,.T.);
#5753=FACE_BOUND('',#5321,.T.);
#5754=FACE_BOUND('',#5322,.T.);
#5755=FACE_BOUND('',#5323,.T.);
#5756=FACE_BOUND('',#5324,.T.);
#5757=FACE_BOUND('',#5325,.T.);
#5758=FACE_BOUND('',#5326,.T.);
#5759=FACE_BOUND('',#5327,.T.);
#5760=FACE_BOUND('',#5328,.T.);
#5761=FACE_BOUND('',#5329,.T.);
#5762=FACE_BOUND('',#5330,.T.);
#5763=FACE_BOUND('',#5331,.T.);
#5764=FACE_BOUND('',#5332,.T.);
#5765=FACE_BOUND('',#5333,.T.);
#5766=FACE_BOUND('',#5334,.T.);
#5767=FACE_BOUND('',#5335,.T.);
#5768=FACE_BOUND('',#5336,.T.);
#5769=FACE_BOUND('',#5337,.T.);
#5770=FACE_BOUND('',#5338,.T.);
#5771=FACE_BOUND('',#5339,.T.);
#5772=FACE_BOUND('',#5340,.T.);
#5773=FACE_BOUND('',#5341,.T.);
#5774=FACE_BOUND('',#5342,.T.);
#5775=FACE_BOUND('',#5343,.T.);
#5776=FACE_BOUND('',#5344,.T.);
#5777=FACE_BOUND('',#5345,.T.);
#5778=FACE_BOUND('',#5346,.T.);
#5779=FACE_BOUND('',#5347,.T.);
#5780=FACE_BOUND('',#5348,.T.);
#5781=FACE_BOUND('',#5349,.T.);
#5782=FACE_BOUND('',#5350,.T.);
#5783=FACE_BOUND('',#5351,.T.);
#5784=FACE_BOUND('',#5352,.T.);
#5785=FACE_BOUND('',#5353,.T.);
#5786=FACE_BOUND('',#5354,.T.);
#5787=FACE_BOUND('',#5355,.T.);
#5788=FACE_BOUND('',#5356,.T.);
#5789=FACE_BOUND('',#5357,.T.);
#5790=FACE_BOUND('',#5358,.T.);
#5791=FACE_BOUND('',#5359,.T.);
#5792=FACE_BOUND('',#5360,.T.);
#5793=FACE_BOUND('',#5361,.T.);
#5794=FACE_BOUND('',#5362,.T.);
#5795=FACE_BOUND('',#5363,.T.);
#5796=FACE_BOUND('',#5364,.T.);
#5797=FACE_BOUND('',#5365,.T.);
#5798=FACE_BOUND('',#5366,.T.);
#5799=FACE_BOUND('',#5367,.T.);
#5800=FACE_BOUND('',#5368,.T.);
#5801=FACE_BOUND('',#5369,.T.);
#5802=FACE_BOUND('',#5370,.T.);
#5803=FACE_BOUND('',#5371,.T.);
#5804=FACE_BOUND('',#5372,.T.);
#5805=FACE_BOUND('',#5373,.T.);
#5806=FACE_BOUND('',#5374,.T.);
#5807=FACE_BOUND('',#5375,.T.);
#5808=FACE_BOUND('',#5376,.T.);
#5809=FACE_BOUND('',#5377,.T.);
#5810=FACE_BOUND('',#5378,.T.);
#5811=FACE_BOUND('',#5379,.T.);
#5812=FACE_BOUND('',#5380,.T.);
#5813=FACE_BOUND('',#5381,.T.);
#5814=FACE_BOUND('',#5382,.T.);
#5815=FACE_BOUND('',#5383,.T.);
#5816=FACE_BOUND('',#5384,.T.);
#5817=FACE_BOUND('',#5385,.T.);
#5818=FACE_BOUND('',#5386,.T.);
#5819=FACE_BOUND('',#5387,.T.);
#5820=FACE_BOUND('',#5388,.T.);
#5821=FACE_BOUND('',#5389,.T.);
#5822=FACE_BOUND('',#5390,.T.);
#5823=FACE_BOUND('',#5391,.T.);
#5824=FACE_BOUND('',#5392,.T.);
#5825=FACE_BOUND('',#5393,.T.);
#5826=FACE_BOUND('',#5394,.T.);
#5827=FACE_BOUND('',#5395,.T.);
#5828=FACE_BOUND('',#5396,.T.);
#5829=FACE_BOUND('',#5397,.T.);
#5830=FACE_BOUND('',#5398,.T.);
#5831=FACE_BOUND('',#5399,.T.);
#5832=FACE_BOUND('',#5400,.T.);
#5833=FACE_BOUND('',#5401,.T.);
#5834=FACE_BOUND('',#5402,.T.);
#5835=FACE_BOUND('',#5403,.T.);
#5836=FACE_BOUND('',#5404,.T.);
#5837=FACE_BOUND('',#5405,.T.);
#5838=FACE_BOUND('',#5406,.T.);
#5839=FACE_BOUND('',#5407,.T.);
#5840=FACE_BOUND('',#5408,.T.);
#5841=FACE_BOUND('',#5409,.T.);
#5842=FACE_BOUND('',#5410,.T.);
#5843=FACE_BOUND('',#5411,.T.);
#5844=FACE_BOUND('',#5412,.T.);
#5845=FACE_BOUND('',#5413,.T.);
#5846=FACE_BOUND('',#5414,.T.);
#5847=FACE_BOUND('',#5415,.T.);
#5848=FACE_BOUND('',#5416,.T.);
#5849=FACE_BOUND('',#5417,.T.);
#5850=FACE_BOUND('',#5418,.T.);
#5851=FACE_BOUND('',#5419,.T.);
#5852=FACE_BOUND('',#5420,.T.);
#5853=FACE_BOUND('',#5421,.T.);
#5854=FACE_BOUND('',#5422,.T.);
#5855=FACE_BOUND('',#5423,.T.);
#5856=FACE_BOUND('',#5424,.T.);
#5857=FACE_BOUND('',#5425,.T.);
#5858=FACE_BOUND('',#5426,.T.);
#5859=FACE_BOUND('',#5427,.T.);
#5860=FACE_BOUND('',#5428,.T.);
#5861=FACE_BOUND('',#5429,.T.);
#5862=FACE_BOUND('',#5430,.T.);
#5863=FACE_BOUND('',#5431,.T.);
#5864=FACE_BOUND('',#5432,.T.);
#5865=FACE_BOUND('',#5433,.T.);
#5866=FACE_BOUND('',#5434,.T.);
#5867=FACE_BOUND('',#5435,.T.);
#5868=FACE_BOUND('',#5436,.T.);
#5869=FACE_BOUND('',#5437,.T.);
#5870=FACE_BOUND('',#5438,.T.);
#5871=FACE_BOUND('',#5439,.T.);
#5872=FACE_BOUND('',#5440,.T.);
#5873=FACE_BOUND('',#5441,.T.);
#5874=FACE_BOUND('',#5442,.T.);
#5875=FACE_BOUND('',#5443,.T.);
#5876=FACE_BOUND('',#5444,.T.);
#5877=FACE_BOUND('',#5445,.T.);
#5878=FACE_BOUND('',#5446,.T.);
#5879=FACE_BOUND('',#5447,.T.);
#5880=FACE_BOUND('',#5448,.T.);
#5881=FACE_BOUND('',#5449,.T.);
#5882=FACE_BOUND('',#5450,.T.);
#5883=FACE_BOUND('',#5451,.T.);
#5884=FACE_BOUND('',#5452,.T.);
#5885=FACE_BOUND('',#5453,.T.);
#5886=FACE_BOUND('',#5454,.T.);
#5887=FACE_BOUND('',#5455,.T.);
#5888=FACE_BOUND('',#5456,.T.);
#5889=FACE_BOUND('',#5457,.T.);
#5890=FACE_BOUND('',#5458,.T.);
#5891=FACE_BOUND('',#5459,.T.);
#5892=FACE_BOUND('',#5460,.T.);
#5893=FACE_BOUND('',#5461,.T.);
#5894=FACE_BOUND('',#5462,.T.);
#5895=FACE_BOUND('',#5463,.T.);
#5896=FACE_BOUND('',#5464,.T.);
#5897=FACE_BOUND('',#5465,.T.);
#5898=PLANE('',#6461);
#5899=PLANE('',#6464);
#5900=PLANE('',#6481);
#5901=PLANE('',#6498);
#5902=PLANE('',#6500);
#5903=PLANE('',#6501);
#5904=PLANE('',#6502);
#5905=PLANE('',#6509);
#5906=PLANE('',#6518);
#5907=PLANE('',#6543);
#5908=PLANE('',#6568);
#5909=PLANE('',#6572);
#5910=PLANE('',#6574);
#5911=PLANE('',#6576);
#5912=PLANE('',#6577);
#5913=PLANE('',#6580);
#5914=PLANE('',#6581);
#5915=PLANE('',#6584);
#5916=PLANE('',#6585);
#5917=PLANE('',#6586);
#5918=PLANE('',#6587);
#5919=PLANE('',#6588);
#5920=PLANE('',#6591);
#5921=PLANE('',#6595);
#5922=PLANE('',#6596);
#5923=PLANE('',#6597);
#5924=PLANE('',#6598);
#5925=PLANE('',#6599);
#5926=PLANE('',#6600);
#5927=PLANE('',#6601);
#5928=PLANE('',#6602);
#5929=PLANE('',#6603);
#5930=PLANE('',#6604);
#5931=PLANE('',#6605);
#5932=PLANE('',#6606);
#5933=PLANE('',#6608);
#5934=PLANE('',#6611);
#5935=PLANE('',#6612);
#5936=PLANE('',#6613);
#5937=PLANE('',#6614);
#5938=PLANE('',#6615);
#5939=PLANE('',#6616);
#5940=PLANE('',#6619);
#5941=PLANE('',#6622);
#5942=PLANE('',#6625);
#5943=PLANE('',#6628);
#5944=PLANE('',#6629);
#5945=PLANE('',#6630);
#5946=PLANE('',#6631);
#5947=PLANE('',#6633);
#5948=PLANE('',#6634);
#5949=PLANE('',#6635);
#5950=PLANE('',#6636);
#5951=PLANE('',#6637);
#5952=PLANE('',#6638);
#5953=PLANE('',#6639);
#5954=PLANE('',#6640);
#5955=PLANE('',#6641);
#5956=PLANE('',#6642);
#5957=PLANE('',#6643);
#5958=PLANE('',#6644);
#5959=PLANE('',#6645);
#5960=PLANE('',#6646);
#5961=PLANE('',#6651);
#5962=PLANE('',#6652);
#5963=PLANE('',#6653);
#5964=PLANE('',#6654);
#5965=PLANE('',#6655);
#5966=PLANE('',#6656);
#5967=PLANE('',#6657);
#5968=PLANE('',#6658);
#5969=PLANE('',#6659);
#5970=PLANE('',#6660);
#5971=PLANE('',#6661);
#5972=PLANE('',#6662);
#5973=PLANE('',#6663);
#5974=PLANE('',#6664);
#5975=PLANE('',#6665);
#5976=PLANE('',#6666);
#5977=PLANE('',#6667);
#5978=PLANE('',#6668);
#5979=PLANE('',#6669);
#5980=PLANE('',#6670);
#5981=PLANE('',#6673);
#5982=PLANE('',#6674);
#5983=PLANE('',#6677);
#5984=PLANE('',#6678);
#5985=PLANE('',#6679);
#5986=PLANE('',#6680);
#5987=PLANE('',#6681);
#5988=PLANE('',#6682);
#5989=PLANE('',#6683);
#5990=PLANE('',#6684);
#5991=PLANE('',#6685);
#5992=PLANE('',#6686);
#5993=PLANE('',#6687);
#5994=PLANE('',#6688);
#5995=PLANE('',#6689);
#5996=PLANE('',#6690);
#5997=PLANE('',#6691);
#5998=PLANE('',#6692);
#5999=PLANE('',#6693);
#6000=PLANE('',#6694);
#6001=PLANE('',#6695);
#6002=PLANE('',#6696);
#6003=PLANE('',#6697);
#6004=PLANE('',#6698);
#6005=PLANE('',#6699);
#6006=PLANE('',#6700);
#6007=PLANE('',#6701);
#6008=PLANE('',#6702);
#6009=PLANE('',#6703);
#6010=PLANE('',#6704);
#6011=PLANE('',#6705);
#6012=PLANE('',#6706);
#6013=PLANE('',#6707);
#6014=PLANE('',#6708);
#6015=PLANE('',#6709);
#6016=PLANE('',#6710);
#6017=PLANE('',#6711);
#6018=PLANE('',#6712);
#6019=PLANE('',#6713);
#6020=PLANE('',#6714);
#6021=PLANE('',#6715);
#6022=PLANE('',#6716);
#6023=PLANE('',#6717);
#6024=PLANE('',#6718);
#6025=PLANE('',#6719);
#6026=PLANE('',#6720);
#6027=PLANE('',#6721);
#6028=PLANE('',#6722);
#6029=PLANE('',#6723);
#6030=PLANE('',#6724);
#6031=PLANE('',#6725);
#6032=PLANE('',#6726);
#6033=PLANE('',#6727);
#6034=PLANE('',#6728);
#6035=PLANE('',#6729);
#6036=PLANE('',#6730);
#6037=PLANE('',#6731);
#6038=PLANE('',#6732);
#6039=PLANE('',#6733);
#6040=PLANE('',#6734);
#6041=PLANE('',#6735);
#6042=PLANE('',#6736);
#6043=PLANE('',#6737);
#6044=PLANE('',#6738);
#6045=PLANE('',#6739);
#6046=PLANE('',#6740);
#6047=PLANE('',#6741);
#6048=PLANE('',#6742);
#6049=PLANE('',#6743);
#6050=PLANE('',#6744);
#6051=PLANE('',#6745);
#6052=PLANE('',#6748);
#6053=PLANE('',#6749);
#6054=PLANE('',#6750);
#6055=PLANE('',#6753);
#6056=PLANE('',#6756);
#6057=PLANE('',#6757);
#6058=PLANE('',#6760);
#6059=PLANE('',#6761);
#6060=PLANE('',#6762);
#6061=PLANE('',#6765);
#6062=PLANE('',#6766);
#6063=PLANE('',#6769);
#6064=PLANE('',#6770);
#6065=PLANE('',#6771);
#6066=PLANE('',#6772);
#6067=PLANE('',#6773);
#6068=PLANE('',#6774);
#6069=PLANE('',#6775);
#6070=PLANE('',#6778);
#6071=PLANE('',#6781);
#6072=PLANE('',#6782);
#6073=PLANE('',#6783);
#6074=PLANE('',#6784);
#6075=PLANE('',#6785);
#6076=PLANE('',#6786);
#6077=PLANE('',#6787);
#6078=PLANE('',#6788);
#6079=PLANE('',#6791);
#6080=PLANE('',#6794);
#6081=PLANE('',#6795);
#6082=PLANE('',#6796);
#6083=PLANE('',#6797);
#6084=PLANE('',#6798);
#6085=PLANE('',#6890);
#6086=PLANE('',#6891);
#6087=PLANE('',#6892);
#6088=PLANE('',#6893);
#6089=PLANE('',#6895);
#6090=PLANE('',#6897);
#6091=PLANE('',#6898);
#6092=PLANE('',#6899);
#6093=PLANE('',#6900);
#6094=PLANE('',#6901);
#6095=PLANE('',#6903);
#6096=PLANE('',#6905);
#6097=PLANE('',#6906);
#6098=PLANE('',#6907);
#6099=PLANE('',#6910);
#6100=PLANE('',#6913);
#6101=PLANE('',#6916);
#6102=PLANE('',#6918);
#6103=PLANE('',#6919);
#6104=PLANE('',#6921);
#6105=PLANE('',#6924);
#6106=PLANE('',#6925);
#6107=PLANE('',#6928);
#6108=PLANE('',#6929);
#6109=PLANE('',#6932);
#6110=PLANE('',#6933);
#6111=PLANE('',#6936);
#6112=PLANE('',#6937);
#6113=PLANE('',#6940);
#6114=PLANE('',#6941);
#6115=PLANE('',#6944);
#6116=PLANE('',#6945);
#6117=PLANE('',#6946);
#6118=PLANE('',#6953);
#6119=ADVANCED_FACE('',(#5466,#5467),#5898,.F.);
#6120=ADVANCED_FACE('',(#5468,#5469,#5470,#5471,#5472,#5473,#5474),#5899,
 .T.);
#6121=ADVANCED_FACE('',(#5475,#5476,#5477,#5478,#5479,#5480,#5481,#5482,
#5483),#5900,.F.);
#6122=ADVANCED_FACE('',(#5484),#5901,.F.);
#6123=ADVANCED_FACE('',(#5485),#5902,.T.);
#6124=ADVANCED_FACE('',(#5486),#5903,.T.);
#6125=ADVANCED_FACE('',(#5487),#5904,.F.);
#6126=ADVANCED_FACE('',(#5488,#5489),#38,.F.);
#6127=ADVANCED_FACE('',(#5490,#5491),#39,.F.);
#6128=ADVANCED_FACE('',(#5492,#5493,#5494,#5495),#5905,.T.);
#6129=ADVANCED_FACE('',(#5496,#5497,#5498,#5499,#5500,#5501,#5502,#5503),
#5906,.T.);
#6130=ADVANCED_FACE('',(#5504,#5505,#5506,#5507,#5508,#5509,#5510,#5511),
#5907,.F.);
#6131=ADVANCED_FACE('',(#5512,#5513,#5514),#5908,.T.);
#6132=ADVANCED_FACE('',(#5515,#5516),#5909,.F.);
#6133=ADVANCED_FACE('',(#5517,#5518,#5519,#5520),#5910,.T.);
#6134=ADVANCED_FACE('',(#5521,#5522,#5523,#5524,#5525,#5526,#5527,#5528,
#5529,#5530),#5911,.F.);
#6135=ADVANCED_FACE('',(#5531,#5532,#5533,#5534,#5535,#5536,#5537,#5538,
#5539,#5540),#5912,.T.);
#6136=ADVANCED_FACE('',(#5541,#5542,#5543,#5544,#5545,#5546,#5547,#5548,
#5549),#5913,.T.);
#6137=ADVANCED_FACE('',(#5550,#5551,#5552,#5553,#5554,#5555,#5556,#5557,
#5558),#5914,.F.);
#6138=ADVANCED_FACE('',(#5559),#5915,.F.);
#6139=ADVANCED_FACE('',(#5560),#5916,.F.);
#6140=ADVANCED_FACE('',(#5561),#5917,.F.);
#6141=ADVANCED_FACE('',(#5562),#5918,.T.);
#6142=ADVANCED_FACE('',(#5563),#5919,.T.);
#6143=ADVANCED_FACE('',(#5564,#5565,#5566,#5567,#5568),#5920,.F.);
#6144=ADVANCED_FACE('',(#5569),#5921,.T.);
#6145=ADVANCED_FACE('',(#5570),#5922,.F.);
#6146=ADVANCED_FACE('',(#5571),#5923,.T.);
#6147=ADVANCED_FACE('',(#5572),#5924,.F.);
#6148=ADVANCED_FACE('',(#5573),#5925,.T.);
#6149=ADVANCED_FACE('',(#5574),#5926,.F.);
#6150=ADVANCED_FACE('',(#5575),#5927,.T.);
#6151=ADVANCED_FACE('',(#5576),#5928,.F.);
#6152=ADVANCED_FACE('',(#5577),#5929,.T.);
#6153=ADVANCED_FACE('',(#5578),#5930,.F.);
#6154=ADVANCED_FACE('',(#5579),#5931,.T.);
#6155=ADVANCED_FACE('',(#5580),#5932,.F.);
#6156=ADVANCED_FACE('',(#5581),#40,.T.);
#6157=ADVANCED_FACE('',(#5582),#5933,.T.);
#6158=ADVANCED_FACE('',(#5583),#41,.F.);
#6159=ADVANCED_FACE('',(#5584,#5585),#42,.F.);
#6160=ADVANCED_FACE('',(#5586),#5934,.F.);
#6161=ADVANCED_FACE('',(#5587),#5935,.T.);
#6162=ADVANCED_FACE('',(#5588),#5936,.F.);
#6163=ADVANCED_FACE('',(#5589),#5937,.T.);
#6164=ADVANCED_FACE('',(#5590),#5938,.F.);
#6165=ADVANCED_FACE('',(#5591),#5939,.T.);
#6166=ADVANCED_FACE('',(#5592),#5940,.T.);
#6167=ADVANCED_FACE('',(#5593),#5941,.T.);
#6168=ADVANCED_FACE('',(#5594),#5942,.T.);
#6169=ADVANCED_FACE('',(#5595,#5596),#5943,.F.);
#6170=ADVANCED_FACE('',(#5597),#5944,.T.);
#6171=ADVANCED_FACE('',(#5598,#5599),#5945,.T.);
#6172=ADVANCED_FACE('',(#5600),#5946,.T.);
#6173=ADVANCED_FACE('',(#5601),#5947,.F.);
#6174=ADVANCED_FACE('',(#5602),#5948,.F.);
#6175=ADVANCED_FACE('',(#5603),#5949,.F.);
#6176=ADVANCED_FACE('',(#5604),#5950,.F.);
#6177=ADVANCED_FACE('',(#5605),#5951,.F.);
#6178=ADVANCED_FACE('',(#5606),#5952,.F.);
#6179=ADVANCED_FACE('',(#5607,#5608),#5953,.T.);
#6180=ADVANCED_FACE('',(#5609),#5954,.F.);
#6181=ADVANCED_FACE('',(#5610),#5955,.F.);
#6182=ADVANCED_FACE('',(#5611),#5956,.F.);
#6183=ADVANCED_FACE('',(#5612),#5957,.F.);
#6184=ADVANCED_FACE('',(#5613),#5958,.F.);
#6185=ADVANCED_FACE('',(#5614),#5959,.F.);
#6186=ADVANCED_FACE('',(#5615,#5616),#5960,.T.);
#6187=ADVANCED_FACE('',(#5617,#5618),#43,.F.);
#6188=ADVANCED_FACE('',(#5619,#5620),#44,.F.);
#6189=ADVANCED_FACE('',(#5621),#5961,.F.);
#6190=ADVANCED_FACE('',(#5622),#5962,.T.);
#6191=ADVANCED_FACE('',(#5623),#5963,.F.);
#6192=ADVANCED_FACE('',(#5624),#5964,.F.);
#6193=ADVANCED_FACE('',(#5625),#5965,.T.);
#6194=ADVANCED_FACE('',(#5626),#5966,.F.);
#6195=ADVANCED_FACE('',(#5627),#5967,.T.);
#6196=ADVANCED_FACE('',(#5628),#5968,.T.);
#6197=ADVANCED_FACE('',(#5629),#5969,.F.);
#6198=ADVANCED_FACE('',(#5630),#5970,.T.);
#6199=ADVANCED_FACE('',(#5631),#5971,.F.);
#6200=ADVANCED_FACE('',(#5632),#5972,.T.);
#6201=ADVANCED_FACE('',(#5633),#5973,.T.);
#6202=ADVANCED_FACE('',(#5634),#5974,.F.);
#6203=ADVANCED_FACE('',(#5635),#5975,.T.);
#6204=ADVANCED_FACE('',(#5636),#5976,.F.);
#6205=ADVANCED_FACE('',(#5637),#5977,.T.);
#6206=ADVANCED_FACE('',(#5638),#5978,.F.);
#6207=ADVANCED_FACE('',(#5639),#5979,.F.);
#6208=ADVANCED_FACE('',(#5640),#5980,.T.);
#6209=ADVANCED_FACE('',(#5641),#45,.F.);
#6210=ADVANCED_FACE('',(#5642),#5981,.F.);
#6211=ADVANCED_FACE('',(#5643),#5982,.T.);
#6212=ADVANCED_FACE('',(#5644),#46,.F.);
#6213=ADVANCED_FACE('',(#5645),#5983,.F.);
#6214=ADVANCED_FACE('',(#5646),#5984,.F.);
#6215=ADVANCED_FACE('',(#5647),#5985,.T.);
#6216=ADVANCED_FACE('',(#5648),#5986,.F.);
#6217=ADVANCED_FACE('',(#5649),#5987,.T.);
#6218=ADVANCED_FACE('',(#5650),#5988,.T.);
#6219=ADVANCED_FACE('',(#5651),#5989,.F.);
#6220=ADVANCED_FACE('',(#5652),#5990,.T.);
#6221=ADVANCED_FACE('',(#5653),#5991,.T.);
#6222=ADVANCED_FACE('',(#5654),#5992,.T.);
#6223=ADVANCED_FACE('',(#5655),#5993,.F.);
#6224=ADVANCED_FACE('',(#5656),#5994,.T.);
#6225=ADVANCED_FACE('',(#5657),#5995,.T.);
#6226=ADVANCED_FACE('',(#5658),#5996,.T.);
#6227=ADVANCED_FACE('',(#5659),#5997,.F.);
#6228=ADVANCED_FACE('',(#5660),#5998,.F.);
#6229=ADVANCED_FACE('',(#5661),#5999,.T.);
#6230=ADVANCED_FACE('',(#5662),#6000,.T.);
#6231=ADVANCED_FACE('',(#5663),#6001,.F.);
#6232=ADVANCED_FACE('',(#5664),#6002,.F.);
#6233=ADVANCED_FACE('',(#5665),#6003,.T.);
#6234=ADVANCED_FACE('',(#5666),#6004,.T.);
#6235=ADVANCED_FACE('',(#5667),#6005,.T.);
#6236=ADVANCED_FACE('',(#5668),#6006,.T.);
#6237=ADVANCED_FACE('',(#5669),#6007,.F.);
#6238=ADVANCED_FACE('',(#5670),#6008,.F.);
#6239=ADVANCED_FACE('',(#5671),#6009,.F.);
#6240=ADVANCED_FACE('',(#5672),#6010,.F.);
#6241=ADVANCED_FACE('',(#5673),#6011,.T.);
#6242=ADVANCED_FACE('',(#5674),#6012,.T.);
#6243=ADVANCED_FACE('',(#5675),#6013,.T.);
#6244=ADVANCED_FACE('',(#5676),#6014,.F.);
#6245=ADVANCED_FACE('',(#5677),#6015,.F.);
#6246=ADVANCED_FACE('',(#5678),#6016,.T.);
#6247=ADVANCED_FACE('',(#5679),#6017,.F.);
#6248=ADVANCED_FACE('',(#5680),#6018,.T.);
#6249=ADVANCED_FACE('',(#5681),#6019,.F.);
#6250=ADVANCED_FACE('',(#5682),#6020,.F.);
#6251=ADVANCED_FACE('',(#5683),#6021,.F.);
#6252=ADVANCED_FACE('',(#5684),#6022,.T.);
#6253=ADVANCED_FACE('',(#5685),#6023,.F.);
#6254=ADVANCED_FACE('',(#5686),#6024,.F.);
#6255=ADVANCED_FACE('',(#5687),#6025,.F.);
#6256=ADVANCED_FACE('',(#5688),#6026,.T.);
#6257=ADVANCED_FACE('',(#5689),#6027,.F.);
#6258=ADVANCED_FACE('',(#5690),#6028,.F.);
#6259=ADVANCED_FACE('',(#5691),#6029,.F.);
#6260=ADVANCED_FACE('',(#5692),#6030,.T.);
#6261=ADVANCED_FACE('',(#5693),#6031,.F.);
#6262=ADVANCED_FACE('',(#5694),#6032,.F.);
#6263=ADVANCED_FACE('',(#5695),#6033,.F.);
#6264=ADVANCED_FACE('',(#5696),#6034,.F.);
#6265=ADVANCED_FACE('',(#5697),#6035,.F.);
#6266=ADVANCED_FACE('',(#5698),#6036,.T.);
#6267=ADVANCED_FACE('',(#5699),#6037,.T.);
#6268=ADVANCED_FACE('',(#5700),#6038,.F.);
#6269=ADVANCED_FACE('',(#5701),#6039,.T.);
#6270=ADVANCED_FACE('',(#5702),#6040,.F.);
#6271=ADVANCED_FACE('',(#5703),#6041,.F.);
#6272=ADVANCED_FACE('',(#5704),#6042,.T.);
#6273=ADVANCED_FACE('',(#5705),#6043,.F.);
#6274=ADVANCED_FACE('',(#5706),#6044,.F.);
#6275=ADVANCED_FACE('',(#5707),#6045,.F.);
#6276=ADVANCED_FACE('',(#5708),#6046,.F.);
#6277=ADVANCED_FACE('',(#5709),#6047,.F.);
#6278=ADVANCED_FACE('',(#5710),#6048,.T.);
#6279=ADVANCED_FACE('',(#5711),#6049,.T.);
#6280=ADVANCED_FACE('',(#5712),#6050,.F.);
#6281=ADVANCED_FACE('',(#5713,#5714),#6051,.F.);
#6282=ADVANCED_FACE('',(#5715),#6052,.F.);
#6283=ADVANCED_FACE('',(#5716),#6053,.T.);
#6284=ADVANCED_FACE('',(#5717,#5718),#6054,.F.);
#6285=ADVANCED_FACE('',(#5719,#5720),#6055,.T.);
#6286=ADVANCED_FACE('',(#5721),#6056,.F.);
#6287=ADVANCED_FACE('',(#5722,#5723),#6057,.F.);
#6288=ADVANCED_FACE('',(#5724),#6058,.T.);
#6289=ADVANCED_FACE('',(#5725),#6059,.T.);
#6290=ADVANCED_FACE('',(#5726,#5727),#6060,.T.);
#6291=ADVANCED_FACE('',(#5728),#6061,.F.);
#6292=ADVANCED_FACE('',(#5729,#5730),#6062,.F.);
#6293=ADVANCED_FACE('',(#5731),#6063,.T.);
#6294=ADVANCED_FACE('',(#5732),#6064,.T.);
#6295=ADVANCED_FACE('',(#5733),#6065,.T.);
#6296=ADVANCED_FACE('',(#5734),#6066,.F.);
#6297=ADVANCED_FACE('',(#5735),#6067,.F.);
#6298=ADVANCED_FACE('',(#5736),#6068,.F.);
#6299=ADVANCED_FACE('',(#5737),#6069,.T.);
#6300=ADVANCED_FACE('',(#5738),#47,.F.);
#6301=ADVANCED_FACE('',(#5739),#6070,.F.);
#6302=ADVANCED_FACE('',(#5740),#48,.F.);
#6303=ADVANCED_FACE('',(#5741),#6071,.T.);
#6304=ADVANCED_FACE('',(#5742),#6072,.T.);
#6305=ADVANCED_FACE('',(#5743),#6073,.T.);
#6306=ADVANCED_FACE('',(#5744),#6074,.T.);
#6307=ADVANCED_FACE('',(#5745),#6075,.F.);
#6308=ADVANCED_FACE('',(#5746),#6076,.F.);
#6309=ADVANCED_FACE('',(#5747),#6077,.F.);
#6310=ADVANCED_FACE('',(#5748),#6078,.T.);
#6311=ADVANCED_FACE('',(#5749),#49,.F.);
#6312=ADVANCED_FACE('',(#5750),#6079,.F.);
#6313=ADVANCED_FACE('',(#5751),#50,.F.);
#6314=ADVANCED_FACE('',(#5752),#6080,.T.);
#6315=ADVANCED_FACE('',(#5753),#6081,.T.);
#6316=ADVANCED_FACE('',(#5754),#6082,.T.);
#6317=ADVANCED_FACE('',(#5755),#6083,.T.);
#6318=ADVANCED_FACE('',(#5756),#6084,.T.);
#6319=ADVANCED_FACE('',(#5757,#5758),#51,.F.);
#6320=ADVANCED_FACE('',(#5759,#5760),#52,.F.);
#6321=ADVANCED_FACE('',(#5761,#5762),#53,.F.);
#6322=ADVANCED_FACE('',(#5763,#5764),#54,.F.);
#6323=ADVANCED_FACE('',(#5765),#55,.T.);
#6324=ADVANCED_FACE('',(#5766),#56,.T.);
#6325=ADVANCED_FACE('',(#5767),#57,.T.);
#6326=ADVANCED_FACE('',(#5768),#58,.T.);
#6327=ADVANCED_FACE('',(#5769),#59,.T.);
#6328=ADVANCED_FACE('',(#5770),#60,.T.);
#6329=ADVANCED_FACE('',(#5771),#61,.T.);
#6330=ADVANCED_FACE('',(#5772),#62,.T.);
#6331=ADVANCED_FACE('',(#5773),#63,.T.);
#6332=ADVANCED_FACE('',(#5774),#64,.F.);
#6333=ADVANCED_FACE('',(#5775),#65,.F.);
#6334=ADVANCED_FACE('',(#5776),#66,.F.);
#6335=ADVANCED_FACE('',(#5777),#67,.F.);
#6336=ADVANCED_FACE('',(#5778),#68,.F.);
#6337=ADVANCED_FACE('',(#5779),#69,.F.);
#6338=ADVANCED_FACE('',(#5780),#70,.F.);
#6339=ADVANCED_FACE('',(#5781),#71,.F.);
#6340=ADVANCED_FACE('',(#5782),#72,.F.);
#6341=ADVANCED_FACE('',(#5783),#73,.F.);
#6342=ADVANCED_FACE('',(#5784),#74,.F.);
#6343=ADVANCED_FACE('',(#5785),#75,.F.);
#6344=ADVANCED_FACE('',(#5786),#76,.F.);
#6345=ADVANCED_FACE('',(#5787),#77,.F.);
#6346=ADVANCED_FACE('',(#5788),#78,.F.);
#6347=ADVANCED_FACE('',(#5789),#79,.F.);
#6348=ADVANCED_FACE('',(#5790),#26,.T.);
#6349=ADVANCED_FACE('',(#5791),#27,.T.);
#6350=ADVANCED_FACE('',(#5792),#80,.T.);
#6351=ADVANCED_FACE('',(#5793),#28,.T.);
#6352=ADVANCED_FACE('',(#5794),#29,.T.);
#6353=ADVANCED_FACE('',(#5795),#81,.T.);
#6354=ADVANCED_FACE('',(#5796),#30,.T.);
#6355=ADVANCED_FACE('',(#5797),#31,.T.);
#6356=ADVANCED_FACE('',(#5798),#32,.T.);
#6357=ADVANCED_FACE('',(#5799),#33,.T.);
#6358=ADVANCED_FACE('',(#5800),#82,.T.);
#6359=ADVANCED_FACE('',(#5801),#34,.T.);
#6360=ADVANCED_FACE('',(#5802),#35,.T.);
#6361=ADVANCED_FACE('',(#5803),#83,.T.);
#6362=ADVANCED_FACE('',(#5804),#36,.T.);
#6363=ADVANCED_FACE('',(#5805),#37,.T.);
#6364=ADVANCED_FACE('',(#5806),#84,.T.);
#6365=ADVANCED_FACE('',(#5807),#85,.T.);
#6366=ADVANCED_FACE('',(#5808),#86,.T.);
#6367=ADVANCED_FACE('',(#5809),#87,.T.);
#6368=ADVANCED_FACE('',(#5810),#88,.T.);
#6369=ADVANCED_FACE('',(#5811),#89,.T.);
#6370=ADVANCED_FACE('',(#5812),#90,.T.);
#6371=ADVANCED_FACE('',(#5813),#91,.T.);
#6372=ADVANCED_FACE('',(#5814),#92,.T.);
#6373=ADVANCED_FACE('',(#5815),#93,.T.);
#6374=ADVANCED_FACE('',(#5816),#94,.T.);
#6375=ADVANCED_FACE('',(#5817),#95,.T.);
#6376=ADVANCED_FACE('',(#5818),#96,.T.);
#6377=ADVANCED_FACE('',(#5819),#97,.T.);
#6378=ADVANCED_FACE('',(#5820),#98,.T.);
#6379=ADVANCED_FACE('',(#5821),#99,.T.);
#6380=ADVANCED_FACE('',(#5822),#100,.T.);
#6381=ADVANCED_FACE('',(#5823),#101,.T.);
#6382=ADVANCED_FACE('',(#5824),#6085,.F.);
#6383=ADVANCED_FACE('',(#5825),#6086,.T.);
#6384=ADVANCED_FACE('',(#5826),#6087,.T.);
#6385=ADVANCED_FACE('',(#5827),#6088,.T.);
#6386=ADVANCED_FACE('',(#5828),#18,.F.);
#6387=ADVANCED_FACE('',(#5829),#6089,.F.);
#6388=ADVANCED_FACE('',(#5830),#19,.F.);
#6389=ADVANCED_FACE('',(#5831),#6090,.T.);
#6390=ADVANCED_FACE('',(#5832),#6091,.T.);
#6391=ADVANCED_FACE('',(#5833),#6092,.F.);
#6392=ADVANCED_FACE('',(#5834),#6093,.T.);
#6393=ADVANCED_FACE('',(#5835),#6094,.T.);
#6394=ADVANCED_FACE('',(#5836),#20,.F.);
#6395=ADVANCED_FACE('',(#5837),#6095,.F.);
#6396=ADVANCED_FACE('',(#5838),#21,.F.);
#6397=ADVANCED_FACE('',(#5839),#6096,.T.);
#6398=ADVANCED_FACE('',(#5840),#6097,.T.);
#6399=ADVANCED_FACE('',(#5841),#6098,.F.);
#6400=ADVANCED_FACE('',(#5842),#22,.F.);
#6401=ADVANCED_FACE('',(#5843),#23,.F.);
#6402=ADVANCED_FACE('',(#5844),#6099,.T.);
#6403=ADVANCED_FACE('',(#5845,#5846),#24,.F.);
#6404=ADVANCED_FACE('',(#5847,#5848),#25,.F.);
#6405=ADVANCED_FACE('',(#5849),#6100,.T.);
#6406=ADVANCED_FACE('',(#5850),#102,.F.);
#6407=ADVANCED_FACE('',(#5851),#103,.F.);
#6408=ADVANCED_FACE('',(#5852),#6101,.F.);
#6409=ADVANCED_FACE('',(#5853),#104,.F.);
#6410=ADVANCED_FACE('',(#5854),#6102,.T.);
#6411=ADVANCED_FACE('',(#5855),#6103,.F.);
#6412=ADVANCED_FACE('',(#5856),#105,.F.);
#6413=ADVANCED_FACE('',(#5857),#6104,.T.);
#6414=ADVANCED_FACE('',(#5858),#106,.F.);
#6415=ADVANCED_FACE('',(#5859),#107,.F.);
#6416=ADVANCED_FACE('',(#5860),#6105,.F.);
#6417=ADVANCED_FACE('',(#5861),#6106,.F.);
#6418=ADVANCED_FACE('',(#5862),#108,.F.);
#6419=ADVANCED_FACE('',(#5863),#109,.F.);
#6420=ADVANCED_FACE('',(#5864),#6107,.T.);
#6421=ADVANCED_FACE('',(#5865),#6108,.T.);
#6422=ADVANCED_FACE('',(#5866),#110,.F.);
#6423=ADVANCED_FACE('',(#5867),#111,.F.);
#6424=ADVANCED_FACE('',(#5868),#6109,.F.);
#6425=ADVANCED_FACE('',(#5869),#6110,.T.);
#6426=ADVANCED_FACE('',(#5870),#112,.F.);
#6427=ADVANCED_FACE('',(#5871),#113,.F.);
#6428=ADVANCED_FACE('',(#5872),#6111,.F.);
#6429=ADVANCED_FACE('',(#5873),#6112,.F.);
#6430=ADVANCED_FACE('',(#5874),#114,.F.);
#6431=ADVANCED_FACE('',(#5875),#115,.F.);
#6432=ADVANCED_FACE('',(#5876),#6113,.T.);
#6433=ADVANCED_FACE('',(#5877),#6114,.T.);
#6434=ADVANCED_FACE('',(#5878),#116,.F.);
#6435=ADVANCED_FACE('',(#5879),#117,.F.);
#6436=ADVANCED_FACE('',(#5880),#6115,.F.);
#6437=ADVANCED_FACE('',(#5881,#5882),#12,.T.);
#6438=ADVANCED_FACE('',(#5883,#5884),#13,.F.);
#6439=ADVANCED_FACE('',(#5885,#5886),#6116,.T.);
#6440=ADVANCED_FACE('',(#5887,#5888),#6117,.F.);
#6441=ADVANCED_FACE('',(#5889),#118,.F.);
#6442=ADVANCED_FACE('',(#5890),#14,.F.);
#6443=ADVANCED_FACE('',(#5891),#119,.F.);
#6444=ADVANCED_FACE('',(#5892),#15,.T.);
#6445=ADVANCED_FACE('',(#5893),#6118,.T.);
#6446=ADVANCED_FACE('',(#5894,#5895),#16,.T.);
#6447=ADVANCED_FACE('',(#5896,#5897),#17,.T.);
#6448=CLOSED_SHELL('',(#6119,#6120,#6121,#6122,#6123,#6124,#6125,#6126,
#6127,#6128,#6129,#6130,#6131,#6132,#6133,#6134,#6135,#6136,#6137,#6138,
#6139,#6140,#6141,#6142,#6143,#6144,#6145,#6146,#6147,#6148,#6149,#6150,
#6151,#6152,#6153,#6154,#6155,#6156,#6157,#6158,#6159,#6160,#6161,#6162,
#6163,#6164,#6165,#6166,#6167,#6168,#6169,#6170,#6171,#6172,#6173,#6174,
#6175,#6176,#6177,#6178,#6179,#6180,#6181,#6182,#6183,#6184,#6185,#6186,
#6187,#6188,#6189,#6190,#6191,#6192,#6193,#6194,#6195,#6196,#6197,#6198,
#6199,#6200,#6201,#6202,#6203,#6204,#6205,#6206,#6207,#6208,#6209,#6210,
#6211,#6212,#6213,#6214,#6215,#6216,#6217,#6218,#6219,#6220,#6221,#6222,
#6223,#6224,#6225,#6226,#6227,#6228,#6229,#6230,#6231,#6232,#6233,#6234,
#6235,#6236,#6237,#6238,#6239,#6240,#6241,#6242,#6243,#6244,#6245,#6246,
#6247,#6248,#6249,#6250,#6251,#6252,#6253,#6254,#6255,#6256,#6257,#6258,
#6259,#6260,#6261,#6262,#6263,#6264,#6265,#6266,#6267,#6268,#6269,#6270,
#6271,#6272,#6273,#6274,#6275,#6276,#6277,#6278,#6279,#6280,#6281,#6282,
#6283,#6284,#6285,#6286,#6287,#6288,#6289,#6290,#6291,#6292,#6293,#6294,
#6295,#6296,#6297,#6298,#6299,#6300,#6301,#6302,#6303,#6304,#6305,#6306,
#6307,#6308,#6309,#6310,#6311,#6312,#6313,#6314,#6315,#6316,#6317,#6318,
#6319,#6320,#6321,#6322,#6323,#6324,#6325,#6326,#6327,#6328,#6329,#6330,
#6331,#6332,#6333,#6334,#6335,#6336,#6337,#6338,#6339,#6340,#6341,#6342,
#6343,#6344,#6345,#6346,#6347,#6348,#6349,#6350,#6351,#6352,#6353,#6354,
#6355,#6356,#6357,#6358,#6359,#6360,#6361,#6362,#6363,#6364,#6365,#6366,
#6367,#6368,#6369,#6370,#6371,#6372,#6373,#6374,#6375,#6376,#6377,#6378,
#6379,#6380,#6381,#6382,#6383,#6384,#6385,#6386,#6387,#6388,#6389,#6390,
#6391,#6392,#6393,#6394,#6395,#6396,#6397,#6398,#6399,#6400,#6401,#6402,
#6403,#6404,#6405,#6406,#6407,#6408,#6409,#6410,#6411,#6412,#6413,#6414,
#6415,#6416,#6417,#6418,#6419,#6420,#6421,#6422,#6423,#6424,#6425,#6426,
#6427,#6428,#6429,#6430,#6431,#6432,#6433,#6434,#6435,#6436,#6437,#6438,
#6439,#6440,#6441,#6442,#6443,#6444,#6445,#6446,#6447));
#6449=STYLED_ITEM('',(#6450),#6457);
#6450=PRESENTATION_STYLE_ASSIGNMENT((#6451));
#6451=SURFACE_STYLE_USAGE(.BOTH.,#6452);
#6452=SURFACE_SIDE_STYLE('',(#6453));
#6453=SURFACE_STYLE_FILL_AREA(#6454);
#6454=FILL_AREA_STYLE('',(#6455));
#6455=FILL_AREA_STYLE_COLOUR('',#6456);
#6456=COLOUR_RGB('',0.972549019607843,0.529411764705882,0.00392156862745098);
#6457=MANIFOLD_SOLID_BREP('case_body',#6448);
#6458=SHAPE_DEFINITION_REPRESENTATION(#11715,#6459);
#6459=SHAPE_REPRESENTATION('case_body',(#6460),#11710);
#6460=AXIS2_PLACEMENT_3D('',#8644,#6954,#6955);
#6461=AXIS2_PLACEMENT_3D('',#8645,#6956,#6957);
#6462=AXIS2_PLACEMENT_3D('',#8720,#6959,#6960);
#6463=AXIS2_PLACEMENT_3D('',#8728,#6964,#6965);
#6464=AXIS2_PLACEMENT_3D('',#8729,#6966,#6967);
#6465=AXIS2_PLACEMENT_3D('',#8733,#6969,#6970);
#6466=AXIS2_PLACEMENT_3D('',#8737,#6972,#6973);
#6467=AXIS2_PLACEMENT_3D('',#8741,#6975,#6976);
#6468=AXIS2_PLACEMENT_3D('',#8745,#6978,#6979);
#6469=AXIS2_PLACEMENT_3D('',#8749,#6981,#6982);
#6470=AXIS2_PLACEMENT_3D('',#8753,#6984,#6985);
#6471=AXIS2_PLACEMENT_3D('',#8757,#6987,#6988);
#6472=AXIS2_PLACEMENT_3D('',#8761,#6990,#6991);
#6473=AXIS2_PLACEMENT_3D('',#8765,#6993,#6994);
#6474=AXIS2_PLACEMENT_3D('',#8769,#6996,#6997);
#6475=AXIS2_PLACEMENT_3D('',#8773,#6999,#7000);
#6476=AXIS2_PLACEMENT_3D('',#8777,#7002,#7003);
#6477=AXIS2_PLACEMENT_3D('',#8781,#7005,#7006);
#6478=AXIS2_PLACEMENT_3D('',#8809,#7020,#7021);
#6479=AXIS2_PLACEMENT_3D('',#8813,#7023,#7024);
#6480=AXIS2_PLACEMENT_3D('',#8829,#7032,#7033);
#6481=AXIS2_PLACEMENT_3D('',#8830,#7034,#7035);
#6482=AXIS2_PLACEMENT_3D('',#8839,#7040,#7041);
#6483=AXIS2_PLACEMENT_3D('',#8844,#7043,#7044);
#6484=AXIS2_PLACEMENT_3D('',#8847,#7046,#7047);
#6485=AXIS2_PLACEMENT_3D('',#8852,#7049,#7050);
#6486=AXIS2_PLACEMENT_3D('',#8855,#7052,#7053);
#6487=AXIS2_PLACEMENT_3D('',#8860,#7055,#7056);
#6488=AXIS2_PLACEMENT_3D('',#8863,#7058,#7059);
#6489=AXIS2_PLACEMENT_3D('',#8868,#7061,#7062);
#6490=AXIS2_PLACEMENT_3D('',#8871,#7064,#7065);
#6491=AXIS2_PLACEMENT_3D('',#8876,#7067,#7068);
#6492=AXIS2_PLACEMENT_3D('',#8879,#7070,#7071);
#6493=AXIS2_PLACEMENT_3D('',#8884,#7073,#7074);
#6494=AXIS2_PLACEMENT_3D('',#8887,#7076,#7077);
#6495=AXIS2_PLACEMENT_3D('',#8892,#7079,#7080);
#6496=AXIS2_PLACEMENT_3D('',#8895,#7082,#7083);
#6497=AXIS2_PLACEMENT_3D('',#8900,#7085,#7086);
#6498=AXIS2_PLACEMENT_3D('',#8903,#7088,#7089);
#6499=AXIS2_PLACEMENT_3D('',#8907,#7091,#7092);
#6500=AXIS2_PLACEMENT_3D('',#8916,#7097,#7098);
#6501=AXIS2_PLACEMENT_3D('',#8921,#7102,#7103);
#6502=AXIS2_PLACEMENT_3D('',#8924,#7106,#7107);
#6503=AXIS2_PLACEMENT_3D('',#8932,#7112,#7113);
#6504=AXIS2_PLACEMENT_3D('',#8933,#7114,#7115);
#6505=AXIS2_PLACEMENT_3D('',#8942,#7116,#7117);
#6506=AXIS2_PLACEMENT_3D('',#8943,#7118,#7119);
#6507=AXIS2_PLACEMENT_3D('',#8944,#7120,#7121);
#6508=AXIS2_PLACEMENT_3D('',#8953,#7122,#7123);
#6509=AXIS2_PLACEMENT_3D('',#8954,#7124,#7125);
#6510=AXIS2_PLACEMENT_3D('',#8955,#7126,#7127);
#6511=AXIS2_PLACEMENT_3D('',#8957,#7128,#7129);
#6512=AXIS2_PLACEMENT_3D('',#8961,#7131,#7132);
#6513=AXIS2_PLACEMENT_3D('',#8965,#7134,#7135);
#6514=AXIS2_PLACEMENT_3D('',#8969,#7137,#7138);
#6515=AXIS2_PLACEMENT_3D('',#8979,#7143,#7144);
#6516=AXIS2_PLACEMENT_3D('',#8984,#7147,#7148);
#6517=AXIS2_PLACEMENT_3D('',#8987,#7150,#7151);
#6518=AXIS2_PLACEMENT_3D('',#8989,#7152,#7153);
#6519=AXIS2_PLACEMENT_3D('',#8999,#7158,#7159);
#6520=AXIS2_PLACEMENT_3D('',#9003,#7161,#7162);
#6521=AXIS2_PLACEMENT_3D('',#9017,#7169,#7170);
#6522=AXIS2_PLACEMENT_3D('',#9021,#7172,#7173);
#6523=AXIS2_PLACEMENT_3D('',#9025,#7175,#7176);
#6524=AXIS2_PLACEMENT_3D('',#9029,#7178,#7179);
#6525=AXIS2_PLACEMENT_3D('',#9033,#7181,#7182);
#6526=AXIS2_PLACEMENT_3D('',#9034,#7183,#7184);
#6527=AXIS2_PLACEMENT_3D('',#9039,#7186,#7187);
#6528=AXIS2_PLACEMENT_3D('',#9043,#7189,#7190);
#6529=AXIS2_PLACEMENT_3D('',#9047,#7192,#7193);
#6530=AXIS2_PLACEMENT_3D('',#9051,#7195,#7196);
#6531=AXIS2_PLACEMENT_3D('',#9055,#7198,#7199);
#6532=AXIS2_PLACEMENT_3D('',#9059,#7201,#7202);
#6533=AXIS2_PLACEMENT_3D('',#9063,#7204,#7205);
#6534=AXIS2_PLACEMENT_3D('',#9067,#7207,#7208);
#6535=AXIS2_PLACEMENT_3D('',#9076,#7213,#7214);
#6536=AXIS2_PLACEMENT_3D('',#9078,#7215,#7216);
#6537=AXIS2_PLACEMENT_3D('',#9082,#7218,#7219);
#6538=AXIS2_PLACEMENT_3D('',#9086,#7221,#7222);
#6539=AXIS2_PLACEMENT_3D('',#9090,#7224,#7225);
#6540=AXIS2_PLACEMENT_3D('',#9094,#7227,#7228);
#6541=AXIS2_PLACEMENT_3D('',#9108,#7235,#7236);
#6542=AXIS2_PLACEMENT_3D('',#9112,#7238,#7239);
#6543=AXIS2_PLACEMENT_3D('',#9119,#7243,#7244);
#6544=AXIS2_PLACEMENT_3D('',#9127,#7248,#7249);
#6545=AXIS2_PLACEMENT_3D('',#9131,#7251,#7252);
#6546=AXIS2_PLACEMENT_3D('',#9144,#7259,#7260);
#6547=AXIS2_PLACEMENT_3D('',#9147,#7261,#7262);
#6548=AXIS2_PLACEMENT_3D('',#9151,#7264,#7265);
#6549=AXIS2_PLACEMENT_3D('',#9155,#7267,#7268);
#6550=AXIS2_PLACEMENT_3D('',#9159,#7270,#7271);
#6551=AXIS2_PLACEMENT_3D('',#9163,#7273,#7274);
#6552=AXIS2_PLACEMENT_3D('',#9169,#7277,#7278);
#6553=AXIS2_PLACEMENT_3D('',#9173,#7280,#7281);
#6554=AXIS2_PLACEMENT_3D('',#9177,#7283,#7284);
#6555=AXIS2_PLACEMENT_3D('',#9181,#7286,#7287);
#6556=AXIS2_PLACEMENT_3D('',#9185,#7289,#7290);
#6557=AXIS2_PLACEMENT_3D('',#9189,#7292,#7293);
#6558=AXIS2_PLACEMENT_3D('',#9193,#7295,#7296);
#6559=AXIS2_PLACEMENT_3D('',#9197,#7298,#7299);
#6560=AXIS2_PLACEMENT_3D('',#9206,#7304,#7305);
#6561=AXIS2_PLACEMENT_3D('',#9211,#7307,#7308);
#6562=AXIS2_PLACEMENT_3D('',#9215,#7310,#7311);
#6563=AXIS2_PLACEMENT_3D('',#9219,#7313,#7314);
#6564=AXIS2_PLACEMENT_3D('',#9223,#7316,#7317);
#6565=AXIS2_PLACEMENT_3D('',#9227,#7319,#7320);
#6566=AXIS2_PLACEMENT_3D('',#9245,#7329,#7330);
#6567=AXIS2_PLACEMENT_3D('',#9249,#7332,#7333);
#6568=AXIS2_PLACEMENT_3D('',#9252,#7335,#7336);
#6569=AXIS2_PLACEMENT_3D('',#9253,#7337,#7338);
#6570=AXIS2_PLACEMENT_3D('',#9258,#7340,#7341);
#6571=AXIS2_PLACEMENT_3D('',#9261,#7343,#7344);
#6572=AXIS2_PLACEMENT_3D('',#9276,#7352,#7353);
#6573=AXIS2_PLACEMENT_3D('',#9277,#7354,#7355);
#6574=AXIS2_PLACEMENT_3D('',#9292,#7363,#7364);
#6575=AXIS2_PLACEMENT_3D('',#9309,#7373,#7374);
#6576=AXIS2_PLACEMENT_3D('',#9318,#7380,#7381);
#6577=AXIS2_PLACEMENT_3D('',#9399,#7423,#7424);
#6578=AXIS2_PLACEMENT_3D('',#9403,#7426,#7427);
#6579=AXIS2_PLACEMENT_3D('',#9407,#7429,#7430);
#6580=AXIS2_PLACEMENT_3D('',#9482,#7468,#7469);
#6581=AXIS2_PLACEMENT_3D('',#9559,#7509,#7510);
#6582=AXIS2_PLACEMENT_3D('',#9563,#7512,#7513);
#6583=AXIS2_PLACEMENT_3D('',#9567,#7515,#7516);
#6584=AXIS2_PLACEMENT_3D('',#9634,#7550,#7551);
#6585=AXIS2_PLACEMENT_3D('',#9642,#7557,#7558);
#6586=AXIS2_PLACEMENT_3D('',#9643,#7559,#7560);
#6587=AXIS2_PLACEMENT_3D('',#9644,#7561,#7562);
#6588=AXIS2_PLACEMENT_3D('',#9647,#7565,#7566);
#6589=AXIS2_PLACEMENT_3D('',#9651,#7568,#7569);
#6590=AXIS2_PLACEMENT_3D('',#9659,#7573,#7574);
#6591=AXIS2_PLACEMENT_3D('',#9660,#7575,#7576);
#6592=AXIS2_PLACEMENT_3D('',#9661,#7577,#7578);
#6593=AXIS2_PLACEMENT_3D('',#9666,#7580,#7581);
#6594=AXIS2_PLACEMENT_3D('',#9685,#7591,#7592);
#6595=AXIS2_PLACEMENT_3D('',#9691,#7596,#7597);
#6596=AXIS2_PLACEMENT_3D('',#9694,#7600,#7601);
#6597=AXIS2_PLACEMENT_3D('',#9697,#7604,#7605);
#6598=AXIS2_PLACEMENT_3D('',#9700,#7608,#7609);
#6599=AXIS2_PLACEMENT_3D('',#9703,#7612,#7613);
#6600=AXIS2_PLACEMENT_3D('',#9706,#7616,#7617);
#6601=AXIS2_PLACEMENT_3D('',#9709,#7620,#7621);
#6602=AXIS2_PLACEMENT_3D('',#9712,#7624,#7625);
#6603=AXIS2_PLACEMENT_3D('',#9715,#7628,#7629);
#6604=AXIS2_PLACEMENT_3D('',#9718,#7632,#7633);
#6605=AXIS2_PLACEMENT_3D('',#9721,#7636,#7637);
#6606=AXIS2_PLACEMENT_3D('',#9724,#7640,#7641);
#6607=AXIS2_PLACEMENT_3D('',#9727,#7644,#7645);
#6608=AXIS2_PLACEMENT_3D('',#9730,#7648,#7649);
#6609=AXIS2_PLACEMENT_3D('',#9732,#7651,#7652);
#6610=AXIS2_PLACEMENT_3D('',#9733,#7653,#7654);
#6611=AXIS2_PLACEMENT_3D('',#9734,#7655,#7656);
#6612=AXIS2_PLACEMENT_3D('',#9737,#7659,#7660);
#6613=AXIS2_PLACEMENT_3D('',#9740,#7663,#7664);
#6614=AXIS2_PLACEMENT_3D('',#9743,#7667,#7668);
#6615=AXIS2_PLACEMENT_3D('',#9746,#7671,#7672);
#6616=AXIS2_PLACEMENT_3D('',#9749,#7675,#7676);
#6617=AXIS2_PLACEMENT_3D('',#9750,#7677,#7678);
#6618=AXIS2_PLACEMENT_3D('',#9755,#7681,#7682);
#6619=AXIS2_PLACEMENT_3D('',#9756,#7683,#7684);
#6620=AXIS2_PLACEMENT_3D('',#9759,#7686,#7687);
#6621=AXIS2_PLACEMENT_3D('',#9760,#7688,#7689);
#6622=AXIS2_PLACEMENT_3D('',#9761,#7690,#7691);
#6623=AXIS2_PLACEMENT_3D('',#9762,#7692,#7693);
#6624=AXIS2_PLACEMENT_3D('',#9765,#7695,#7696);
#6625=AXIS2_PLACEMENT_3D('',#9766,#7697,#7698);
#6626=AXIS2_PLACEMENT_3D('',#9767,#7699,#7700);
#6627=AXIS2_PLACEMENT_3D('',#9768,#7701,#7702);
#6628=AXIS2_PLACEMENT_3D('',#9769,#7703,#7704);
#6629=AXIS2_PLACEMENT_3D('',#9782,#7711,#7712);
#6630=AXIS2_PLACEMENT_3D('',#9788,#7716,#7717);
#6631=AXIS2_PLACEMENT_3D('',#9802,#7725,#7726);
#6632=AXIS2_PLACEMENT_3D('',#9803,#7727,#7728);
#6633=AXIS2_PLACEMENT_3D('',#9806,#7730,#7731);
#6634=AXIS2_PLACEMENT_3D('',#9812,#7735,#7736);
#6635=AXIS2_PLACEMENT_3D('',#9816,#7739,#7740);
#6636=AXIS2_PLACEMENT_3D('',#9820,#7743,#7744);
#6637=AXIS2_PLACEMENT_3D('',#9824,#7747,#7748);
#6638=AXIS2_PLACEMENT_3D('',#9828,#7751,#7752);
#6639=AXIS2_PLACEMENT_3D('',#9830,#7754,#7755);
#6640=AXIS2_PLACEMENT_3D('',#9831,#7756,#7757);
#6641=AXIS2_PLACEMENT_3D('',#9837,#7761,#7762);
#6642=AXIS2_PLACEMENT_3D('',#9841,#7765,#7766);
#6643=AXIS2_PLACEMENT_3D('',#9845,#7769,#7770);
#6644=AXIS2_PLACEMENT_3D('',#9849,#7773,#7774);
#6645=AXIS2_PLACEMENT_3D('',#9853,#7777,#7778);
#6646=AXIS2_PLACEMENT_3D('',#9855,#7780,#7781);
#6647=AXIS2_PLACEMENT_3D('',#9856,#7782,#7783);
#6648=AXIS2_PLACEMENT_3D('',#9857,#7784,#7785);
#6649=AXIS2_PLACEMENT_3D('',#9859,#7786,#7787);
#6650=AXIS2_PLACEMENT_3D('',#9860,#7788,#7789);
#6651=AXIS2_PLACEMENT_3D('',#9862,#7790,#7791);
#6652=AXIS2_PLACEMENT_3D('',#9868,#7795,#7796);
#6653=AXIS2_PLACEMENT_3D('',#9874,#7800,#7801);
#6654=AXIS2_PLACEMENT_3D('',#9883,#7806,#7807);
#6655=AXIS2_PLACEMENT_3D('',#9885,#7809,#7810);
#6656=AXIS2_PLACEMENT_3D('',#9887,#7812,#7813);
#6657=AXIS2_PLACEMENT_3D('',#9893,#7817,#7818);
#6658=AXIS2_PLACEMENT_3D('',#9902,#7823,#7824);
#6659=AXIS2_PLACEMENT_3D('',#9908,#7828,#7829);
#6660=AXIS2_PLACEMENT_3D('',#9910,#7831,#7832);
#6661=AXIS2_PLACEMENT_3D('',#9912,#7834,#7835);
#6662=AXIS2_PLACEMENT_3D('',#9918,#7839,#7840);
#6663=AXIS2_PLACEMENT_3D('',#9927,#7845,#7846);
#6664=AXIS2_PLACEMENT_3D('',#9933,#7850,#7851);
#6665=AXIS2_PLACEMENT_3D('',#9935,#7853,#7854);
#6666=AXIS2_PLACEMENT_3D('',#9937,#7856,#7857);
#6667=AXIS2_PLACEMENT_3D('',#9943,#7861,#7862);
#6668=AXIS2_PLACEMENT_3D('',#9949,#7866,#7867);
#6669=AXIS2_PLACEMENT_3D('',#9958,#7872,#7873);
#6670=AXIS2_PLACEMENT_3D('',#9960,#7875,#7876);
#6671=AXIS2_PLACEMENT_3D('',#9962,#7878,#7879);
#6672=AXIS2_PLACEMENT_3D('',#9965,#7881,#7882);
#6673=AXIS2_PLACEMENT_3D('',#9968,#7884,#7885);
#6674=AXIS2_PLACEMENT_3D('',#9972,#7888,#7889);
#6675=AXIS2_PLACEMENT_3D('',#9976,#7892,#7893);
#6676=AXIS2_PLACEMENT_3D('',#9977,#7894,#7895);
#6677=AXIS2_PLACEMENT_3D('',#9978,#7896,#7897);
#6678=AXIS2_PLACEMENT_3D('',#9981,#7900,#7901);
#6679=AXIS2_PLACEMENT_3D('',#9983,#7903,#7904);
#6680=AXIS2_PLACEMENT_3D('',#9984,#7905,#7906);
#6681=AXIS2_PLACEMENT_3D('',#9987,#7909,#7910);
#6682=AXIS2_PLACEMENT_3D('',#9989,#7912,#7913);
#6683=AXIS2_PLACEMENT_3D('',#9990,#7914,#7915);
#6684=AXIS2_PLACEMENT_3D('',#9993,#7918,#7919);
#6685=AXIS2_PLACEMENT_3D('',#9995,#7921,#7922);
#6686=AXIS2_PLACEMENT_3D('',#9997,#7924,#7925);
#6687=AXIS2_PLACEMENT_3D('',#9998,#7926,#7927);
#6688=AXIS2_PLACEMENT_3D('',#10001,#7930,#7931);
#6689=AXIS2_PLACEMENT_3D('',#10003,#7933,#7934);
#6690=AXIS2_PLACEMENT_3D('',#10005,#7936,#7937);
#6691=AXIS2_PLACEMENT_3D('',#10006,#7938,#7939);
#6692=AXIS2_PLACEMENT_3D('',#10009,#7942,#7943);
#6693=AXIS2_PLACEMENT_3D('',#10011,#7945,#7946);
#6694=AXIS2_PLACEMENT_3D('',#10013,#7948,#7949);
#6695=AXIS2_PLACEMENT_3D('',#10014,#7950,#7951);
#6696=AXIS2_PLACEMENT_3D('',#10017,#7954,#7955);
#6697=AXIS2_PLACEMENT_3D('',#10019,#7957,#7958);
#6698=AXIS2_PLACEMENT_3D('',#10021,#7960,#7961);
#6699=AXIS2_PLACEMENT_3D('',#10022,#7962,#7963);
#6700=AXIS2_PLACEMENT_3D('',#10025,#7966,#7967);
#6701=AXIS2_PLACEMENT_3D('',#10027,#7969,#7970);
#6702=AXIS2_PLACEMENT_3D('',#10029,#7972,#7973);
#6703=AXIS2_PLACEMENT_3D('',#10031,#7975,#7976);
#6704=AXIS2_PLACEMENT_3D('',#10032,#7977,#7978);
#6705=AXIS2_PLACEMENT_3D('',#10035,#7981,#7982);
#6706=AXIS2_PLACEMENT_3D('',#10037,#7984,#7985);
#6707=AXIS2_PLACEMENT_3D('',#10039,#7987,#7988);
#6708=AXIS2_PLACEMENT_3D('',#10040,#7989,#7990);
#6709=AXIS2_PLACEMENT_3D('',#10043,#7993,#7994);
#6710=AXIS2_PLACEMENT_3D('',#10045,#7996,#7997);
#6711=AXIS2_PLACEMENT_3D('',#10046,#7998,#7999);
#6712=AXIS2_PLACEMENT_3D('',#10049,#8002,#8003);
#6713=AXIS2_PLACEMENT_3D('',#10051,#8005,#8006);
#6714=AXIS2_PLACEMENT_3D('',#10053,#8008,#8009);
#6715=AXIS2_PLACEMENT_3D('',#10054,#8010,#8011);
#6716=AXIS2_PLACEMENT_3D('',#10057,#8014,#8015);
#6717=AXIS2_PLACEMENT_3D('',#10059,#8017,#8018);
#6718=AXIS2_PLACEMENT_3D('',#10061,#8020,#8021);
#6719=AXIS2_PLACEMENT_3D('',#10062,#8022,#8023);
#6720=AXIS2_PLACEMENT_3D('',#10065,#8026,#8027);
#6721=AXIS2_PLACEMENT_3D('',#10067,#8029,#8030);
#6722=AXIS2_PLACEMENT_3D('',#10069,#8032,#8033);
#6723=AXIS2_PLACEMENT_3D('',#10070,#8034,#8035);
#6724=AXIS2_PLACEMENT_3D('',#10073,#8038,#8039);
#6725=AXIS2_PLACEMENT_3D('',#10075,#8041,#8042);
#6726=AXIS2_PLACEMENT_3D('',#10077,#8044,#8045);
#6727=AXIS2_PLACEMENT_3D('',#10078,#8046,#8047);
#6728=AXIS2_PLACEMENT_3D('',#10081,#8050,#8051);
#6729=AXIS2_PLACEMENT_3D('',#10083,#8053,#8054);
#6730=AXIS2_PLACEMENT_3D('',#10085,#8056,#8057);
#6731=AXIS2_PLACEMENT_3D('',#10086,#8058,#8059);
#6732=AXIS2_PLACEMENT_3D('',#10089,#8062,#8063);
#6733=AXIS2_PLACEMENT_3D('',#10091,#8065,#8066);
#6734=AXIS2_PLACEMENT_3D('',#10093,#8068,#8069);
#6735=AXIS2_PLACEMENT_3D('',#10094,#8070,#8071);
#6736=AXIS2_PLACEMENT_3D('',#10097,#8074,#8075);
#6737=AXIS2_PLACEMENT_3D('',#10099,#8077,#8078);
#6738=AXIS2_PLACEMENT_3D('',#10101,#8080,#8081);
#6739=AXIS2_PLACEMENT_3D('',#10102,#8082,#8083);
#6740=AXIS2_PLACEMENT_3D('',#10105,#8086,#8087);
#6741=AXIS2_PLACEMENT_3D('',#10107,#8089,#8090);
#6742=AXIS2_PLACEMENT_3D('',#10109,#8092,#8093);
#6743=AXIS2_PLACEMENT_3D('',#10110,#8094,#8095);
#6744=AXIS2_PLACEMENT_3D('',#10114,#8098,#8099);
#6745=AXIS2_PLACEMENT_3D('',#10118,#8102,#8103);
#6746=AXIS2_PLACEMENT_3D('',#10119,#8104,#8105);
#6747=AXIS2_PLACEMENT_3D('',#10121,#8106,#8107);
#6748=AXIS2_PLACEMENT_3D('',#10122,#8108,#8109);
#6749=AXIS2_PLACEMENT_3D('',#10126,#8112,#8113);
#6750=AXIS2_PLACEMENT_3D('',#10130,#8116,#8117);
#6751=AXIS2_PLACEMENT_3D('',#10131,#8118,#8119);
#6752=AXIS2_PLACEMENT_3D('',#10133,#8120,#8121);
#6753=AXIS2_PLACEMENT_3D('',#10134,#8122,#8123);
#6754=AXIS2_PLACEMENT_3D('',#10135,#8124,#8125);
#6755=AXIS2_PLACEMENT_3D('',#10137,#8126,#8127);
#6756=AXIS2_PLACEMENT_3D('',#10144,#8131,#8132);
#6757=AXIS2_PLACEMENT_3D('',#10148,#8135,#8136);
#6758=AXIS2_PLACEMENT_3D('',#10149,#8137,#8138);
#6759=AXIS2_PLACEMENT_3D('',#10154,#8140,#8141);
#6760=AXIS2_PLACEMENT_3D('',#10156,#8143,#8144);
#6761=AXIS2_PLACEMENT_3D('',#10159,#8147,#8148);
#6762=AXIS2_PLACEMENT_3D('',#10160,#8149,#8150);
#6763=AXIS2_PLACEMENT_3D('',#10161,#8151,#8152);
#6764=AXIS2_PLACEMENT_3D('',#10166,#8154,#8155);
#6765=AXIS2_PLACEMENT_3D('',#10170,#8158,#8159);
#6766=AXIS2_PLACEMENT_3D('',#10174,#8162,#8163);
#6767=AXIS2_PLACEMENT_3D('',#10175,#8164,#8165);
#6768=AXIS2_PLACEMENT_3D('',#10177,#8166,#8167);
#6769=AXIS2_PLACEMENT_3D('',#10182,#8170,#8171);
#6770=AXIS2_PLACEMENT_3D('',#10185,#8174,#8175);
#6771=AXIS2_PLACEMENT_3D('',#10186,#8176,#8177);
#6772=AXIS2_PLACEMENT_3D('',#10192,#8181,#8182);
#6773=AXIS2_PLACEMENT_3D('',#10197,#8186,#8187);
#6774=AXIS2_PLACEMENT_3D('',#10201,#8190,#8191);
#6775=AXIS2_PLACEMENT_3D('',#10206,#8195,#8196);
#6776=AXIS2_PLACEMENT_3D('',#10210,#8199,#8200);
#6777=AXIS2_PLACEMENT_3D('',#10211,#8201,#8202);
#6778=AXIS2_PLACEMENT_3D('',#10214,#8204,#8205);
#6779=AXIS2_PLACEMENT_3D('',#10218,#8208,#8209);
#6780=AXIS2_PLACEMENT_3D('',#10219,#8210,#8211);
#6781=AXIS2_PLACEMENT_3D('',#10222,#8213,#8214);
#6782=AXIS2_PLACEMENT_3D('',#10226,#8217,#8218);
#6783=AXIS2_PLACEMENT_3D('',#10231,#8222,#8223);
#6784=AXIS2_PLACEMENT_3D('',#10236,#8227,#8228);
#6785=AXIS2_PLACEMENT_3D('',#10238,#8230,#8231);
#6786=AXIS2_PLACEMENT_3D('',#10245,#8236,#8237);
#6787=AXIS2_PLACEMENT_3D('',#10249,#8240,#8241);
#6788=AXIS2_PLACEMENT_3D('',#10254,#8245,#8246);
#6789=AXIS2_PLACEMENT_3D('',#10258,#8249,#8250);
#6790=AXIS2_PLACEMENT_3D('',#10259,#8251,#8252);
#6791=AXIS2_PLACEMENT_3D('',#10262,#8254,#8255);
#6792=AXIS2_PLACEMENT_3D('',#10266,#8258,#8259);
#6793=AXIS2_PLACEMENT_3D('',#10267,#8260,#8261);
#6794=AXIS2_PLACEMENT_3D('',#10270,#8263,#8264);
#6795=AXIS2_PLACEMENT_3D('',#10274,#8267,#8268);
#6796=AXIS2_PLACEMENT_3D('',#10279,#8272,#8273);
#6797=AXIS2_PLACEMENT_3D('',#10283,#8276,#8277);
#6798=AXIS2_PLACEMENT_3D('',#10287,#8280,#8281);
#6799=AXIS2_PLACEMENT_3D('',#10290,#8284,#8285);
#6800=AXIS2_PLACEMENT_3D('',#10291,#8286,#8287);
#6801=AXIS2_PLACEMENT_3D('',#10292,#8288,#8289);
#6802=AXIS2_PLACEMENT_3D('',#10293,#8290,#8291);
#6803=AXIS2_PLACEMENT_3D('',#10294,#8292,#8293);
#6804=AXIS2_PLACEMENT_3D('',#10295,#8294,#8295);
#6805=AXIS2_PLACEMENT_3D('',#10302,#8296,#8297);
#6806=AXIS2_PLACEMENT_3D('',#10303,#8298,#8299);
#6807=AXIS2_PLACEMENT_3D('',#10308,#8300,#8301);
#6808=AXIS2_PLACEMENT_3D('',#10315,#8302,#8303);
#6809=AXIS2_PLACEMENT_3D('',#10316,#8304,#8305);
#6810=AXIS2_PLACEMENT_3D('',#10317,#8306,#8307);
#6811=AXIS2_PLACEMENT_3D('',#10322,#8308,#8309);
#6812=AXIS2_PLACEMENT_3D('',#10329,#8310,#8311);
#6813=AXIS2_PLACEMENT_3D('',#10330,#8312,#8313);
#6814=AXIS2_PLACEMENT_3D('',#10331,#8314,#8315);
#6815=AXIS2_PLACEMENT_3D('',#10336,#8316,#8317);
#6816=AXIS2_PLACEMENT_3D('',#10337,#8318,#8319);
#6817=AXIS2_PLACEMENT_3D('',#10344,#8320,#8321);
#6818=AXIS2_PLACEMENT_3D('',#10345,#8322,#8323);
#6819=AXIS2_PLACEMENT_3D('',#10350,#8324,#8325);
#6820=AXIS2_PLACEMENT_3D('',#10351,#8326,#8327);
#6821=AXIS2_PLACEMENT_3D('',#10352,#8328,#8329);
#6822=AXIS2_PLACEMENT_3D('',#10353,#8330,#8331);
#6823=AXIS2_PLACEMENT_3D('',#10354,#8332,#8333);
#6824=AXIS2_PLACEMENT_3D('',#10355,#8334,#8335);
#6825=AXIS2_PLACEMENT_3D('',#10356,#8336,#8337);
#6826=AXIS2_PLACEMENT_3D('',#10357,#8338,#8339);
#6827=AXIS2_PLACEMENT_3D('',#10358,#8340,#8341);
#6828=AXIS2_PLACEMENT_3D('',#10359,#8342,#8343);
#6829=AXIS2_PLACEMENT_3D('',#10360,#8344,#8345);
#6830=AXIS2_PLACEMENT_3D('',#10361,#8346,#8347);
#6831=AXIS2_PLACEMENT_3D('',#10362,#8348,#8349);
#6832=AXIS2_PLACEMENT_3D('',#10363,#8350,#8351);
#6833=AXIS2_PLACEMENT_3D('',#10364,#8352,#8353);
#6834=AXIS2_PLACEMENT_3D('',#10365,#8354,#8355);
#6835=AXIS2_PLACEMENT_3D('',#10366,#8356,#8357);
#6836=AXIS2_PLACEMENT_3D('',#10379,#8358,#8359);
#6837=AXIS2_PLACEMENT_3D('',#10380,#8360,#8361);
#6838=AXIS2_PLACEMENT_3D('',#10393,#8362,#8363);
#6839=AXIS2_PLACEMENT_3D('',#10394,#8364,#8365);
#6840=AXIS2_PLACEMENT_3D('',#10395,#8366,#8367);
#6841=AXIS2_PLACEMENT_3D('',#10408,#8368,#8369);
#6842=AXIS2_PLACEMENT_3D('',#10421,#8370,#8371);
#6843=AXIS2_PLACEMENT_3D('',#10422,#8372,#8373);
#6844=AXIS2_PLACEMENT_3D('',#10423,#8374,#8375);
#6845=AXIS2_PLACEMENT_3D('',#10436,#8376,#8377);
#6846=AXIS2_PLACEMENT_3D('',#10449,#8378,#8379);
#6847=AXIS2_PLACEMENT_3D('',#10462,#8380,#8381);
#6848=AXIS2_PLACEMENT_3D('',#10475,#8382,#8383);
#6849=AXIS2_PLACEMENT_3D('',#10476,#8384,#8385);
#6850=AXIS2_PLACEMENT_3D('',#10477,#8386,#8387);
#6851=AXIS2_PLACEMENT_3D('',#10490,#8388,#8389);
#6852=AXIS2_PLACEMENT_3D('',#10503,#8390,#8391);
#6853=AXIS2_PLACEMENT_3D('',#10504,#8392,#8393);
#6854=AXIS2_PLACEMENT_3D('',#10505,#8394,#8395);
#6855=AXIS2_PLACEMENT_3D('',#10518,#8396,#8397);
#6856=AXIS2_PLACEMENT_3D('',#10531,#8398,#8399);
#6857=AXIS2_PLACEMENT_3D('',#10532,#8400,#8401);
#6858=AXIS2_PLACEMENT_3D('',#10533,#8402,#8403);
#6859=AXIS2_PLACEMENT_3D('',#10534,#8404,#8405);
#6860=AXIS2_PLACEMENT_3D('',#10535,#8406,#8407);
#6861=AXIS2_PLACEMENT_3D('',#10536,#8408,#8409);
#6862=AXIS2_PLACEMENT_3D('',#10537,#8410,#8411);
#6863=AXIS2_PLACEMENT_3D('',#10538,#8412,#8413);
#6864=AXIS2_PLACEMENT_3D('',#10539,#8414,#8415);
#6865=AXIS2_PLACEMENT_3D('',#10540,#8416,#8417);
#6866=AXIS2_PLACEMENT_3D('',#10541,#8418,#8419);
#6867=AXIS2_PLACEMENT_3D('',#10542,#8420,#8421);
#6868=AXIS2_PLACEMENT_3D('',#10543,#8422,#8423);
#6869=AXIS2_PLACEMENT_3D('',#10544,#8424,#8425);
#6870=AXIS2_PLACEMENT_3D('',#10545,#8426,#8427);
#6871=AXIS2_PLACEMENT_3D('',#10546,#8428,#8429);
#6872=AXIS2_PLACEMENT_3D('',#10547,#8430,#8431);
#6873=AXIS2_PLACEMENT_3D('',#10548,#8432,#8433);
#6874=AXIS2_PLACEMENT_3D('',#10549,#8434,#8435);
#6875=AXIS2_PLACEMENT_3D('',#10550,#8436,#8437);
#6876=AXIS2_PLACEMENT_3D('',#10551,#8438,#8439);
#6877=AXIS2_PLACEMENT_3D('',#10552,#8440,#8441);
#6878=AXIS2_PLACEMENT_3D('',#10553,#8442,#8443);
#6879=AXIS2_PLACEMENT_3D('',#10554,#8444,#8445);
#6880=AXIS2_PLACEMENT_3D('',#10555,#8446,#8447);
#6881=AXIS2_PLACEMENT_3D('',#10556,#8448,#8449);
#6882=AXIS2_PLACEMENT_3D('',#10557,#8450,#8451);
#6883=AXIS2_PLACEMENT_3D('',#10558,#8452,#8453);
#6884=AXIS2_PLACEMENT_3D('',#10559,#8454,#8455);
#6885=AXIS2_PLACEMENT_3D('',#10560,#8456,#8457);
#6886=AXIS2_PLACEMENT_3D('',#10561,#8458,#8459);
#6887=AXIS2_PLACEMENT_3D('',#10562,#8460,#8461);
#6888=AXIS2_PLACEMENT_3D('',#10563,#8462,#8463);
#6889=AXIS2_PLACEMENT_3D('',#10564,#8464,#8465);
#6890=AXIS2_PLACEMENT_3D('',#10565,#8466,#8467);
#6891=AXIS2_PLACEMENT_3D('',#10566,#8468,#8469);
#6892=AXIS2_PLACEMENT_3D('',#10567,#8470,#8471);
#6893=AXIS2_PLACEMENT_3D('',#10568,#8472,#8473);
#6894=AXIS2_PLACEMENT_3D('',#10570,#8475,#8476);
#6895=AXIS2_PLACEMENT_3D('',#10572,#8478,#8479);
#6896=AXIS2_PLACEMENT_3D('',#10574,#8481,#8482);
#6897=AXIS2_PLACEMENT_3D('',#10576,#8484,#8485);
#6898=AXIS2_PLACEMENT_3D('',#10577,#8486,#8487);
#6899=AXIS2_PLACEMENT_3D('',#10578,#8488,#8489);
#6900=AXIS2_PLACEMENT_3D('',#10579,#8490,#8491);
#6901=AXIS2_PLACEMENT_3D('',#10580,#8492,#8493);
#6902=AXIS2_PLACEMENT_3D('',#10582,#8495,#8496);
#6903=AXIS2_PLACEMENT_3D('',#10584,#8498,#8499);
#6904=AXIS2_PLACEMENT_3D('',#10586,#8501,#8502);
#6905=AXIS2_PLACEMENT_3D('',#10588,#8504,#8505);
#6906=AXIS2_PLACEMENT_3D('',#10589,#8506,#8507);
#6907=AXIS2_PLACEMENT_3D('',#10590,#8508,#8509);
#6908=AXIS2_PLACEMENT_3D('',#10593,#8512,#8513);
#6909=AXIS2_PLACEMENT_3D('',#10595,#8515,#8516);
#6910=AXIS2_PLACEMENT_3D('',#10597,#8518,#8519);
#6911=AXIS2_PLACEMENT_3D('',#10598,#8520,#8521);
#6912=AXIS2_PLACEMENT_3D('',#10599,#8522,#8523);
#6913=AXIS2_PLACEMENT_3D('',#10600,#8524,#8525);
#6914=AXIS2_PLACEMENT_3D('',#10604,#8529,#8530);
#6915=AXIS2_PLACEMENT_3D('',#10606,#8532,#8533);
#6916=AXIS2_PLACEMENT_3D('',#10608,#8535,#8536);
#6917=AXIS2_PLACEMENT_3D('',#10609,#8537,#8538);
#6918=AXIS2_PLACEMENT_3D('',#10612,#8541,#8542);
#6919=AXIS2_PLACEMENT_3D('',#10614,#8544,#8545);
#6920=AXIS2_PLACEMENT_3D('',#10617,#8548,#8549);
#6921=AXIS2_PLACEMENT_3D('',#10618,#8550,#8551);
#6922=AXIS2_PLACEMENT_3D('',#10621,#8554,#8555);
#6923=AXIS2_PLACEMENT_3D('',#10623,#8557,#8558);
#6924=AXIS2_PLACEMENT_3D('',#10625,#8560,#8561);
#6925=AXIS2_PLACEMENT_3D('',#10626,#8562,#8563);
#6926=AXIS2_PLACEMENT_3D('',#10629,#8566,#8567);
#6927=AXIS2_PLACEMENT_3D('',#10631,#8569,#8570);
#6928=AXIS2_PLACEMENT_3D('',#10633,#8572,#8573);
#6929=AXIS2_PLACEMENT_3D('',#10634,#8574,#8575);
#6930=AXIS2_PLACEMENT_3D('',#10637,#8578,#8579);
#6931=AXIS2_PLACEMENT_3D('',#10639,#8581,#8582);
#6932=AXIS2_PLACEMENT_3D('',#10641,#8584,#8585);
#6933=AXIS2_PLACEMENT_3D('',#10642,#8586,#8587);
#6934=AXIS2_PLACEMENT_3D('',#10645,#8590,#8591);
#6935=AXIS2_PLACEMENT_3D('',#10647,#8593,#8594);
#6936=AXIS2_PLACEMENT_3D('',#10649,#8596,#8597);
#6937=AXIS2_PLACEMENT_3D('',#10650,#8598,#8599);
#6938=AXIS2_PLACEMENT_3D('',#10653,#8602,#8603);
#6939=AXIS2_PLACEMENT_3D('',#10655,#8605,#8606);
#6940=AXIS2_PLACEMENT_3D('',#10657,#8608,#8609);
#6941=AXIS2_PLACEMENT_3D('',#10658,#8610,#8611);
#6942=AXIS2_PLACEMENT_3D('',#10661,#8614,#8615);
#6943=AXIS2_PLACEMENT_3D('',#10663,#8617,#8618);
#6944=AXIS2_PLACEMENT_3D('',#10665,#8620,#8621);
#6945=AXIS2_PLACEMENT_3D('',#11272,#8622,#8623);
#6946=AXIS2_PLACEMENT_3D('',#11273,#8624,#8625);
#6947=AXIS2_PLACEMENT_3D('',#11348,#8626,#8627);
#6948=AXIS2_PLACEMENT_3D('',#11362,#8628,#8629);
#6949=AXIS2_PLACEMENT_3D('',#11374,#8630,#8631);
#6950=AXIS2_PLACEMENT_3D('',#11377,#8633,#8634);
#6951=AXIS2_PLACEMENT_3D('',#11422,#8637,#8638);
#6952=AXIS2_PLACEMENT_3D('',#11425,#8640,#8641);
#6953=AXIS2_PLACEMENT_3D('',#11464,#8642,#8643);
#6954=DIRECTION('',(0.,0.,1.));
#6955=DIRECTION('',(1.,0.,0.));
#6956=DIRECTION('',(8.87601477067807E-17,0.160639208474253,-0.987013193782518));
#6957=DIRECTION('',(0.,0.987013193782518,0.160639208474253));
#6958=DIRECTION('',(-1.,0.,-8.99280255480947E-17));
#6959=DIRECTION('',(8.87601477067807E-17,0.160639208474253,-0.987013193782518));
#6960=DIRECTION('',(-5.45367707552663E-16,-0.987013193782518,-0.160639208474253));
#6961=DIRECTION('',(0.526699181826312,-0.839012289272208,-0.136551639732747));
#6962=DIRECTION('',(1.,2.38449962333582E-16,1.28736436065069E-16));
#6963=DIRECTION('',(0.460398765582021,0.876183668481536,0.142601387569652));
#6964=DIRECTION('',(8.87601477067807E-17,0.160639208474253,-0.987013193782518));
#6965=DIRECTION('',(5.45367707552663E-16,0.987013193782518,0.160639208474253));
#6966=DIRECTION('',(0.,-1.,0.));
#6967=DIRECTION('',(1.,0.,0.));
#6968=DIRECTION('',(0.,0.,-1.));
#6969=DIRECTION('',(0.,-1.,0.));
#6970=DIRECTION('',(0.,0.,-1.));
#6971=DIRECTION('',(0.,0.,-1.));
#6972=DIRECTION('',(0.,-1.,0.));
#6973=DIRECTION('',(0.,0.,-1.));
#6974=DIRECTION('',(0.,0.,-1.));
#6975=DIRECTION('',(0.,-1.,0.));
#6976=DIRECTION('',(0.,0.,-1.));
#6977=DIRECTION('',(0.,0.,-1.));
#6978=DIRECTION('',(0.,-1.,0.));
#6979=DIRECTION('',(0.,0.,-1.));
#6980=DIRECTION('',(-1.0842021724855E-16,0.,-1.));
#6981=DIRECTION('',(0.,-1.,0.));
#6982=DIRECTION('',(0.,0.,-1.));
#6983=DIRECTION('',(0.,0.,-1.));
#6984=DIRECTION('',(0.,-1.,0.));
#6985=DIRECTION('',(0.,0.,-1.));
#6986=DIRECTION('',(0.,0.,-1.));
#6987=DIRECTION('',(0.,-1.,0.));
#6988=DIRECTION('',(0.,0.,-1.));
#6989=DIRECTION('',(-1.44560289664734E-16,0.,-1.));
#6990=DIRECTION('',(0.,-1.,0.));
#6991=DIRECTION('',(0.,0.,-1.));
#6992=DIRECTION('',(0.,0.,-1.));
#6993=DIRECTION('',(0.,-1.,0.));
#6994=DIRECTION('',(0.,0.,-1.));
#6995=DIRECTION('',(0.,0.,-1.));
#6996=DIRECTION('',(0.,-1.,0.));
#6997=DIRECTION('',(0.,0.,-1.));
#6998=DIRECTION('',(0.,0.,-1.));
#6999=DIRECTION('',(0.,-1.,0.));
#7000=DIRECTION('',(0.,0.,-1.));
#7001=DIRECTION('',(0.,0.,-1.));
#7002=DIRECTION('',(0.,-1.,0.));
#7003=DIRECTION('',(0.,0.,-1.));
#7004=DIRECTION('',(0.,0.,-1.));
#7005=DIRECTION('',(0.,-1.,0.));
#7006=DIRECTION('',(0.,0.,-1.));
#7007=DIRECTION('',(1.12644381556935E-16,0.,-1.));
#7008=DIRECTION('',(-1.,0.,-2.33635237996635E-16));
#7009=DIRECTION('',(-0.955229021712427,0.,-0.295867396105619));
#7010=DIRECTION('',(0.,0.,1.));
#7011=DIRECTION('',(1.,0.,1.12644381556935E-16));
#7012=DIRECTION('',(1.12644381556935E-16,0.,-1.));
#7013=DIRECTION('',(-1.,0.,-1.12644381556935E-16));
#7014=DIRECTION('',(1.12644381556935E-16,0.,-1.));
#7015=DIRECTION('',(1.,0.,1.12644381556935E-16));
#7016=DIRECTION('',(0.,0.,1.));
#7017=DIRECTION('',(-0.967996898165801,0.,0.250962158783726));
#7018=DIRECTION('',(-1.,0.,-2.33635237996635E-16));
#7019=DIRECTION('',(1.12644381556935E-16,0.,-1.));
#7020=DIRECTION('',(0.,-1.,0.));
#7021=DIRECTION('',(0.,0.,-1.));
#7022=DIRECTION('',(0.,0.,-1.));
#7023=DIRECTION('',(0.,-1.,0.));
#7024=DIRECTION('',(0.,0.,-1.));
#7025=DIRECTION('',(0.,0.,-1.));
#7026=DIRECTION('',(-1.,0.,-1.12644381556935E-16));
#7027=DIRECTION('',(1.12644381556935E-16,0.,-1.));
#7028=DIRECTION('',(-1.,0.,-2.33635237996635E-16));
#7029=DIRECTION('',(1.12644381556935E-16,0.,-1.));
#7030=DIRECTION('',(-1.,0.,-1.12644381556935E-16));
#7031=DIRECTION('',(0.,0.,-1.));
#7032=DIRECTION('',(0.,-1.,0.));
#7033=DIRECTION('',(0.,0.,-1.));
#7034=DIRECTION('',(0.,-1.,0.));
#7035=DIRECTION('',(1.,0.,0.));
#7036=DIRECTION('',(0.,0.,1.));
#7037=DIRECTION('',(-1.,0.,-2.33635237996635E-16));
#7038=DIRECTION('',(0.,0.,1.));
#7039=DIRECTION('',(-1.,0.,-1.12644381556935E-16));
#7040=DIRECTION('',(0.,-1.,0.));
#7041=DIRECTION('',(0.,0.,1.));
#7042=DIRECTION('',(0.,0.,-1.));
#7043=DIRECTION('',(0.,-1.,0.));
#7044=DIRECTION('',(0.,0.,1.));
#7045=DIRECTION('',(0.,0.,-1.));
#7046=DIRECTION('',(0.,-1.,0.));
#7047=DIRECTION('',(0.,0.,1.));
#7048=DIRECTION('',(0.,0.,-1.));
#7049=DIRECTION('',(0.,-1.,0.));
#7050=DIRECTION('',(0.,0.,1.));
#7051=DIRECTION('',(0.,0.,-1.));
#7052=DIRECTION('',(0.,-1.,0.));
#7053=DIRECTION('',(0.,0.,1.));
#7054=DIRECTION('',(0.,0.,-1.));
#7055=DIRECTION('',(0.,-1.,0.));
#7056=DIRECTION('',(0.,0.,1.));
#7057=DIRECTION('',(0.,0.,-1.));
#7058=DIRECTION('',(0.,-1.,0.));
#7059=DIRECTION('',(0.,0.,1.));
#7060=DIRECTION('',(0.,0.,-1.));
#7061=DIRECTION('',(0.,-1.,0.));
#7062=DIRECTION('',(0.,0.,1.));
#7063=DIRECTION('',(-1.44560289664734E-16,0.,-1.));
#7064=DIRECTION('',(0.,-1.,0.));
#7065=DIRECTION('',(0.,0.,1.));
#7066=DIRECTION('',(-1.0842021724855E-16,0.,-1.));
#7067=DIRECTION('',(0.,-1.,0.));
#7068=DIRECTION('',(0.,0.,1.));
#7069=DIRECTION('',(0.,0.,-1.));
#7070=DIRECTION('',(0.,-1.,0.));
#7071=DIRECTION('',(0.,0.,1.));
#7072=DIRECTION('',(0.,0.,-1.));
#7073=DIRECTION('',(0.,-1.,0.));
#7074=DIRECTION('',(0.,0.,1.));
#7075=DIRECTION('',(0.,0.,-1.));
#7076=DIRECTION('',(0.,-1.,0.));
#7077=DIRECTION('',(0.,0.,1.));
#7078=DIRECTION('',(0.,0.,-1.));
#7079=DIRECTION('',(0.,-1.,0.));
#7080=DIRECTION('',(0.,0.,1.));
#7081=DIRECTION('',(0.,0.,-1.));
#7082=DIRECTION('',(0.,-1.,0.));
#7083=DIRECTION('',(0.,0.,1.));
#7084=DIRECTION('',(0.,0.,-1.));
#7085=DIRECTION('',(0.,-1.,0.));
#7086=DIRECTION('',(0.,0.,1.));
#7087=DIRECTION('',(0.,0.,-1.));
#7088=DIRECTION('',(0.,1.,0.));
#7089=DIRECTION('',(0.,0.,1.));
#7090=DIRECTION('',(0.,0.,1.));
#7091=DIRECTION('',(0.,1.,0.));
#7092=DIRECTION('',(0.,0.,1.));
#7093=DIRECTION('',(1.12644381556935E-16,0.,-1.));
#7094=DIRECTION('',(0.967996898165801,0.,-0.250962158783726));
#7095=DIRECTION('',(1.12644381556935E-16,0.,-1.));
#7096=DIRECTION('',(1.,0.,1.12644381556935E-16));
#7097=DIRECTION('',(1.,4.62592926927149E-16,1.12644381556935E-16));
#7098=DIRECTION('',(-4.62592926927149E-16,1.,0.));
#7099=DIRECTION('',(0.,1.,0.));
#7100=DIRECTION('',(3.98962898077175E-16,-0.943287640846489,0.331976545295395));
#7101=DIRECTION('',(4.62592926927149E-16,-1.,-9.71018994010455E-17));
#7102=DIRECTION('',(1.12644381556935E-16,0.,-1.));
#7103=DIRECTION('',(1.,0.,1.12644381556935E-16));
#7104=DIRECTION('',(0.,1.,0.));
#7105=DIRECTION('',(4.62592926927149E-16,-1.,5.21084941663213E-32));
#7106=DIRECTION('',(1.,-4.62592926927149E-16,1.12644381556935E-16));
#7107=DIRECTION('',(4.62592926927149E-16,1.,0.));
#7108=DIRECTION('',(0.,1.,0.));
#7109=DIRECTION('',(1.12644381556935E-16,0.,-1.));
#7110=DIRECTION('',(4.62592926927149E-16,1.,1.43280995065931E-16));
#7111=DIRECTION('',(-4.7375348334959E-16,-0.943287640846489,0.331976545295395));
#7112=DIRECTION('',(1.,-4.62592926927149E-16,1.12644381556935E-16));
#7113=DIRECTION('',(4.62592926927149E-16,1.,0.));
#7114=DIRECTION('',(1.,-4.62592926927149E-16,1.12644381556935E-16));
#7115=DIRECTION('',(4.62592926927149E-16,1.,0.));
#7116=DIRECTION('',(1.,0.,0.));
#7117=DIRECTION('',(0.,0.,-1.));
#7118=DIRECTION('',(-1.,-4.62592926927149E-16,1.12644381556935E-16));
#7119=DIRECTION('',(-4.62592926927149E-16,1.,0.));
#7120=DIRECTION('',(1.,4.62592926927149E-16,-1.12644381556935E-16));
#7121=DIRECTION('',(-4.62592926927149E-16,1.,0.));
#7122=DIRECTION('',(1.,0.,0.));
#7123=DIRECTION('',(0.,0.,-1.));
#7124=DIRECTION('',(1.12644381556935E-16,0.,-1.));
#7125=DIRECTION('',(-1.,0.,-1.12644381556935E-16));
#7126=DIRECTION('',(1.12644381556935E-16,0.,-1.));
#7127=DIRECTION('',(-1.,0.,-1.12644381556935E-16));
#7128=DIRECTION('',(1.12644381556935E-16,0.,-1.));
#7129=DIRECTION('',(-1.,0.,-1.12644381556935E-16));
#7130=DIRECTION('',(0.,1.,0.));
#7131=DIRECTION('',(1.12644381556935E-16,0.,-1.));
#7132=DIRECTION('',(-1.,0.,-1.12644381556935E-16));
#7133=DIRECTION('',(-1.,0.,-1.12644381556935E-16));
#7134=DIRECTION('',(1.12644381556935E-16,0.,-1.));
#7135=DIRECTION('',(-1.,0.,-1.12644381556935E-16));
#7136=DIRECTION('',(0.,1.,0.));
#7137=DIRECTION('',(1.12644381556935E-16,0.,-1.));
#7138=DIRECTION('',(-1.,0.,-1.12644381556935E-16));
#7139=DIRECTION('',(0.,1.,0.));
#7140=DIRECTION('',(1.,0.,1.12644381556935E-16));
#7141=DIRECTION('',(0.,1.,0.));
#7142=DIRECTION('',(1.,-3.85494105772624E-16,1.12644381556935E-16));
#7143=DIRECTION('',(1.12644381556935E-16,0.,-1.));
#7144=DIRECTION('',(-1.,0.,-1.12644381556935E-16));
#7145=DIRECTION('',(0.,1.,0.));
#7146=DIRECTION('',(0.,1.,0.));
#7147=DIRECTION('',(1.12644381556935E-16,0.,-1.));
#7148=DIRECTION('',(-1.,0.,-1.12644381556935E-16));
#7149=DIRECTION('',(-1.,1.92747052886312E-16,-1.12644381556935E-16));
#7150=DIRECTION('',(1.12644381556935E-16,0.,-1.));
#7151=DIRECTION('',(-1.,0.,-1.12644381556935E-16));
#7152=DIRECTION('',(0.,-1.,0.));
#7153=DIRECTION('',(1.,0.,0.));
#7154=DIRECTION('',(0.,0.,1.));
#7155=DIRECTION('',(1.,0.,0.));
#7156=DIRECTION('',(0.,0.,-1.));
#7157=DIRECTION('',(-1.,0.,0.));
#7158=DIRECTION('',(0.,-1.,0.));
#7159=DIRECTION('',(0.,0.,-1.));
#7160=DIRECTION('',(-1.,0.,0.));
#7161=DIRECTION('',(0.,-1.,0.));
#7162=DIRECTION('',(0.,0.,-1.));
#7163=DIRECTION('',(-1.,0.,0.));
#7164=DIRECTION('',(0.,0.,-1.));
#7165=DIRECTION('',(-1.,0.,0.));
#7166=DIRECTION('',(0.,0.,1.));
#7167=DIRECTION('',(-1.,0.,-2.11551643411806E-16));
#7168=DIRECTION('',(0.707106781186548,0.,-0.707106781186548));
#7169=DIRECTION('',(0.,-1.,0.));
#7170=DIRECTION('',(0.,0.,-1.));
#7171=DIRECTION('',(0.,0.,1.));
#7172=DIRECTION('',(0.,-1.,0.));
#7173=DIRECTION('',(0.,0.,-1.));
#7174=DIRECTION('',(-1.,0.,-1.28307949406569E-16));
#7175=DIRECTION('',(0.,-1.,0.));
#7176=DIRECTION('',(0.,0.,-1.));
#7177=DIRECTION('',(0.,0.,1.));
#7178=DIRECTION('',(0.,-1.,0.));
#7179=DIRECTION('',(0.,0.,-1.));
#7180=DIRECTION('',(-1.,0.,-1.71956459160883E-16));
#7181=DIRECTION('',(0.,-1.,0.));
#7182=DIRECTION('',(0.,0.,-1.));
#7183=DIRECTION('',(0.,-1.,0.));
#7184=DIRECTION('',(0.,0.,-1.));
#7185=DIRECTION('',(-2.32848788721719E-16,0.,1.));
#7186=DIRECTION('',(0.,-1.,0.));
#7187=DIRECTION('',(0.,0.,-1.));
#7188=DIRECTION('',(-1.,0.,-1.25704599708464E-16));
#7189=DIRECTION('',(0.,-1.,0.));
#7190=DIRECTION('',(0.,0.,-1.));
#7191=DIRECTION('',(-1.74636591541289E-16,0.,1.));
#7192=DIRECTION('',(0.,-1.,0.));
#7193=DIRECTION('',(0.,0.,-1.));
#7194=DIRECTION('',(-1.,0.,-1.25704599708464E-16));
#7195=DIRECTION('',(0.,-1.,0.));
#7196=DIRECTION('',(0.,0.,-1.));
#7197=DIRECTION('',(-1.89189640836397E-16,0.,1.));
#7198=DIRECTION('',(0.,-1.,0.));
#7199=DIRECTION('',(0.,0.,-1.));
#7200=DIRECTION('',(-1.,0.,-1.88556899562696E-16));
#7201=DIRECTION('',(0.,-1.,0.));
#7202=DIRECTION('',(0.,0.,-1.));
#7203=DIRECTION('',(-2.32848788721719E-16,0.,1.));
#7204=DIRECTION('',(0.,-1.,0.));
#7205=DIRECTION('',(0.,0.,-1.));
#7206=DIRECTION('',(-1.,0.,-1.25704599708464E-16));
#7207=DIRECTION('',(0.,-1.,0.));
#7208=DIRECTION('',(0.,0.,-1.));
#7209=DIRECTION('',(0.,0.,1.));
#7210=DIRECTION('',(1.,0.,8.99280255480947E-17));
#7211=DIRECTION('',(0.,0.,1.));
#7212=DIRECTION('',(0.,0.,1.));
#7213=DIRECTION('',(0.,-1.,0.));
#7214=DIRECTION('',(0.,0.,-1.));
#7215=DIRECTION('',(0.,-1.,0.));
#7216=DIRECTION('',(0.,0.,-1.));
#7217=DIRECTION('',(1.,0.,2.31296463463574E-16));
#7218=DIRECTION('',(0.,1.,0.));
#7219=DIRECTION('',(0.,0.,-1.));
#7220=DIRECTION('',(-1.,0.,-4.33680868994202E-16));
#7221=DIRECTION('',(0.,-1.,0.));
#7222=DIRECTION('',(0.,0.,-1.));
#7223=DIRECTION('',(-2.42618667968784E-16,0.,1.));
#7224=DIRECTION('',(0.,-1.,0.));
#7225=DIRECTION('',(0.,0.,-1.));
#7226=DIRECTION('',(-1.,0.,-4.33680868994202E-16));
#7227=DIRECTION('',(0.,-1.,0.));
#7228=DIRECTION('',(0.,0.,-1.));
#7229=DIRECTION('',(0.,0.,1.));
#7230=DIRECTION('',(-1.,0.,-2.11551643411806E-16));
#7231=DIRECTION('',(0.,0.,1.));
#7232=DIRECTION('',(1.,0.,0.));
#7233=DIRECTION('',(0.,0.,-1.));
#7234=DIRECTION('',(-1.,0.,0.));
#7235=DIRECTION('',(0.,-1.,0.));
#7236=DIRECTION('',(0.,0.,-1.));
#7237=DIRECTION('',(-1.,0.,0.));
#7238=DIRECTION('',(0.,-1.,0.));
#7239=DIRECTION('',(0.,0.,-1.));
#7240=DIRECTION('',(-1.,0.,0.));
#7241=DIRECTION('',(0.,0.,-1.));
#7242=DIRECTION('',(-1.,0.,0.));
#7243=DIRECTION('',(0.,-1.,0.));
#7244=DIRECTION('',(1.,0.,0.));
#7245=DIRECTION('',(-1.,0.,0.));
#7246=DIRECTION('',(0.,0.,-1.));
#7247=DIRECTION('',(-1.,0.,0.));
#7248=DIRECTION('',(0.,-1.,0.));
#7249=DIRECTION('',(0.,0.,-1.));
#7250=DIRECTION('',(1.,0.,0.));
#7251=DIRECTION('',(0.,-1.,0.));
#7252=DIRECTION('',(0.,0.,-1.));
#7253=DIRECTION('',(-1.,0.,0.));
#7254=DIRECTION('',(0.,0.,-1.));
#7255=DIRECTION('',(-1.,0.,0.));
#7256=DIRECTION('',(0.,0.,1.));
#7257=DIRECTION('',(-1.,0.,-2.11551643411806E-16));
#7258=DIRECTION('',(0.,0.,1.));
#7259=DIRECTION('',(0.,-1.,0.));
#7260=DIRECTION('',(0.,0.,-1.));
#7261=DIRECTION('',(0.,-1.,0.));
#7262=DIRECTION('',(0.,0.,-1.));
#7263=DIRECTION('',(0.,0.,-1.));
#7264=DIRECTION('',(0.,-1.,0.));
#7265=DIRECTION('',(0.,0.,-1.));
#7266=DIRECTION('',(1.,0.,4.33680868994202E-16));
#7267=DIRECTION('',(0.,-1.,0.));
#7268=DIRECTION('',(0.,0.,-1.));
#7269=DIRECTION('',(2.42618667968784E-16,0.,-1.));
#7270=DIRECTION('',(0.,-1.,0.));
#7271=DIRECTION('',(0.,0.,-1.));
#7272=DIRECTION('',(1.,0.,4.33680868994202E-16));
#7273=DIRECTION('',(0.,-1.,0.));
#7274=DIRECTION('',(0.,0.,-1.));
#7275=DIRECTION('',(-1.,0.,-2.31296463463574E-16));
#7276=DIRECTION('',(1.74636591541289E-16,0.,-1.));
#7277=DIRECTION('',(0.,-1.,0.));
#7278=DIRECTION('',(0.,0.,-1.));
#7279=DIRECTION('',(1.,0.,1.25704599708464E-16));
#7280=DIRECTION('',(0.,-1.,0.));
#7281=DIRECTION('',(0.,0.,-1.));
#7282=DIRECTION('',(2.32848788721719E-16,0.,-1.));
#7283=DIRECTION('',(0.,-1.,0.));
#7284=DIRECTION('',(0.,0.,-1.));
#7285=DIRECTION('',(1.,0.,1.25704599708464E-16));
#7286=DIRECTION('',(0.,-1.,0.));
#7287=DIRECTION('',(0.,0.,-1.));
#7288=DIRECTION('',(2.32848788721719E-16,0.,-1.));
#7289=DIRECTION('',(0.,-1.,0.));
#7290=DIRECTION('',(0.,0.,-1.));
#7291=DIRECTION('',(1.,0.,1.88556899562696E-16));
#7292=DIRECTION('',(0.,-1.,0.));
#7293=DIRECTION('',(0.,0.,-1.));
#7294=DIRECTION('',(1.89189640836397E-16,0.,-1.));
#7295=DIRECTION('',(0.,-1.,0.));
#7296=DIRECTION('',(0.,0.,-1.));
#7297=DIRECTION('',(1.,0.,1.25704599708464E-16));
#7298=DIRECTION('',(0.,-1.,0.));
#7299=DIRECTION('',(0.,0.,-1.));
#7300=DIRECTION('',(0.,0.,1.));
#7301=DIRECTION('',(-1.,0.,-1.12644381556935E-16));
#7302=DIRECTION('',(0.,0.,1.));
#7303=DIRECTION('',(1.,0.,8.99280255480947E-17));
#7304=DIRECTION('',(0.,-1.,0.));
#7305=DIRECTION('',(0.,0.,-1.));
#7306=DIRECTION('',(1.,0.,1.28307949406569E-16));
#7307=DIRECTION('',(0.,-1.,0.));
#7308=DIRECTION('',(0.,0.,-1.));
#7309=DIRECTION('',(0.,0.,-1.));
#7310=DIRECTION('',(0.,-1.,0.));
#7311=DIRECTION('',(0.,0.,-1.));
#7312=DIRECTION('',(-0.707106781186548,0.,0.707106781186548));
#7313=DIRECTION('',(0.,-1.,0.));
#7314=DIRECTION('',(0.,0.,-1.));
#7315=DIRECTION('',(1.,0.,1.71956459160883E-16));
#7316=DIRECTION('',(0.,-1.,0.));
#7317=DIRECTION('',(0.,0.,-1.));
#7318=DIRECTION('',(0.,0.,-1.));
#7319=DIRECTION('',(0.,-1.,0.));
#7320=DIRECTION('',(0.,0.,-1.));
#7321=DIRECTION('',(0.,0.,-1.));
#7322=DIRECTION('',(-1.,0.,0.));
#7323=DIRECTION('',(0.,0.,1.));
#7324=DIRECTION('',(-1.,0.,-2.11551643411806E-16));
#7325=DIRECTION('',(0.,0.,1.));
#7326=DIRECTION('',(-1.,0.,0.));
#7327=DIRECTION('',(0.,0.,-1.));
#7328=DIRECTION('',(-1.,0.,0.));
#7329=DIRECTION('',(0.,-1.,0.));
#7330=DIRECTION('',(0.,0.,-1.));
#7331=DIRECTION('',(1.,0.,0.));
#7332=DIRECTION('',(0.,-1.,0.));
#7333=DIRECTION('',(0.,0.,-1.));
#7334=DIRECTION('',(-1.,0.,0.));
#7335=DIRECTION('',(-1.,0.,0.));
#7336=DIRECTION('',(0.,0.,1.));
#7337=DIRECTION('',(-1.,0.,0.));
#7338=DIRECTION('',(0.,0.,1.));
#7339=DIRECTION('',(0.,1.,-1.25401697058564E-16));
#7340=DIRECTION('',(-1.,0.,0.));
#7341=DIRECTION('',(0.,0.,1.));
#7342=DIRECTION('',(0.,-1.,1.0450141421547E-16));
#7343=DIRECTION('',(-1.,0.,0.));
#7344=DIRECTION('',(0.,0.,1.));
#7345=DIRECTION('',(0.,0.,1.));
#7346=DIRECTION('',(0.,-1.,0.));
#7347=DIRECTION('',(0.,0.,1.));
#7348=DIRECTION('',(0.,1.,0.));
#7349=DIRECTION('',(0.,0.,1.));
#7350=DIRECTION('',(0.,1.,0.));
#7351=DIRECTION('',(0.,0.,1.));
#7352=DIRECTION('',(-1.,0.,0.));
#7353=DIRECTION('',(0.,0.,1.));
#7354=DIRECTION('',(-1.,0.,0.));
#7355=DIRECTION('',(0.,0.,1.));
#7356=DIRECTION('',(0.,0.,1.));
#7357=DIRECTION('',(0.,1.,-2.28296001726596E-17));
#7358=DIRECTION('',(0.,0.,1.));
#7359=DIRECTION('',(0.,0.,1.));
#7360=DIRECTION('',(0.,1.,0.));
#7361=DIRECTION('',(0.,0.,1.));
#7362=DIRECTION('',(0.,1.,0.));
#7363=DIRECTION('',(-1.,0.,0.));
#7364=DIRECTION('',(0.,0.,1.));
#7365=DIRECTION('',(0.,1.,0.));
#7366=DIRECTION('',(1.12644381556935E-16,0.,-1.));
#7367=DIRECTION('',(0.,1.,0.));
#7368=DIRECTION('',(1.12644381556935E-16,0.,-1.));
#7369=DIRECTION('',(0.,1.,0.));
#7370=DIRECTION('',(1.12644381556935E-16,0.,-1.));
#7371=DIRECTION('',(0.,1.,0.));
#7372=DIRECTION('',(1.12644381556935E-16,0.,-1.));
#7373=DIRECTION('',(-1.,0.,0.));
#7374=DIRECTION('',(0.,0.,1.));
#7375=DIRECTION('',(0.,-1.,0.));
#7376=DIRECTION('',(0.,4.34237451386011E-32,-1.));
#7377=DIRECTION('',(0.,0.707106781186545,0.707106781186551));
#7378=DIRECTION('',(0.,-0.987013193782518,-0.160639208474253));
#7379=DIRECTION('',(0.,1.,-2.28296001726596E-17));
#7380=DIRECTION('',(0.250962158783726,2.20989821534999E-17,0.967996898165801));
#7381=DIRECTION('',(0.967996898165801,0.,-0.250962158783726));
#7382=DIRECTION('',(-0.741528644796319,-0.64278760968654,0.192248167169416));
#7383=DIRECTION('',(-5.54600826816537E-18,1.,-2.13917461772093E-17));
#7384=DIRECTION('',(-0.741528644796319,-0.64278760968654,0.192248167169416));
#7385=DIRECTION('',(5.54600826816537E-18,-1.,2.13917461772093E-17));
#7386=DIRECTION('',(-0.526699181826311,0.839012289272209,0.136551639732747));
#7387=DIRECTION('',(-0.74152864479633,-0.642787609686526,0.192248167169419));
#7388=DIRECTION('',(5.54600826816537E-18,-1.,2.13917461772093E-17));
#7389=DIRECTION('',(-0.74152864479632,-0.642787609686539,0.192248167169416));
#7390=DIRECTION('',(-0.526699181826312,0.839012289272208,0.136551639732747));
#7391=DIRECTION('',(-0.741528644796319,-0.64278760968654,0.192248167169416));
#7392=DIRECTION('',(5.54600826816537E-18,-1.,2.13917461772093E-17));
#7393=DIRECTION('',(-0.741528644796319,-0.642787609686539,0.192248167169416));
#7394=DIRECTION('',(-0.526699181826311,0.839012289272209,0.136551639732747));
#7395=DIRECTION('',(-0.741528644796319,-0.64278760968654,0.192248167169416));
#7396=DIRECTION('',(5.54600826816537E-18,-1.,2.13917461772093E-17));
#7397=DIRECTION('',(-0.741528644796319,-0.642787609686539,0.192248167169416));
#7398=DIRECTION('',(-0.526699181826311,0.839012289272209,0.136551639732747));
#7399=DIRECTION('',(-0.741528644796319,-0.642787609686539,0.192248167169416));
#7400=DIRECTION('',(-7.87374716700392E-17,-1.,4.32430187537808E-17));
#7401=DIRECTION('',(-0.741528644796319,-0.64278760968654,0.192248167169416));
#7402=DIRECTION('',(0.78813656172178,0.580593933801711,-0.204331701187128));
#7403=DIRECTION('',(4.62592926927149E-16,-1.,-9.71018994010455E-17));
#7404=DIRECTION('',(0.78813656172178,0.580593933801711,-0.204331701187128));
#7405=DIRECTION('',(-0.526699181826312,0.839012289272208,0.136551639732747));
#7406=DIRECTION('',(0.967996898165801,2.30818823906659E-16,-0.250962158783726));
#7407=DIRECTION('',(-8.80570292374014E-17,1.,-1.3127930608361E-32));
#7408=DIRECTION('',(-0.967996898165801,-1.54074395550979E-33,0.250962158783726));
#7409=DIRECTION('',(-6.55732853505745E-16,1.,1.471752136992E-16));
#7410=DIRECTION('',(-0.741528644796319,-0.64278760968654,0.192248167169416));
#7411=DIRECTION('',(-0.741528644796319,-0.64278760968654,0.192248167169416));
#7412=DIRECTION('',(-5.54600826816537E-18,1.,-2.13917461772093E-17));
#7413=DIRECTION('',(-0.741528644796319,-0.64278760968654,0.192248167169416));
#7414=DIRECTION('',(-0.967996898165801,-8.47409175530384E-33,0.250962158783726));
#7415=DIRECTION('',(-0.526699181826311,0.839012289272209,0.136551639732747));
#7416=DIRECTION('',(-0.741528644796319,-0.64278760968654,0.192248167169416));
#7417=DIRECTION('',(5.54600826816537E-18,-1.,2.13917461772093E-17));
#7418=DIRECTION('',(-0.741528644796319,-0.64278760968654,0.192248167169416));
#7419=DIRECTION('',(-0.741528644796319,-0.64278760968654,0.192248167169416));
#7420=DIRECTION('',(-5.54600826816537E-18,1.,-2.13917461772093E-17));
#7421=DIRECTION('',(-0.741528644796319,-0.64278760968654,0.192248167169416));
#7422=DIRECTION('',(5.54600826816537E-18,-1.,2.13917461772093E-17));
#7423=DIRECTION('',(0.250962158783726,2.20989821534999E-17,0.967996898165801));
#7424=DIRECTION('',(0.967996898165801,0.,-0.250962158783726));
#7425=DIRECTION('',(-0.526699181826312,0.839012289272208,0.136551639732747));
#7426=DIRECTION('',(0.250962158783726,2.20989821534999E-17,0.967996898165801));
#7427=DIRECTION('',(0.967996898165801,8.52389311634998E-17,-0.250962158783726));
#7428=DIRECTION('',(1.54370883617032E-33,1.,-2.28296001726596E-17));
#7429=DIRECTION('',(0.250962158783726,2.20989821534999E-17,0.967996898165801));
#7430=DIRECTION('',(-0.967996898165801,-8.52389311634998E-17,0.250962158783726));
#7431=DIRECTION('',(0.78813656172178,0.580593933801711,-0.204331701187128));
#7432=DIRECTION('',(8.80570292374014E-17,-1.,1.13361481145006E-32));
#7433=DIRECTION('',(0.741528644796319,0.64278760968654,-0.192248167169416));
#7434=DIRECTION('',(0.526699181826311,-0.839012289272209,-0.136551639732747));
#7435=DIRECTION('',(0.741528644796319,0.64278760968654,-0.192248167169416));
#7436=DIRECTION('',(-5.54600826816537E-18,1.,-2.13917461772093E-17));
#7437=DIRECTION('',(5.54600826816537E-18,-1.,2.13917461772093E-17));
#7438=DIRECTION('',(0.741528644796319,0.64278760968654,-0.192248167169416));
#7439=DIRECTION('',(0.967996898165801,8.58717958265861E-33,-0.250962158783726));
#7440=DIRECTION('',(0.741528644796319,0.642787609686539,-0.192248167169416));
#7441=DIRECTION('',(0.74152864479633,0.642787609686526,-0.192248167169419));
#7442=DIRECTION('',(0.526699181826311,-0.839012289272209,-0.136551639732747));
#7443=DIRECTION('',(0.74152864479632,0.642787609686539,-0.192248167169416));
#7444=DIRECTION('',(-5.54600826816537E-18,1.,-2.13917461772093E-17));
#7445=DIRECTION('',(0.741528644796319,0.64278760968654,-0.192248167169416));
#7446=DIRECTION('',(0.526699181826312,-0.839012289272208,-0.136551639732747));
#7447=DIRECTION('',(0.741528644796319,0.642787609686539,-0.192248167169416));
#7448=DIRECTION('',(-5.54600826816537E-18,1.,-2.13917461772093E-17));
#7449=DIRECTION('',(0.741528644796319,0.64278760968654,-0.192248167169416));
#7450=DIRECTION('',(0.526699181826311,-0.839012289272209,-0.136551639732747));
#7451=DIRECTION('',(0.741528644796319,0.642787609686539,-0.192248167169416));
#7452=DIRECTION('',(-5.54600826816537E-18,1.,-2.13917461772093E-17));
#7453=DIRECTION('',(0.741528644796319,0.642787609686539,-0.192248167169416));
#7454=DIRECTION('',(0.526699181826311,-0.839012289272209,-0.136551639732747));
#7455=DIRECTION('',(0.741528644796319,0.64278760968654,-0.192248167169416));
#7456=DIRECTION('',(7.87374716700392E-17,1.,-4.32430187537808E-17));
#7457=DIRECTION('',(6.55732853505745E-16,-1.,-1.471752136992E-16));
#7458=DIRECTION('',(0.967996898165801,6.13369970189901E-34,-0.250962158783726));
#7459=DIRECTION('',(0.741528644796319,0.64278760968654,-0.192248167169416));
#7460=DIRECTION('',(5.54600826816537E-18,-1.,2.13917461772093E-17));
#7461=DIRECTION('',(0.741528644796319,0.64278760968654,-0.192248167169416));
#7462=DIRECTION('',(-5.54600826816537E-18,1.,-2.13917461772093E-17));
#7463=DIRECTION('',(0.741528644796319,0.64278760968654,-0.192248167169416));
#7464=DIRECTION('',(5.54600826816537E-18,-1.,2.13917461772093E-17));
#7465=DIRECTION('',(0.741528644796319,0.64278760968654,-0.192248167169416));
#7466=DIRECTION('',(-5.54600826816537E-18,1.,-2.13917461772093E-17));
#7467=DIRECTION('',(0.741528644796319,0.64278760968654,-0.192248167169416));
#7468=DIRECTION('',(0.295867396105619,0.,-0.955229021712427));
#7469=DIRECTION('',(-0.955229021712427,0.,-0.295867396105619));
#7470=DIRECTION('',(0.,1.,0.));
#7471=DIRECTION('',(-0.731747883988783,0.642787609686539,-0.226647574686791));
#7472=DIRECTION('',(0.,1.,0.));
#7473=DIRECTION('',(-0.731747883988783,0.642787609686539,-0.226647574686791));
#7474=DIRECTION('',(0.,1.,0.));
#7475=DIRECTION('',(-0.731747883988782,0.64278760968654,-0.226647574686791));
#7476=DIRECTION('',(-0.460398765582021,-0.876183668481535,-0.142601387569653));
#7477=DIRECTION('',(-0.731747883988783,0.642787609686539,-0.226647574686791));
#7478=DIRECTION('',(0.,1.,0.));
#7479=DIRECTION('',(-0.46039876558202,-0.876183668481536,-0.142601387569652));
#7480=DIRECTION('',(-0.731747883988784,0.642787609686538,-0.226647574686792));
#7481=DIRECTION('',(0.731176394371323,-0.643499932922372,0.226470564628286));
#7482=DIRECTION('',(0.955229021712427,0.,0.295867396105619));
#7483=DIRECTION('',(4.62592926927149E-16,1.,1.43280995065931E-16));
#7484=DIRECTION('',(0.731176394371323,-0.643499932922372,0.226470564628286));
#7485=DIRECTION('',(0.,1.,0.));
#7486=DIRECTION('',(-0.955229021712427,-2.27774324247272E-16,-0.295867396105619));
#7487=DIRECTION('',(-0.460398765582021,-0.876183668481536,-0.142601387569652));
#7488=DIRECTION('',(0.,-1.,0.));
#7489=DIRECTION('',(-0.731747883988783,0.642787609686539,-0.226647574686791));
#7490=DIRECTION('',(0.,1.,0.));
#7491=DIRECTION('',(-0.955229021712427,0.,-0.295867396105619));
#7492=DIRECTION('',(0.,1.,0.));
#7493=DIRECTION('',(-0.731747883988783,0.642787609686539,-0.226647574686792));
#7494=DIRECTION('',(-0.460398765582021,-0.876183668481535,-0.142601387569653));
#7495=DIRECTION('',(-0.731747883988783,0.642787609686539,-0.226647574686791));
#7496=DIRECTION('',(0.,1.,0.));
#7497=DIRECTION('',(-0.731747883988783,0.642787609686539,-0.226647574686791));
#7498=DIRECTION('',(0.,1.,0.));
#7499=DIRECTION('',(-0.731747883988783,0.642787609686539,-0.226647574686791));
#7500=DIRECTION('',(0.,1.,0.));
#7501=DIRECTION('',(-0.731747883988783,0.642787609686539,-0.226647574686791));
#7502=DIRECTION('',(-0.955229021712427,0.,-0.295867396105619));
#7503=DIRECTION('',(0.,1.,0.));
#7504=DIRECTION('',(-0.731747883988783,0.642787609686539,-0.226647574686791));
#7505=DIRECTION('',(0.,1.,0.));
#7506=DIRECTION('',(-0.731747883988783,0.642787609686539,-0.226647574686791));
#7507=DIRECTION('',(-0.460398765582021,-0.876183668481535,-0.142601387569653));
#7508=DIRECTION('',(-0.731747883988783,0.642787609686539,-0.226647574686791));
#7509=DIRECTION('',(0.295867396105619,0.,-0.955229021712427));
#7510=DIRECTION('',(-0.955229021712427,0.,-0.295867396105619));
#7511=DIRECTION('',(-0.731176394371323,0.643499932922372,-0.226470564628286));
#7512=DIRECTION('',(0.295867396105619,0.,-0.955229021712427));
#7513=DIRECTION('',(-0.955229021712427,0.,-0.295867396105619));
#7514=DIRECTION('',(0.,1.,0.));
#7515=DIRECTION('',(0.295867396105619,0.,-0.955229021712427));
#7516=DIRECTION('',(0.955229021712427,0.,0.295867396105619));
#7517=DIRECTION('',(0.460398765582021,0.876183668481536,0.142601387569652));
#7518=DIRECTION('',(0.,-1.,0.));
#7519=DIRECTION('',(-0.731747883988783,0.642787609686539,-0.226647574686791));
#7520=DIRECTION('',(0.,1.,0.));
#7521=DIRECTION('',(-0.731747883988783,0.642787609686539,-0.226647574686791));
#7522=DIRECTION('',(0.,1.,0.));
#7523=DIRECTION('',(-0.955229021712427,0.,-0.295867396105619));
#7524=DIRECTION('',(0.,1.,0.));
#7525=DIRECTION('',(-0.731747883988783,0.642787609686539,-0.226647574686791));
#7526=DIRECTION('',(-0.955229021712427,0.,-0.295867396105619));
#7527=DIRECTION('',(-0.46039876558202,-0.876183668481536,-0.142601387569652));
#7528=DIRECTION('',(0.,1.,0.));
#7529=DIRECTION('',(-0.731747883988784,0.642787609686538,-0.226647574686792));
#7530=DIRECTION('',(-0.731747883988783,0.642787609686539,-0.226647574686792));
#7531=DIRECTION('',(0.,1.,0.));
#7532=DIRECTION('',(-0.731747883988783,0.642787609686539,-0.226647574686791));
#7533=DIRECTION('',(-0.460398765582021,-0.876183668481535,-0.142601387569653));
#7534=DIRECTION('',(-0.731747883988782,0.64278760968654,-0.226647574686791));
#7535=DIRECTION('',(0.,1.,0.));
#7536=DIRECTION('',(-0.731747883988782,0.642787609686539,-0.226647574686791));
#7537=DIRECTION('',(-0.460398765582021,-0.876183668481535,-0.142601387569653));
#7538=DIRECTION('',(-0.731747883988783,0.642787609686539,-0.226647574686791));
#7539=DIRECTION('',(0.,1.,0.));
#7540=DIRECTION('',(-0.731747883988783,0.642787609686539,-0.226647574686791));
#7541=DIRECTION('',(0.,1.,0.));
#7542=DIRECTION('',(-0.731747883988783,0.642787609686539,-0.226647574686791));
#7543=DIRECTION('',(0.,1.,0.));
#7544=DIRECTION('',(-0.731747883988783,0.642787609686539,-0.226647574686791));
#7545=DIRECTION('',(0.,1.,0.));
#7546=DIRECTION('',(-0.731747883988782,0.642787609686539,-0.226647574686791));
#7547=DIRECTION('',(0.,1.,0.));
#7548=DIRECTION('',(-0.731747883988783,0.642787609686539,-0.226647574686791));
#7549=DIRECTION('',(-0.460398765582021,-0.876183668481535,-0.142601387569653));
#7550=DIRECTION('',(-2.20385232468454E-16,0.331976545295395,0.943287640846489));
#7551=DIRECTION('',(0.,-0.943287640846489,0.331976545295395));
#7552=DIRECTION('',(-4.7375348334959E-16,-0.943287640846489,0.331976545295395));
#7553=DIRECTION('',(3.98962898077175E-16,-0.943287640846489,0.331976545295395));
#7554=DIRECTION('',(-4.03256300707754E-17,0.943287640846489,-0.331976545295395));
#7555=DIRECTION('',(-1.,-2.98062452916977E-16,-1.28736436065069E-16));
#7556=DIRECTION('',(-4.27374772985232E-17,-0.943287640846489,0.331976545295395));
#7557=DIRECTION('',(-2.20385232468454E-16,0.331976545295395,0.943287640846489));
#7558=DIRECTION('',(0.,-0.943287640846489,0.331976545295395));
#7559=DIRECTION('',(-2.20385232468454E-16,0.331976545295395,0.943287640846489));
#7560=DIRECTION('',(0.,-0.943287640846489,0.331976545295395));
#7561=DIRECTION('',(8.87601477067807E-17,0.160639208474253,-0.987013193782518));
#7562=DIRECTION('',(0.,0.987013193782518,0.160639208474253));
#7563=DIRECTION('',(-1.,-2.38449962333582E-16,-1.28736436065069E-16));
#7564=DIRECTION('',(0.,-0.987013193782518,-0.160639208474253));
#7565=DIRECTION('',(-2.20385232468454E-16,0.331976545295395,0.943287640846489));
#7566=DIRECTION('',(0.,-0.943287640846489,0.331976545295395));
#7567=DIRECTION('',(-1.,1.30249854406261E-32,-2.33635237996634E-16));
#7568=DIRECTION('',(-2.20385232468454E-16,0.331976545295395,0.943287640846489));
#7569=DIRECTION('',(-6.26208896256792E-16,0.943287640846489,-0.331976545295395));
#7570=DIRECTION('',(0.731176394371323,-0.643499932922372,0.226470564628286));
#7571=DIRECTION('',(1.,2.98062452916977E-16,1.28736436065069E-16));
#7572=DIRECTION('',(0.78813656172178,0.580593933801711,-0.204331701187128));
#7573=DIRECTION('',(-2.20385232468454E-16,0.331976545295395,0.943287640846489));
#7574=DIRECTION('',(6.26208896256792E-16,-0.943287640846489,0.331976545295395));
#7575=DIRECTION('',(-1.,0.,0.));
#7576=DIRECTION('',(0.,0.,1.));
#7577=DIRECTION('',(-1.,0.,0.));
#7578=DIRECTION('',(0.,0.,1.));
#7579=DIRECTION('',(0.,1.,-1.25401697058564E-16));
#7580=DIRECTION('',(-1.,0.,0.));
#7581=DIRECTION('',(0.,0.,1.));
#7582=DIRECTION('',(0.,1.,-1.0450141421547E-16));
#7583=DIRECTION('',(-1.12644381556935E-16,0.,-1.));
#7584=DIRECTION('',(0.,1.,0.));
#7585=DIRECTION('',(-1.12644381556935E-16,0.,-1.));
#7586=DIRECTION('',(0.,1.,0.));
#7587=DIRECTION('',(-1.12644381556935E-16,0.,-1.));
#7588=DIRECTION('',(0.,1.,0.));
#7589=DIRECTION('',(-1.12644381556935E-16,0.,-1.));
#7590=DIRECTION('',(0.,1.,0.));
#7591=DIRECTION('',(-1.,0.,0.));
#7592=DIRECTION('',(0.,0.,1.));
#7593=DIRECTION('',(0.,-2.17118725693006E-32,1.));
#7594=DIRECTION('',(0.,-1.,0.));
#7595=DIRECTION('',(0.,-0.707106781186545,-0.707106781186551));
#7596=DIRECTION('',(1.,0.,2.32848788721719E-16));
#7597=DIRECTION('',(2.32848788721719E-16,0.,-1.));
#7598=DIRECTION('',(0.,-1.,0.));
#7599=DIRECTION('',(0.,-1.,0.));
#7600=DIRECTION('',(-1.25704599708464E-16,0.,1.));
#7601=DIRECTION('',(1.,0.,1.25704599708464E-16));
#7602=DIRECTION('',(0.,-1.,0.));
#7603=DIRECTION('',(0.,-1.,0.));
#7604=DIRECTION('',(-1.88556899562696E-16,0.,1.));
#7605=DIRECTION('',(1.,0.,1.88556899562696E-16));
#7606=DIRECTION('',(0.,-1.,0.));
#7607=DIRECTION('',(0.,-1.,0.));
#7608=DIRECTION('',(1.,0.,1.89189640836397E-16));
#7609=DIRECTION('',(1.89189640836397E-16,0.,-1.));
#7610=DIRECTION('',(0.,-1.,0.));
#7611=DIRECTION('',(0.,-1.,0.));
#7612=DIRECTION('',(1.,0.,1.74636591541289E-16));
#7613=DIRECTION('',(1.74636591541289E-16,0.,-1.));
#7614=DIRECTION('',(0.,-1.,0.));
#7615=DIRECTION('',(0.,-1.,0.));
#7616=DIRECTION('',(-1.25704599708464E-16,0.,1.));
#7617=DIRECTION('',(1.,0.,1.25704599708464E-16));
#7618=DIRECTION('',(0.,-1.,0.));
#7619=DIRECTION('',(0.,-1.,0.));
#7620=DIRECTION('',(-1.25704599708464E-16,0.,1.));
#7621=DIRECTION('',(1.,0.,1.25704599708464E-16));
#7622=DIRECTION('',(0.,-1.,0.));
#7623=DIRECTION('',(0.,-1.,0.));
#7624=DIRECTION('',(1.,0.,2.32848788721719E-16));
#7625=DIRECTION('',(2.32848788721719E-16,0.,-1.));
#7626=DIRECTION('',(0.,-1.,0.));
#7627=DIRECTION('',(0.,-1.,0.));
#7628=DIRECTION('',(1.,0.,2.42618667968784E-16));
#7629=DIRECTION('',(2.42618667968784E-16,0.,-1.));
#7630=DIRECTION('',(0.,-1.,0.));
#7631=DIRECTION('',(0.,-1.,0.));
#7632=DIRECTION('',(-4.33680868994202E-16,0.,1.));
#7633=DIRECTION('',(1.,0.,4.33680868994202E-16));
#7634=DIRECTION('',(0.,-1.,0.));
#7635=DIRECTION('',(0.,-1.,0.));
#7636=DIRECTION('',(-4.33680868994202E-16,0.,1.));
#7637=DIRECTION('',(1.,0.,4.33680868994202E-16));
#7638=DIRECTION('',(0.,-1.,0.));
#7639=DIRECTION('',(0.,-1.,0.));
#7640=DIRECTION('',(1.,0.,0.));
#7641=DIRECTION('',(0.,0.,-1.));
#7642=DIRECTION('',(0.,1.,0.));
#7643=DIRECTION('',(0.,-1.,0.));
#7644=DIRECTION('',(0.,-1.,0.));
#7645=DIRECTION('',(0.,0.,-1.));
#7646=DIRECTION('',(0.,-1.,0.));
#7647=DIRECTION('',(0.,-1.,0.));
#7648=DIRECTION('',(2.31296463463574E-16,0.,-1.));
#7649=DIRECTION('',(-1.,0.,-2.31296463463574E-16));
#7650=DIRECTION('',(0.,-1.,0.));
#7651=DIRECTION('',(0.,-1.,0.));
#7652=DIRECTION('',(0.,0.,-1.));
#7653=DIRECTION('',(0.,-1.,0.));
#7654=DIRECTION('',(0.,0.,-1.));
#7655=DIRECTION('',(-0.707106781186548,0.,-0.707106781186548));
#7656=DIRECTION('',(-0.707106781186548,0.,0.707106781186548));
#7657=DIRECTION('',(0.,-1.,0.));
#7658=DIRECTION('',(0.,-1.,0.));
#7659=DIRECTION('',(-1.71956459160883E-16,0.,1.));
#7660=DIRECTION('',(1.,0.,1.71956459160883E-16));
#7661=DIRECTION('',(0.,-1.,0.));
#7662=DIRECTION('',(0.,-1.,0.));
#7663=DIRECTION('',(1.,0.,0.));
#7664=DIRECTION('',(0.,0.,-1.));
#7665=DIRECTION('',(0.,-1.,0.));
#7666=DIRECTION('',(0.,-1.,0.));
#7667=DIRECTION('',(1.,0.,0.));
#7668=DIRECTION('',(0.,0.,-1.));
#7669=DIRECTION('',(0.,-1.,0.));
#7670=DIRECTION('',(0.,-1.,0.));
#7671=DIRECTION('',(-1.28307949406569E-16,0.,1.));
#7672=DIRECTION('',(1.,0.,1.28307949406569E-16));
#7673=DIRECTION('',(0.,-1.,0.));
#7674=DIRECTION('',(0.,-1.,0.));
#7675=DIRECTION('',(1.,0.,1.28736436065069E-16));
#7676=DIRECTION('',(1.28736436065069E-16,0.,-1.));
#7677=DIRECTION('',(1.,0.,1.28736436065069E-16));
#7678=DIRECTION('',(2.0680119191289E-17,-0.987013193782518,-0.160639208474253));
#7679=DIRECTION('',(-1.28736436065069E-16,0.,1.));
#7680=DIRECTION('',(-1.28736436065069E-16,0.,1.));
#7681=DIRECTION('',(1.,0.,1.28736436065069E-16));
#7682=DIRECTION('',(-4.27374772985232E-17,-0.943287640846489,0.331976545295395));
#7683=DIRECTION('',(2.98062452916977E-16,-1.,3.83714979133441E-32));
#7684=DIRECTION('',(1.,2.98062452916977E-16,0.));
#7685=DIRECTION('',(-1.28736436065069E-16,0.,1.));
#7686=DIRECTION('',(2.98062452916977E-16,-1.,3.83714979133441E-32));
#7687=DIRECTION('',(0.967996898165801,2.88523529883324E-16,-0.250962158783726));
#7688=DIRECTION('',(2.98062452916977E-16,-1.,3.83714979133441E-32));
#7689=DIRECTION('',(0.955229021712427,2.8471790530909E-16,0.29586739610562));
#7690=DIRECTION('',(-2.38449962333582E-16,1.,-3.06971983306753E-32));
#7691=DIRECTION('',(-1.,-2.38449962333582E-16,0.));
#7692=DIRECTION('',(-2.38449962333582E-16,1.,-3.06971983306753E-32));
#7693=DIRECTION('',(-0.967996898165801,-2.30818823906659E-16,0.250962158783726));
#7694=DIRECTION('',(-1.28736436065069E-16,0.,1.));
#7695=DIRECTION('',(-2.38449962333582E-16,1.,-3.06971983306753E-32));
#7696=DIRECTION('',(-0.955229021712427,-2.27774324247272E-16,-0.295867396105619));
#7697=DIRECTION('',(-1.,-8.80570292374014E-17,-1.28736436065069E-16));
#7698=DIRECTION('',(-1.28736436065069E-16,0.,1.));
#7699=DIRECTION('',(-1.,-8.80570292374014E-17,-1.28736436065069E-16));
#7700=DIRECTION('',(-1.07593568853897E-16,0.987013193782518,0.160639208474253));
#7701=DIRECTION('',(-1.,-8.80570292374014E-17,-1.28736436065069E-16));
#7702=DIRECTION('',(-4.03256300707754E-17,0.943287640846489,-0.331976545295395));
#7703=DIRECTION('',(1.,4.62592926927149E-16,1.12644381556935E-16));
#7704=DIRECTION('',(-4.62592926927149E-16,1.,0.));
#7705=DIRECTION('',(-1.12644381556935E-16,-5.21084941663213E-32,-1.));
#7706=DIRECTION('',(-4.56939417108377E-16,0.866025403784439,-0.5));
#7707=DIRECTION('',(-3.44295035551441E-16,0.866025403784439,0.5));
#7708=DIRECTION('',(1.12644381556935E-16,5.21084941663213E-32,1.));
#7709=DIRECTION('',(4.56939417108377E-16,-0.866025403784439,0.5));
#7710=DIRECTION('',(3.44295035551441E-16,-0.866025403784439,-0.5));
#7711=DIRECTION('',(1.12644381556935E-16,0.,-1.));
#7712=DIRECTION('',(1.,0.,1.12644381556935E-16));
#7713=DIRECTION('',(0.,1.,0.));
#7714=DIRECTION('',(-4.62592926927149E-16,-1.,-5.21084941663213E-32));
#7715=DIRECTION('',(-1.,0.,-1.12644381556935E-16));
#7716=DIRECTION('',(1.,-4.62592926927149E-16,1.12644381556935E-16));
#7717=DIRECTION('',(4.62592926927149E-16,1.,0.));
#7718=DIRECTION('',(4.56939417108377E-16,0.866025403784439,-0.5));
#7719=DIRECTION('',(1.12644381556935E-16,-5.21084941663213E-32,-1.));
#7720=DIRECTION('',(-3.44295035551441E-16,-0.866025403784439,-0.5));
#7721=DIRECTION('',(-4.56939417108377E-16,-0.866025403784439,0.5));
#7722=DIRECTION('',(-1.12644381556935E-16,5.21084941663213E-32,1.));
#7723=DIRECTION('',(3.44295035551441E-16,0.866025403784439,0.5));
#7724=DIRECTION('',(1.12644381556935E-16,0.,-1.));
#7725=DIRECTION('',(0.,-1.,0.));
#7726=DIRECTION('',(0.,0.,-1.));
#7727=DIRECTION('',(0.,-1.,0.));
#7728=DIRECTION('',(0.,0.,-1.));
#7729=DIRECTION('',(0.,0.,-1.));
#7730=DIRECTION('',(-1.33743567441681E-16,-0.5,-0.866025403784439));
#7731=DIRECTION('',(0.,0.866025403784439,-0.5));
#7732=DIRECTION('',(1.,-4.62592926927149E-16,1.12644381556935E-16));
#7733=DIRECTION('',(4.56939417108377E-16,0.866025403784439,-0.5));
#7734=DIRECTION('',(1.,-4.62592926927149E-16,1.12644381556935E-16));
#7735=DIRECTION('',(3.28849359485468E-16,0.5,-0.866025403784439));
#7736=DIRECTION('',(0.,0.866025403784439,0.5));
#7737=DIRECTION('',(1.,-4.62592926927149E-16,1.12644381556935E-16));
#7738=DIRECTION('',(3.44295035551441E-16,0.866025403784439,0.5));
#7739=DIRECTION('',(4.62592926927149E-16,1.,1.06910588403688E-47));
#7740=DIRECTION('',(-1.,4.62592926927149E-16,0.));
#7741=DIRECTION('',(1.,-4.62592926927149E-16,1.12644381556935E-16));
#7742=DIRECTION('',(-1.12644381556935E-16,5.21084941663213E-32,1.));
#7743=DIRECTION('',(1.33743567441681E-16,0.5,0.866025403784439));
#7744=DIRECTION('',(0.,-0.866025403784439,0.5));
#7745=DIRECTION('',(1.,-4.62592926927149E-16,1.12644381556935E-16));
#7746=DIRECTION('',(-4.56939417108377E-16,-0.866025403784439,0.5));
#7747=DIRECTION('',(-3.28849359485468E-16,-0.5,0.866025403784439));
#7748=DIRECTION('',(0.,-0.866025403784439,-0.5));
#7749=DIRECTION('',(1.,-4.62592926927149E-16,1.12644381556935E-16));
#7750=DIRECTION('',(-3.44295035551441E-16,-0.866025403784439,-0.5));
#7751=DIRECTION('',(-4.62592926927149E-16,-1.,-1.06910588403688E-47));
#7752=DIRECTION('',(1.,-4.62592926927149E-16,0.));
#7753=DIRECTION('',(1.12644381556935E-16,-5.21084941663213E-32,-1.));
#7754=DIRECTION('',(1.,-4.62592926927149E-16,1.12644381556935E-16));
#7755=DIRECTION('',(4.62592926927149E-16,1.,5.21084941663213E-32));
#7756=DIRECTION('',(1.33743567441681E-16,-0.5,-0.866025403784439));
#7757=DIRECTION('',(0.,0.866025403784439,-0.5));
#7758=DIRECTION('',(-1.,-4.62592926927149E-16,1.12644381556935E-16));
#7759=DIRECTION('',(-4.56939417108377E-16,0.866025403784439,-0.5));
#7760=DIRECTION('',(-1.,-4.62592926927149E-16,1.12644381556935E-16));
#7761=DIRECTION('',(-3.28849359485468E-16,0.5,-0.866025403784439));
#7762=DIRECTION('',(0.,0.866025403784439,0.5));
#7763=DIRECTION('',(-3.44295035551441E-16,0.866025403784439,0.5));
#7764=DIRECTION('',(-1.,-4.62592926927149E-16,1.12644381556935E-16));
#7765=DIRECTION('',(-4.62592926927149E-16,1.,1.06910588403688E-47));
#7766=DIRECTION('',(1.,4.62592926927149E-16,0.));
#7767=DIRECTION('',(1.12644381556935E-16,5.21084941663213E-32,1.));
#7768=DIRECTION('',(-1.,-4.62592926927149E-16,1.12644381556935E-16));
#7769=DIRECTION('',(-1.33743567441681E-16,0.5,0.866025403784439));
#7770=DIRECTION('',(0.,-0.866025403784439,0.5));
#7771=DIRECTION('',(4.56939417108377E-16,-0.866025403784439,0.5));
#7772=DIRECTION('',(-1.,-4.62592926927149E-16,1.12644381556935E-16));
#7773=DIRECTION('',(3.28849359485468E-16,-0.5,0.866025403784439));
#7774=DIRECTION('',(0.,-0.866025403784439,-0.5));
#7775=DIRECTION('',(3.44295035551441E-16,-0.866025403784439,-0.5));
#7776=DIRECTION('',(-1.,-4.62592926927149E-16,1.12644381556935E-16));
#7777=DIRECTION('',(4.62592926927149E-16,-1.,-1.06910588403688E-47));
#7778=DIRECTION('',(-1.,-4.62592926927149E-16,0.));
#7779=DIRECTION('',(-1.12644381556935E-16,-5.21084941663213E-32,-1.));
#7780=DIRECTION('',(-1.,-4.62592926927149E-16,1.12644381556935E-16));
#7781=DIRECTION('',(-4.62592926927149E-16,1.,5.21084941663213E-32));
#7782=DIRECTION('',(1.,-4.62592926927149E-16,1.12644381556935E-16));
#7783=DIRECTION('',(4.62592926927149E-16,1.,0.));
#7784=DIRECTION('',(-1.,0.,0.));
#7785=DIRECTION('',(0.,0.,1.));
#7786=DIRECTION('',(-1.,-4.62592926927149E-16,1.12644381556935E-16));
#7787=DIRECTION('',(-4.62592926927149E-16,1.,0.));
#7788=DIRECTION('',(-1.,0.,0.));
#7789=DIRECTION('',(0.,0.,1.));
#7790=DIRECTION('',(0.,-1.,0.));
#7791=DIRECTION('',(0.,0.,-1.));
#7792=DIRECTION('',(1.,0.,-1.12644381556935E-16));
#7793=DIRECTION('',(-1.12644381556935E-16,0.,-1.));
#7794=DIRECTION('',(1.,0.,-1.12644381556935E-16));
#7795=DIRECTION('',(0.,-1.,0.));
#7796=DIRECTION('',(0.,0.,-1.));
#7797=DIRECTION('',(1.,0.,-1.12644381556935E-16));
#7798=DIRECTION('',(-1.12644381556935E-16,0.,-1.));
#7799=DIRECTION('',(1.,0.,-1.12644381556935E-16));
#7800=DIRECTION('',(-1.,0.,1.12644381556935E-16));
#7801=DIRECTION('',(-1.12644381556935E-16,0.,-1.));
#7802=DIRECTION('',(0.,-1.,0.));
#7803=DIRECTION('',(-1.12644381556935E-16,0.,-1.));
#7804=DIRECTION('',(0.,-1.,0.));
#7805=DIRECTION('',(-1.12644381556935E-16,0.,-1.));
#7806=DIRECTION('',(-1.12644381556935E-16,0.,-1.));
#7807=DIRECTION('',(-1.,0.,1.12644381556935E-16));
#7808=DIRECTION('',(0.,-1.,0.));
#7809=DIRECTION('',(-1.12644381556935E-16,0.,-1.));
#7810=DIRECTION('',(-1.,0.,1.12644381556935E-16));
#7811=DIRECTION('',(0.,-1.,0.));
#7812=DIRECTION('',(0.,1.,0.));
#7813=DIRECTION('',(0.,0.,1.));
#7814=DIRECTION('',(-1.,0.,1.12644381556935E-16));
#7815=DIRECTION('',(-1.12644381556935E-16,0.,-1.));
#7816=DIRECTION('',(-1.,0.,1.12644381556935E-16));
#7817=DIRECTION('',(1.,0.,-1.12644381556935E-16));
#7818=DIRECTION('',(1.12644381556935E-16,0.,1.));
#7819=DIRECTION('',(0.,1.,0.));
#7820=DIRECTION('',(-1.12644381556935E-16,0.,-1.));
#7821=DIRECTION('',(0.,1.,0.));
#7822=DIRECTION('',(-1.12644381556935E-16,0.,-1.));
#7823=DIRECTION('',(0.,1.,0.));
#7824=DIRECTION('',(0.,0.,1.));
#7825=DIRECTION('',(-1.,0.,1.12644381556935E-16));
#7826=DIRECTION('',(-1.12644381556935E-16,0.,-1.));
#7827=DIRECTION('',(-1.,0.,1.12644381556935E-16));
#7828=DIRECTION('',(-1.12644381556935E-16,0.,-1.));
#7829=DIRECTION('',(-1.,0.,1.12644381556935E-16));
#7830=DIRECTION('',(0.,1.,0.));
#7831=DIRECTION('',(-1.12644381556935E-16,0.,-1.));
#7832=DIRECTION('',(-1.,0.,1.12644381556935E-16));
#7833=DIRECTION('',(0.,1.,0.));
#7834=DIRECTION('',(0.,1.,0.));
#7835=DIRECTION('',(0.,0.,1.));
#7836=DIRECTION('',(1.,0.,1.12644381556935E-16));
#7837=DIRECTION('',(1.12644381556935E-16,0.,-1.));
#7838=DIRECTION('',(1.,0.,1.12644381556935E-16));
#7839=DIRECTION('',(-1.,0.,-1.12644381556935E-16));
#7840=DIRECTION('',(-1.12644381556935E-16,0.,1.));
#7841=DIRECTION('',(0.,1.,0.));
#7842=DIRECTION('',(1.12644381556935E-16,0.,-1.));
#7843=DIRECTION('',(0.,1.,0.));
#7844=DIRECTION('',(1.12644381556935E-16,0.,-1.));
#7845=DIRECTION('',(0.,1.,0.));
#7846=DIRECTION('',(0.,0.,1.));
#7847=DIRECTION('',(1.,0.,1.12644381556935E-16));
#7848=DIRECTION('',(1.12644381556935E-16,0.,-1.));
#7849=DIRECTION('',(1.,0.,1.12644381556935E-16));
#7850=DIRECTION('',(1.12644381556935E-16,0.,-1.));
#7851=DIRECTION('',(1.,0.,1.12644381556935E-16));
#7852=DIRECTION('',(0.,1.,0.));
#7853=DIRECTION('',(1.12644381556935E-16,0.,-1.));
#7854=DIRECTION('',(1.,0.,1.12644381556935E-16));
#7855=DIRECTION('',(0.,1.,0.));
#7856=DIRECTION('',(0.,-1.,0.));
#7857=DIRECTION('',(0.,0.,-1.));
#7858=DIRECTION('',(-1.,0.,-1.12644381556935E-16));
#7859=DIRECTION('',(1.12644381556935E-16,0.,-1.));
#7860=DIRECTION('',(-1.,0.,-1.12644381556935E-16));
#7861=DIRECTION('',(0.,-1.,0.));
#7862=DIRECTION('',(0.,0.,-1.));
#7863=DIRECTION('',(-1.,0.,-1.12644381556935E-16));
#7864=DIRECTION('',(1.12644381556935E-16,0.,-1.));
#7865=DIRECTION('',(-1.,0.,-1.12644381556935E-16));
#7866=DIRECTION('',(1.,0.,1.12644381556935E-16));
#7867=DIRECTION('',(1.12644381556935E-16,0.,-1.));
#7868=DIRECTION('',(0.,-1.,0.));
#7869=DIRECTION('',(1.12644381556935E-16,0.,-1.));
#7870=DIRECTION('',(0.,-1.,0.));
#7871=DIRECTION('',(1.12644381556935E-16,0.,-1.));
#7872=DIRECTION('',(1.12644381556935E-16,0.,-1.));
#7873=DIRECTION('',(1.,0.,1.12644381556935E-16));
#7874=DIRECTION('',(0.,-1.,0.));
#7875=DIRECTION('',(1.12644381556935E-16,0.,-1.));
#7876=DIRECTION('',(1.,0.,1.12644381556935E-16));
#7877=DIRECTION('',(0.,-1.,0.));
#7878=DIRECTION('',(-1.,0.,0.));
#7879=DIRECTION('',(0.,0.,1.));
#7880=DIRECTION('',(-1.,0.,0.));
#7881=DIRECTION('',(-1.,0.,0.));
#7882=DIRECTION('',(0.,0.,1.));
#7883=DIRECTION('',(-1.,0.,0.));
#7884=DIRECTION('',(0.,-1.25401697058564E-16,-1.));
#7885=DIRECTION('',(0.,1.,-1.25401697058564E-16));
#7886=DIRECTION('',(-1.,0.,0.));
#7887=DIRECTION('',(0.,-1.,1.25401697058564E-16));
#7888=DIRECTION('',(0.,-1.0450141421547E-16,-1.));
#7889=DIRECTION('',(0.,1.,-1.0450141421547E-16));
#7890=DIRECTION('',(0.,1.,-1.0450141421547E-16));
#7891=DIRECTION('',(-1.,0.,0.));
#7892=DIRECTION('',(-1.,0.,0.));
#7893=DIRECTION('',(0.,0.,1.));
#7894=DIRECTION('',(-1.,0.,0.));
#7895=DIRECTION('',(0.,0.,1.));
#7896=DIRECTION('',(0.,1.,0.));
#7897=DIRECTION('',(0.,0.,1.));
#7898=DIRECTION('',(-0.295867396105619,0.,0.955229021712427));
#7899=DIRECTION('',(-0.295867396105619,0.,0.955229021712427));
#7900=DIRECTION('',(0.955229021712427,0.,0.295867396105619));
#7901=DIRECTION('',(0.295867396105619,0.,-0.955229021712427));
#7902=DIRECTION('',(-0.295867396105619,0.,0.955229021712427));
#7903=DIRECTION('',(0.614009379569742,0.766044443118978,0.190179896326912));
#7904=DIRECTION('',(-0.780285226905605,0.625423828034132,0.));
#7905=DIRECTION('',(0.614009379569741,0.766044443118979,0.190179896326911));
#7906=DIRECTION('',(-0.780285226905606,0.625423828034131,0.));
#7907=DIRECTION('',(-0.295867396105619,0.,0.955229021712427));
#7908=DIRECTION('',(-0.295867396105619,0.,0.955229021712427));
#7909=DIRECTION('',(-0.836956068484023,0.481977363665803,-0.259234180503901));
#7910=DIRECTION('',(-0.499037202202731,-0.86658056222008,0.));
#7911=DIRECTION('',(-0.295867396105619,0.,0.955229021712427));
#7912=DIRECTION('',(0.955229021712427,0.,0.295867396105619));
#7913=DIRECTION('',(0.295867396105619,0.,-0.955229021712427));
#7914=DIRECTION('',(0.614009379569742,0.766044443118978,0.190179896326912));
#7915=DIRECTION('',(-0.780285226905605,0.625423828034132,0.));
#7916=DIRECTION('',(-0.295867396105619,0.,0.955229021712427));
#7917=DIRECTION('',(-0.295867396105619,0.,0.955229021712427));
#7918=DIRECTION('',(-0.836956068484022,0.481977363665805,-0.259234180503901));
#7919=DIRECTION('',(-0.499037202202732,-0.86658056222008,0.));
#7920=DIRECTION('',(-0.295867396105619,0.,0.955229021712427));
#7921=DIRECTION('',(0.614009379569742,0.766044443118979,0.190179896326911));
#7922=DIRECTION('',(-0.780285226905606,0.625423828034132,0.));
#7923=DIRECTION('',(-0.295867396105619,0.,0.955229021712427));
#7924=DIRECTION('',(0.955229021712427,0.,0.295867396105619));
#7925=DIRECTION('',(0.295867396105619,0.,-0.955229021712427));
#7926=DIRECTION('',(0.614009379569742,0.766044443118978,0.190179896326912));
#7927=DIRECTION('',(-0.780285226905605,0.625423828034132,0.));
#7928=DIRECTION('',(-0.295867396105619,0.,0.955229021712427));
#7929=DIRECTION('',(-0.295867396105619,0.,0.955229021712427));
#7930=DIRECTION('',(-0.836956068484023,0.481977363665805,-0.259234180503901));
#7931=DIRECTION('',(-0.499037202202732,-0.86658056222008,0.));
#7932=DIRECTION('',(-0.295867396105619,0.,0.955229021712427));
#7933=DIRECTION('',(0.614009379569743,0.766044443118978,0.190179896326912));
#7934=DIRECTION('',(-0.780285226905605,0.625423828034133,0.));
#7935=DIRECTION('',(-0.295867396105619,0.,0.955229021712427));
#7936=DIRECTION('',(0.955229021712427,0.,0.295867396105619));
#7937=DIRECTION('',(0.295867396105619,0.,-0.955229021712427));
#7938=DIRECTION('',(0.614009379569742,0.766044443118978,0.190179896326912));
#7939=DIRECTION('',(-0.780285226905605,0.625423828034132,0.));
#7940=DIRECTION('',(-0.295867396105619,0.,0.955229021712427));
#7941=DIRECTION('',(-0.295867396105619,0.,0.955229021712427));
#7942=DIRECTION('',(0.955229021712427,0.,0.295867396105619));
#7943=DIRECTION('',(0.295867396105619,0.,-0.955229021712427));
#7944=DIRECTION('',(-0.295867396105619,0.,0.955229021712427));
#7945=DIRECTION('',(0.614009379569742,0.766044443118978,0.190179896326912));
#7946=DIRECTION('',(-0.780285226905606,0.625423828034132,0.));
#7947=DIRECTION('',(-0.295867396105619,0.,0.955229021712427));
#7948=DIRECTION('',(0.955229021712427,0.,0.295867396105619));
#7949=DIRECTION('',(0.295867396105619,0.,-0.955229021712427));
#7950=DIRECTION('',(0.614009379569742,0.766044443118978,0.190179896326912));
#7951=DIRECTION('',(-0.780285226905606,0.625423828034132,0.));
#7952=DIRECTION('',(-0.295867396105619,0.,0.955229021712427));
#7953=DIRECTION('',(-0.295867396105619,0.,0.955229021712427));
#7954=DIRECTION('',(0.955229021712427,0.,0.295867396105619));
#7955=DIRECTION('',(0.295867396105619,0.,-0.955229021712427));
#7956=DIRECTION('',(-0.295867396105619,0.,0.955229021712427));
#7957=DIRECTION('',(0.614009379569742,0.766044443118978,0.190179896326912));
#7958=DIRECTION('',(-0.780285226905605,0.625423828034132,0.));
#7959=DIRECTION('',(-0.295867396105619,0.,0.955229021712427));
#7960=DIRECTION('',(0.955229021712427,0.,0.295867396105619));
#7961=DIRECTION('',(0.295867396105619,0.,-0.955229021712427));
#7962=DIRECTION('',(0.614009379569742,0.766044443118978,0.190179896326912));
#7963=DIRECTION('',(-0.780285226905606,0.625423828034132,0.));
#7964=DIRECTION('',(-0.295867396105619,0.,0.955229021712427));
#7965=DIRECTION('',(-0.295867396105619,0.,0.955229021712427));
#7966=DIRECTION('',(0.955229021712427,0.,0.295867396105619));
#7967=DIRECTION('',(0.295867396105619,0.,-0.955229021712427));
#7968=DIRECTION('',(-0.295867396105619,0.,0.955229021712427));
#7969=DIRECTION('',(0.955229021712427,0.,0.295867396105619));
#7970=DIRECTION('',(0.295867396105619,0.,-0.955229021712427));
#7971=DIRECTION('',(-0.295867396105619,0.,0.955229021712427));
#7972=DIRECTION('',(0.,1.,0.));
#7973=DIRECTION('',(0.,0.,1.));
#7974=DIRECTION('',(-0.295867396105619,0.,0.955229021712427));
#7975=DIRECTION('',(0.614009379569742,0.766044443118978,0.190179896326912));
#7976=DIRECTION('',(-0.780285226905606,0.625423828034132,0.));
#7977=DIRECTION('',(0.614009379569742,0.766044443118978,0.190179896326912));
#7978=DIRECTION('',(-0.780285226905606,0.625423828034132,0.));
#7979=DIRECTION('',(-0.295867396105619,0.,0.955229021712427));
#7980=DIRECTION('',(-0.295867396105619,0.,0.955229021712427));
#7981=DIRECTION('',(-0.836956068484023,0.481977363665805,-0.259234180503901));
#7982=DIRECTION('',(-0.499037202202732,-0.86658056222008,0.));
#7983=DIRECTION('',(-0.295867396105619,0.,0.955229021712427));
#7984=DIRECTION('',(0.614009379569742,0.766044443118978,0.190179896326912));
#7985=DIRECTION('',(-0.780285226905605,0.625423828034132,0.));
#7986=DIRECTION('',(-0.295867396105619,0.,0.955229021712427));
#7987=DIRECTION('',(0.955229021712427,0.,0.295867396105619));
#7988=DIRECTION('',(0.295867396105619,0.,-0.955229021712427));
#7989=DIRECTION('',(0.62221641235598,-0.766044443118978,-0.161315366166365));
#7990=DIRECTION('',(0.776210542901849,0.630473784615996,0.));
#7991=DIRECTION('',(0.250962158783726,2.20989821534999E-17,0.967996898165801));
#7992=DIRECTION('',(0.250962158783726,2.20989821534999E-17,0.967996898165801));
#7993=DIRECTION('',(-0.967996898165801,-6.71682777568378E-16,0.250962158783726));
#7994=DIRECTION('',(0.250962158783726,0.,0.967996898165801));
#7995=DIRECTION('',(0.250962158783726,2.20989821534999E-17,0.967996898165801));
#7996=DIRECTION('',(5.54600826816537E-18,-1.,2.13917461772093E-17));
#7997=DIRECTION('',(0.,-2.13917461772093E-17,-1.));
#7998=DIRECTION('',(-0.812161293538486,-0.544112468567122,0.21056033536183));
#7999=DIRECTION('',(0.556590752481901,-0.830786816368454,0.));
#8000=DIRECTION('',(0.250962158783726,2.20989821534999E-17,0.967996898165801));
#8001=DIRECTION('',(0.250962158783726,2.20989821534999E-17,0.967996898165801));
#8002=DIRECTION('',(0.62221641235598,-0.766044443118978,-0.161315366166365));
#8003=DIRECTION('',(0.776210542901848,0.630473784615997,0.));
#8004=DIRECTION('',(0.250962158783726,2.20989821534999E-17,0.967996898165801));
#8005=DIRECTION('',(0.967996898165801,-8.70699896847896E-17,-0.250962158783726));
#8006=DIRECTION('',(-0.250962158783726,0.,-0.967996898165801));
#8007=DIRECTION('',(0.250962158783726,2.20989821534999E-17,0.967996898165801));
#8008=DIRECTION('',(0.62221641235598,-0.766044443118978,-0.161315366166365));
#8009=DIRECTION('',(0.776210542901849,0.630473784615996,0.));
#8010=DIRECTION('',(-0.812161293538486,-0.544112468567122,0.21056033536183));
#8011=DIRECTION('',(0.556590752481901,-0.830786816368454,0.));
#8012=DIRECTION('',(0.250962158783726,2.20989821534999E-17,0.967996898165801));
#8013=DIRECTION('',(0.250962158783726,2.20989821534999E-17,0.967996898165801));
#8014=DIRECTION('',(0.62221641235598,-0.766044443118978,-0.161315366166365));
#8015=DIRECTION('',(0.776210542901849,0.630473784615996,0.));
#8016=DIRECTION('',(0.250962158783726,2.20989821534999E-17,0.967996898165801));
#8017=DIRECTION('',(0.967996898165801,-7.51564819706552E-34,-0.250962158783726));
#8018=DIRECTION('',(-0.250962158783726,0.,-0.967996898165801));
#8019=DIRECTION('',(0.250962158783726,2.20989821534999E-17,0.967996898165801));
#8020=DIRECTION('',(0.62221641235598,-0.766044443118978,-0.161315366166365));
#8021=DIRECTION('',(0.776210542901848,0.630473784615997,0.));
#8022=DIRECTION('',(-0.812161293538485,-0.544112468567123,0.210560335361829));
#8023=DIRECTION('',(0.556590752481902,-0.830786816368453,0.));
#8024=DIRECTION('',(0.250962158783726,2.20989821534999E-17,0.967996898165801));
#8025=DIRECTION('',(0.250962158783726,2.20989821534999E-17,0.967996898165801));
#8026=DIRECTION('',(0.62221641235598,-0.766044443118978,-0.161315366166365));
#8027=DIRECTION('',(0.776210542901849,0.630473784615996,0.));
#8028=DIRECTION('',(0.250962158783726,2.20989821534999E-17,0.967996898165801));
#8029=DIRECTION('',(0.967996898165801,-7.51564819706552E-34,-0.250962158783726));
#8030=DIRECTION('',(-0.250962158783726,0.,-0.967996898165801));
#8031=DIRECTION('',(0.250962158783726,2.20989821534999E-17,0.967996898165801));
#8032=DIRECTION('',(0.62221641235598,-0.766044443118978,-0.161315366166365));
#8033=DIRECTION('',(0.776210542901848,0.630473784615996,0.));
#8034=DIRECTION('',(-0.812161293538486,-0.544112468567122,0.21056033536183));
#8035=DIRECTION('',(0.556590752481901,-0.830786816368454,0.));
#8036=DIRECTION('',(0.250962158783726,2.20989821534999E-17,0.967996898165801));
#8037=DIRECTION('',(0.250962158783726,2.20989821534999E-17,0.967996898165801));
#8038=DIRECTION('',(0.622216412355979,-0.766044443118979,-0.161315366166364));
#8039=DIRECTION('',(0.776210542901849,0.630473784615996,0.));
#8040=DIRECTION('',(0.250962158783726,2.20989821534999E-17,0.967996898165801));
#8041=DIRECTION('',(0.967996898165801,-7.51564819706552E-34,-0.250962158783726));
#8042=DIRECTION('',(-0.250962158783726,0.,-0.967996898165801));
#8043=DIRECTION('',(0.250962158783726,2.20989821534999E-17,0.967996898165801));
#8044=DIRECTION('',(0.622216412355967,-0.766044443118989,-0.161315366166361));
#8045=DIRECTION('',(0.776210542901859,0.630473784615983,0.));
#8046=DIRECTION('',(0.967996898165801,0.,-0.250962158783726));
#8047=DIRECTION('',(-0.250962158783726,0.,-0.967996898165801));
#8048=DIRECTION('',(0.250962158783726,2.20989821534999E-17,0.967996898165801));
#8049=DIRECTION('',(0.250962158783726,2.20989821534999E-17,0.967996898165801));
#8050=DIRECTION('',(0.62221641235598,-0.766044443118978,-0.161315366166365));
#8051=DIRECTION('',(0.776210542901848,0.630473784615997,0.));
#8052=DIRECTION('',(0.250962158783726,2.20989821534999E-17,0.967996898165801));
#8053=DIRECTION('',(-0.967996898165801,0.,0.250962158783726));
#8054=DIRECTION('',(0.250962158783726,0.,0.967996898165801));
#8055=DIRECTION('',(0.250962158783726,2.20989821534999E-17,0.967996898165801));
#8056=DIRECTION('',(0.62221641235598,-0.766044443118978,-0.161315366166365));
#8057=DIRECTION('',(0.776210542901848,0.630473784615997,0.));
#8058=DIRECTION('',(5.54600826816538E-18,-1.,2.13917461772093E-17));
#8059=DIRECTION('',(0.,-2.13917461772093E-17,-1.));
#8060=DIRECTION('',(0.250962158783726,2.20989821534999E-17,0.967996898165801));
#8061=DIRECTION('',(0.250962158783726,2.20989821534999E-17,0.967996898165801));
#8062=DIRECTION('',(0.62221641235598,-0.766044443118978,-0.161315366166365));
#8063=DIRECTION('',(0.776210542901849,0.630473784615996,0.));
#8064=DIRECTION('',(0.250962158783726,2.20989821534999E-17,0.967996898165801));
#8065=DIRECTION('',(0.62221641235598,-0.766044443118978,-0.161315366166365));
#8066=DIRECTION('',(0.776210542901848,0.630473784615997,0.));
#8067=DIRECTION('',(0.250962158783726,2.20989821534999E-17,0.967996898165801));
#8068=DIRECTION('',(-0.967996898165801,0.,0.250962158783726));
#8069=DIRECTION('',(0.250962158783726,0.,0.967996898165801));
#8070=DIRECTION('',(-0.812161293538486,-0.544112468567122,0.21056033536183));
#8071=DIRECTION('',(0.556590752481901,-0.830786816368454,0.));
#8072=DIRECTION('',(0.250962158783726,2.20989821534999E-17,0.967996898165801));
#8073=DIRECTION('',(0.250962158783726,2.20989821534999E-17,0.967996898165801));
#8074=DIRECTION('',(0.62221641235598,-0.766044443118978,-0.161315366166365));
#8075=DIRECTION('',(0.776210542901848,0.630473784615997,0.));
#8076=DIRECTION('',(0.250962158783726,2.20989821534999E-17,0.967996898165801));
#8077=DIRECTION('',(0.967996898165801,-7.51564819706552E-34,-0.250962158783726));
#8078=DIRECTION('',(-0.250962158783726,0.,-0.967996898165801));
#8079=DIRECTION('',(0.250962158783726,2.20989821534999E-17,0.967996898165801));
#8080=DIRECTION('',(0.62221641235598,-0.766044443118978,-0.161315366166365));
#8081=DIRECTION('',(0.776210542901848,0.630473784615997,0.));
#8082=DIRECTION('',(0.967996898165801,0.,-0.250962158783726));
#8083=DIRECTION('',(-0.250962158783726,0.,-0.967996898165801));
#8084=DIRECTION('',(0.250962158783726,2.20989821534999E-17,0.967996898165801));
#8085=DIRECTION('',(0.250962158783726,2.20989821534999E-17,0.967996898165801));
#8086=DIRECTION('',(0.62221641235598,-0.766044443118978,-0.161315366166365));
#8087=DIRECTION('',(0.776210542901848,0.630473784615997,0.));
#8088=DIRECTION('',(0.250962158783726,2.20989821534999E-17,0.967996898165801));
#8089=DIRECTION('',(-0.967996898165801,0.,0.250962158783726));
#8090=DIRECTION('',(0.250962158783726,0.,0.967996898165801));
#8091=DIRECTION('',(0.250962158783726,2.20989821534999E-17,0.967996898165801));
#8092=DIRECTION('',(0.62221641235598,-0.766044443118978,-0.161315366166365));
#8093=DIRECTION('',(0.776210542901848,0.630473784615997,0.));
#8094=DIRECTION('',(-1.92747052886312E-16,-1.,-2.17118725693006E-32));
#8095=DIRECTION('',(1.,-1.92747052886312E-16,0.));
#8096=DIRECTION('',(1.12644381556935E-16,2.73691106313441E-48,-1.));
#8097=DIRECTION('',(-1.,1.92747052886312E-16,-1.12644381556935E-16));
#8098=DIRECTION('',(-1.,0.,-1.12644381556935E-16));
#8099=DIRECTION('',(-1.12644381556935E-16,0.,1.));
#8100=DIRECTION('',(0.,1.,0.));
#8101=DIRECTION('',(1.12644381556935E-16,2.73691106313441E-48,-1.));
#8102=DIRECTION('',(1.12644381556935E-16,0.,-1.));
#8103=DIRECTION('',(1.,0.,1.12644381556935E-16));
#8104=DIRECTION('',(1.12644381556935E-16,0.,-1.));
#8105=DIRECTION('',(-1.,0.,-1.12644381556935E-16));
#8106=DIRECTION('',(1.12644381556935E-16,0.,-1.));
#8107=DIRECTION('',(-1.,0.,-1.12644381556935E-16));
#8108=DIRECTION('',(3.85494105772624E-16,1.,4.34237451386011E-32));
#8109=DIRECTION('',(-1.,3.85494105772624E-16,0.));
#8110=DIRECTION('',(1.,-3.85494105772624E-16,1.12644381556935E-16));
#8111=DIRECTION('',(1.12644381556935E-16,5.47382212626882E-48,-1.));
#8112=DIRECTION('',(-1.,0.,-1.12644381556935E-16));
#8113=DIRECTION('',(-1.12644381556935E-16,0.,1.));
#8114=DIRECTION('',(1.12644381556935E-16,5.47382212626882E-48,-1.));
#8115=DIRECTION('',(0.,1.,0.));
#8116=DIRECTION('',(1.12644381556935E-16,0.,-1.));
#8117=DIRECTION('',(1.,0.,1.12644381556935E-16));
#8118=DIRECTION('',(1.12644381556935E-16,0.,-1.));
#8119=DIRECTION('',(-1.,0.,-1.12644381556935E-16));
#8120=DIRECTION('',(1.12644381556935E-16,0.,-1.));
#8121=DIRECTION('',(-1.,0.,-1.12644381556935E-16));
#8122=DIRECTION('',(0.,0.,1.));
#8123=DIRECTION('',(-1.,0.,0.));
#8124=DIRECTION('',(0.,0.,1.));
#8125=DIRECTION('',(1.,0.,0.));
#8126=DIRECTION('',(0.,0.,1.));
#8127=DIRECTION('',(1.,0.,0.));
#8128=DIRECTION('',(1.,0.,0.));
#8129=DIRECTION('',(0.,1.,0.));
#8130=DIRECTION('',(1.,0.,0.));
#8131=DIRECTION('',(0.,-1.,0.));
#8132=DIRECTION('',(0.,0.,-1.));
#8133=DIRECTION('',(0.,0.,1.));
#8134=DIRECTION('',(1.,0.,0.));
#8135=DIRECTION('',(0.,0.,1.));
#8136=DIRECTION('',(-1.,0.,0.));
#8137=DIRECTION('',(0.,0.,1.));
#8138=DIRECTION('',(1.,0.,0.));
#8139=DIRECTION('',(1.,0.,0.));
#8140=DIRECTION('',(0.,0.,1.));
#8141=DIRECTION('',(1.,0.,0.));
#8142=DIRECTION('',(0.,1.,0.));
#8143=DIRECTION('',(0.,-1.,0.));
#8144=DIRECTION('',(0.,0.,-1.));
#8145=DIRECTION('',(0.,0.,1.));
#8146=DIRECTION('',(0.,0.,1.));
#8147=DIRECTION('',(1.,0.,0.));
#8148=DIRECTION('',(0.,-1.,0.));
#8149=DIRECTION('',(0.,0.,1.));
#8150=DIRECTION('',(1.,0.,0.));
#8151=DIRECTION('',(0.,0.,1.));
#8152=DIRECTION('',(1.,0.,0.));
#8153=DIRECTION('',(-1.,0.,0.));
#8154=DIRECTION('',(0.,0.,1.));
#8155=DIRECTION('',(1.,0.,0.));
#8156=DIRECTION('',(-1.,0.,0.));
#8157=DIRECTION('',(0.,1.,0.));
#8158=DIRECTION('',(0.,-1.,0.));
#8159=DIRECTION('',(0.,0.,-1.));
#8160=DIRECTION('',(-1.,0.,0.));
#8161=DIRECTION('',(0.,0.,1.));
#8162=DIRECTION('',(0.,0.,1.));
#8163=DIRECTION('',(1.,0.,0.));
#8164=DIRECTION('',(0.,0.,1.));
#8165=DIRECTION('',(1.,0.,0.));
#8166=DIRECTION('',(0.,0.,1.));
#8167=DIRECTION('',(1.,0.,0.));
#8168=DIRECTION('',(-1.,0.,0.));
#8169=DIRECTION('',(0.,1.,0.));
#8170=DIRECTION('',(0.,-1.,0.));
#8171=DIRECTION('',(0.,0.,-1.));
#8172=DIRECTION('',(0.,0.,-1.));
#8173=DIRECTION('',(0.,0.,1.));
#8174=DIRECTION('',(-1.,0.,0.));
#8175=DIRECTION('',(0.,-1.,0.));
#8176=DIRECTION('',(2.11551643411806E-16,0.,-1.));
#8177=DIRECTION('',(-1.,0.,-2.11551643411806E-16));
#8178=DIRECTION('',(0.,1.,0.));
#8179=DIRECTION('',(1.,0.,2.11551643411806E-16));
#8180=DIRECTION('',(0.,1.,0.));
#8181=DIRECTION('',(-1.,0.,0.));
#8182=DIRECTION('',(0.,0.,1.));
#8183=DIRECTION('',(0.,0.707106781186546,0.70710678118655));
#8184=DIRECTION('',(0.,0.707106781186546,0.707106781186549));
#8185=DIRECTION('',(0.,1.,0.));
#8186=DIRECTION('',(0.,0.,1.));
#8187=DIRECTION('',(1.,0.,0.));
#8188=DIRECTION('',(1.,0.,0.));
#8189=DIRECTION('',(0.,1.,0.));
#8190=DIRECTION('',(1.,0.,0.));
#8191=DIRECTION('',(0.,0.,-1.));
#8192=DIRECTION('',(0.,-0.707106781186545,-0.707106781186551));
#8193=DIRECTION('',(0.,1.,0.));
#8194=DIRECTION('',(0.,-0.707106781186546,-0.707106781186549));
#8195=DIRECTION('',(0.,0.,-1.));
#8196=DIRECTION('',(-1.,0.,0.));
#8197=DIRECTION('',(1.,0.,0.));
#8198=DIRECTION('',(0.,1.,0.));
#8199=DIRECTION('',(0.,1.,0.));
#8200=DIRECTION('',(0.,0.,1.));
#8201=DIRECTION('',(0.,-1.,0.));
#8202=DIRECTION('',(0.,0.,-1.));
#8203=DIRECTION('',(0.,1.,0.));
#8204=DIRECTION('',(0.,0.,-1.));
#8205=DIRECTION('',(-1.,0.,0.));
#8206=DIRECTION('',(-1.,0.,0.));
#8207=DIRECTION('',(0.,1.,0.));
#8208=DIRECTION('',(0.,1.,0.));
#8209=DIRECTION('',(0.,0.,1.));
#8210=DIRECTION('',(0.,-1.,0.));
#8211=DIRECTION('',(0.,0.,-1.));
#8212=DIRECTION('',(0.,1.,0.));
#8213=DIRECTION('',(0.,0.,-1.));
#8214=DIRECTION('',(-1.,0.,0.));
#8215=DIRECTION('',(1.,0.,0.));
#8216=DIRECTION('',(0.,1.,0.));
#8217=DIRECTION('',(1.,0.,0.));
#8218=DIRECTION('',(0.,0.,-1.));
#8219=DIRECTION('',(0.,0.707106781186545,0.707106781186551));
#8220=DIRECTION('',(0.,-0.707106781186546,-0.707106781186549));
#8221=DIRECTION('',(0.,1.,0.));
#8222=DIRECTION('',(-1.,0.,0.));
#8223=DIRECTION('',(0.,0.,1.));
#8224=DIRECTION('',(0.,-0.707106781186546,-0.70710678118655));
#8225=DIRECTION('',(0.,1.,0.));
#8226=DIRECTION('',(0.,0.707106781186546,0.707106781186549));
#8227=DIRECTION('',(0.,0.,-1.));
#8228=DIRECTION('',(-1.,0.,0.));
#8229=DIRECTION('',(1.,0.,0.));
#8230=DIRECTION('',(-1.,0.,0.));
#8231=DIRECTION('',(0.,0.,1.));
#8232=DIRECTION('',(0.,1.,0.));
#8233=DIRECTION('',(0.,0.707106781186547,0.707106781186549));
#8234=DIRECTION('',(0.,0.707106781186546,0.707106781186549));
#8235=DIRECTION('',(0.,1.,0.));
#8236=DIRECTION('',(0.,0.,1.));
#8237=DIRECTION('',(1.,0.,0.));
#8238=DIRECTION('',(1.,0.,0.));
#8239=DIRECTION('',(0.,1.,0.));
#8240=DIRECTION('',(1.,0.,0.));
#8241=DIRECTION('',(0.,0.,-1.));
#8242=DIRECTION('',(0.,-0.707106781186545,-0.707106781186551));
#8243=DIRECTION('',(0.,1.,0.));
#8244=DIRECTION('',(0.,-0.707106781186546,-0.707106781186549));
#8245=DIRECTION('',(0.,0.,-1.));
#8246=DIRECTION('',(-1.,0.,0.));
#8247=DIRECTION('',(1.,0.,0.));
#8248=DIRECTION('',(0.,1.,0.));
#8249=DIRECTION('',(0.,1.,0.));
#8250=DIRECTION('',(0.,0.,1.));
#8251=DIRECTION('',(0.,-1.,0.));
#8252=DIRECTION('',(0.,0.,-1.));
#8253=DIRECTION('',(0.,1.,0.));
#8254=DIRECTION('',(0.,0.,-1.));
#8255=DIRECTION('',(-1.,0.,0.));
#8256=DIRECTION('',(-1.,0.,0.));
#8257=DIRECTION('',(0.,1.,0.));
#8258=DIRECTION('',(0.,1.,0.));
#8259=DIRECTION('',(0.,0.,1.));
#8260=DIRECTION('',(0.,-1.,0.));
#8261=DIRECTION('',(0.,0.,-1.));
#8262=DIRECTION('',(0.,1.,0.));
#8263=DIRECTION('',(0.,0.,-1.));
#8264=DIRECTION('',(-1.,0.,0.));
#8265=DIRECTION('',(1.,0.,0.));
#8266=DIRECTION('',(0.,1.,0.));
#8267=DIRECTION('',(1.,0.,0.));
#8268=DIRECTION('',(0.,0.,-1.));
#8269=DIRECTION('',(0.,0.707106781186545,0.707106781186551));
#8270=DIRECTION('',(0.,-0.707106781186546,-0.707106781186549));
#8271=DIRECTION('',(0.,1.,0.));
#8272=DIRECTION('',(0.,0.,-1.));
#8273=DIRECTION('',(-1.,0.,0.));
#8274=DIRECTION('',(1.,0.,0.));
#8275=DIRECTION('',(0.,1.,0.));
#8276=DIRECTION('',(2.11551643411806E-16,0.,-1.));
#8277=DIRECTION('',(-1.,0.,-2.11551643411806E-16));
#8278=DIRECTION('',(0.,1.,0.));
#8279=DIRECTION('',(1.,0.,2.11551643411806E-16));
#8280=DIRECTION('',(-1.,0.,0.));
#8281=DIRECTION('',(0.,0.,1.));
#8282=DIRECTION('',(0.,-0.707106781186547,-0.707106781186549));
#8283=DIRECTION('',(0.,0.707106781186546,0.707106781186549));
#8284=DIRECTION('',(1.12644381556935E-16,0.,-1.));
#8285=DIRECTION('',(-1.,0.,-1.12644381556935E-16));
#8286=DIRECTION('',(1.12644381556935E-16,0.,-1.));
#8287=DIRECTION('',(-1.,0.,-1.12644381556935E-16));
#8288=DIRECTION('',(1.12644381556935E-16,0.,-1.));
#8289=DIRECTION('',(-1.,0.,-1.12644381556935E-16));
#8290=DIRECTION('',(1.12644381556935E-16,0.,-1.));
#8291=DIRECTION('',(-1.,0.,-1.12644381556935E-16));
#8292=DIRECTION('',(0.,0.,-1.));
#8293=DIRECTION('',(-1.,0.,0.));
#8294=DIRECTION('',(-0.170314285218806,-1.49973699930595E-17,-0.985389793051667));
#8295=DIRECTION('',(0.985389793051667,0.,-0.170314285218806));
#8296=DIRECTION('',(-5.96022052638607E-17,-0.107868805136915,0.994165137629727));
#8297=DIRECTION('',(0.,-0.994165137629727,-0.107868805136915));
#8298=DIRECTION('',(-0.526699181826312,0.839012289272208,0.136551639732747));
#8299=DIRECTION('',(-0.846945668248254,-0.531679447633176,0.));
#8300=DIRECTION('',(0.,0.,1.));
#8301=DIRECTION('',(1.,0.,0.));
#8302=DIRECTION('',(-0.202223475512336,0.,0.979339402838317));
#8303=DIRECTION('',(0.979339402838317,0.,0.202223475512336));
#8304=DIRECTION('',(-5.96022052638607E-17,-0.107868805136915,0.994165137629727));
#8305=DIRECTION('',(0.,0.994165137629727,0.107868805136915));
#8306=DIRECTION('',(-0.460398765582021,-0.876183668481536,-0.142601387569652));
#8307=DIRECTION('',(0.885230547654289,-0.465152531434246,0.));
#8308=DIRECTION('',(0.,0.,1.));
#8309=DIRECTION('',(1.,0.,0.));
#8310=DIRECTION('',(-0.170314285218806,-1.49973699930595E-17,-0.985389793051667));
#8311=DIRECTION('',(-0.985389793051667,0.,0.170314285218806));
#8312=DIRECTION('',(1.51639000608834E-16,-0.22842089277181,-0.973562476549568));
#8313=DIRECTION('',(0.,-0.973562476549568,0.22842089277181));
#8314=DIRECTION('',(0.78813656172178,0.580593933801711,-0.204331701187128));
#8315=DIRECTION('',(-0.593107488179526,0.805123287121528,0.));
#8316=DIRECTION('',(0.,0.,-1.));
#8317=DIRECTION('',(-1.,0.,0.));
#8318=DIRECTION('',(-0.202223475512336,0.,0.979339402838317));
#8319=DIRECTION('',(-0.979339402838317,0.,-0.202223475512336));
#8320=DIRECTION('',(1.51639000608834E-16,-0.22842089277181,-0.973562476549568));
#8321=DIRECTION('',(0.,0.973562476549568,-0.22842089277181));
#8322=DIRECTION('',(0.731176394371323,-0.643499932922372,0.226470564628286));
#8323=DIRECTION('',(0.66066533315345,0.750680569596177,0.));
#8324=DIRECTION('',(0.,-1.,0.));
#8325=DIRECTION('',(0.,0.,-1.));
#8326=DIRECTION('',(0.,1.,0.));
#8327=DIRECTION('',(0.,0.,1.));
#8328=DIRECTION('',(0.,-1.,0.));
#8329=DIRECTION('',(0.,0.,-1.));
#8330=DIRECTION('',(0.,1.,0.));
#8331=DIRECTION('',(0.,0.,1.));
#8332=DIRECTION('',(0.,-1.,0.));
#8333=DIRECTION('',(0.,0.,-1.));
#8334=DIRECTION('',(0.,1.,0.));
#8335=DIRECTION('',(0.,0.,1.));
#8336=DIRECTION('',(0.,-1.,0.));
#8337=DIRECTION('',(0.,0.,-1.));
#8338=DIRECTION('',(0.,1.,0.));
#8339=DIRECTION('',(0.,0.,1.));
#8340=DIRECTION('',(0.,1.,0.));
#8341=DIRECTION('',(0.,0.,1.));
#8342=DIRECTION('',(0.,-1.,0.));
#8343=DIRECTION('',(0.,0.,-1.));
#8344=DIRECTION('',(0.,1.,0.));
#8345=DIRECTION('',(0.,0.,1.));
#8346=DIRECTION('',(0.,-1.,0.));
#8347=DIRECTION('',(0.,0.,-1.));
#8348=DIRECTION('',(0.,1.,0.));
#8349=DIRECTION('',(0.,0.,1.));
#8350=DIRECTION('',(0.,-1.,0.));
#8351=DIRECTION('',(0.,0.,-1.));
#8352=DIRECTION('',(0.,-1.,0.));
#8353=DIRECTION('',(0.,0.,-1.));
#8354=DIRECTION('',(0.,-1.,0.));
#8355=DIRECTION('',(0.,0.,-1.));
#8356=DIRECTION('',(0.,-1.,0.));
#8357=DIRECTION('',(0.,0.,-1.));
#8358=DIRECTION('',(1.,0.,0.));
#8359=DIRECTION('',(0.,0.,-1.));
#8360=DIRECTION('',(-0.865232976112141,-0.47293614344475,0.166443087185181));
#8361=DIRECTION('',(0.479626422219839,-0.87747278881376,0.));
#8362=DIRECTION('',(-0.570819111636717,-0.801814479988344,-0.176802379710488));
#8363=DIRECTION('',(0.814648144749576,-0.579955515756229,0.));
#8364=DIRECTION('',(1.,0.,2.33635237996635E-16));
#8365=DIRECTION('',(2.33635237996635E-16,0.,-1.));
#8366=DIRECTION('',(1.,0.,0.));
#8367=DIRECTION('',(0.,0.,-1.));
#8368=DIRECTION('',(0.,-1.,0.));
#8369=DIRECTION('',(0.,0.,-1.));
#8370=DIRECTION('',(0.903390801947895,-0.404498919563856,0.142357588584564));
#8371=DIRECTION('',(0.40866101166942,0.912686242660273,0.));
#8372=DIRECTION('',(0.,-1.,0.));
#8373=DIRECTION('',(0.,0.,-1.));
#8374=DIRECTION('',(0.,-1.,0.));
#8375=DIRECTION('',(0.,0.,-1.));
#8376=DIRECTION('',(0.643667170949625,-0.746890051301478,-0.166876673949902));
#8377=DIRECTION('',(0.757512054659079,0.652821175396586,0.));
#8378=DIRECTION('',(0.239653949623158,-0.968016541814358,0.0742290994408009));
#8379=DIRECTION('',(0.970694479231167,0.240316932383327,0.));
#8380=DIRECTION('',(0.,-1.,0.));
#8381=DIRECTION('',(0.,0.,-1.));
#8382=DIRECTION('',(0.610939353845722,-0.781396039176411,-0.127174430928504));
#8383=DIRECTION('',(0.787792625509301,0.61594056465958,0.));
#8384=DIRECTION('',(0.,-1.,2.28296001726596E-17));
#8385=DIRECTION('',(0.,-2.28296001726596E-17,-1.));
#8386=DIRECTION('',(0.,-1.,0.));
#8387=DIRECTION('',(0.,0.,-1.));
#8388=DIRECTION('',(1.,0.,0.));
#8389=DIRECTION('',(0.,0.,-1.));
#8390=DIRECTION('',(-0.370800272556105,-0.923723728453727,0.0961334039960285));
#8391=DIRECTION('',(0.928021900183143,-0.372525640433607,0.));
#8392=DIRECTION('',(1.,0.,8.99280255480947E-17));
#8393=DIRECTION('',(8.99280255480947E-17,0.,-1.));
#8394=DIRECTION('',(1.,0.,0.));
#8395=DIRECTION('',(0.,0.,-1.));
#8396=DIRECTION('',(-0.651501451099259,-0.748794981317212,-0.1218685159084));
#8397=DIRECTION('',(0.754418223704214,-0.656394046090441,0.));
#8398=DIRECTION('',(0.,1.,0.));
#8399=DIRECTION('',(0.,0.,1.));
#8400=DIRECTION('',(7.9651606061474E-17,-0.707106781186548,-0.707106781186548));
#8401=DIRECTION('',(7.9651606061474E-17,0.707106781186548,-0.707106781186548));
#8402=DIRECTION('',(-7.9651606061474E-17,-0.707106781186548,0.707106781186548));
#8403=DIRECTION('',(-7.9651606061474E-17,0.707106781186548,0.707106781186548));
#8404=DIRECTION('',(-1.12644381556935E-16,0.,1.));
#8405=DIRECTION('',(1.,0.,1.12644381556935E-16));
#8406=DIRECTION('',(-7.9651606061474E-17,0.707106781186548,0.707106781186548));
#8407=DIRECTION('',(-7.9651606061474E-17,-0.707106781186548,0.707106781186548));
#8408=DIRECTION('',(1.12644381556935E-16,0.,-1.));
#8409=DIRECTION('',(-1.,0.,-1.12644381556935E-16));
#8410=DIRECTION('',(7.9651606061474E-17,0.707106781186548,-0.707106781186548));
#8411=DIRECTION('',(7.9651606061474E-17,-0.707106781186548,-0.707106781186548));
#8412=DIRECTION('',(0.,-1.,0.));
#8413=DIRECTION('',(0.,0.,-1.));
#8414=DIRECTION('',(0.,1.,0.));
#8415=DIRECTION('',(0.,0.,1.));
#8416=DIRECTION('',(-7.9651606061474E-17,-0.707106781186548,0.707106781186548));
#8417=DIRECTION('',(-7.9651606061474E-17,0.707106781186548,0.707106781186548));
#8418=DIRECTION('',(7.9651606061474E-17,-0.707106781186548,-0.707106781186548));
#8419=DIRECTION('',(7.9651606061474E-17,0.707106781186548,-0.707106781186548));
#8420=DIRECTION('',(1.12644381556935E-16,0.,-1.));
#8421=DIRECTION('',(-1.,0.,-1.12644381556935E-16));
#8422=DIRECTION('',(7.9651606061474E-17,0.707106781186548,-0.707106781186548));
#8423=DIRECTION('',(7.9651606061474E-17,-0.707106781186548,-0.707106781186548));
#8424=DIRECTION('',(-1.12644381556935E-16,0.,1.));
#8425=DIRECTION('',(1.,0.,1.12644381556935E-16));
#8426=DIRECTION('',(-7.9651606061474E-17,0.707106781186548,0.707106781186548));
#8427=DIRECTION('',(-7.9651606061474E-17,-0.707106781186548,0.707106781186548));
#8428=DIRECTION('',(0.,-1.,0.));
#8429=DIRECTION('',(0.,0.,-1.));
#8430=DIRECTION('',(0.,1.,0.));
#8431=DIRECTION('',(0.,0.,1.));
#8432=DIRECTION('',(-7.9651606061474E-17,-0.707106781186548,-0.707106781186548));
#8433=DIRECTION('',(-7.9651606061474E-17,0.707106781186548,-0.707106781186548));
#8434=DIRECTION('',(7.9651606061474E-17,-0.707106781186548,0.707106781186548));
#8435=DIRECTION('',(7.9651606061474E-17,0.707106781186548,0.707106781186548));
#8436=DIRECTION('',(1.12644381556935E-16,0.,1.));
#8437=DIRECTION('',(1.,0.,-1.12644381556935E-16));
#8438=DIRECTION('',(7.9651606061474E-17,0.707106781186548,0.707106781186548));
#8439=DIRECTION('',(7.9651606061474E-17,-0.707106781186548,0.707106781186548));
#8440=DIRECTION('',(-1.12644381556935E-16,0.,-1.));
#8441=DIRECTION('',(-1.,0.,1.12644381556935E-16));
#8442=DIRECTION('',(-7.9651606061474E-17,0.707106781186548,-0.707106781186548));
#8443=DIRECTION('',(-7.9651606061474E-17,-0.707106781186548,-0.707106781186548));
#8444=DIRECTION('',(0.,-1.,0.));
#8445=DIRECTION('',(0.,0.,-1.));
#8446=DIRECTION('',(0.,1.,0.));
#8447=DIRECTION('',(0.,0.,1.));
#8448=DIRECTION('',(7.9651606061474E-17,-0.707106781186548,0.707106781186548));
#8449=DIRECTION('',(7.9651606061474E-17,0.707106781186548,0.707106781186548));
#8450=DIRECTION('',(-7.9651606061474E-17,-0.707106781186548,-0.707106781186548));
#8451=DIRECTION('',(-7.9651606061474E-17,0.707106781186548,-0.707106781186548));
#8452=DIRECTION('',(-1.12644381556935E-16,0.,-1.));
#8453=DIRECTION('',(-1.,0.,1.12644381556935E-16));
#8454=DIRECTION('',(-7.9651606061474E-17,0.707106781186548,-0.707106781186548));
#8455=DIRECTION('',(-7.9651606061474E-17,-0.707106781186548,-0.707106781186548));
#8456=DIRECTION('',(1.12644381556935E-16,0.,1.));
#8457=DIRECTION('',(1.,0.,-1.12644381556935E-16));
#8458=DIRECTION('',(7.9651606061474E-17,0.707106781186548,0.707106781186548));
#8459=DIRECTION('',(7.9651606061474E-17,-0.707106781186548,0.707106781186548));
#8460=DIRECTION('',(0.,-1.,0.));
#8461=DIRECTION('',(0.,0.,-1.));
#8462=DIRECTION('',(-1.12644381556935E-16,-2.73691106313441E-48,1.));
#8463=DIRECTION('',(1.,0.,1.12644381556935E-16));
#8464=DIRECTION('',(-1.12644381556935E-16,-5.47382212626882E-48,1.));
#8465=DIRECTION('',(1.,0.,1.12644381556935E-16));
#8466=DIRECTION('',(0.,-0.707106781186549,0.707106781186546));
#8467=DIRECTION('',(1.,0.,0.));
#8468=DIRECTION('',(0.,0.707106781186549,-0.707106781186546));
#8469=DIRECTION('',(1.,0.,0.));
#8470=DIRECTION('',(1.49589601627646E-16,0.70710678118655,-0.707106781186546));
#8471=DIRECTION('',(1.,0.,2.11551643411806E-16));
#8472=DIRECTION('',(0.,0.707106781186551,-0.707106781186545));
#8473=DIRECTION('',(1.,0.,0.));
#8474=DIRECTION('',(0.,-0.707106781186545,-0.707106781186551));
#8475=DIRECTION('',(0.,1.,0.));
#8476=DIRECTION('',(0.,0.,1.));
#8477=DIRECTION('',(0.,-0.707106781186545,0.707106781186551));
#8478=DIRECTION('',(0.,-0.707106781186551,-0.707106781186545));
#8479=DIRECTION('',(-1.,0.,0.));
#8480=DIRECTION('',(0.,-0.707106781186545,0.707106781186551));
#8481=DIRECTION('',(0.,1.,0.));
#8482=DIRECTION('',(0.,0.,1.));
#8483=DIRECTION('',(0.,-0.707106781186545,-0.707106781186551));
#8484=DIRECTION('',(0.,0.707106781186551,-0.707106781186545));
#8485=DIRECTION('',(1.,0.,0.));
#8486=DIRECTION('',(0.,0.707106781186549,-0.707106781186546));
#8487=DIRECTION('',(1.,0.,0.));
#8488=DIRECTION('',(0.,-0.707106781186549,0.707106781186546));
#8489=DIRECTION('',(1.,0.,0.));
#8490=DIRECTION('',(1.49589601627646E-16,0.707106781186549,-0.707106781186546));
#8491=DIRECTION('',(1.,0.,2.11551643411806E-16));
#8492=DIRECTION('',(0.,0.707106781186551,-0.707106781186545));
#8493=DIRECTION('',(1.,0.,0.));
#8494=DIRECTION('',(0.,-0.707106781186545,-0.707106781186551));
#8495=DIRECTION('',(0.,1.,0.));
#8496=DIRECTION('',(0.,0.,1.));
#8497=DIRECTION('',(0.,-0.707106781186545,0.707106781186551));
#8498=DIRECTION('',(0.,-0.707106781186551,-0.707106781186545));
#8499=DIRECTION('',(-1.,0.,0.));
#8500=DIRECTION('',(0.,-0.707106781186545,0.707106781186551));
#8501=DIRECTION('',(0.,1.,0.));
#8502=DIRECTION('',(0.,0.,1.));
#8503=DIRECTION('',(0.,-0.707106781186545,-0.707106781186551));
#8504=DIRECTION('',(0.,0.707106781186551,-0.707106781186545));
#8505=DIRECTION('',(1.,0.,0.));
#8506=DIRECTION('',(7.96516060614736E-17,0.707106781186551,-0.707106781186545));
#8507=DIRECTION('',(1.,0.,1.12644381556935E-16));
#8508=DIRECTION('',(0.70710678118655,7.38936586353431E-17,0.707106781186545));
#8509=DIRECTION('',(0.,-1.,1.0450141421547E-16));
#8510=DIRECTION('',(0.707106781186545,0.,-0.70710678118655));
#8511=DIRECTION('',(-0.707106781186545,0.,0.70710678118655));
#8512=DIRECTION('',(-1.,0.,0.));
#8513=DIRECTION('',(0.,0.,1.));
#8514=DIRECTION('',(-0.707106781186558,0.,-0.707106781186538));
#8515=DIRECTION('',(-1.,0.,0.));
#8516=DIRECTION('',(0.,0.,1.));
#8517=DIRECTION('',(0.707106781186558,0.,0.707106781186538));
#8518=DIRECTION('',(-0.70710678118655,8.86723903624117E-17,0.707106781186545));
#8519=DIRECTION('',(0.,1.,-1.25401697058564E-16));
#8520=DIRECTION('',(-1.,0.,0.));
#8521=DIRECTION('',(0.,0.,1.));
#8522=DIRECTION('',(1.,0.,0.));
#8523=DIRECTION('',(0.,0.,-1.));
#8524=DIRECTION('',(1.,0.,0.));
#8525=DIRECTION('',(0.,0.,-1.));
#8526=DIRECTION('',(0.,1.,0.));
#8527=DIRECTION('',(0.,1.,0.));
#8528=DIRECTION('',(0.,1.,0.));
#8529=DIRECTION('',(0.,1.,0.));
#8530=DIRECTION('',(0.,0.,1.));
#8531=DIRECTION('',(0.,1.,0.));
#8532=DIRECTION('',(0.,1.,0.));
#8533=DIRECTION('',(0.,0.,1.));
#8534=DIRECTION('',(0.,1.,0.));
#8535=DIRECTION('',(1.,0.,0.));
#8536=DIRECTION('',(0.,0.,-1.));
#8537=DIRECTION('',(0.,1.,0.));
#8538=DIRECTION('',(0.,0.,1.));
#8539=DIRECTION('',(0.,1.,0.));
#8540=DIRECTION('',(0.,1.,0.));
#8541=DIRECTION('',(1.,0.,0.));
#8542=DIRECTION('',(0.,0.,-1.));
#8543=DIRECTION('',(0.,1.,0.));
#8544=DIRECTION('',(1.,0.,0.));
#8545=DIRECTION('',(0.,0.,-1.));
#8546=DIRECTION('',(0.,1.,0.));
#8547=DIRECTION('',(0.,1.,0.));
#8548=DIRECTION('',(0.,1.,0.));
#8549=DIRECTION('',(0.,0.,1.));
#8550=DIRECTION('',(1.,0.,0.));
#8551=DIRECTION('',(0.,0.,-1.));
#8552=DIRECTION('',(0.,1.,0.));
#8553=DIRECTION('',(0.,1.,0.));
#8554=DIRECTION('',(0.,1.,0.));
#8555=DIRECTION('',(0.,0.,1.));
#8556=DIRECTION('',(0.,1.,0.));
#8557=DIRECTION('',(0.,1.,0.));
#8558=DIRECTION('',(0.,0.,1.));
#8559=DIRECTION('',(0.,1.,0.));
#8560=DIRECTION('',(1.,0.,0.));
#8561=DIRECTION('',(0.,0.,-1.));
#8562=DIRECTION('',(1.,0.,0.));
#8563=DIRECTION('',(0.,0.,-1.));
#8564=DIRECTION('',(0.,1.,0.));
#8565=DIRECTION('',(0.,1.,0.));
#8566=DIRECTION('',(0.,1.,0.));
#8567=DIRECTION('',(0.,0.,1.));
#8568=DIRECTION('',(0.,1.,0.));
#8569=DIRECTION('',(0.,1.,0.));
#8570=DIRECTION('',(0.,0.,1.));
#8571=DIRECTION('',(0.,1.,0.));
#8572=DIRECTION('',(1.,0.,0.));
#8573=DIRECTION('',(0.,0.,-1.));
#8574=DIRECTION('',(1.,0.,-1.44560289664734E-16));
#8575=DIRECTION('',(-1.44560289664734E-16,0.,-1.));
#8576=DIRECTION('',(0.,1.,0.));
#8577=DIRECTION('',(0.,1.,0.));
#8578=DIRECTION('',(0.,1.,0.));
#8579=DIRECTION('',(0.,0.,1.));
#8580=DIRECTION('',(0.,1.,0.));
#8581=DIRECTION('',(0.,1.,0.));
#8582=DIRECTION('',(0.,0.,1.));
#8583=DIRECTION('',(0.,1.,0.));
#8584=DIRECTION('',(1.,0.,0.));
#8585=DIRECTION('',(0.,0.,-1.));
#8586=DIRECTION('',(1.,0.,0.));
#8587=DIRECTION('',(0.,0.,-1.));
#8588=DIRECTION('',(0.,1.,0.));
#8589=DIRECTION('',(0.,1.,0.));
#8590=DIRECTION('',(0.,1.,0.));
#8591=DIRECTION('',(0.,0.,1.));
#8592=DIRECTION('',(0.,1.,0.));
#8593=DIRECTION('',(0.,1.,0.));
#8594=DIRECTION('',(0.,0.,1.));
#8595=DIRECTION('',(0.,1.,0.));
#8596=DIRECTION('',(1.,0.,-1.0842021724855E-16));
#8597=DIRECTION('',(-1.0842021724855E-16,0.,-1.));
#8598=DIRECTION('',(1.,0.,0.));
#8599=DIRECTION('',(0.,0.,-1.));
#8600=DIRECTION('',(0.,1.,0.));
#8601=DIRECTION('',(0.,1.,0.));
#8602=DIRECTION('',(0.,1.,0.));
#8603=DIRECTION('',(0.,0.,1.));
#8604=DIRECTION('',(0.,1.,0.));
#8605=DIRECTION('',(0.,1.,0.));
#8606=DIRECTION('',(0.,0.,1.));
#8607=DIRECTION('',(0.,1.,0.));
#8608=DIRECTION('',(1.,0.,0.));
#8609=DIRECTION('',(0.,0.,-1.));
#8610=DIRECTION('',(1.,0.,0.));
#8611=DIRECTION('',(0.,0.,-1.));
#8612=DIRECTION('',(0.,1.,0.));
#8613=DIRECTION('',(0.,1.,0.));
#8614=DIRECTION('',(0.,1.,0.));
#8615=DIRECTION('',(0.,0.,1.));
#8616=DIRECTION('',(0.,1.,0.));
#8617=DIRECTION('',(0.,1.,0.));
#8618=DIRECTION('',(0.,0.,1.));
#8619=DIRECTION('',(0.,1.,0.));
#8620=DIRECTION('',(1.,0.,0.));
#8621=DIRECTION('',(0.,0.,-1.));
#8622=DIRECTION('',(-8.87601477067807E-17,-0.160639208474253,0.987013193782518));
#8623=DIRECTION('',(1.,-1.4258359871675E-17,8.76074368686777E-17));
#8624=DIRECTION('',(8.87601477067807E-17,0.160639208474253,-0.987013193782518));
#8625=DIRECTION('',(0.,0.987013193782518,0.160639208474253));
#8626=DIRECTION('',(-8.87601477067807E-17,-0.160639208474253,0.987013193782518));
#8627=DIRECTION('',(0.,-0.987013193782518,-0.160639208474253));
#8628=DIRECTION('',(-8.87601477067807E-17,-0.160639208474253,0.987013193782518));
#8629=DIRECTION('',(0.,-0.987013193782518,-0.160639208474253));
#8630=DIRECTION('',(-8.87601477067808E-17,-0.160639208474253,0.987013193782518));
#8631=DIRECTION('',(0.,-0.987013193782518,-0.160639208474253));
#8632=DIRECTION('',(-8.87601477067808E-17,-0.160639208474253,0.987013193782518));
#8633=DIRECTION('',(-8.87601477067807E-17,-0.160639208474253,0.987013193782518));
#8634=DIRECTION('',(0.,-0.987013193782518,-0.160639208474253));
#8635=DIRECTION('',(-8.87601477067808E-17,-0.160639208474253,0.987013193782518));
#8636=DIRECTION('',(-8.87601477067808E-17,-0.160639208474253,0.987013193782518));
#8637=DIRECTION('',(-8.87601477067808E-17,-0.160639208474253,0.987013193782518));
#8638=DIRECTION('',(0.,-0.987013193782518,-0.160639208474253));
#8639=DIRECTION('',(-8.87601477067808E-17,-0.160639208474253,0.987013193782518));
#8640=DIRECTION('',(-8.87601477067807E-17,-0.160639208474253,0.987013193782518));
#8641=DIRECTION('',(0.,-0.987013193782518,-0.160639208474253));
#8642=DIRECTION('',(-8.87601477067807E-17,-0.160639208474253,0.987013193782518));
#8643=DIRECTION('',(1.,-1.4258359871675E-17,8.76074368686777E-17));
#8644=CARTESIAN_POINT('',(0.,0.,0.));
#8645=CARTESIAN_POINT('',(-2.67505947579394E-18,-0.00484135558485852,0.0297466719578236));
#8646=CARTESIAN_POINT('',(-0.00328391943573257,-0.0690908867333592,0.0192898777695068));
#8647=CARTESIAN_POINT('',(-0.00271744193684463,-0.0690643203207769,0.0192942015288203));
#8648=CARTESIAN_POINT('',(-0.00206985919614352,-0.0690574368501355,0.0192953218332726));
#8649=CARTESIAN_POINT('',(-0.0012929990512447,-0.0690729042956736,0.0192928044624572));
#8650=CARTESIAN_POINT('',(-0.000346874208933945,-0.0691368475721359,0.0192823975120914));
#8651=CARTESIAN_POINT('',(0.000729131654938529,-0.0692870581777948,0.0192579503081943));
#8652=CARTESIAN_POINT('',(0.00209765256972108,-0.0695836839722852,0.0192096736152989));
#8653=CARTESIAN_POINT('',(0.0034957168460132,-0.070079716152776,0.0191289429651376));
#8654=CARTESIAN_POINT('',(0.00487598665313854,-0.0707810741064787,0.0190147949605824));
#8655=CARTESIAN_POINT('',(0.00587260721532323,-0.0713881348718847,0.0189159940919974));
#8656=CARTESIAN_POINT('',(0.00694018287354619,-0.0721559416016419,0.0187910313598816));
#8657=CARTESIAN_POINT('',(0.00785088043284009,-0.0729425188764188,0.0186630136681021));
#8658=CARTESIAN_POINT('',(0.0086303181834445,-0.0737610559704566,0.0185297944247106));
#8659=CARTESIAN_POINT('',(0.00911438547450409,-0.0744013547444733,0.0184255839755566));
#8660=CARTESIAN_POINT('',(0.00939040449022075,-0.0748308856468901,0.0183556765978091));
#8661=CARTESIAN_POINT('',(0.00959781902587647,-0.0751750121627162,0.0182996690272259));
#8662=CARTESIAN_POINT('',(0.00991740599744322,-0.0757612688533997,0.0182042540810557));
#8663=CARTESIAN_POINT('',(0.0104574648147825,-0.0769917410178001,0.0180039912316996));
#8664=CARTESIAN_POINT('',(0.0108166842561892,-0.0784611338723489,0.017764843359534));
#8665=CARTESIAN_POINT('',(0.0109271659178537,-0.0800624675236677,0.0175042217469037));
#8666=CARTESIAN_POINT('',(0.0108358778177805,-0.0815969695531577,0.0172544771710741));
#8667=CARTESIAN_POINT('',(0.0103632293350617,-0.0834491667046443,0.0169530268092883));
#8668=CARTESIAN_POINT('',(0.00932281195716334,-0.0852086758070084,0.016666661691489));
#8669=CARTESIAN_POINT('',(0.00827158654644502,-0.0862932099331093,0.0164901506735233));
#8670=CARTESIAN_POINT('',(0.00730972848765482,-0.087051179735948,0.0163667889292807));
#8671=CARTESIAN_POINT('',(0.00633641775743689,-0.0876511081846529,0.0162691488655529));
#8672=CARTESIAN_POINT('',(0.00525473042400084,-0.0881698537490255,0.0161847215474732));
#8673=CARTESIAN_POINT('',(0.00424253530383305,-0.0885359474417368,0.0161251387562856));
#8674=CARTESIAN_POINT('',(0.00308573463630112,-0.0888498331506909,0.0160740529631519));
#8675=CARTESIAN_POINT('',(0.00182579883173518,-0.0891093409879727,0.0160318173235106));
#8676=CARTESIAN_POINT('',(0.000672371620852901,-0.0893056856519554,0.0159998616702235));
#8677=CARTESIAN_POINT('',(-0.000430378185708732,-0.089442258180631,0.0159776341021991));
#8678=CARTESIAN_POINT('',(-0.00121662396912258,-0.0894997432205129,0.0159682782482309));
#8679=CARTESIAN_POINT('',(-0.00171952462321509,-0.0895193165750956,0.0159650926290242));
#8680=CARTESIAN_POINT('',(-0.00211787838195765,-0.0895288157236279,0.0159635466155454));
#8681=CARTESIAN_POINT('',(-0.00278722720380682,-0.0895289150937811,0.0159635304427699));
#8682=CARTESIAN_POINT('',(-0.00414543061145285,-0.0894672043087366,0.015973574048799));
#8683=CARTESIAN_POINT('',(-0.00561311999963513,-0.0892641900106048,0.0160066152040402));
#8684=CARTESIAN_POINT('',(-0.00690188670928126,-0.08897364243462,0.016053902649562));
#8685=CARTESIAN_POINT('',(-0.00754591127562942,-0.0888077610350363,0.0160809003198035));
#8686=CARTESIAN_POINT('',(-0.0080477546894741,-0.0886672208505346,0.0161037736351141));
#8687=CARTESIAN_POINT('',(-0.00869864824848352,-0.08846280160955,0.0161370434488061));
#8688=CARTESIAN_POINT('',(-0.00935633074593085,-0.0882208482287279,0.0161764220506604));
#8689=CARTESIAN_POINT('',(-0.00998697394293281,-0.0879524483006427,0.0162201049034062));
#8690=CARTESIAN_POINT('',(-0.0106890410978606,-0.0876110266408497,0.0162756722509661));
#8691=CARTESIAN_POINT('',(-0.0116193540979532,-0.0870603265794556,0.0163653002544481));
#8692=CARTESIAN_POINT('',(-0.0125086811904508,-0.0863676945537118,0.016478028089375));
#8693=CARTESIAN_POINT('',(-0.0132850071239009,-0.0855744896108244,0.0166071244530163));
#8694=CARTESIAN_POINT('',(-0.0139891150084269,-0.0846058356193145,0.0167647756490304));
#8695=CARTESIAN_POINT('',(-0.0145673716793117,-0.0835651891778502,0.0169341438213218));
#8696=CARTESIAN_POINT('',(-0.0150034276676124,-0.0825156483054573,0.0171049595875796));
#8697=CARTESIAN_POINT('',(-0.0152810340104888,-0.0814488079867798,0.0172785908879921));
#8698=CARTESIAN_POINT('',(-0.0153647378749657,-0.080250369064907,0.0174736402358905));
#8699=CARTESIAN_POINT('',(-0.0152915271560918,-0.0790841001579393,0.0176634538222373));
#8700=CARTESIAN_POINT('',(-0.0151100981934475,-0.0779400848493697,0.0178496455720626));
#8701=CARTESIAN_POINT('',(-0.0148157971096063,-0.0769142369063779,0.0180166052465788));
#8702=CARTESIAN_POINT('',(-0.0141361234470861,-0.0754421798838484,0.0182561867196713));
#8703=CARTESIAN_POINT('',(-0.0132805277934338,-0.0741540009095133,0.0184658415167033));
#8704=CARTESIAN_POINT('',(-0.0123056651351475,-0.0730348326924136,0.018647989331623));
#8705=CARTESIAN_POINT('',(-0.0114617964631307,-0.0722392798508444,0.018777467822462));
#8706=CARTESIAN_POINT('',(-0.0105946629154262,-0.0715723427066139,0.0188860137422391));
#8707=CARTESIAN_POINT('',(-0.00952279012049338,-0.0709114006536513,0.0189935839438373));
#8708=CARTESIAN_POINT('',(-0.00836866053113166,-0.0703215469887142,0.0190895843078122));
#8709=CARTESIAN_POINT('',(-0.0073500926975673,-0.0699059224193286,0.0191572283902511));
#8710=CARTESIAN_POINT('',(-0.00634253660767139,-0.0696008758670658,0.0192068755854578));
#8711=CARTESIAN_POINT('',(-0.00509589416574048,-0.069317640630445,0.0192529729269213));
#8712=CARTESIAN_POINT('',(-0.00410506835714618,-0.0691636996588742,0.0192780272584953));
#8713=CARTESIAN_POINT('',(-0.00328391943573257,-0.0690908867333592,0.0192898777695068));
#8714=CARTESIAN_POINT('',(-0.00271744193684463,-0.0690643203207769,0.0192942015288203));
#8715=CARTESIAN_POINT('',(-0.00206985919614352,-0.0690574368501355,0.0192953218332726));
#8716=CARTESIAN_POINT('',(-0.00267964759113993,-0.0690669489976438,0.0192937737041733));
#8717=CARTESIAN_POINT('',(-1.26093555477554E-18,-0.101460639208474,0.0140216083594671));
#8718=CARTESIAN_POINT('',(-0.0509,-0.101460639208474,0.0140216083594671));
#8719=CARTESIAN_POINT('',(0.0509,-0.101460639208474,0.0140216083594671));
#8720=CARTESIAN_POINT('',(0.0509,-0.0994606392084743,0.0143471140558168));
#8721=CARTESIAN_POINT('',(0.0524088364474085,-0.100773427300655,0.0141334540547643));
#8722=CARTESIAN_POINT('',(-0.00564599564781697,-0.0082942299519277,0.0291847068201932));
#8723=CARTESIAN_POINT('',(0.0263671592300708,-0.05929,0.020885));
#8724=CARTESIAN_POINT('',(-0.0022,-0.05929,0.020885));
#8725=CARTESIAN_POINT('',(-0.0307202502211621,-0.05929,0.020885));
#8726=CARTESIAN_POINT('',(-0.00166252052221042,-0.00399031175434036,0.029885181765162));
#8727=CARTESIAN_POINT('',(-0.0524755852510186,-0.100692520337793,0.0141466218934072));
#8728=CARTESIAN_POINT('',(-0.0509,-0.0994606392084743,0.0143471140558168));
#8729=CARTESIAN_POINT('',(0.,-0.002,0.));
#8730=CARTESIAN_POINT('',(-0.027,-0.002,-8.67361737988404E-19));
#8731=CARTESIAN_POINT('',(-0.027,-0.002,0.006));
#8732=CARTESIAN_POINT('',(-0.027,-0.002,-0.006));
#8733=CARTESIAN_POINT('',(-0.0295,-0.002,-0.006));
#8734=CARTESIAN_POINT('',(-0.032,-0.002,-0.006));
#8735=CARTESIAN_POINT('',(-0.032,-0.002,-1.7347234759768E-18));
#8736=CARTESIAN_POINT('',(-0.032,-0.002,0.006));
#8737=CARTESIAN_POINT('',(-0.0295,-0.002,0.006));
#8738=CARTESIAN_POINT('',(-0.015,-0.002,-2.60208521396521E-18));
#8739=CARTESIAN_POINT('',(-0.015,-0.002,0.006));
#8740=CARTESIAN_POINT('',(-0.015,-0.002,-0.006));
#8741=CARTESIAN_POINT('',(-0.0175,-0.002,-0.006));
#8742=CARTESIAN_POINT('',(-0.02,-0.002,-0.006));
#8743=CARTESIAN_POINT('',(-0.02,-0.002,-2.60208521396521E-18));
#8744=CARTESIAN_POINT('',(-0.02,-0.002,0.006));
#8745=CARTESIAN_POINT('',(-0.0175,-0.002,0.006));
#8746=CARTESIAN_POINT('',(-0.003,-0.002,-4.33680868994202E-18));
#8747=CARTESIAN_POINT('',(-0.003,-0.002,0.006));
#8748=CARTESIAN_POINT('',(-0.003,-0.002,-0.006));
#8749=CARTESIAN_POINT('',(-0.0055,-0.002,-0.006));
#8750=CARTESIAN_POINT('',(-0.008,-0.002,-0.006));
#8751=CARTESIAN_POINT('',(-0.008,-0.002,-4.33680868994202E-18));
#8752=CARTESIAN_POINT('',(-0.008,-0.002,0.006));
#8753=CARTESIAN_POINT('',(-0.0055,-0.002,0.006));
#8754=CARTESIAN_POINT('',(0.009,-0.002,-6.07153216591882E-18));
#8755=CARTESIAN_POINT('',(0.009,-0.002,0.006));
#8756=CARTESIAN_POINT('',(0.009,-0.002,-0.006));
#8757=CARTESIAN_POINT('',(0.0065,-0.002,-0.006));
#8758=CARTESIAN_POINT('',(0.004,-0.002,-0.006));
#8759=CARTESIAN_POINT('',(0.004,-0.002,-6.07153216591882E-18));
#8760=CARTESIAN_POINT('',(0.004,-0.002,0.006));
#8761=CARTESIAN_POINT('',(0.0065,-0.002,0.006));
#8762=CARTESIAN_POINT('',(0.021,-0.002,-6.93889390390723E-18));
#8763=CARTESIAN_POINT('',(0.021,-0.002,0.006));
#8764=CARTESIAN_POINT('',(0.021,-0.002,-0.006));
#8765=CARTESIAN_POINT('',(0.0185,-0.002,-0.006));
#8766=CARTESIAN_POINT('',(0.016,-0.002,-0.006));
#8767=CARTESIAN_POINT('',(0.016,-0.002,-6.93889390390723E-18));
#8768=CARTESIAN_POINT('',(0.016,-0.002,0.006));
#8769=CARTESIAN_POINT('',(0.0185,-0.002,0.006));
#8770=CARTESIAN_POINT('',(0.033,-0.002,-8.67361737988404E-18));
#8771=CARTESIAN_POINT('',(0.033,-0.002,0.006));
#8772=CARTESIAN_POINT('',(0.033,-0.002,-0.006));
#8773=CARTESIAN_POINT('',(0.0305,-0.002,-0.006));
#8774=CARTESIAN_POINT('',(0.028,-0.002,-0.006));
#8775=CARTESIAN_POINT('',(0.028,-0.002,-8.67361737988404E-18));
#8776=CARTESIAN_POINT('',(0.028,-0.002,0.006));
#8777=CARTESIAN_POINT('',(0.0305,-0.002,0.006));
#8778=CARTESIAN_POINT('',(-0.044,-0.002,0.));
#8779=CARTESIAN_POINT('',(-0.044,-0.002,0.006));
#8780=CARTESIAN_POINT('',(-0.044,-0.002,-0.006));
#8781=CARTESIAN_POINT('',(-0.0415,-0.002,0.006));
#8782=CARTESIAN_POINT('',(-0.0419,-0.002,0.00846779253585062));
#8783=CARTESIAN_POINT('',(-0.0419,-0.002,0.020887));
#8784=CARTESIAN_POINT('',(-0.0419,-0.002,0.0124686272505275));
#8785=CARTESIAN_POINT('',(-2.91311069516831E-18,-0.002,0.0124686272505275));
#8786=CARTESIAN_POINT('',(-0.051713075544457,-0.002,0.0124686272505274));
#8787=CARTESIAN_POINT('',(-0.00805073162196627,-0.002,0.0259923620937768));
#8788=CARTESIAN_POINT('',(-0.0519,-0.002,0.0124107302952708));
#8789=CARTESIAN_POINT('',(-0.0519,-0.002,-5.20417042793042E-18));
#8790=CARTESIAN_POINT('',(-0.0519,-0.002,-0.008385));
#8791=CARTESIAN_POINT('',(9.44523139354905E-19,-0.002,-0.008385));
#8792=CARTESIAN_POINT('',(-0.0449,-0.002,-0.008385));
#8793=CARTESIAN_POINT('',(-0.0449,-0.002,-5.0577327319064E-18));
#8794=CARTESIAN_POINT('',(-0.0449,-0.002,-0.018385));
#8795=CARTESIAN_POINT('',(5.0689971700621E-19,-0.002,-0.018385));
#8796=CARTESIAN_POINT('',(0.0449,-0.002,-0.018385));
#8797=CARTESIAN_POINT('',(0.0449,-0.002,5.0577327319064E-18));
#8798=CARTESIAN_POINT('',(0.0449,-0.002,-0.008385));
#8799=CARTESIAN_POINT('',(9.44523139354905E-19,-0.002,-0.008385));
#8800=CARTESIAN_POINT('',(0.0519,-0.002,-0.008385));
#8801=CARTESIAN_POINT('',(0.0519,-0.002,6.93889390390723E-18));
#8802=CARTESIAN_POINT('',(0.0519,-0.002,0.0123373961954102));
#8803=CARTESIAN_POINT('',(0.00626589701919346,-0.002,0.0241684599311748));
#8804=CARTESIAN_POINT('',(0.051393823073119,-0.002,0.0124686272505275));
#8805=CARTESIAN_POINT('',(-2.91311069516831E-18,-0.002,0.0124686272505275));
#8806=CARTESIAN_POINT('',(0.0419,-0.002,0.0124686272505275));
#8807=CARTESIAN_POINT('',(0.0419,-0.002,0.020887));
#8808=CARTESIAN_POINT('',(0.0419,-0.002,0.00842693221990231));
#8809=CARTESIAN_POINT('',(0.0425,-0.002,0.006));
#8810=CARTESIAN_POINT('',(0.045,-0.002,0.006));
#8811=CARTESIAN_POINT('',(0.045,-0.002,-1.04083408558608E-17));
#8812=CARTESIAN_POINT('',(0.045,-0.002,-0.006));
#8813=CARTESIAN_POINT('',(0.0425,-0.002,-0.006));
#8814=CARTESIAN_POINT('',(0.04,-0.002,-0.006));
#8815=CARTESIAN_POINT('',(0.04,-0.002,-1.04083408558608E-17));
#8816=CARTESIAN_POINT('',(0.04,-0.002,-0.003885));
#8817=CARTESIAN_POINT('',(-1.12644381556935E-18,-0.002,-0.003885));
#8818=CARTESIAN_POINT('',(0.0349,-0.002,-0.003885));
#8819=CARTESIAN_POINT('',(0.0349,-0.002,0.020887));
#8820=CARTESIAN_POINT('',(0.0349,-0.002,0.0124686272505275));
#8821=CARTESIAN_POINT('',(-2.91311069516831E-18,-0.002,0.0124686272505275));
#8822=CARTESIAN_POINT('',(-0.0349,-0.002,0.0124686272505275));
#8823=CARTESIAN_POINT('',(-0.0349,-0.002,0.020887));
#8824=CARTESIAN_POINT('',(-0.0349,-0.002,-0.003885));
#8825=CARTESIAN_POINT('',(-1.12644381556935E-18,-0.002,-0.003885));
#8826=CARTESIAN_POINT('',(-0.039,-0.002,-0.003885));
#8827=CARTESIAN_POINT('',(-0.039,-0.002,0.));
#8828=CARTESIAN_POINT('',(-0.039,-0.002,-0.006));
#8829=CARTESIAN_POINT('',(-0.0415,-0.002,-0.006));
#8830=CARTESIAN_POINT('',(0.,0.,0.));
#8831=CARTESIAN_POINT('',(-0.0509,0.,0.013885));
#8832=CARTESIAN_POINT('',(-0.0509,0.,-0.018385));
#8833=CARTESIAN_POINT('',(-0.0509,0.,0.0131768136252637));
#8834=CARTESIAN_POINT('',(0.0509,0.,0.0131768136252637));
#8835=CARTESIAN_POINT('',(0.0509,0.,0.0131768136252637));
#8836=CARTESIAN_POINT('',(0.0509,0.,0.));
#8837=CARTESIAN_POINT('',(0.0509,0.,-0.018385));
#8838=CARTESIAN_POINT('',(5.0689971700621E-19,0.,-0.018385));
#8839=CARTESIAN_POINT('',(0.0425,0.,-0.006));
#8840=CARTESIAN_POINT('',(0.04,0.,-0.006));
#8841=CARTESIAN_POINT('',(0.045,0.,-0.006));
#8842=CARTESIAN_POINT('',(0.045,0.,-1.04083408558608E-17));
#8843=CARTESIAN_POINT('',(0.045,0.,0.006));
#8844=CARTESIAN_POINT('',(0.0425,0.,0.006));
#8845=CARTESIAN_POINT('',(0.04,0.,0.006));
#8846=CARTESIAN_POINT('',(0.04,0.,-1.04083408558608E-17));
#8847=CARTESIAN_POINT('',(0.0305,0.,-0.006));
#8848=CARTESIAN_POINT('',(0.028,0.,-0.006));
#8849=CARTESIAN_POINT('',(0.033,0.,-0.006));
#8850=CARTESIAN_POINT('',(0.033,0.,-8.67361737988404E-18));
#8851=CARTESIAN_POINT('',(0.033,0.,0.006));
#8852=CARTESIAN_POINT('',(0.0305,0.,0.006));
#8853=CARTESIAN_POINT('',(0.028,0.,0.006));
#8854=CARTESIAN_POINT('',(0.028,0.,-8.67361737988404E-18));
#8855=CARTESIAN_POINT('',(0.0185,0.,-0.006));
#8856=CARTESIAN_POINT('',(0.016,0.,-0.006));
#8857=CARTESIAN_POINT('',(0.021,0.,-0.006));
#8858=CARTESIAN_POINT('',(0.021,0.,-6.93889390390723E-18));
#8859=CARTESIAN_POINT('',(0.021,0.,0.006));
#8860=CARTESIAN_POINT('',(0.0185,0.,0.006));
#8861=CARTESIAN_POINT('',(0.016,0.,0.006));
#8862=CARTESIAN_POINT('',(0.016,0.,-6.93889390390723E-18));
#8863=CARTESIAN_POINT('',(0.0065,0.,-0.006));
#8864=CARTESIAN_POINT('',(0.004,0.,-0.006));
#8865=CARTESIAN_POINT('',(0.009,0.,-0.006));
#8866=CARTESIAN_POINT('',(0.009,0.,-6.07153216591882E-18));
#8867=CARTESIAN_POINT('',(0.009,0.,0.006));
#8868=CARTESIAN_POINT('',(0.0065,0.,0.006));
#8869=CARTESIAN_POINT('',(0.004,0.,0.006));
#8870=CARTESIAN_POINT('',(0.004,0.,-6.07153216591882E-18));
#8871=CARTESIAN_POINT('',(-0.0055,0.,-0.006));
#8872=CARTESIAN_POINT('',(-0.008,0.,-0.006));
#8873=CARTESIAN_POINT('',(-0.003,0.,-0.006));
#8874=CARTESIAN_POINT('',(-0.003,0.,-4.33680868994202E-18));
#8875=CARTESIAN_POINT('',(-0.003,0.,0.006));
#8876=CARTESIAN_POINT('',(-0.0055,0.,0.006));
#8877=CARTESIAN_POINT('',(-0.008,0.,0.006));
#8878=CARTESIAN_POINT('',(-0.008,0.,-4.33680868994202E-18));
#8879=CARTESIAN_POINT('',(-0.0175,0.,-0.006));
#8880=CARTESIAN_POINT('',(-0.02,0.,-0.006));
#8881=CARTESIAN_POINT('',(-0.015,0.,-0.006));
#8882=CARTESIAN_POINT('',(-0.015,0.,-2.60208521396521E-18));
#8883=CARTESIAN_POINT('',(-0.015,0.,0.006));
#8884=CARTESIAN_POINT('',(-0.0175,0.,0.006));
#8885=CARTESIAN_POINT('',(-0.02,0.,0.006));
#8886=CARTESIAN_POINT('',(-0.02,0.,-2.60208521396521E-18));
#8887=CARTESIAN_POINT('',(-0.0295,0.,-0.006));
#8888=CARTESIAN_POINT('',(-0.032,0.,-0.006));
#8889=CARTESIAN_POINT('',(-0.027,0.,-0.006));
#8890=CARTESIAN_POINT('',(-0.027,0.,-8.67361737988404E-19));
#8891=CARTESIAN_POINT('',(-0.027,0.,0.006));
#8892=CARTESIAN_POINT('',(-0.0295,0.,0.006));
#8893=CARTESIAN_POINT('',(-0.032,0.,0.006));
#8894=CARTESIAN_POINT('',(-0.032,0.,-1.7347234759768E-18));
#8895=CARTESIAN_POINT('',(-0.0415,0.,0.006));
#8896=CARTESIAN_POINT('',(-0.039,0.,0.006));
#8897=CARTESIAN_POINT('',(-0.044,0.,0.006));
#8898=CARTESIAN_POINT('',(-0.044,0.,0.));
#8899=CARTESIAN_POINT('',(-0.044,0.,-0.006));
#8900=CARTESIAN_POINT('',(-0.0415,0.,-0.006));
#8901=CARTESIAN_POINT('',(-0.039,0.,-0.006));
#8902=CARTESIAN_POINT('',(-0.039,0.,0.));
#8903=CARTESIAN_POINT('',(0.0384,-0.017,0.020887));
#8904=CARTESIAN_POINT('',(0.04,-0.017,-1.04083408558608E-17));
#8905=CARTESIAN_POINT('',(0.04,-0.017,-0.003885));
#8906=CARTESIAN_POINT('',(0.04,-0.017,0.006));
#8907=CARTESIAN_POINT('',(0.0425,-0.017,0.006));
#8908=CARTESIAN_POINT('',(0.0419,-0.017,0.00842693221990232));
#8909=CARTESIAN_POINT('',(0.0419,-0.017,0.020887));
#8910=CARTESIAN_POINT('',(0.0419,-0.017,0.0149299887880028));
#8911=CARTESIAN_POINT('',(0.0371732967621241,-0.017,0.0161554303681928));
#8912=CARTESIAN_POINT('',(0.0349,-0.017,0.0167448036028176));
#8913=CARTESIAN_POINT('',(0.0349,-0.017,0.020887));
#8914=CARTESIAN_POINT('',(0.0349,-0.017,-0.003885));
#8915=CARTESIAN_POINT('',(0.0384,-0.017,-0.003885));
#8916=CARTESIAN_POINT('',(0.0419,-0.0095,0.020887));
#8917=CARTESIAN_POINT('',(0.0419,-0.102302,0.00842693221990232));
#8918=CARTESIAN_POINT('',(0.0419,-0.0113096449419821,0.0157450231577107));
#8919=CARTESIAN_POINT('',(0.0419,-0.00899378299719768,0.0149299887880028));
#8920=CARTESIAN_POINT('',(0.0419,-0.0095,0.0149299887880028));
#8921=CARTESIAN_POINT('',(4.37623422348695E-19,-0.05115,-0.003885));
#8922=CARTESIAN_POINT('',(0.04,-0.102302,-0.003885));
#8923=CARTESIAN_POINT('',(0.0349,-0.0095,-0.003885));
#8924=CARTESIAN_POINT('',(-0.0419,-0.0095,0.020887));
#8925=CARTESIAN_POINT('',(-0.0419,-0.102302,0.00846779253585061));
#8926=CARTESIAN_POINT('',(-0.0419,-0.017,0.00846779253585061));
#8927=CARTESIAN_POINT('',(-0.0419,-0.017,0.020887));
#8928=CARTESIAN_POINT('',(-0.0419,-0.017,0.0155080754280141));
#8929=CARTESIAN_POINT('',(-0.0419,-0.0095,0.0155080754280141));
#8930=CARTESIAN_POINT('',(-0.0419,-0.0106363748928872,0.0155080754280141));
#8931=CARTESIAN_POINT('',(-0.0419,-0.0113096449419821,0.0157450231577107));
#8932=CARTESIAN_POINT('',(-0.053902,-0.0105,0.00331115242270663));
#8933=CARTESIAN_POINT('',(-0.0369,-0.0105,0.00331115242270663));
#8934=CARTESIAN_POINT('',(-0.0369,-0.0075,0.00331115242270663));
#8935=CARTESIAN_POINT('',(-0.039,-0.0118304505650657,0.006));
#8936=CARTESIAN_POINT('',(-0.039,-0.0114150541186698,0.00620553951867735));
#8937=CARTESIAN_POINT('',(-0.0390388774372136,-0.0105019887210905,0.00641677293907253));
#8938=CARTESIAN_POINT('',(-0.039,-0.00958491380140509,0.00620552364542563));
#8939=CARTESIAN_POINT('',(-0.039,-0.00916954943493431,0.006));
#8940=CARTESIAN_POINT('',(-0.039,-0.0118304505650657,0.006));
#8941=CARTESIAN_POINT('',(-0.039,-0.00916954943493432,0.006));
#8942=CARTESIAN_POINT('',(-0.039,-0.0105,0.00331115242270663));
#8943=CARTESIAN_POINT('',(0.053902,-0.0105,0.00331115242270663));
#8944=CARTESIAN_POINT('',(0.0369,-0.0105,0.00331115242270663));
#8945=CARTESIAN_POINT('',(0.0369,-0.0075,0.00331115242270663));
#8946=CARTESIAN_POINT('',(0.04,-0.00916954943493429,0.006));
#8947=CARTESIAN_POINT('',(0.04,-0.00958494588133016,0.00620553951867736));
#8948=CARTESIAN_POINT('',(0.0400388774372136,-0.0104980112789096,0.00641677293907252));
#8949=CARTESIAN_POINT('',(0.04,-0.0114150861985949,0.00620552364542563));
#8950=CARTESIAN_POINT('',(0.04,-0.0118304505650657,0.006));
#8951=CARTESIAN_POINT('',(0.04,-0.0091695494349343,0.006));
#8952=CARTESIAN_POINT('',(0.04,-0.0118304505650657,0.006));
#8953=CARTESIAN_POINT('',(0.04,-0.0105,0.00331115242270663));
#8954=CARTESIAN_POINT('',(5.0689971700621E-19,-0.1023,-0.018385));
#8955=CARTESIAN_POINT('',(0.0494,-0.00475,-0.018385));
#8956=CARTESIAN_POINT('',(0.0479,-0.00475,-0.018385));
#8957=CARTESIAN_POINT('',(0.0509,-0.003,-0.018385));
#8958=CARTESIAN_POINT('',(0.0539,-0.003,-0.018385));
#8959=CARTESIAN_POINT('',(0.0539,-0.1023,-0.018385));
#8960=CARTESIAN_POINT('',(0.0539,-0.0993,-0.018385));
#8961=CARTESIAN_POINT('',(0.0509,-0.0993,-0.018385));
#8962=CARTESIAN_POINT('',(0.0509,-0.1023,-0.018385));
#8963=CARTESIAN_POINT('',(5.0689971700621E-19,-0.1023,-0.018385));
#8964=CARTESIAN_POINT('',(-0.0509,-0.1023,-0.018385));
#8965=CARTESIAN_POINT('',(-0.0509,-0.0993,-0.018385));
#8966=CARTESIAN_POINT('',(-0.0539,-0.0993,-0.018385));
#8967=CARTESIAN_POINT('',(-0.0539,-0.1023,-0.018385));
#8968=CARTESIAN_POINT('',(-0.0539,-0.003,-0.018385));
#8969=CARTESIAN_POINT('',(-0.0509,-0.003,-0.018385));
#8970=CARTESIAN_POINT('',(-0.0519,-0.1023,-0.018385));
#8971=CARTESIAN_POINT('',(-0.0519,-0.1007,-0.018385));
#8972=CARTESIAN_POINT('',(-0.0519,-0.009,-0.018385));
#8973=CARTESIAN_POINT('',(0.0519,-0.1007,-0.018385));
#8974=CARTESIAN_POINT('',(0.0519,-0.1007,-0.018385));
#8975=CARTESIAN_POINT('',(0.0519,-0.1023,-0.018385));
#8976=CARTESIAN_POINT('',(0.0519,-0.009,-0.018385));
#8977=CARTESIAN_POINT('',(0.0494,-0.009,-0.018385));
#8978=CARTESIAN_POINT('',(0.0469,-0.009,-0.018385));
#8979=CARTESIAN_POINT('',(0.0469,-0.007,-0.018385));
#8980=CARTESIAN_POINT('',(0.0449,-0.007,-0.018385));
#8981=CARTESIAN_POINT('',(0.0449,-0.0045,-0.018385));
#8982=CARTESIAN_POINT('',(-0.0449,-0.0045,-0.018385));
#8983=CARTESIAN_POINT('',(-0.0449,-0.007,-0.018385));
#8984=CARTESIAN_POINT('',(-0.0469,-0.007,-0.018385));
#8985=CARTESIAN_POINT('',(-0.0469,-0.009,-0.018385));
#8986=CARTESIAN_POINT('',(-0.0494,-0.009,-0.018385));
#8987=CARTESIAN_POINT('',(-0.0494,-0.00475,-0.018385));
#8988=CARTESIAN_POINT('',(-0.0509,-0.00475,-0.018385));
#8989=CARTESIAN_POINT('',(0.,-0.1023,0.));
#8990=CARTESIAN_POINT('',(0.0346,-0.1023,-0.014935));
#8991=CARTESIAN_POINT('',(0.0346,-0.1023,-0.015385));
#8992=CARTESIAN_POINT('',(0.0346,-0.1023,-0.014485));
#8993=CARTESIAN_POINT('',(0.0355,-0.1023,-0.014485));
#8994=CARTESIAN_POINT('',(0.0364,-0.1023,-0.014485));
#8995=CARTESIAN_POINT('',(0.0364,-0.1023,-0.014935));
#8996=CARTESIAN_POINT('',(0.0364,-0.1023,-0.015385));
#8997=CARTESIAN_POINT('',(0.0372,-0.1023,-0.015385));
#8998=CARTESIAN_POINT('',(0.038,-0.1023,-0.015385));
#8999=CARTESIAN_POINT('',(0.038,-0.1023,-0.016135));
#9000=CARTESIAN_POINT('',(0.038,-0.1023,-0.016885));
#9001=CARTESIAN_POINT('',(0.0305,-0.1023,-0.016885));
#9002=CARTESIAN_POINT('',(0.023,-0.1023,-0.016885));
#9003=CARTESIAN_POINT('',(0.023,-0.1023,-0.016135));
#9004=CARTESIAN_POINT('',(0.023,-0.1023,-0.015385));
#9005=CARTESIAN_POINT('',(0.0238,-0.1023,-0.015385));
#9006=CARTESIAN_POINT('',(0.0246,-0.1023,-0.015385));
#9007=CARTESIAN_POINT('',(0.0246,-0.1023,-0.014935));
#9008=CARTESIAN_POINT('',(0.0246,-0.1023,-0.014485));
#9009=CARTESIAN_POINT('',(0.0255,-0.1023,-0.014485));
#9010=CARTESIAN_POINT('',(0.0264,-0.1023,-0.014485));
#9011=CARTESIAN_POINT('',(0.0264,-0.1023,-0.014935));
#9012=CARTESIAN_POINT('',(0.0264,-0.1023,-0.015385));
#9013=CARTESIAN_POINT('',(0.0305,-0.1023,-0.015385));
#9014=CARTESIAN_POINT('',(-0.0351161165235169,-0.1023,-0.00585111652351683));
#9015=CARTESIAN_POINT('',(-0.0358535533905933,-0.1023,-0.00511367965644037));
#9016=CARTESIAN_POINT('',(-0.0343786796564404,-0.1023,-0.00658855339059328));
#9017=CARTESIAN_POINT('',(-0.0355,-0.1023,-0.00476012626584709));
#9018=CARTESIAN_POINT('',(-0.036,-0.1023,-0.00476012626584709));
#9019=CARTESIAN_POINT('',(-0.036,-0.1023,-0.00307111652351682));
#9020=CARTESIAN_POINT('',(-0.036,-0.1023,-0.001675));
#9021=CARTESIAN_POINT('',(-0.0355,-0.1023,-0.001675));
#9022=CARTESIAN_POINT('',(-0.0355,-0.1023,-0.001175));
#9023=CARTESIAN_POINT('',(-0.02755,-0.1023,-0.001175));
#9024=CARTESIAN_POINT('',(-0.0196,-0.1023,-0.001175));
#9025=CARTESIAN_POINT('',(-0.0196,-0.1023,-0.001675));
#9026=CARTESIAN_POINT('',(-0.0191,-0.1023,-0.001675));
#9027=CARTESIAN_POINT('',(-0.0191,-0.1023,-0.003955));
#9028=CARTESIAN_POINT('',(-0.0191,-0.1023,-0.006235));
#9029=CARTESIAN_POINT('',(-0.0196,-0.1023,-0.006235));
#9030=CARTESIAN_POINT('',(-0.0196,-0.1023,-0.006735));
#9031=CARTESIAN_POINT('',(-0.0266661165235169,-0.1023,-0.006735));
#9032=CARTESIAN_POINT('',(-0.0340251262658471,-0.1023,-0.006735));
#9033=CARTESIAN_POINT('',(-0.0340251262658471,-0.1023,-0.006235));
#9034=CARTESIAN_POINT('',(-0.0445,-0.1023,-0.000885000000000013));
#9035=CARTESIAN_POINT('',(-0.0445,-0.1023,-0.00438500000000001));
#9036=CARTESIAN_POINT('',(0.01619,-0.1023,0.001065));
#9037=CARTESIAN_POINT('',(0.01619,-0.1023,-0.005885));
#9038=CARTESIAN_POINT('',(0.01619,-0.1023,0.008015));
#9039=CARTESIAN_POINT('',(0.01569,-0.1023,-0.005885));
#9040=CARTESIAN_POINT('',(0.01569,-0.1023,-0.006385));
#9041=CARTESIAN_POINT('',(0.00929,-0.1023,-0.006385));
#9042=CARTESIAN_POINT('',(0.00289,-0.1023,-0.006385));
#9043=CARTESIAN_POINT('',(0.00289,-0.1023,-0.005885));
#9044=CARTESIAN_POINT('',(0.00239,-0.1023,-0.005885));
#9045=CARTESIAN_POINT('',(0.00239,-0.1023,0.001065));
#9046=CARTESIAN_POINT('',(0.00239,-0.1023,0.008015));
#9047=CARTESIAN_POINT('',(0.00289,-0.1023,0.008015));
#9048=CARTESIAN_POINT('',(0.00289,-0.1023,0.008515));
#9049=CARTESIAN_POINT('',(0.00929,-0.1023,0.008515));
#9050=CARTESIAN_POINT('',(0.01569,-0.1023,0.008515));
#9051=CARTESIAN_POINT('',(0.01569,-0.1023,0.008015));
#9052=CARTESIAN_POINT('',(-0.000810000000000017,-0.1023,0.001065));
#9053=CARTESIAN_POINT('',(-0.000810000000000016,-0.1023,-0.005885));
#9054=CARTESIAN_POINT('',(-0.000810000000000018,-0.1023,0.008015));
#9055=CARTESIAN_POINT('',(-0.00131000000000002,-0.1023,-0.005885));
#9056=CARTESIAN_POINT('',(-0.00131000000000001,-0.1023,-0.006385));
#9057=CARTESIAN_POINT('',(-0.00771,-0.1023,-0.006385));
#9058=CARTESIAN_POINT('',(-0.01411,-0.1023,-0.006385));
#9059=CARTESIAN_POINT('',(-0.01411,-0.1023,-0.005885));
#9060=CARTESIAN_POINT('',(-0.01461,-0.1023,-0.005885));
#9061=CARTESIAN_POINT('',(-0.01461,-0.1023,0.001065));
#9062=CARTESIAN_POINT('',(-0.01461,-0.1023,0.008015));
#9063=CARTESIAN_POINT('',(-0.01411,-0.1023,0.008015));
#9064=CARTESIAN_POINT('',(-0.01411,-0.1023,0.008515));
#9065=CARTESIAN_POINT('',(-0.00771,-0.1023,0.008515));
#9066=CARTESIAN_POINT('',(-0.00131000000000002,-0.1023,0.008515));
#9067=CARTESIAN_POINT('',(-0.00131000000000002,-0.1023,0.008015));
#9068=CARTESIAN_POINT('',(0.0509,-0.1023,0.013885));
#9069=CARTESIAN_POINT('',(0.0509,-0.1023,0.0130345951656846));
#9070=CARTESIAN_POINT('',(-1.17217540706875E-18,-0.1023,0.0130345951656846));
#9071=CARTESIAN_POINT('',(-0.0509,-0.1023,0.0130345951656846));
#9072=CARTESIAN_POINT('',(-0.0509,-0.1023,0.));
#9073=CARTESIAN_POINT('',(0.03439,-0.1023,0.0032075));
#9074=CARTESIAN_POINT('',(0.03439,-0.1023,4.99962207478021E-5));
#9075=CARTESIAN_POINT('',(0.03439,-0.1023,0.005915));
#9076=CARTESIAN_POINT('',(0.03489,-0.1023,4.99962207478022E-5));
#9077=CARTESIAN_POINT('',(0.034400691434556,-0.1023,-5.28489433736734E-5));
#9078=CARTESIAN_POINT('',(0.03789,-0.1023,0.000680550259965344));
#9079=CARTESIAN_POINT('',(0.03789,-0.1023,-0.002885));
#9080=CARTESIAN_POINT('',(0.04164,-0.1023,-0.002885));
#9081=CARTESIAN_POINT('',(0.04539,-0.1023,-0.002885));
#9082=CARTESIAN_POINT('',(0.04539,-0.1023,-0.005385));
#9083=CARTESIAN_POINT('',(0.04539,-0.1023,-0.007885));
#9084=CARTESIAN_POINT('',(0.02639,-0.1023,-0.007885));
#9085=CARTESIAN_POINT('',(0.01889,-0.1023,-0.007885));
#9086=CARTESIAN_POINT('',(0.01889,-0.1023,-0.007385));
#9087=CARTESIAN_POINT('',(0.01839,-0.1023,-0.007385));
#9088=CARTESIAN_POINT('',(0.01839,-0.1023,-0.000735));
#9089=CARTESIAN_POINT('',(0.01839,-0.1023,0.005915));
#9090=CARTESIAN_POINT('',(0.01889,-0.1023,0.005915));
#9091=CARTESIAN_POINT('',(0.01889,-0.1023,0.006415));
#9092=CARTESIAN_POINT('',(0.02639,-0.1023,0.006415));
#9093=CARTESIAN_POINT('',(0.03389,-0.1023,0.006415));
#9094=CARTESIAN_POINT('',(0.03389,-0.1023,0.005915));
#9095=CARTESIAN_POINT('',(-0.0346,-0.1023,-0.014935));
#9096=CARTESIAN_POINT('',(-0.0346,-0.1023,-0.015385));
#9097=CARTESIAN_POINT('',(-0.0346,-0.1023,-0.014485));
#9098=CARTESIAN_POINT('',(-0.0305,-0.1023,-0.015385));
#9099=CARTESIAN_POINT('',(-0.0264,-0.1023,-0.015385));
#9100=CARTESIAN_POINT('',(-0.0264,-0.1023,-0.014935));
#9101=CARTESIAN_POINT('',(-0.0264,-0.1023,-0.014485));
#9102=CARTESIAN_POINT('',(-0.0255,-0.1023,-0.014485));
#9103=CARTESIAN_POINT('',(-0.0246,-0.1023,-0.014485));
#9104=CARTESIAN_POINT('',(-0.0246,-0.1023,-0.014935));
#9105=CARTESIAN_POINT('',(-0.0246,-0.1023,-0.015385));
#9106=CARTESIAN_POINT('',(-0.0238,-0.1023,-0.015385));
#9107=CARTESIAN_POINT('',(-0.023,-0.1023,-0.015385));
#9108=CARTESIAN_POINT('',(-0.023,-0.1023,-0.016135));
#9109=CARTESIAN_POINT('',(-0.023,-0.1023,-0.016885));
#9110=CARTESIAN_POINT('',(-0.0305,-0.1023,-0.016885));
#9111=CARTESIAN_POINT('',(-0.038,-0.1023,-0.016885));
#9112=CARTESIAN_POINT('',(-0.038,-0.1023,-0.016135));
#9113=CARTESIAN_POINT('',(-0.038,-0.1023,-0.015385));
#9114=CARTESIAN_POINT('',(-0.0372,-0.1023,-0.015385));
#9115=CARTESIAN_POINT('',(-0.0364,-0.1023,-0.015385));
#9116=CARTESIAN_POINT('',(-0.0364,-0.1023,-0.014935));
#9117=CARTESIAN_POINT('',(-0.0364,-0.1023,-0.014485));
#9118=CARTESIAN_POINT('',(-0.0355,-0.1023,-0.014485));
#9119=CARTESIAN_POINT('',(0.,-0.1003,0.));
#9120=CARTESIAN_POINT('',(0.0246,-0.1003,-0.014085));
#9121=CARTESIAN_POINT('',(0.0264,-0.1003,-0.014085));
#9122=CARTESIAN_POINT('',(0.0246,-0.1003,-0.014085));
#9123=CARTESIAN_POINT('',(0.0246,-0.1003,-0.014935));
#9124=CARTESIAN_POINT('',(0.0246,-0.1003,-0.014985));
#9125=CARTESIAN_POINT('',(0.023,-0.1003,-0.014985));
#9126=CARTESIAN_POINT('',(0.023,-0.1003,-0.014985));
#9127=CARTESIAN_POINT('',(0.023,-0.1003,-0.016135));
#9128=CARTESIAN_POINT('',(0.023,-0.1003,-0.017285));
#9129=CARTESIAN_POINT('',(0.,-0.1003,-0.017285));
#9130=CARTESIAN_POINT('',(0.038,-0.1003,-0.017285));
#9131=CARTESIAN_POINT('',(0.038,-0.1003,-0.016135));
#9132=CARTESIAN_POINT('',(0.038,-0.1003,-0.014985));
#9133=CARTESIAN_POINT('',(0.0364,-0.1003,-0.014985));
#9134=CARTESIAN_POINT('',(0.0364,-0.1003,-0.014985));
#9135=CARTESIAN_POINT('',(0.0364,-0.1003,-0.014935));
#9136=CARTESIAN_POINT('',(0.0364,-0.1003,-0.014085));
#9137=CARTESIAN_POINT('',(0.,-0.1003,-0.014085));
#9138=CARTESIAN_POINT('',(0.0346,-0.1003,-0.014085));
#9139=CARTESIAN_POINT('',(0.0346,-0.1003,-0.014935));
#9140=CARTESIAN_POINT('',(0.0346,-0.1003,-0.014985));
#9141=CARTESIAN_POINT('',(0.0264,-0.1003,-0.014985));
#9142=CARTESIAN_POINT('',(0.0264,-0.1003,-0.014985));
#9143=CARTESIAN_POINT('',(0.0264,-0.1003,-0.014935));
#9144=CARTESIAN_POINT('',(0.03789,-0.1003,0.000680550259965344));
#9145=CARTESIAN_POINT('',(0.03789,-0.1003,-0.002885));
#9146=CARTESIAN_POINT('',(0.034400691434556,-0.1003,-5.28489433736734E-5));
#9147=CARTESIAN_POINT('',(0.03489,-0.1003,4.99962207478022E-5));
#9148=CARTESIAN_POINT('',(0.03439,-0.1003,4.99962207478021E-5));
#9149=CARTESIAN_POINT('',(0.03439,-0.1003,0.0032075));
#9150=CARTESIAN_POINT('',(0.03439,-0.1003,0.005915));
#9151=CARTESIAN_POINT('',(0.03389,-0.1003,0.005915));
#9152=CARTESIAN_POINT('',(0.03389,-0.1003,0.006415));
#9153=CARTESIAN_POINT('',(0.02639,-0.1003,0.006415));
#9154=CARTESIAN_POINT('',(0.01889,-0.1003,0.006415));
#9155=CARTESIAN_POINT('',(0.01889,-0.1003,0.005915));
#9156=CARTESIAN_POINT('',(0.01839,-0.1003,0.005915));
#9157=CARTESIAN_POINT('',(0.01839,-0.1003,-0.000735));
#9158=CARTESIAN_POINT('',(0.01839,-0.1003,-0.007385));
#9159=CARTESIAN_POINT('',(0.01889,-0.1003,-0.007385));
#9160=CARTESIAN_POINT('',(0.01889,-0.1003,-0.007885));
#9161=CARTESIAN_POINT('',(0.02639,-0.1003,-0.007885));
#9162=CARTESIAN_POINT('',(0.04539,-0.1003,-0.007885));
#9163=CARTESIAN_POINT('',(0.04539,-0.1003,-0.005385));
#9164=CARTESIAN_POINT('',(0.04539,-0.1003,-0.002885));
#9165=CARTESIAN_POINT('',(0.04164,-0.1003,-0.002885));
#9166=CARTESIAN_POINT('',(0.00239,-0.1003,0.001065));
#9167=CARTESIAN_POINT('',(0.00239,-0.1003,0.008015));
#9168=CARTESIAN_POINT('',(0.00239,-0.1003,-0.005885));
#9169=CARTESIAN_POINT('',(0.00289,-0.1003,-0.005885));
#9170=CARTESIAN_POINT('',(0.00289,-0.1003,-0.006385));
#9171=CARTESIAN_POINT('',(0.00929,-0.1003,-0.006385));
#9172=CARTESIAN_POINT('',(0.01569,-0.1003,-0.006385));
#9173=CARTESIAN_POINT('',(0.01569,-0.1003,-0.005885));
#9174=CARTESIAN_POINT('',(0.01619,-0.1003,-0.005885));
#9175=CARTESIAN_POINT('',(0.01619,-0.1003,0.001065));
#9176=CARTESIAN_POINT('',(0.01619,-0.1003,0.008015));
#9177=CARTESIAN_POINT('',(0.01569,-0.1003,0.008015));
#9178=CARTESIAN_POINT('',(0.01569,-0.1003,0.008515));
#9179=CARTESIAN_POINT('',(0.00929,-0.1003,0.008515));
#9180=CARTESIAN_POINT('',(0.00289,-0.1003,0.008515));
#9181=CARTESIAN_POINT('',(0.00289,-0.1003,0.008015));
#9182=CARTESIAN_POINT('',(-0.01461,-0.1003,0.001065));
#9183=CARTESIAN_POINT('',(-0.01461,-0.1003,0.008015));
#9184=CARTESIAN_POINT('',(-0.01461,-0.1003,-0.005885));
#9185=CARTESIAN_POINT('',(-0.01411,-0.1003,-0.005885));
#9186=CARTESIAN_POINT('',(-0.01411,-0.1003,-0.006385));
#9187=CARTESIAN_POINT('',(-0.00771,-0.1003,-0.006385));
#9188=CARTESIAN_POINT('',(-0.00131000000000001,-0.1003,-0.006385));
#9189=CARTESIAN_POINT('',(-0.00131000000000002,-0.1003,-0.005885));
#9190=CARTESIAN_POINT('',(-0.000810000000000016,-0.1003,-0.005885));
#9191=CARTESIAN_POINT('',(-0.000810000000000017,-0.1003,0.001065));
#9192=CARTESIAN_POINT('',(-0.000810000000000018,-0.1003,0.008015));
#9193=CARTESIAN_POINT('',(-0.00131000000000002,-0.1003,0.008015));
#9194=CARTESIAN_POINT('',(-0.00131000000000002,-0.1003,0.008515));
#9195=CARTESIAN_POINT('',(-0.00771,-0.1003,0.008515));
#9196=CARTESIAN_POINT('',(-0.01411,-0.1003,0.008515));
#9197=CARTESIAN_POINT('',(-0.01411,-0.1003,0.008015));
#9198=CARTESIAN_POINT('',(0.0519,-0.1003,6.93889390390723E-18));
#9199=CARTESIAN_POINT('',(0.0519,-0.1003,-0.017985));
#9200=CARTESIAN_POINT('',(0.0519,-0.1003,0.0121841903313692));
#9201=CARTESIAN_POINT('',(-0.0519,-0.1003,-0.017985));
#9202=CARTESIAN_POINT('',(-0.0519,-0.1003,-0.017985));
#9203=CARTESIAN_POINT('',(-0.0519,-0.1003,-5.20417042793042E-18));
#9204=CARTESIAN_POINT('',(-0.0519,-0.1003,0.0121841903313692));
#9205=CARTESIAN_POINT('',(-1.09570017940221E-18,-0.1003,0.0121841903313692));
#9206=CARTESIAN_POINT('',(-0.0445,-0.1003,-0.000885000000000013));
#9207=CARTESIAN_POINT('',(-0.0445,-0.1003,-0.00438500000000001));
#9208=CARTESIAN_POINT('',(-0.02755,-0.1003,-0.001175));
#9209=CARTESIAN_POINT('',(-0.0355,-0.1003,-0.001175));
#9210=CARTESIAN_POINT('',(-0.0196,-0.1003,-0.001175));
#9211=CARTESIAN_POINT('',(-0.0355,-0.1003,-0.001675));
#9212=CARTESIAN_POINT('',(-0.036,-0.1003,-0.001675));
#9213=CARTESIAN_POINT('',(-0.036,-0.1003,-0.00307111652351682));
#9214=CARTESIAN_POINT('',(-0.036,-0.1003,-0.00476012626584709));
#9215=CARTESIAN_POINT('',(-0.0355,-0.1003,-0.00476012626584709));
#9216=CARTESIAN_POINT('',(-0.0358535533905933,-0.1003,-0.00511367965644037));
#9217=CARTESIAN_POINT('',(-0.0351161165235169,-0.1003,-0.00585111652351683));
#9218=CARTESIAN_POINT('',(-0.0343786796564404,-0.1003,-0.00658855339059328));
#9219=CARTESIAN_POINT('',(-0.0340251262658471,-0.1003,-0.006235));
#9220=CARTESIAN_POINT('',(-0.0340251262658471,-0.1003,-0.006735));
#9221=CARTESIAN_POINT('',(-0.0266661165235169,-0.1003,-0.006735));
#9222=CARTESIAN_POINT('',(-0.0196,-0.1003,-0.006735));
#9223=CARTESIAN_POINT('',(-0.0196,-0.1003,-0.006235));
#9224=CARTESIAN_POINT('',(-0.0191,-0.1003,-0.006235));
#9225=CARTESIAN_POINT('',(-0.0191,-0.1003,-0.003955));
#9226=CARTESIAN_POINT('',(-0.0191,-0.1003,-0.001675));
#9227=CARTESIAN_POINT('',(-0.0196,-0.1003,-0.001675));
#9228=CARTESIAN_POINT('',(-0.0246,-0.1003,-0.014935));
#9229=CARTESIAN_POINT('',(-0.0246,-0.1003,-0.014085));
#9230=CARTESIAN_POINT('',(-0.0246,-0.1003,-0.014985));
#9231=CARTESIAN_POINT('',(0.,-0.1003,-0.014085));
#9232=CARTESIAN_POINT('',(-0.0264,-0.1003,-0.014085));
#9233=CARTESIAN_POINT('',(-0.0264,-0.1003,-0.014935));
#9234=CARTESIAN_POINT('',(-0.0264,-0.1003,-0.014985));
#9235=CARTESIAN_POINT('',(-0.0346,-0.1003,-0.014985));
#9236=CARTESIAN_POINT('',(-0.0346,-0.1003,-0.014985));
#9237=CARTESIAN_POINT('',(-0.0346,-0.1003,-0.014935));
#9238=CARTESIAN_POINT('',(-0.0346,-0.1003,-0.014085));
#9239=CARTESIAN_POINT('',(-0.0364,-0.1003,-0.014085));
#9240=CARTESIAN_POINT('',(-0.0364,-0.1003,-0.014085));
#9241=CARTESIAN_POINT('',(-0.0364,-0.1003,-0.014935));
#9242=CARTESIAN_POINT('',(-0.0364,-0.1003,-0.014985));
#9243=CARTESIAN_POINT('',(-0.038,-0.1003,-0.014985));
#9244=CARTESIAN_POINT('',(-0.038,-0.1003,-0.014985));
#9245=CARTESIAN_POINT('',(-0.038,-0.1003,-0.016135));
#9246=CARTESIAN_POINT('',(-0.038,-0.1003,-0.017285));
#9247=CARTESIAN_POINT('',(0.,-0.1003,-0.017285));
#9248=CARTESIAN_POINT('',(-0.023,-0.1003,-0.017285));
#9249=CARTESIAN_POINT('',(-0.023,-0.1003,-0.016135));
#9250=CARTESIAN_POINT('',(-0.023,-0.1003,-0.014985));
#9251=CARTESIAN_POINT('',(-0.0246,-0.1003,-0.014985));
#9252=CARTESIAN_POINT('',(-0.0539,-0.1023,-5.20417042793042E-18));
#9253=CARTESIAN_POINT('',(-0.0539,-0.0733,-0.005885));
#9254=CARTESIAN_POINT('',(-0.0539,-0.0733,-0.003985));
#9255=CARTESIAN_POINT('',(-0.0539,-0.0733,-0.007785));
#9256=CARTESIAN_POINT('',(-0.0539,-0.0318,-0.007785));
#9257=CARTESIAN_POINT('',(-0.0539,-0.0318,-0.007785));
#9258=CARTESIAN_POINT('',(-0.0539,-0.0318,-0.005885));
#9259=CARTESIAN_POINT('',(-0.0539,-0.0318,-0.003985));
#9260=CARTESIAN_POINT('',(-0.0539,-0.1023,-0.003985));
#9261=CARTESIAN_POINT('',(-0.0539,-0.0105,0.00331115242270663));
#9262=CARTESIAN_POINT('',(-0.0539,-0.0105,0.0107111524227066));
#9263=CARTESIAN_POINT('',(-0.0539,-0.0993,-5.20417042793042E-18));
#9264=CARTESIAN_POINT('',(-0.0539,-0.0993,0.0131478651476354));
#9265=CARTESIAN_POINT('',(-0.0539,-0.1023,0.0131478651476354));
#9266=CARTESIAN_POINT('',(-0.0539,-0.003,0.0131478651476354));
#9267=CARTESIAN_POINT('',(-0.0539,-0.003,-0.018385));
#9268=CARTESIAN_POINT('',(-0.0539,-0.003,-0.013885));
#9269=CARTESIAN_POINT('',(-0.0539,-0.00475,-0.013885));
#9270=CARTESIAN_POINT('',(-0.0539,-0.0075,-0.013885));
#9271=CARTESIAN_POINT('',(-0.0539,-0.0075,-0.015135));
#9272=CARTESIAN_POINT('',(-0.0539,-0.0075,-0.016385));
#9273=CARTESIAN_POINT('',(-0.0539,-0.00475,-0.016385));
#9274=CARTESIAN_POINT('',(-0.0539,-0.003,-0.016385));
#9275=CARTESIAN_POINT('',(-0.0539,-0.003,-0.018385));
#9276=CARTESIAN_POINT('',(0.0539,-0.1023,6.93889390390723E-18));
#9277=CARTESIAN_POINT('',(0.0539,-0.0105,0.00331115242270663));
#9278=CARTESIAN_POINT('',(0.0539,-0.0105,0.0107111524227066));
#9279=CARTESIAN_POINT('',(0.0539,-0.003,6.93889390390723E-18));
#9280=CARTESIAN_POINT('',(0.0539,-0.003,-0.013885));
#9281=CARTESIAN_POINT('',(0.0539,-0.003,0.0131111980977051));
#9282=CARTESIAN_POINT('',(0.0539,-0.0993,0.0131111980977051));
#9283=CARTESIAN_POINT('',(0.0539,-0.0993,0.0131111980977051));
#9284=CARTESIAN_POINT('',(0.0539,-0.0993,-0.018385));
#9285=CARTESIAN_POINT('',(0.0539,-0.003,6.93889390390723E-18));
#9286=CARTESIAN_POINT('',(0.0539,-0.003,-0.016385));
#9287=CARTESIAN_POINT('',(0.0539,-0.00475,-0.016385));
#9288=CARTESIAN_POINT('',(0.0539,-0.0075,-0.016385));
#9289=CARTESIAN_POINT('',(0.0539,-0.0075,-0.015135));
#9290=CARTESIAN_POINT('',(0.0539,-0.0075,-0.013885));
#9291=CARTESIAN_POINT('',(0.0539,-0.00475,-0.013885));
#9292=CARTESIAN_POINT('',(0.0519,-0.1023,6.93889390390723E-18));
#9293=CARTESIAN_POINT('',(0.0519,-0.1023,-0.003285));
#9294=CARTESIAN_POINT('',(0.0519,-0.028,-0.003285));
#9295=CARTESIAN_POINT('',(0.0519,-0.018,-0.003285));
#9296=CARTESIAN_POINT('',(0.0519,-0.028,-0.003285));
#9297=CARTESIAN_POINT('',(0.0519,-0.028,-0.007285));
#9298=CARTESIAN_POINT('',(0.0519,-0.1023,-0.007285));
#9299=CARTESIAN_POINT('',(0.0519,-0.018,-0.007285));
#9300=CARTESIAN_POINT('',(0.0519,-0.018,-0.003285));
#9301=CARTESIAN_POINT('',(0.0519,-0.1023,-0.003285));
#9302=CARTESIAN_POINT('',(0.0519,-0.0843,-0.003285));
#9303=CARTESIAN_POINT('',(0.0519,-0.0793,-0.003285));
#9304=CARTESIAN_POINT('',(0.0519,-0.0843,-0.003285));
#9305=CARTESIAN_POINT('',(0.0519,-0.0843,-0.007285));
#9306=CARTESIAN_POINT('',(0.0519,-0.1023,-0.007285));
#9307=CARTESIAN_POINT('',(0.0519,-0.0793,-0.007285));
#9308=CARTESIAN_POINT('',(0.0519,-0.0793,-0.003285));
#9309=CARTESIAN_POINT('',(0.0519,-0.0105,0.00331115242270663));
#9310=CARTESIAN_POINT('',(0.0519,-0.0105,0.0103111524227066));
#9311=CARTESIAN_POINT('',(0.0519,-0.1023,-0.008385));
#9312=CARTESIAN_POINT('',(0.0519,-0.009,-0.008385));
#9313=CARTESIAN_POINT('',(0.0519,-0.009,6.93889390390723E-18));
#9314=CARTESIAN_POINT('',(0.0519,-0.1003,-0.017985));
#9315=CARTESIAN_POINT('',(0.0519,-0.104180230240798,0.0115526718081051));
#9316=CARTESIAN_POINT('',(0.0519,-0.099358659398228,0.0123373961954102));
#9317=CARTESIAN_POINT('',(0.0519,-0.1023,0.0123373961954102));
#9318=CARTESIAN_POINT('',(0.00626589701919346,5.51756277017665E-19,0.0241684599311749));
#9319=CARTESIAN_POINT('',(0.0398980756824325,-0.0315440417895194,0.0154490062036684));
#9320=CARTESIAN_POINT('',(0.0495260880897694,-0.0231980835790388,0.0129528548388033));
#9321=CARTESIAN_POINT('',(0.0302700632750957,-0.03989,0.0179451575685335));
#9322=CARTESIAN_POINT('',(0.0302700632750957,-0.04239,0.0179451575685335));
#9323=CARTESIAN_POINT('',(0.0302700632750957,-0.04489,0.0179451575685335));
#9324=CARTESIAN_POINT('',(0.0398980756824325,-0.0365440417895194,0.0154490062036684));
#9325=CARTESIAN_POINT('',(0.0495260880897694,-0.0281980835790388,0.0129528548388033));
#9326=CARTESIAN_POINT('',(0.0495260880897694,-0.0256980835790388,0.0129528548388033));
#9327=CARTESIAN_POINT('',(0.0482729142505565,-0.0867843863433112,0.0132777517600807));
#9328=CARTESIAN_POINT('',(0.0492892553062189,-0.08840338000272,0.0130142559308349));
#9329=CARTESIAN_POINT('',(0.0472565731948941,-0.0851653926839023,0.0135412475893265));
#9330=CARTESIAN_POINT('',(0.0494076716979941,-0.0883007317908794,0.0129835553848191));
#9331=CARTESIAN_POINT('',(0.0495260880897694,-0.0881980835790388,0.0129528548388033));
#9332=CARTESIAN_POINT('',(0.0495260880897694,-0.0856980835790388,0.0129528548388033));
#9333=CARTESIAN_POINT('',(0.0495260880897694,-0.0831980835790388,0.0129528548388033));
#9334=CARTESIAN_POINT('',(0.0483913306423318,-0.0841817381314706,0.0132470512140649));
#9335=CARTESIAN_POINT('',(0.044207550027907,-0.0803084117056757,0.0143317350770639));
#9336=CARTESIAN_POINT('',(0.0452238910835694,-0.0819274053650846,0.0140682392478181));
#9337=CARTESIAN_POINT('',(0.0431912089722446,-0.0786894180462669,0.0145952309063097));
#9338=CARTESIAN_POINT('',(0.0473749895866694,-0.0800627444720617,0.0135105470433107));
#9339=CARTESIAN_POINT('',(0.0495260880897694,-0.0781980835790389,0.0129528548388033));
#9340=CARTESIAN_POINT('',(0.0495260880897694,-0.0756980835790388,0.0129528548388033));
#9341=CARTESIAN_POINT('',(0.0495260880897694,-0.0731980835790388,0.0129528548388033));
#9342=CARTESIAN_POINT('',(0.046358648531007,-0.0759437508126529,0.0137740428725565));
#9343=CARTESIAN_POINT('',(0.0360768215826079,-0.0673564624304049,0.0164397017110304));
#9344=CARTESIAN_POINT('',(0.0370931626382703,-0.0689754560898138,0.0161762058817846));
#9345=CARTESIAN_POINT('',(0.0350604805269455,-0.065737468770996,0.0167031975402761));
#9346=CARTESIAN_POINT('',(0.0433096253640199,-0.0635867698344263,0.0145645303602939));
#9347=CARTESIAN_POINT('',(0.0495260880897694,-0.0581980835790388,0.0129528548388033));
#9348=CARTESIAN_POINT('',(0.0495260880897694,-0.0556980835790388,0.0129528548388033));
#9349=CARTESIAN_POINT('',(0.0495260880897694,-0.0531980835790388,0.0129528548388033));
#9350=CARTESIAN_POINT('',(0.0422932843083574,-0.0594677761750174,0.0148280261895397));
#9351=CARTESIAN_POINT('',(0.0401421858052574,-0.0738324370680403,0.0153857183940472));
#9352=CARTESIAN_POINT('',(0.0411585268609198,-0.0754514307274492,0.0151222225648014));
#9353=CARTESIAN_POINT('',(0.0391258447495951,-0.0722134434086315,0.0156492142232929));
#9354=CARTESIAN_POINT('',(0.0453423074753446,-0.071824757153244,0.0140375387018023));
#9355=CARTESIAN_POINT('',(0.0495260880897694,-0.0681980835790388,0.0129528548388033));
#9356=CARTESIAN_POINT('',(0.0495260880897694,-0.0656980835790388,0.0129528548388033));
#9357=CARTESIAN_POINT('',(0.0495260880897694,-0.0631980835790388,0.0129528548388033));
#9358=CARTESIAN_POINT('',(0.0443259664196822,-0.0677057634938351,0.0143010345310481));
#9359=CARTESIAN_POINT('',(0.0223932133572222,-0.0233637824907107,0.0199873038435378));
#9360=CARTESIAN_POINT('',(0.0269,-0.0200437829971977,0.0188188776768917));
#9361=CARTESIAN_POINT('',(0.0349,-0.0141504496638643,0.0167448036028176));
#9362=CARTESIAN_POINT('',(0.0349,-0.0095,0.0167448036028176));
#9363=CARTESIAN_POINT('',(0.0223932133572222,-0.0233637824907107,0.0199873038435378));
#9364=CARTESIAN_POINT('',(-0.00551765420406054,-0.00789446283094511,0.0272234546927592));
#9365=CARTESIAN_POINT('',(0.0267464588757927,-0.05929,0.0188586846350195));
#9366=CARTESIAN_POINT('',(0.00757803455132714,-0.05929,0.0238282761265476));
#9367=CARTESIAN_POINT('',(0.0269,-0.05929,0.0188188776768917));
#9368=CARTESIAN_POINT('',(0.0269,-0.03959,0.0188188776768917));
#9369=CARTESIAN_POINT('',(0.0331540977276186,-0.01989,0.0171974449326943));
#9370=CARTESIAN_POINT('',(0.0360381321801415,-0.01989,0.016449732296855));
#9371=CARTESIAN_POINT('',(0.0302700632750957,-0.01989,0.0179451575685335));
#9372=CARTESIAN_POINT('',(0.0302700632750957,-0.02239,0.0179451575685335));
#9373=CARTESIAN_POINT('',(0.0302700632750957,-0.02489,0.0179451575685335));
#9374=CARTESIAN_POINT('',(0.0331540977276186,-0.02239,0.0171974449326943));
#9375=CARTESIAN_POINT('',(0.0360381321801415,-0.02489,0.016449732296855));
#9376=CARTESIAN_POINT('',(0.0418062010851872,-0.01989,0.0149543070251765));
#9377=CARTESIAN_POINT('',(0.0302700632750957,-0.02989,0.0179451575685335));
#9378=CARTESIAN_POINT('',(0.0302700632750957,-0.03239,0.0179451575685335));
#9379=CARTESIAN_POINT('',(0.0302700632750957,-0.03489,0.0179451575685335));
#9380=CARTESIAN_POINT('',(0.0389221666326644,-0.02739,0.0157020196610158));
#9381=CARTESIAN_POINT('',(0.0475742699902329,-0.01989,0.0134588817534979));
#9382=CARTESIAN_POINT('',(0.0446902355377101,-0.01989,0.0142065943893372));
#9383=CARTESIAN_POINT('',(0.0320114573599584,-0.0608804877927695,0.0174936850280136));
#9384=CARTESIAN_POINT('',(0.0330277984156208,-0.0624994814521784,0.0172301891987677));
#9385=CARTESIAN_POINT('',(0.030995116304296,-0.0592614941333606,0.0177571808572593));
#9386=CARTESIAN_POINT('',(0.041276943252695,-0.0553487825156086,0.0150915220187856));
#9387=CARTESIAN_POINT('',(0.0495260880897694,-0.0481980835790388,0.0129528548388033));
#9388=CARTESIAN_POINT('',(0.0495260880897694,-0.0456980835790388,0.0129528548388033));
#9389=CARTESIAN_POINT('',(0.0495260880897694,-0.0431980835790388,0.0129528548388033));
#9390=CARTESIAN_POINT('',(0.0402606021970327,-0.0512297888561997,0.0153550178480314));
#9391=CARTESIAN_POINT('',(0.0398980756824325,-0.0415440417895194,0.0154490062036684));
#9392=CARTESIAN_POINT('',(0.0495260880897694,-0.0331980835790389,0.0129528548388033));
#9393=CARTESIAN_POINT('',(0.0302700632750957,-0.04989,0.0179451575685335));
#9394=CARTESIAN_POINT('',(0.0302700632750957,-0.05239,0.0179451575685335));
#9395=CARTESIAN_POINT('',(0.0302700632750957,-0.05489,0.0179451575685335));
#9396=CARTESIAN_POINT('',(0.0398980756824325,-0.0465440417895194,0.0154490062036684));
#9397=CARTESIAN_POINT('',(0.0495260880897694,-0.0381980835790389,0.0129528548388033));
#9398=CARTESIAN_POINT('',(0.0495260880897694,-0.0356980835790389,0.0129528548388033));
#9399=CARTESIAN_POINT('',(0.00676782133676092,5.95954241324665E-19,0.0261044537275064));
#9400=CARTESIAN_POINT('',(-0.0048931091714658,-0.00781231232650495,0.029127657933343));
#9401=CARTESIAN_POINT('',(0.0269,-0.0584575577140879,0.020885));
#9402=CARTESIAN_POINT('',(0.05300700595915,-0.100045051280867,0.0141165169735537));
#9403=CARTESIAN_POINT('',(0.0511509621587837,-0.0993,0.0145977135143894));
#9404=CARTESIAN_POINT('',(0.0531509621587837,-0.0993,0.0140791949958709));
#9405=CARTESIAN_POINT('',(0.0531509621587837,-0.003,0.0140791949958709));
#9406=CARTESIAN_POINT('',(0.0531509621587837,-0.003,0.0140791949958709));
#9407=CARTESIAN_POINT('',(0.0511509621587837,-0.003,0.0145977135143894));
#9408=CARTESIAN_POINT('',(0.0526659862681019,-0.00169435764920683,0.0142049294860477));
#9409=CARTESIAN_POINT('',(0.0230149189109831,-0.0235373106022844,0.0218922432453007));
#9410=CARTESIAN_POINT('',(0.0269,-0.0206753008667086,0.020885));
#9411=CARTESIAN_POINT('',(0.0269,-0.03959,0.020885));
#9412=CARTESIAN_POINT('',(0.0417788675702625,-0.0553487825156086,0.0170275158151172));
#9413=CARTESIAN_POINT('',(0.0335297227331882,-0.0624994814521783,0.0191661829950994));
#9414=CARTESIAN_POINT('',(0.0500280124073368,-0.0481980835790388,0.0148888486351349));
#9415=CARTESIAN_POINT('',(0.0325133816775258,-0.0608804877927695,0.0194296788243452));
#9416=CARTESIAN_POINT('',(0.0314970406218634,-0.0592614941333606,0.0196931746535909));
#9417=CARTESIAN_POINT('',(0.0407625265146001,-0.0512297888561997,0.017291011644363));
#9418=CARTESIAN_POINT('',(0.0500280124073368,-0.0431980835790388,0.0148888486351349));
#9419=CARTESIAN_POINT('',(0.0500280124073368,-0.0456980835790388,0.0148888486351349));
#9420=CARTESIAN_POINT('',(0.0307719875926632,-0.03239,0.0198811513648651));
#9421=CARTESIAN_POINT('',(0.0307719875926632,-0.02989,0.0198811513648651));
#9422=CARTESIAN_POINT('',(0.0307719875926632,-0.03489,0.0198811513648651));
#9423=CARTESIAN_POINT('',(0.0365400564977089,-0.02489,0.0183857260931866));
#9424=CARTESIAN_POINT('',(0.0423081254027547,-0.01989,0.0168903008215081));
#9425=CARTESIAN_POINT('',(0.0451921598552775,-0.01989,0.0161425881856688));
#9426=CARTESIAN_POINT('',(0.0480761943078004,-0.01989,0.0153948755498296));
#9427=CARTESIAN_POINT('',(0.0394240909502318,-0.02739,0.0176380134573473));
#9428=CARTESIAN_POINT('',(0.0499095960155616,-0.0883007317908794,0.0149195491811507));
#9429=CARTESIAN_POINT('',(0.0497911796237864,-0.08840338000272,0.0149502497271665));
#9430=CARTESIAN_POINT('',(0.0500280124073368,-0.0881980835790388,0.0148888486351349));
#9431=CARTESIAN_POINT('',(0.048774838568124,-0.0867843863433112,0.0152137455564123));
#9432=CARTESIAN_POINT('',(0.0477584975124616,-0.0851653926839023,0.0154772413856581));
#9433=CARTESIAN_POINT('',(0.0488932549598992,-0.0841817381314706,0.0151830450103966));
#9434=CARTESIAN_POINT('',(0.0500280124073368,-0.0831980835790388,0.0148888486351349));
#9435=CARTESIAN_POINT('',(0.0500280124073368,-0.0856980835790388,0.0148888486351349));
#9436=CARTESIAN_POINT('',(0.0478769139042368,-0.0800627444720617,0.0154465408396423));
#9437=CARTESIAN_POINT('',(0.0457258154011368,-0.0819274053650846,0.0160042330441497));
#9438=CARTESIAN_POINT('',(0.0500280124073368,-0.0781980835790389,0.0148888486351349));
#9439=CARTESIAN_POINT('',(0.0447094743454745,-0.0803084117056757,0.0162677288733956));
#9440=CARTESIAN_POINT('',(0.043693133289812,-0.0786894180462669,0.0165312247026413));
#9441=CARTESIAN_POINT('',(0.0468605728485745,-0.0759437508126529,0.0157100366688881));
#9442=CARTESIAN_POINT('',(0.0500280124073368,-0.0731980835790388,0.0148888486351349));
#9443=CARTESIAN_POINT('',(0.0500280124073368,-0.0756980835790388,0.0148888486351349));
#9444=CARTESIAN_POINT('',(0.0438115496815873,-0.0635867698344263,0.0165005241566256));
#9445=CARTESIAN_POINT('',(0.0375950869558377,-0.0689754560898138,0.0181121996781161));
#9446=CARTESIAN_POINT('',(0.0500280124073368,-0.0581980835790388,0.0148888486351349));
#9447=CARTESIAN_POINT('',(0.0365787459001754,-0.0673564624304049,0.018375695507362));
#9448=CARTESIAN_POINT('',(0.035562404844513,-0.065737468770996,0.0186391913366077));
#9449=CARTESIAN_POINT('',(0.0427952086259249,-0.0594677761750174,0.0167640199858713));
#9450=CARTESIAN_POINT('',(0.0500280124073368,-0.0531980835790388,0.0148888486351349));
#9451=CARTESIAN_POINT('',(0.0500280124073368,-0.0556980835790388,0.0148888486351349));
#9452=CARTESIAN_POINT('',(0.0458442317929121,-0.071824757153244,0.0159735324981339));
#9453=CARTESIAN_POINT('',(0.0416604511784873,-0.0754514307274492,0.017058216361133));
#9454=CARTESIAN_POINT('',(0.0500280124073368,-0.0681980835790388,0.0148888486351349));
#9455=CARTESIAN_POINT('',(0.0406441101228249,-0.0738324370680403,0.0173217121903788));
#9456=CARTESIAN_POINT('',(0.0396277690671625,-0.0722134434086315,0.0175852080196245));
#9457=CARTESIAN_POINT('',(0.0448278907372497,-0.0677057634938351,0.0162370283273797));
#9458=CARTESIAN_POINT('',(0.0500280124073368,-0.0631980835790388,0.0148888486351349));
#9459=CARTESIAN_POINT('',(0.0500280124073368,-0.0656980835790388,0.0148888486351349));
#9460=CARTESIAN_POINT('',(0.0307719875926632,-0.02239,0.0198811513648651));
#9461=CARTESIAN_POINT('',(0.0307719875926632,-0.01989,0.0198811513648652));
#9462=CARTESIAN_POINT('',(0.0307719875926632,-0.02489,0.0198811513648651));
#9463=CARTESIAN_POINT('',(0.0336560220451861,-0.01989,0.0191334387290258));
#9464=CARTESIAN_POINT('',(0.0365400564977089,-0.01989,0.0183857260931866));
#9465=CARTESIAN_POINT('',(0.0336560220451861,-0.02239,0.0191334387290258));
#9466=CARTESIAN_POINT('',(0.0307719875926632,-0.04239,0.0198811513648651));
#9467=CARTESIAN_POINT('',(0.0307719875926632,-0.03989,0.0198811513648651));
#9468=CARTESIAN_POINT('',(0.0307719875926632,-0.04489,0.0198811513648651));
#9469=CARTESIAN_POINT('',(0.0404,-0.0315440417895194,0.017385));
#9470=CARTESIAN_POINT('',(0.0500280124073368,-0.0231980835790388,0.0148888486351349));
#9471=CARTESIAN_POINT('',(0.0500280124073368,-0.0256980835790388,0.0148888486351349));
#9472=CARTESIAN_POINT('',(0.0500280124073368,-0.0281980835790388,0.0148888486351349));
#9473=CARTESIAN_POINT('',(0.0404,-0.0365440417895194,0.017385));
#9474=CARTESIAN_POINT('',(0.0307719875926632,-0.05239,0.0198811513648651));
#9475=CARTESIAN_POINT('',(0.0307719875926632,-0.04989,0.0198811513648651));
#9476=CARTESIAN_POINT('',(0.0307719875926632,-0.05489,0.0198811513648651));
#9477=CARTESIAN_POINT('',(0.0404,-0.0415440417895194,0.017385));
#9478=CARTESIAN_POINT('',(0.0500280124073368,-0.0331980835790389,0.0148888486351349));
#9479=CARTESIAN_POINT('',(0.0500280124073368,-0.0356980835790389,0.0148888486351349));
#9480=CARTESIAN_POINT('',(0.0500280124073368,-0.0381980835790389,0.0148888486351349));
#9481=CARTESIAN_POINT('',(0.0404,-0.0465440417895194,0.017385));
#9482=CARTESIAN_POINT('',(-0.00805073162196627,0.,0.0259923620937768));
#9483=CARTESIAN_POINT('',(-0.0494873491209391,-0.0392503310610937,0.0131580115409976));
#9484=CARTESIAN_POINT('',(-0.0494873491209391,-0.0367503310610936,0.0131580115409976));
#9485=CARTESIAN_POINT('',(-0.0494873491209391,-0.0417503310610937,0.0131580115409976));
#9486=CARTESIAN_POINT('',(-0.0420082652077888,-0.0483201655305468,0.0154745419565752));
#9487=CARTESIAN_POINT('',(-0.0345291812946385,-0.05489,0.0177910723721527));
#9488=CARTESIAN_POINT('',(-0.0345291812946385,-0.05239,0.0177910723721527));
#9489=CARTESIAN_POINT('',(-0.0345291812946385,-0.04989,0.0177910723721527));
#9490=CARTESIAN_POINT('',(-0.0420082652077888,-0.0433201655305469,0.0154745419565752));
#9491=CARTESIAN_POINT('',(-0.0494873491209391,-0.0692503310610936,0.0131580115409976));
#9492=CARTESIAN_POINT('',(-0.0494873491209391,-0.0667503310610937,0.0131580115409976));
#9493=CARTESIAN_POINT('',(-0.0494873491209391,-0.0717503310610936,0.0131580115409976));
#9494=CARTESIAN_POINT('',(-0.0467947706792234,-0.0741155665449457,0.0139919960140954));
#9495=CARTESIAN_POINT('',(-0.0441021922375077,-0.0764808020287978,0.0148259804871932));
#9496=CARTESIAN_POINT('',(-0.043203404716024,-0.0747703218828237,0.015104366002697));
#9497=CARTESIAN_POINT('',(-0.0423046171945402,-0.0730598417368496,0.0153827515182008));
#9498=CARTESIAN_POINT('',(-0.0458959831577397,-0.0699050863989716,0.0142703815295992));
#9499=CARTESIAN_POINT('',(-0.0494873491209391,-0.0792503310610936,0.0131580115409976));
#9500=CARTESIAN_POINT('',(-0.0494873491209391,-0.0767503310610937,0.0131580115409976));
#9501=CARTESIAN_POINT('',(-0.0494873491209391,-0.0867292797967794,0.0131580115409976));
#9502=CARTESIAN_POINT('',(-0.0467985548019588,-0.08161224246672,0.0139908239406818));
#9503=CARTESIAN_POINT('',(-0.0458997672804751,-0.0799017623207459,0.0142692094561856));
#9504=CARTESIAN_POINT('',(-0.0476935582007071,-0.0783260466909198,0.0137136104985916));
#9505=CARTESIAN_POINT('',(-0.0270719900092468,-0.0236863358980236,0.0201008218853271));
#9506=CARTESIAN_POINT('',(-0.037186183601386,-0.017,0.0169681070559035));
#9507=CARTESIAN_POINT('',(-0.0349,-0.017,0.0176762170209345));
#9508=CARTESIAN_POINT('',(-0.0349,-0.0095,0.0176762170209345));
#9509=CARTESIAN_POINT('',(-0.0349,-0.0167969943619138,0.0176762170209345));
#9510=CARTESIAN_POINT('',(-0.0270719900092468,-0.0236863358980236,0.0201008218853271));
#9511=CARTESIAN_POINT('',(-0.0313,-0.0199653129459846,0.0187912612687221));
#9512=CARTESIAN_POINT('',(-0.0313,-0.03959,0.0187912612687221));
#9513=CARTESIAN_POINT('',(-0.0313,-0.05929,0.0187912612687221));
#9514=CARTESIAN_POINT('',(-0.0139829086263967,-0.05929,0.0241549621366524));
#9515=CARTESIAN_POINT('',(-0.0310823188459542,-0.05929,0.0188586846350195));
#9516=CARTESIAN_POINT('',(-0.00181480783685382,-0.0035910774999378,0.0279238429121744));
#9517=CARTESIAN_POINT('',(-0.0519,-0.0989080737360845,0.0124107302952708));
#9518=CARTESIAN_POINT('',(-0.0519,-0.1023,0.0124107302952708));
#9519=CARTESIAN_POINT('',(-0.0373751753405786,-0.02239,0.0169095697915517));
#9520=CARTESIAN_POINT('',(-0.0402211693865187,-0.01989,0.0160280672109509));
#9521=CARTESIAN_POINT('',(-0.0345291812946385,-0.02489,0.0177910723721527));
#9522=CARTESIAN_POINT('',(-0.0345291812946385,-0.02239,0.0177910723721527));
#9523=CARTESIAN_POINT('',(-0.0345291812946385,-0.01989,0.0177910723721527));
#9524=CARTESIAN_POINT('',(-0.0373751753405786,-0.01989,0.0169095697915517));
#9525=CARTESIAN_POINT('',(-0.0494873491209391,-0.0592503310610936,0.0131580115409976));
#9526=CARTESIAN_POINT('',(-0.0494873491209391,-0.0567503310610937,0.0131580115409976));
#9527=CARTESIAN_POINT('',(-0.0494873491209391,-0.0617503310610937,0.0131580115409976));
#9528=CARTESIAN_POINT('',(-0.0449971956362559,-0.0656946062529976,0.014548767045103));
#9529=CARTESIAN_POINT('',(-0.0405070421515729,-0.0696388814449015,0.0159395225492084));
#9530=CARTESIAN_POINT('',(-0.0396082546300891,-0.0679284012989274,0.0162179080647122));
#9531=CARTESIAN_POINT('',(-0.0387094671086054,-0.0662179211529533,0.016496293580216));
#9532=CARTESIAN_POINT('',(-0.0440984081147723,-0.0614841261070235,0.0148271525606068));
#9533=CARTESIAN_POINT('',(-0.0494873491209391,-0.0292503310610937,0.0131580115409976));
#9534=CARTESIAN_POINT('',(-0.0494873491209391,-0.0267503310610936,0.0131580115409976));
#9535=CARTESIAN_POINT('',(-0.0494873491209391,-0.0317503310610937,0.0131580115409976));
#9536=CARTESIAN_POINT('',(-0.0420082652077887,-0.0383201655305469,0.0154745419565752));
#9537=CARTESIAN_POINT('',(-0.0345291812946385,-0.04489,0.0177910723721527));
#9538=CARTESIAN_POINT('',(-0.0345291812946385,-0.04239,0.0177910723721527));
#9539=CARTESIAN_POINT('',(-0.0345291812946385,-0.03989,0.0177910723721527));
#9540=CARTESIAN_POINT('',(-0.0420082652077888,-0.0333201655305468,0.0154745419565752));
#9541=CARTESIAN_POINT('',(-0.0345291812946385,-0.03239,0.0177910723721527));
#9542=CARTESIAN_POINT('',(-0.0345291812946385,-0.02989,0.0177910723721527));
#9543=CARTESIAN_POINT('',(-0.0345291812946385,-0.03489,0.0177910723721527));
#9544=CARTESIAN_POINT('',(-0.0402211693865187,-0.02489,0.0160280672109509));
#9545=CARTESIAN_POINT('',(-0.0459131574783989,-0.01989,0.014265062049749));
#9546=CARTESIAN_POINT('',(-0.047700253299669,-0.01989,0.0137115367953733));
#9547=CARTESIAN_POINT('',(-0.0494873491209391,-0.01989,0.0131580115409976));
#9548=CARTESIAN_POINT('',(-0.0494873491209391,-0.0208201655305468,0.0131580115409976));
#9549=CARTESIAN_POINT('',(-0.0494873491209391,-0.0217503310610937,0.0131580115409976));
#9550=CARTESIAN_POINT('',(-0.0420082652077888,-0.0283201655305469,0.0154745419565752));
#9551=CARTESIAN_POINT('',(-0.0494873491209391,-0.0492503310610937,0.0131580115409976));
#9552=CARTESIAN_POINT('',(-0.0494873491209391,-0.0467503310610937,0.0131580115409976));
#9553=CARTESIAN_POINT('',(-0.0494873491209391,-0.0517503310610937,0.0131580115409976));
#9554=CARTESIAN_POINT('',(-0.0431996205932886,-0.0572736459610494,0.0151055380761106));
#9555=CARTESIAN_POINT('',(-0.0369118920656381,-0.0627969608610052,0.0170530646112236));
#9556=CARTESIAN_POINT('',(-0.0360131045441543,-0.0610864807150311,0.0173314501267274));
#9557=CARTESIAN_POINT('',(-0.0351143170226706,-0.059376000569057,0.0176098356422312));
#9558=CARTESIAN_POINT('',(-0.0423008330718048,-0.0530631658150753,0.0153839235916144));
#9559=CARTESIAN_POINT('',(-0.00864246641417751,0.,0.0279028201372017));
#9560=CARTESIAN_POINT('',(-0.027803958992613,-0.0238609633642223,0.0219678445598101));
#9561=CARTESIAN_POINT('',(-0.0313,-0.0207841378935618,0.020885));
#9562=CARTESIAN_POINT('',(-0.0528251636856048,-0.00184008896848753,0.0142179139026888));
#9563=CARTESIAN_POINT('',(-0.0511958673961056,-0.003,0.0147225631958965));
#9564=CARTESIAN_POINT('',(-0.0531958673961056,-0.003,0.0141030941693478));
#9565=CARTESIAN_POINT('',(-0.0531958673961056,0.,0.0141030941693478));
#9566=CARTESIAN_POINT('',(-0.0531958673961056,-0.0993,0.0141030941693478));
#9567=CARTESIAN_POINT('',(-0.0511958673961056,-0.0993,0.0147225631958965));
#9568=CARTESIAN_POINT('',(-0.053137256354568,-0.0997806338647667,0.014121248031771));
#9569=CARTESIAN_POINT('',(-0.00255012271052727,-0.0035083941289176,0.0297898292489517));
#9570=CARTESIAN_POINT('',(-0.0313,-0.0582222092714053,0.020885));
#9571=CARTESIAN_POINT('',(-0.0313,-0.03959,0.020885));
#9572=CARTESIAN_POINT('',(-0.0408129041787299,-0.02489,0.0179385252543757));
#9573=CARTESIAN_POINT('',(-0.0351209160868498,-0.02989,0.0197015304155775));
#9574=CARTESIAN_POINT('',(-0.0465048922706101,-0.01989,0.0161755200931738));
#9575=CARTESIAN_POINT('',(-0.0351209160868498,-0.03239,0.0197015304155775));
#9576=CARTESIAN_POINT('',(-0.0351209160868498,-0.03489,0.0197015304155775));
#9577=CARTESIAN_POINT('',(-0.0426,-0.0283201655305469,0.017385));
#9578=CARTESIAN_POINT('',(-0.0500790839131503,-0.0217503310610937,0.0150684695844225));
#9579=CARTESIAN_POINT('',(-0.0500790839131503,-0.0208201655305468,0.0150684695844225));
#9580=CARTESIAN_POINT('',(-0.0500790839131503,-0.01989,0.0150684695844225));
#9581=CARTESIAN_POINT('',(-0.0482919880918802,-0.01989,0.0156219948387981));
#9582=CARTESIAN_POINT('',(-0.0351209160868498,-0.02239,0.0197015304155775));
#9583=CARTESIAN_POINT('',(-0.0351209160868498,-0.02489,0.0197015304155775));
#9584=CARTESIAN_POINT('',(-0.0351209160868497,-0.01989,0.0197015304155775));
#9585=CARTESIAN_POINT('',(-0.0379669101327898,-0.02239,0.0188200278349766));
#9586=CARTESIAN_POINT('',(-0.0408129041787299,-0.01989,0.0179385252543757));
#9587=CARTESIAN_POINT('',(-0.0379669101327898,-0.01989,0.0188200278349766));
#9588=CARTESIAN_POINT('',(-0.04739028959417,-0.08161224246672,0.0159012819841067));
#9589=CARTESIAN_POINT('',(-0.0464915020726864,-0.0799017623207459,0.0161796674996105));
#9590=CARTESIAN_POINT('',(-0.0500790839131503,-0.0867292797967794,0.0150684695844225));
#9591=CARTESIAN_POINT('',(-0.0500790839131503,-0.0792503310610936,0.0150684695844225));
#9592=CARTESIAN_POINT('',(-0.0500790839131503,-0.0767503310610937,0.0150684695844225));
#9593=CARTESIAN_POINT('',(-0.0482852929929183,-0.0783260466909198,0.0156240685420164));
#9594=CARTESIAN_POINT('',(-0.0455889304284672,-0.0656946062529976,0.0164592250885278));
#9595=CARTESIAN_POINT('',(-0.0410987769437841,-0.0696388814449015,0.0178499805926333));
#9596=CARTESIAN_POINT('',(-0.0500790839131503,-0.0617503310610937,0.0150684695844225));
#9597=CARTESIAN_POINT('',(-0.0500790839131503,-0.0592503310610936,0.0150684695844225));
#9598=CARTESIAN_POINT('',(-0.0500790839131503,-0.0567503310610937,0.0150684695844225));
#9599=CARTESIAN_POINT('',(-0.0446901429069835,-0.0614841261070235,0.0167376106040317));
#9600=CARTESIAN_POINT('',(-0.0393012019008167,-0.0662179211529533,0.0184067516236409));
#9601=CARTESIAN_POINT('',(-0.0401999894223004,-0.0679284012989274,0.0181283661081371));
#9602=CARTESIAN_POINT('',(-0.0473865054714346,-0.0741155665449457,0.0159024540575202));
#9603=CARTESIAN_POINT('',(-0.0446939270297189,-0.0764808020287978,0.0167364385306181));
#9604=CARTESIAN_POINT('',(-0.0500790839131503,-0.0717503310610936,0.0150684695844225));
#9605=CARTESIAN_POINT('',(-0.0500790839131503,-0.0692503310610936,0.0150684695844225));
#9606=CARTESIAN_POINT('',(-0.0500790839131503,-0.0667503310610937,0.0150684695844225));
#9607=CARTESIAN_POINT('',(-0.0464877179499509,-0.0699050863989716,0.0161808395730241));
#9608=CARTESIAN_POINT('',(-0.0428963519867515,-0.0730598417368496,0.0172932095616257));
#9609=CARTESIAN_POINT('',(-0.0437951395082352,-0.0747703218828237,0.0170148240461219));
#9610=CARTESIAN_POINT('',(-0.0426,-0.0383201655305469,0.017385));
#9611=CARTESIAN_POINT('',(-0.0351209160868498,-0.04489,0.0197015304155775));
#9612=CARTESIAN_POINT('',(-0.0500790839131503,-0.0317503310610937,0.0150684695844225));
#9613=CARTESIAN_POINT('',(-0.0500790839131503,-0.0292503310610937,0.0150684695844225));
#9614=CARTESIAN_POINT('',(-0.0500790839131503,-0.0267503310610936,0.0150684695844225));
#9615=CARTESIAN_POINT('',(-0.0426,-0.0333201655305468,0.017385));
#9616=CARTESIAN_POINT('',(-0.0351209160868498,-0.03989,0.0197015304155775));
#9617=CARTESIAN_POINT('',(-0.0351209160868498,-0.04239,0.0197015304155775));
#9618=CARTESIAN_POINT('',(-0.0426,-0.0483201655305468,0.017385));
#9619=CARTESIAN_POINT('',(-0.0351209160868498,-0.05489,0.0197015304155775));
#9620=CARTESIAN_POINT('',(-0.0500790839131503,-0.0417503310610937,0.0150684695844225));
#9621=CARTESIAN_POINT('',(-0.0500790839131503,-0.0392503310610937,0.0150684695844225));
#9622=CARTESIAN_POINT('',(-0.0500790839131503,-0.0367503310610936,0.0150684695844225));
#9623=CARTESIAN_POINT('',(-0.0426,-0.0433201655305469,0.017385));
#9624=CARTESIAN_POINT('',(-0.0351209160868497,-0.04989,0.0197015304155775));
#9625=CARTESIAN_POINT('',(-0.0351209160868498,-0.05239,0.0197015304155775));
#9626=CARTESIAN_POINT('',(-0.0437913553854998,-0.0572736459610494,0.0170159961195355));
#9627=CARTESIAN_POINT('',(-0.0375036268578493,-0.0627969608610052,0.0189635226546484));
#9628=CARTESIAN_POINT('',(-0.0500790839131503,-0.0517503310610937,0.0150684695844225));
#9629=CARTESIAN_POINT('',(-0.0500790839131503,-0.0492503310610937,0.0150684695844225));
#9630=CARTESIAN_POINT('',(-0.0500790839131503,-0.0467503310610937,0.0150684695844225));
#9631=CARTESIAN_POINT('',(-0.0428925678640161,-0.0530631658150753,0.0172943816350393));
#9632=CARTESIAN_POINT('',(-0.0357060518148819,-0.059376000569057,0.019520293685656));
#9633=CARTESIAN_POINT('',(-0.0366048393363655,-0.0610864807150311,0.0192419081701522));
#9634=CARTESIAN_POINT('',(-2.44573589264766E-18,0.00368412594279584,0.0104681807146013));
#9635=CARTESIAN_POINT('',(-0.0349,-0.0113096449419822,0.0157450231577107));
#9636=CARTESIAN_POINT('',(0.0349,-0.0113096449419822,0.0157450231577107));
#9637=CARTESIAN_POINT('',(0.0269,-0.0271940171149392,0.0213352999405513));
#9638=CARTESIAN_POINT('',(0.0269,-0.01989,0.0187647559584209));
#9639=CARTESIAN_POINT('',(-0.0022,-0.01989,0.0187647559584209));
#9640=CARTESIAN_POINT('',(-0.0313,-0.01989,0.0187647559584209));
#9641=CARTESIAN_POINT('',(-0.0313,-0.0271940171149392,0.0213352999405513));
#9642=CARTESIAN_POINT('',(-2.44573589264766E-18,0.00368412594279584,0.0104681807146013));
#9643=CARTESIAN_POINT('',(-2.44573589264766E-18,0.00368412594279584,0.0104681807146013));
#9644=CARTESIAN_POINT('',(-2.49753918038038E-18,-0.00452007716791001,0.0277726455702585));
#9645=CARTESIAN_POINT('',(-0.0022,-0.05929,0.0188586846350195));
#9646=CARTESIAN_POINT('',(-0.0519,-0.104180230240798,0.0115526718081051));
#9647=CARTESIAN_POINT('',(-2.88650635758457E-18,0.00434807903338663,0.0123547559962943));
#9648=CARTESIAN_POINT('',(-0.0509,-0.000668023454704605,0.0141201012661102));
#9649=CARTESIAN_POINT('',(0.0509,-0.000668023454704605,0.0141201012661102));
#9650=CARTESIAN_POINT('',(-0.0509,-0.000668023454704605,0.0141201012661102));
#9651=CARTESIAN_POINT('',(-0.0509,-0.00266802345470461,0.0148239725582168));
#9652=CARTESIAN_POINT('',(-0.0518592528444397,-0.00091307787707709,0.0142063446525661));
#9653=CARTESIAN_POINT('',(-0.0269163568042961,-0.0228650337283361,0.0219320204172123));
#9654=CARTESIAN_POINT('',(-0.0302967370084388,-0.01989,0.020885));
#9655=CARTESIAN_POINT('',(-0.0022,-0.01989,0.020885));
#9656=CARTESIAN_POINT('',(0.0258611921175253,-0.01989,0.020885));
#9657=CARTESIAN_POINT('',(0.0222620324346318,-0.0225413809663982,0.0218181154733427));
#9658=CARTESIAN_POINT('',(0.0517173220233388,-0.000842650969384063,0.0141815589133076));
#9659=CARTESIAN_POINT('',(0.0509,-0.00266802345470461,0.0148239725582168));
#9660=CARTESIAN_POINT('',(-0.0519,-0.1023,-5.20417042793042E-18));
#9661=CARTESIAN_POINT('',(-0.0519,-0.0318,-0.005885));
#9662=CARTESIAN_POINT('',(-0.0519,-0.0318,-0.004385));
#9663=CARTESIAN_POINT('',(-0.0519,-0.0318,-0.007385));
#9664=CARTESIAN_POINT('',(-0.0519,-0.05255,-0.007385));
#9665=CARTESIAN_POINT('',(-0.0519,-0.0733,-0.007385));
#9666=CARTESIAN_POINT('',(-0.0519,-0.0733,-0.005885));
#9667=CARTESIAN_POINT('',(-0.0519,-0.0733,-0.004385));
#9668=CARTESIAN_POINT('',(-0.0519,-0.05255,-0.004385));
#9669=CARTESIAN_POINT('',(-0.0519,-0.0843,-0.003285));
#9670=CARTESIAN_POINT('',(-0.0519,-0.0843,-0.003285));
#9671=CARTESIAN_POINT('',(-0.0519,-0.0843,-0.007285));
#9672=CARTESIAN_POINT('',(-0.0519,-0.1023,-0.003285));
#9673=CARTESIAN_POINT('',(-0.0519,-0.0793,-0.003285));
#9674=CARTESIAN_POINT('',(-0.0519,-0.0793,-0.003285));
#9675=CARTESIAN_POINT('',(-0.0519,-0.0793,-0.007285));
#9676=CARTESIAN_POINT('',(-0.0519,-0.1023,-0.007285));
#9677=CARTESIAN_POINT('',(-0.0519,-0.028,-0.003285));
#9678=CARTESIAN_POINT('',(-0.0519,-0.028,-0.003285));
#9679=CARTESIAN_POINT('',(-0.0519,-0.028,-0.007285));
#9680=CARTESIAN_POINT('',(-0.0519,-0.1023,-0.003285));
#9681=CARTESIAN_POINT('',(-0.0519,-0.018,-0.003285));
#9682=CARTESIAN_POINT('',(-0.0519,-0.018,-0.003285));
#9683=CARTESIAN_POINT('',(-0.0519,-0.018,-0.007285));
#9684=CARTESIAN_POINT('',(-0.0519,-0.1023,-0.007285));
#9685=CARTESIAN_POINT('',(-0.0519,-0.0105,0.00331115242270663));
#9686=CARTESIAN_POINT('',(-0.0519,-0.0105,0.0103111524227066));
#9687=CARTESIAN_POINT('',(-0.0519,-0.009,-5.20417042793042E-18));
#9688=CARTESIAN_POINT('',(-0.0519,-0.009,-0.008385));
#9689=CARTESIAN_POINT('',(-0.0519,-0.1023,-0.008385));
#9690=CARTESIAN_POINT('',(-0.0519,-0.0923075,-0.0099925));
#9691=CARTESIAN_POINT('',(-0.01461,2.000000000002E-6,0.001065));
#9692=CARTESIAN_POINT('',(-0.01461,2.000000000002E-6,0.008015));
#9693=CARTESIAN_POINT('',(-0.01461,-0.1003,-0.005885));
#9694=CARTESIAN_POINT('',(-0.00771,2.000000000002E-6,0.008515));
#9695=CARTESIAN_POINT('',(-0.00131000000000002,-0.1023,0.008515));
#9696=CARTESIAN_POINT('',(-0.01411,2.000000000002E-6,0.008515));
#9697=CARTESIAN_POINT('',(-0.00771,2.000000000002E-6,-0.006385));
#9698=CARTESIAN_POINT('',(-0.01411,-0.1023,-0.006385));
#9699=CARTESIAN_POINT('',(-0.00131000000000001,2.000000000002E-6,-0.006385));
#9700=CARTESIAN_POINT('',(-0.000810000000000017,2.000000000002E-6,0.001065));
#9701=CARTESIAN_POINT('',(-0.000810000000000018,-0.1003,0.008015));
#9702=CARTESIAN_POINT('',(-0.000810000000000016,2.000000000002E-6,-0.005885));
#9703=CARTESIAN_POINT('',(0.00239,2.000000000002E-6,0.001065));
#9704=CARTESIAN_POINT('',(0.00239,2.000000000002E-6,0.008015));
#9705=CARTESIAN_POINT('',(0.00239,-0.1003,-0.005885));
#9706=CARTESIAN_POINT('',(0.00929,2.000000000002E-6,0.008515));
#9707=CARTESIAN_POINT('',(0.01569,-0.1023,0.008515));
#9708=CARTESIAN_POINT('',(0.00289,2.000000000002E-6,0.008515));
#9709=CARTESIAN_POINT('',(0.00929,2.000000000002E-6,-0.006385));
#9710=CARTESIAN_POINT('',(0.01569,2.000000000002E-6,-0.006385));
#9711=CARTESIAN_POINT('',(0.00289,-0.1023,-0.006385));
#9712=CARTESIAN_POINT('',(0.01619,2.000000000002E-6,0.001065));
#9713=CARTESIAN_POINT('',(0.01619,2.000000000002E-6,-0.005885));
#9714=CARTESIAN_POINT('',(0.01619,-0.1003,0.008015));
#9715=CARTESIAN_POINT('',(0.01839,2.000000000002E-6,-0.000735));
#9716=CARTESIAN_POINT('',(0.01839,2.000000000002E-6,0.005915));
#9717=CARTESIAN_POINT('',(0.01839,-0.1003,-0.007385));
#9718=CARTESIAN_POINT('',(0.02639,2.000000000002E-6,0.006415));
#9719=CARTESIAN_POINT('',(0.03389,-0.1023,0.006415));
#9720=CARTESIAN_POINT('',(0.01889,2.000000000002E-6,0.006415));
#9721=CARTESIAN_POINT('',(0.02639,2.000000000002E-6,-0.007885));
#9722=CARTESIAN_POINT('',(0.01889,-0.1023,-0.007885));
#9723=CARTESIAN_POINT('',(0.04539,2.000000000002E-6,-0.007885));
#9724=CARTESIAN_POINT('',(0.03439,2.000000000002E-6,0.0032075));
#9725=CARTESIAN_POINT('',(0.03439,-0.1023,4.99962207478022E-5));
#9726=CARTESIAN_POINT('',(0.03439,-0.1003,0.005915));
#9727=CARTESIAN_POINT('',(0.03789,2.000000000002E-6,0.000680550259965344));
#9728=CARTESIAN_POINT('',(0.034400691434556,2.000000000002E-6,-5.28489433736739E-5));
#9729=CARTESIAN_POINT('',(0.03789,2.000000000002E-6,-0.002885));
#9730=CARTESIAN_POINT('',(0.04164,2.000000000002E-6,-0.002885));
#9731=CARTESIAN_POINT('',(0.04539,2.000000000002E-6,-0.002885));
#9732=CARTESIAN_POINT('',(0.04539,2.000000000002E-6,-0.005385));
#9733=CARTESIAN_POINT('',(-0.0445,2.000000000002E-6,-0.000885000000000013));
#9734=CARTESIAN_POINT('',(-0.0351161165235169,2.000000000002E-6,-0.00585111652351683));
#9735=CARTESIAN_POINT('',(-0.0358535533905933,2.000000000002E-6,-0.00511367965644037));
#9736=CARTESIAN_POINT('',(-0.0343786796564404,2.000000000002E-6,-0.00658855339059328));
#9737=CARTESIAN_POINT('',(-0.0266661165235169,2.000000000002E-6,-0.006735));
#9738=CARTESIAN_POINT('',(-0.0340251262658471,2.000000000002E-6,-0.006735));
#9739=CARTESIAN_POINT('',(-0.0196,2.000000000002E-6,-0.006735));
#9740=CARTESIAN_POINT('',(-0.0191,2.000000000002E-6,-0.003955));
#9741=CARTESIAN_POINT('',(-0.0191,-0.1003,-0.001675));
#9742=CARTESIAN_POINT('',(-0.0191,2.000000000002E-6,-0.006235));
#9743=CARTESIAN_POINT('',(-0.036,2.000000000002E-6,-0.00307111652351682));
#9744=CARTESIAN_POINT('',(-0.036,2.000000000002E-6,-0.001675));
#9745=CARTESIAN_POINT('',(-0.036,2.000000000002E-6,-0.00476012626584709));
#9746=CARTESIAN_POINT('',(-0.02755,2.000000000002E-6,-0.001175));
#9747=CARTESIAN_POINT('',(-0.0196,-0.1023,-0.001175));
#9748=CARTESIAN_POINT('',(-0.0355,2.000000000002E-6,-0.001175));
#9749=CARTESIAN_POINT('',(-0.0313,-0.03959,-0.013887));
#9750=CARTESIAN_POINT('',(-0.0313,-0.0599114026395251,0.0177443919030831));
#9751=CARTESIAN_POINT('',(-0.0313,-0.05929,0.0208405193709303));
#9752=CARTESIAN_POINT('',(-0.0313,-0.05929,-0.013887));
#9753=CARTESIAN_POINT('',(-0.0313,-0.01989,-0.013887));
#9754=CARTESIAN_POINT('',(-0.0313,-0.01989,0.0208058327455419));
#9755=CARTESIAN_POINT('',(-0.0313,-0.0200029694189768,0.0177443919030831));
#9756=CARTESIAN_POINT('',(-0.0022,-0.01989,-0.013887));
#9757=CARTESIAN_POINT('',(0.0269,-0.01989,-0.013887));
#9758=CARTESIAN_POINT('',(0.0269,-0.01989,0.0208160391812305));
#9759=CARTESIAN_POINT('',(0.0272131327997238,-0.01989,0.0177046339376313));
#9760=CARTESIAN_POINT('',(-0.031428361431316,-0.01989,0.0177046339376313));
#9761=CARTESIAN_POINT('',(-0.0022,-0.05929,-0.013887));
#9762=CARTESIAN_POINT('',(0.026669688313689,-0.05929,0.0178455269525293));
#9763=CARTESIAN_POINT('',(0.0269,-0.05929,0.0208506064362403));
#9764=CARTESIAN_POINT('',(0.0269,-0.05929,-0.013887));
#9765=CARTESIAN_POINT('',(-0.0309734782689313,-0.05929,0.0178455269525293));
#9766=CARTESIAN_POINT('',(0.0269,-0.03959,-0.013887));
#9767=CARTESIAN_POINT('',(0.0269,-0.0596568779862311,0.0177858165153375));
#9768=CARTESIAN_POINT('',(0.0269,-0.0201206744957966,0.0177858165153375));
#9769=CARTESIAN_POINT('',(0.0349,-0.0095,0.020887));
#9770=CARTESIAN_POINT('',(0.0349,-0.015,0.00331115242270663));
#9771=CARTESIAN_POINT('',(0.0349,-0.015,0.00590922863405995));
#9772=CARTESIAN_POINT('',(0.0349,-0.015,0.000713076211353313));
#9773=CARTESIAN_POINT('',(0.0349,-0.01275,-0.000585961894323348));
#9774=CARTESIAN_POINT('',(0.0349,-0.0105,-0.001885));
#9775=CARTESIAN_POINT('',(0.0349,-0.00825,-0.000585961894323348));
#9776=CARTESIAN_POINT('',(0.0349,-0.006,0.00071307621135331));
#9777=CARTESIAN_POINT('',(0.0349,-0.006,0.00331115242270663));
#9778=CARTESIAN_POINT('',(0.0349,-0.006,0.00590922863405994));
#9779=CARTESIAN_POINT('',(0.0349,-0.00825,0.0072082667397366));
#9780=CARTESIAN_POINT('',(0.0349,-0.0105,0.00850730484541327));
#9781=CARTESIAN_POINT('',(0.0349,-0.01275,0.00720826673973661));
#9782=CARTESIAN_POINT('',(4.37623422348695E-19,-0.05115,-0.003885));
#9783=CARTESIAN_POINT('',(-0.039,-0.102302,-0.003885));
#9784=CARTESIAN_POINT('',(-0.039,-0.017,-0.003885));
#9785=CARTESIAN_POINT('',(-0.0349,-0.0095,-0.003885));
#9786=CARTESIAN_POINT('',(-0.0349,-0.017,-0.003885));
#9787=CARTESIAN_POINT('',(-0.0384,-0.017,-0.003885));
#9788=CARTESIAN_POINT('',(-0.0349,-0.0095,0.020887));
#9789=CARTESIAN_POINT('',(-0.0349,-0.01275,-0.000585961894323348));
#9790=CARTESIAN_POINT('',(-0.0349,-0.015,0.000713076211353312));
#9791=CARTESIAN_POINT('',(-0.0349,-0.0105,-0.001885));
#9792=CARTESIAN_POINT('',(-0.0349,-0.015,0.00331115242270663));
#9793=CARTESIAN_POINT('',(-0.0349,-0.015,0.00590922863405995));
#9794=CARTESIAN_POINT('',(-0.0349,-0.01275,0.00720826673973661));
#9795=CARTESIAN_POINT('',(-0.0349,-0.0105,0.00850730484541327));
#9796=CARTESIAN_POINT('',(-0.0349,-0.00825,0.0072082667397366));
#9797=CARTESIAN_POINT('',(-0.0349,-0.006,0.00590922863405994));
#9798=CARTESIAN_POINT('',(-0.0349,-0.006,0.00331115242270663));
#9799=CARTESIAN_POINT('',(-0.0349,-0.006,0.00071307621135331));
#9800=CARTESIAN_POINT('',(-0.0349,-0.00825,-0.000585961894323348));
#9801=CARTESIAN_POINT('',(-0.0349,-0.017,0.020887));
#9802=CARTESIAN_POINT('',(-0.0384,-0.017,0.020887));
#9803=CARTESIAN_POINT('',(-0.0415,-0.017,0.006));
#9804=CARTESIAN_POINT('',(-0.039,-0.017,0.006));
#9805=CARTESIAN_POINT('',(-0.039,-0.017,0.));
#9806=CARTESIAN_POINT('',(-0.0369,-0.01275,-0.000585961894323348));
#9807=CARTESIAN_POINT('',(-0.0369,-0.0105,-0.001885));
#9808=CARTESIAN_POINT('',(-0.0369,-0.0105,-0.001885));
#9809=CARTESIAN_POINT('',(-0.0369,-0.01275,-0.000585961894323348));
#9810=CARTESIAN_POINT('',(-0.0369,-0.015,0.000713076211353312));
#9811=CARTESIAN_POINT('',(-0.0369,-0.015,0.000713076211353312));
#9812=CARTESIAN_POINT('',(-0.0369,-0.00825,-0.000585961894323348));
#9813=CARTESIAN_POINT('',(-0.0369,-0.006,0.00071307621135331));
#9814=CARTESIAN_POINT('',(-0.0369,-0.006,0.00071307621135331));
#9815=CARTESIAN_POINT('',(-0.0369,-0.00825,-0.000585961894323348));
#9816=CARTESIAN_POINT('',(-0.0369,-0.006,0.00331115242270663));
#9817=CARTESIAN_POINT('',(-0.0369,-0.006,0.00590922863405994));
#9818=CARTESIAN_POINT('',(-0.0369,-0.006,0.00590922863405994));
#9819=CARTESIAN_POINT('',(-0.0369,-0.006,0.00331115242270663));
#9820=CARTESIAN_POINT('',(-0.0369,-0.00825,0.0072082667397366));
#9821=CARTESIAN_POINT('',(-0.0369,-0.0105,0.00850730484541327));
#9822=CARTESIAN_POINT('',(-0.0369,-0.0105,0.00850730484541327));
#9823=CARTESIAN_POINT('',(-0.0369,-0.00825,0.0072082667397366));
#9824=CARTESIAN_POINT('',(-0.0369,-0.01275,0.00720826673973661));
#9825=CARTESIAN_POINT('',(-0.0369,-0.015,0.00590922863405995));
#9826=CARTESIAN_POINT('',(-0.0369,-0.015,0.00590922863405995));
#9827=CARTESIAN_POINT('',(-0.0369,-0.01275,0.00720826673973661));
#9828=CARTESIAN_POINT('',(-0.0369,-0.015,0.00331115242270663));
#9829=CARTESIAN_POINT('',(-0.0369,-0.015,0.00331115242270663));
#9830=CARTESIAN_POINT('',(-0.0369,-0.0095,0.00689560851046725));
#9831=CARTESIAN_POINT('',(0.0369,-0.01275,-0.000585961894323348));
#9832=CARTESIAN_POINT('',(0.0369,-0.015,0.000713076211353312));
#9833=CARTESIAN_POINT('',(0.0369,-0.015,0.000713076211353312));
#9834=CARTESIAN_POINT('',(0.0369,-0.01275,-0.000585961894323348));
#9835=CARTESIAN_POINT('',(0.0369,-0.0105,-0.001885));
#9836=CARTESIAN_POINT('',(0.0369,-0.0105,-0.001885));
#9837=CARTESIAN_POINT('',(0.0369,-0.00825,-0.000585961894323348));
#9838=CARTESIAN_POINT('',(0.0369,-0.00825,-0.000585961894323348));
#9839=CARTESIAN_POINT('',(0.0369,-0.006,0.00071307621135331));
#9840=CARTESIAN_POINT('',(0.0369,-0.006,0.00071307621135331));
#9841=CARTESIAN_POINT('',(0.0369,-0.006,0.00331115242270663));
#9842=CARTESIAN_POINT('',(0.0369,-0.006,0.00331115242270663));
#9843=CARTESIAN_POINT('',(0.0369,-0.006,0.00590922863405994));
#9844=CARTESIAN_POINT('',(0.0369,-0.006,0.00590922863405994));
#9845=CARTESIAN_POINT('',(0.0369,-0.00825,0.0072082667397366));
#9846=CARTESIAN_POINT('',(0.0369,-0.00825,0.0072082667397366));
#9847=CARTESIAN_POINT('',(0.0369,-0.0105,0.00850730484541327));
#9848=CARTESIAN_POINT('',(0.0369,-0.0105,0.00850730484541327));
#9849=CARTESIAN_POINT('',(0.0369,-0.01275,0.00720826673973661));
#9850=CARTESIAN_POINT('',(0.0369,-0.01275,0.00720826673973661));
#9851=CARTESIAN_POINT('',(0.0369,-0.015,0.00590922863405995));
#9852=CARTESIAN_POINT('',(0.0369,-0.015,0.00590922863405995));
#9853=CARTESIAN_POINT('',(0.0369,-0.015,0.00331115242270663));
#9854=CARTESIAN_POINT('',(0.0369,-0.015,0.00331115242270663));
#9855=CARTESIAN_POINT('',(0.0369,-0.0095,0.00689560851046725));
#9856=CARTESIAN_POINT('',(-0.053902,-0.0105,0.00331115242270663));
#9857=CARTESIAN_POINT('',(-0.0535,-0.0105,0.00331115242270663));
#9858=CARTESIAN_POINT('',(-0.0535,-0.0105,0.0103111524227066));
#9859=CARTESIAN_POINT('',(0.053902,-0.0105,0.00331115242270663));
#9860=CARTESIAN_POINT('',(0.0535,-0.0105,0.00331115242270663));
#9861=CARTESIAN_POINT('',(0.0535,-0.0105,0.0103111524227066));
#9862=CARTESIAN_POINT('',(-0.0509,-0.018,-0.003285));
#9863=CARTESIAN_POINT('',(-0.0509,-0.018,-0.003285));
#9864=CARTESIAN_POINT('',(-0.0504,-0.018,-0.003285));
#9865=CARTESIAN_POINT('',(-0.0504,-0.018,-0.003285));
#9866=CARTESIAN_POINT('',(-0.0504,-0.018,-0.007285));
#9867=CARTESIAN_POINT('',(-0.0509,-0.018,-0.007285));
#9868=CARTESIAN_POINT('',(-0.0509,-0.028,-0.003285));
#9869=CARTESIAN_POINT('',(-0.0509,-0.028,-0.007285));
#9870=CARTESIAN_POINT('',(-0.0504,-0.028,-0.007285));
#9871=CARTESIAN_POINT('',(-0.0504,-0.028,-0.003285));
#9872=CARTESIAN_POINT('',(-0.0504,-0.028,-0.003285));
#9873=CARTESIAN_POINT('',(-0.0509,-0.028,-0.003285));
#9874=CARTESIAN_POINT('',(-0.0499,-0.023,-0.003285));
#9875=CARTESIAN_POINT('',(-0.0499,-0.023,-0.003785));
#9876=CARTESIAN_POINT('',(-0.0499,-0.0185,-0.003785));
#9877=CARTESIAN_POINT('',(-0.0499,-0.0275,-0.003785));
#9878=CARTESIAN_POINT('',(-0.0499,-0.0275,-0.007285));
#9879=CARTESIAN_POINT('',(-0.0499,-0.0275,-0.006785));
#9880=CARTESIAN_POINT('',(-0.0499,-0.018,-0.006785));
#9881=CARTESIAN_POINT('',(-0.0499,-0.0185,-0.006785));
#9882=CARTESIAN_POINT('',(-0.0499,-0.0185,-0.003285));
#9883=CARTESIAN_POINT('',(-3.70036793414533E-19,-0.05115,-0.003285));
#9884=CARTESIAN_POINT('',(-0.0504,-0.05115,-0.003285));
#9885=CARTESIAN_POINT('',(-8.20614319642276E-19,-0.05115,-0.007285));
#9886=CARTESIAN_POINT('',(-0.0504,-0.028,-0.007285));
#9887=CARTESIAN_POINT('',(-0.0507,-0.0843,-0.003285));
#9888=CARTESIAN_POINT('',(-0.0507,-0.0843,-0.007285));
#9889=CARTESIAN_POINT('',(-0.05,-0.0843,-0.007285));
#9890=CARTESIAN_POINT('',(-0.05,-0.0843,-0.003285));
#9891=CARTESIAN_POINT('',(-0.05,-0.0843,-0.003285));
#9892=CARTESIAN_POINT('',(-0.0507,-0.0843,-0.003285));
#9893=CARTESIAN_POINT('',(-0.0495,-0.0818,-0.003285));
#9894=CARTESIAN_POINT('',(-0.0495,-0.0818,-0.006785));
#9895=CARTESIAN_POINT('',(-0.0495,-0.0838,-0.006785));
#9896=CARTESIAN_POINT('',(-0.0495,-0.0798,-0.006785));
#9897=CARTESIAN_POINT('',(-0.0495,-0.0798,-0.003285));
#9898=CARTESIAN_POINT('',(-0.0495,-0.0798,-0.003785));
#9899=CARTESIAN_POINT('',(-0.0495,-0.0843,-0.003785));
#9900=CARTESIAN_POINT('',(-0.0495,-0.0838,-0.003785));
#9901=CARTESIAN_POINT('',(-0.0495,-0.0838,-0.007285));
#9902=CARTESIAN_POINT('',(-0.0507,-0.0793,-0.003285));
#9903=CARTESIAN_POINT('',(-0.0507,-0.0793,-0.003285));
#9904=CARTESIAN_POINT('',(-0.05,-0.0793,-0.003285));
#9905=CARTESIAN_POINT('',(-0.05,-0.0793,-0.003285));
#9906=CARTESIAN_POINT('',(-0.05,-0.0793,-0.007285));
#9907=CARTESIAN_POINT('',(-0.0507,-0.0793,-0.007285));
#9908=CARTESIAN_POINT('',(-3.70036793414533E-19,-0.05115,-0.003285));
#9909=CARTESIAN_POINT('',(-0.05,-0.0793,-0.003285));
#9910=CARTESIAN_POINT('',(-8.20614319642276E-19,-0.05115,-0.007285));
#9911=CARTESIAN_POINT('',(-0.05,-0.05115,-0.007285));
#9912=CARTESIAN_POINT('',(0.0507,-0.0843,-0.003285));
#9913=CARTESIAN_POINT('',(0.0507,-0.0843,-0.003285));
#9914=CARTESIAN_POINT('',(0.05,-0.0843,-0.003285));
#9915=CARTESIAN_POINT('',(0.05,-0.0843,-0.007285));
#9916=CARTESIAN_POINT('',(0.05,-0.0843,-0.007285));
#9917=CARTESIAN_POINT('',(0.0507,-0.0843,-0.007285));
#9918=CARTESIAN_POINT('',(0.0495,-0.0818,-0.003285));
#9919=CARTESIAN_POINT('',(0.0495,-0.0793,-0.003785));
#9920=CARTESIAN_POINT('',(0.0495,-0.0838,-0.003785));
#9921=CARTESIAN_POINT('',(0.0495,-0.0798,-0.003785));
#9922=CARTESIAN_POINT('',(0.0495,-0.0798,-0.003285));
#9923=CARTESIAN_POINT('',(0.0495,-0.0798,-0.006785));
#9924=CARTESIAN_POINT('',(0.0495,-0.0818,-0.006785));
#9925=CARTESIAN_POINT('',(0.0495,-0.0838,-0.006785));
#9926=CARTESIAN_POINT('',(0.0495,-0.0838,-0.003285));
#9927=CARTESIAN_POINT('',(0.0507,-0.0793,-0.003285));
#9928=CARTESIAN_POINT('',(0.0507,-0.0793,-0.007285));
#9929=CARTESIAN_POINT('',(0.05,-0.0793,-0.007285));
#9930=CARTESIAN_POINT('',(0.05,-0.0793,-0.003285));
#9931=CARTESIAN_POINT('',(0.05,-0.0793,-0.003285));
#9932=CARTESIAN_POINT('',(0.0507,-0.0793,-0.003285));
#9933=CARTESIAN_POINT('',(3.70036793414533E-19,-0.05115,-0.003285));
#9934=CARTESIAN_POINT('',(0.05,-0.0843,-0.003285));
#9935=CARTESIAN_POINT('',(8.20614319642276E-19,-0.05115,-0.007285));
#9936=CARTESIAN_POINT('',(0.05,-0.05115,-0.007285));
#9937=CARTESIAN_POINT('',(0.0509,-0.018,-0.003285));
#9938=CARTESIAN_POINT('',(0.0509,-0.018,-0.007285));
#9939=CARTESIAN_POINT('',(0.0504,-0.018,-0.007285));
#9940=CARTESIAN_POINT('',(0.0504,-0.018,-0.003285));
#9941=CARTESIAN_POINT('',(0.0504,-0.018,-0.003285));
#9942=CARTESIAN_POINT('',(0.0509,-0.018,-0.003285));
#9943=CARTESIAN_POINT('',(0.0509,-0.028,-0.003285));
#9944=CARTESIAN_POINT('',(0.0509,-0.028,-0.003285));
#9945=CARTESIAN_POINT('',(0.0504,-0.028,-0.003285));
#9946=CARTESIAN_POINT('',(0.0504,-0.028,-0.007285));
#9947=CARTESIAN_POINT('',(0.0504,-0.028,-0.007285));
#9948=CARTESIAN_POINT('',(0.0509,-0.028,-0.007285));
#9949=CARTESIAN_POINT('',(0.0499,-0.023,-0.003285));
#9950=CARTESIAN_POINT('',(0.0499,-0.028,-0.006785));
#9951=CARTESIAN_POINT('',(0.0499,-0.0185,-0.006785));
#9952=CARTESIAN_POINT('',(0.0499,-0.0275,-0.006785));
#9953=CARTESIAN_POINT('',(0.0499,-0.0275,-0.003285));
#9954=CARTESIAN_POINT('',(0.0499,-0.0275,-0.003785));
#9955=CARTESIAN_POINT('',(0.0499,-0.023,-0.003785));
#9956=CARTESIAN_POINT('',(0.0499,-0.0185,-0.003785));
#9957=CARTESIAN_POINT('',(0.0499,-0.0185,-0.003285));
#9958=CARTESIAN_POINT('',(3.70036793414533E-19,-0.05115,-0.003285));
#9959=CARTESIAN_POINT('',(0.0504,-0.05115,-0.003285));
#9960=CARTESIAN_POINT('',(8.20614319642276E-19,-0.05115,-0.007285));
#9961=CARTESIAN_POINT('',(0.0504,-0.018,-0.007285));
#9962=CARTESIAN_POINT('',(0.053902,-0.0733,-0.005885));
#9963=CARTESIAN_POINT('',(0.053902,-0.0733,-0.007385));
#9964=CARTESIAN_POINT('',(-0.0535,-0.0733,-0.007385));
#9965=CARTESIAN_POINT('',(-0.0535,-0.0733,-0.005885));
#9966=CARTESIAN_POINT('',(-0.0535,-0.0733,-0.004385));
#9967=CARTESIAN_POINT('',(0.053902,-0.0733,-0.004385));
#9968=CARTESIAN_POINT('',(0.053902,-0.05255,-0.007385));
#9969=CARTESIAN_POINT('',(0.053902,-0.0318,-0.007385));
#9970=CARTESIAN_POINT('',(-0.0535,-0.0318,-0.007385));
#9971=CARTESIAN_POINT('',(-0.0535,-0.0733,-0.007385));
#9972=CARTESIAN_POINT('',(0.053902,-0.05255,-0.004385));
#9973=CARTESIAN_POINT('',(-0.0535,-0.05255,-0.004385));
#9974=CARTESIAN_POINT('',(-0.0535,-0.0318,-0.004385));
#9975=CARTESIAN_POINT('',(0.053902,-0.0318,-0.004385));
#9976=CARTESIAN_POINT('',(0.053902,-0.0318,-0.005885));
#9977=CARTESIAN_POINT('',(-0.0535,-0.0318,-0.005885));
#9978=CARTESIAN_POINT('',(-0.0373745836057863,-0.01989,0.0169076593335084));
#9979=CARTESIAN_POINT('',(-0.0345285895598463,-0.01989,0.0177891619141093));
#9980=CARTESIAN_POINT('',(-0.0402205776517265,-0.01989,0.0160261567529074));
#9981=CARTESIAN_POINT('',(-0.0345285895598463,-0.02239,0.0177891619141093));
#9982=CARTESIAN_POINT('',(-0.0345285895598463,-0.02489,0.0177891619141093));
#9983=CARTESIAN_POINT('',(-0.0373745836057863,-0.02239,0.0169076593335084));
#9984=CARTESIAN_POINT('',(-0.0476929664659149,-0.0783260466909198,0.0137117000405482));
#9985=CARTESIAN_POINT('',(-0.0458991755456829,-0.0799017623207459,0.0142672989981421));
#9986=CARTESIAN_POINT('',(-0.0494867573861469,-0.0767503310610937,0.0131561010829542));
#9987=CARTESIAN_POINT('',(-0.0467979630671666,-0.08161224246672,0.0139889134826383));
#9988=CARTESIAN_POINT('',(-0.0494867573861469,-0.0867292797967794,0.0131561010829542));
#9989=CARTESIAN_POINT('',(-0.0494867573861469,-0.0792503310610936,0.0131561010829542));
#9990=CARTESIAN_POINT('',(-0.0440978163799801,-0.0614841261070235,0.0148252421025634));
#9991=CARTESIAN_POINT('',(-0.0387088753738132,-0.0662179211529533,0.0164943831221726));
#9992=CARTESIAN_POINT('',(-0.0494867573861469,-0.0567503310610937,0.0131561010829542));
#9993=CARTESIAN_POINT('',(-0.0396076628952969,-0.0679284012989274,0.0162159976066687));
#9994=CARTESIAN_POINT('',(-0.0405064504167807,-0.0696388814449015,0.015937612091165));
#9995=CARTESIAN_POINT('',(-0.0449966039014638,-0.0656946062529976,0.0145468565870596));
#9996=CARTESIAN_POINT('',(-0.0494867573861469,-0.0617503310610937,0.0131561010829542));
#9997=CARTESIAN_POINT('',(-0.0494867573861469,-0.0592503310610936,0.0131561010829542));
#9998=CARTESIAN_POINT('',(-0.0458953914229475,-0.0699050863989716,0.0142684710715558));
#9999=CARTESIAN_POINT('',(-0.042304025459748,-0.0730598417368496,0.0153808410601574));
#10000=CARTESIAN_POINT('',(-0.0494867573861469,-0.0667503310610937,0.0131561010829542));
#10001=CARTESIAN_POINT('',(-0.0432028129812317,-0.0747703218828237,0.0151024555446536));
#10002=CARTESIAN_POINT('',(-0.0441016005027155,-0.0764808020287978,0.0148240700291497));
#10003=CARTESIAN_POINT('',(-0.0467941789444312,-0.0741155665449457,0.013990085556052));
#10004=CARTESIAN_POINT('',(-0.0494867573861468,-0.0717503310610936,0.0131561010829542));
#10005=CARTESIAN_POINT('',(-0.0494867573861469,-0.0692503310610936,0.0131561010829542));
#10006=CARTESIAN_POINT('',(-0.0420076734729966,-0.0333201655305468,0.0154726314985317));
#10007=CARTESIAN_POINT('',(-0.0345285895598463,-0.03989,0.0177891619141093));
#10008=CARTESIAN_POINT('',(-0.0494867573861469,-0.0267503310610936,0.0131561010829542));
#10009=CARTESIAN_POINT('',(-0.0345285895598463,-0.04239,0.0177891619141093));
#10010=CARTESIAN_POINT('',(-0.0345285895598463,-0.04489,0.0177891619141093));
#10011=CARTESIAN_POINT('',(-0.0420076734729966,-0.0383201655305469,0.0154726314985317));
#10012=CARTESIAN_POINT('',(-0.0494867573861469,-0.0317503310610937,0.0131561010829542));
#10013=CARTESIAN_POINT('',(-0.0494867573861469,-0.0292503310610937,0.0131561010829542));
#10014=CARTESIAN_POINT('',(-0.0420076734729966,-0.0433201655305469,0.0154726314985317));
#10015=CARTESIAN_POINT('',(-0.0345285895598463,-0.04989,0.0177891619141093));
#10016=CARTESIAN_POINT('',(-0.0494867573861469,-0.0367503310610936,0.0131561010829542));
#10017=CARTESIAN_POINT('',(-0.0345285895598463,-0.05239,0.0177891619141093));
#10018=CARTESIAN_POINT('',(-0.0345285895598463,-0.05489,0.0177891619141093));
#10019=CARTESIAN_POINT('',(-0.0420076734729966,-0.0483201655305468,0.0154726314985317));
#10020=CARTESIAN_POINT('',(-0.0494867573861469,-0.0417503310610937,0.0131561010829542));
#10021=CARTESIAN_POINT('',(-0.0494867573861469,-0.0392503310610937,0.0131561010829542));
#10022=CARTESIAN_POINT('',(-0.0420076734729966,-0.0283201655305469,0.0154726314985317));
#10023=CARTESIAN_POINT('',(-0.0494867573861469,-0.0217503310610937,0.0131561010829542));
#10024=CARTESIAN_POINT('',(-0.0345285895598463,-0.03489,0.0177891619141093));
#10025=CARTESIAN_POINT('',(-0.0494867573861469,-0.0208201655305468,0.0131561010829542));
#10026=CARTESIAN_POINT('',(-0.0494867573861469,-0.01989,0.0131561010829542));
#10027=CARTESIAN_POINT('',(-0.0345285895598463,-0.03239,0.0177891619141093));
#10028=CARTESIAN_POINT('',(-0.0345285895598463,-0.02989,0.0177891619141093));
#10029=CARTESIAN_POINT('',(-0.0476996615648768,-0.01989,0.0137096263373299));
#10030=CARTESIAN_POINT('',(-0.0459125657436067,-0.01989,0.0142631515917056));
#10031=CARTESIAN_POINT('',(-0.0402205776517265,-0.02489,0.0160261567529074));
#10032=CARTESIAN_POINT('',(-0.0423002413370126,-0.0530631658150753,0.015382013133571));
#10033=CARTESIAN_POINT('',(-0.0351137252878784,-0.059376000569057,0.0176079251841878));
#10034=CARTESIAN_POINT('',(-0.0494867573861469,-0.0467503310610937,0.0131561010829542));
#10035=CARTESIAN_POINT('',(-0.0360125128093621,-0.0610864807150311,0.017329539668684));
#10036=CARTESIAN_POINT('',(-0.0369113003308458,-0.0627969608610052,0.0170511541531802));
#10037=CARTESIAN_POINT('',(-0.0431990288584963,-0.0572736459610494,0.0151036276180672));
#10038=CARTESIAN_POINT('',(-0.0494867573861469,-0.0517503310610937,0.0131561010829542));
#10039=CARTESIAN_POINT('',(-0.0494867573861469,-0.0492503310610937,0.0131561010829542));
#10040=CARTESIAN_POINT('',(0.033153595803301,-0.02239,0.0171955089388979));
#10041=CARTESIAN_POINT('',(0.0302695613507781,-0.02489,0.0179432215747372));
#10042=CARTESIAN_POINT('',(0.0360376302558239,-0.01989,0.0164477963030587));
#10043=CARTESIAN_POINT('',(0.0302695613507781,-0.02239,0.0179432215747372));
#10044=CARTESIAN_POINT('',(0.0302695613507781,-0.01989,0.0179432215747372));
#10045=CARTESIAN_POINT('',(0.033153595803301,-0.01989,0.0171955089388979));
#10046=CARTESIAN_POINT('',(0.0401416838809399,-0.0738324370680403,0.0153837824002508));
#10047=CARTESIAN_POINT('',(0.0391253428252775,-0.0722134434086315,0.0156472782294966));
#10048=CARTESIAN_POINT('',(0.0411580249366022,-0.0754514307274492,0.015120286571005));
#10049=CARTESIAN_POINT('',(0.0443254644953646,-0.0677057634938351,0.0142990985372518));
#10050=CARTESIAN_POINT('',(0.0495255861654518,-0.0631980835790388,0.012950918845007));
#10051=CARTESIAN_POINT('',(0.0495255861654518,-0.0656980835790388,0.012950918845007));
#10052=CARTESIAN_POINT('',(0.0495255861654518,-0.0681980835790388,0.012950918845007));
#10053=CARTESIAN_POINT('',(0.045341805551027,-0.071824757153244,0.014035602708006));
#10054=CARTESIAN_POINT('',(0.0360763196582903,-0.0673564624304049,0.016437765717234));
#10055=CARTESIAN_POINT('',(0.035059978602628,-0.065737468770996,0.0167012615464799));
#10056=CARTESIAN_POINT('',(0.0370926607139528,-0.0689754560898138,0.0161742698879882));
#10057=CARTESIAN_POINT('',(0.0422927823840399,-0.0594677761750174,0.0148260901957434));
#10058=CARTESIAN_POINT('',(0.0495255861654518,-0.0531980835790388,0.012950918845007));
#10059=CARTESIAN_POINT('',(0.0495255861654518,-0.0556980835790388,0.012950918845007));
#10060=CARTESIAN_POINT('',(0.0495255861654518,-0.0581980835790388,0.012950918845007));
#10061=CARTESIAN_POINT('',(0.0433091234397023,-0.0635867698344263,0.0145625943664976));
#10062=CARTESIAN_POINT('',(0.0442070481035894,-0.0803084117056757,0.0143297990832676));
#10063=CARTESIAN_POINT('',(0.043190707047927,-0.0786894180462669,0.0145932949125134));
#10064=CARTESIAN_POINT('',(0.0452233891592518,-0.0819274053650846,0.0140663032540218));
#10065=CARTESIAN_POINT('',(0.0463581466066894,-0.0759437508126529,0.0137721068787602));
#10066=CARTESIAN_POINT('',(0.0495255861654518,-0.0731980835790388,0.012950918845007));
#10067=CARTESIAN_POINT('',(0.0495255861654518,-0.0756980835790388,0.012950918845007));
#10068=CARTESIAN_POINT('',(0.0495255861654518,-0.0781980835790389,0.012950918845007));
#10069=CARTESIAN_POINT('',(0.0473744876623518,-0.0800627444720617,0.0135086110495144));
#10070=CARTESIAN_POINT('',(0.0482724123262389,-0.0867843863433112,0.0132758157662844));
#10071=CARTESIAN_POINT('',(0.0472560712705766,-0.0851653926839023,0.0135393115955302));
#10072=CARTESIAN_POINT('',(0.0492887533819013,-0.08840338000272,0.0130123199370386));
#10073=CARTESIAN_POINT('',(0.0483908287180142,-0.0841817381314706,0.0132451152202686));
#10074=CARTESIAN_POINT('',(0.0495255861654518,-0.0831980835790388,0.012950918845007));
#10075=CARTESIAN_POINT('',(0.0495255861654518,-0.0856980835790388,0.012950918845007));
#10076=CARTESIAN_POINT('',(0.0495255861654518,-0.0881980835790388,0.012950918845007));
#10077=CARTESIAN_POINT('',(0.0494071697736766,-0.0883007317908794,0.0129816193910228));
#10078=CARTESIAN_POINT('',(0.0495255861654518,-0.0256980835790388,0.012950918845007));
#10079=CARTESIAN_POINT('',(0.0495255861654518,-0.0281980835790388,0.012950918845007));
#10080=CARTESIAN_POINT('',(0.0495255861654518,-0.0231980835790388,0.012950918845007));
#10081=CARTESIAN_POINT('',(0.039897573758115,-0.0365440417895194,0.0154470702098721));
#10082=CARTESIAN_POINT('',(0.0302695613507781,-0.04489,0.0179432215747372));
#10083=CARTESIAN_POINT('',(0.0302695613507781,-0.04239,0.0179432215747372));
#10084=CARTESIAN_POINT('',(0.0302695613507781,-0.03989,0.0179432215747372));
#10085=CARTESIAN_POINT('',(0.039897573758115,-0.0315440417895194,0.0154470702098721));
#10086=CARTESIAN_POINT('',(0.0446897336133925,-0.01989,0.0142046583955409));
#10087=CARTESIAN_POINT('',(0.0475737680659154,-0.01989,0.0134569457597016));
#10088=CARTESIAN_POINT('',(0.0418056991608697,-0.01989,0.0149523710313801));
#10089=CARTESIAN_POINT('',(0.0389216647083467,-0.02739,0.0157000836672194));
#10090=CARTESIAN_POINT('',(0.0302695613507781,-0.03489,0.0179432215747372));
#10091=CARTESIAN_POINT('',(0.0360376302558239,-0.02489,0.0164477963030587));
#10092=CARTESIAN_POINT('',(0.0302695613507781,-0.02989,0.0179432215747372));
#10093=CARTESIAN_POINT('',(0.0302695613507781,-0.03239,0.0179432215747372));
#10094=CARTESIAN_POINT('',(0.0320109554356408,-0.0608804877927695,0.0174917490342173));
#10095=CARTESIAN_POINT('',(0.0309946143799785,-0.0592614941333606,0.0177552448634631));
#10096=CARTESIAN_POINT('',(0.0330272964913032,-0.0624994814521783,0.0172282532049715));
#10097=CARTESIAN_POINT('',(0.0402601002727151,-0.0512297888561997,0.015353081854235));
#10098=CARTESIAN_POINT('',(0.0495255861654518,-0.0431980835790388,0.012950918845007));
#10099=CARTESIAN_POINT('',(0.0495255861654518,-0.0456980835790388,0.012950918845007));
#10100=CARTESIAN_POINT('',(0.0495255861654518,-0.0481980835790388,0.012950918845007));
#10101=CARTESIAN_POINT('',(0.0412764413283775,-0.0553487825156086,0.0150895860249892));
#10102=CARTESIAN_POINT('',(0.0495255861654518,-0.0356980835790389,0.012950918845007));
#10103=CARTESIAN_POINT('',(0.0495255861654518,-0.0381980835790389,0.012950918845007));
#10104=CARTESIAN_POINT('',(0.0495255861654518,-0.0331980835790389,0.012950918845007));
#10105=CARTESIAN_POINT('',(0.039897573758115,-0.0465440417895194,0.0154470702098721));
#10106=CARTESIAN_POINT('',(0.0302695613507781,-0.05489,0.0179432215747372));
#10107=CARTESIAN_POINT('',(0.0302695613507781,-0.05239,0.0179432215747372));
#10108=CARTESIAN_POINT('',(0.0302695613507782,-0.04989,0.0179432215747372));
#10109=CARTESIAN_POINT('',(0.039897573758115,-0.0415440417895194,0.0154470702098721));
#10110=CARTESIAN_POINT('',(-0.0494,-0.009,-0.008385));
#10111=CARTESIAN_POINT('',(-0.0469,-0.009,-0.008385));
#10112=CARTESIAN_POINT('',(-0.0469,-0.009,-0.008385));
#10113=CARTESIAN_POINT('',(-0.0494,-0.009,-0.008385));
#10114=CARTESIAN_POINT('',(-0.0449,-0.0045,-0.008385));
#10115=CARTESIAN_POINT('',(-0.0449,-0.0045,-0.008385));
#10116=CARTESIAN_POINT('',(-0.0449,-0.007,-0.008385));
#10117=CARTESIAN_POINT('',(-0.0449,-0.007,-0.018385));
#10118=CARTESIAN_POINT('',(9.44523139354905E-19,-0.05115,-0.008385));
#10119=CARTESIAN_POINT('',(-0.0494,-0.00475,-0.008385));
#10120=CARTESIAN_POINT('',(-0.0509,-0.00475,-0.008385));
#10121=CARTESIAN_POINT('',(-0.0469,-0.007,-0.008385));
#10122=CARTESIAN_POINT('',(0.0494,-0.009,-0.008385));
#10123=CARTESIAN_POINT('',(0.0494,-0.009,-0.008385));
#10124=CARTESIAN_POINT('',(0.0469,-0.009,-0.008385));
#10125=CARTESIAN_POINT('',(0.0469,-0.009,-0.018385));
#10126=CARTESIAN_POINT('',(0.0449,-0.0045,-0.008385));
#10127=CARTESIAN_POINT('',(0.0449,-0.007,-0.008385));
#10128=CARTESIAN_POINT('',(0.0449,-0.007,-0.008385));
#10129=CARTESIAN_POINT('',(0.0449,-0.0045,-0.008385));
#10130=CARTESIAN_POINT('',(9.44523139354905E-19,-0.05115,-0.008385));
#10131=CARTESIAN_POINT('',(0.0494,-0.00475,-0.008385));
#10132=CARTESIAN_POINT('',(0.0479,-0.00475,-0.008385));
#10133=CARTESIAN_POINT('',(0.0469,-0.007,-0.008385));
#10134=CARTESIAN_POINT('',(0.0469,-0.00475,-0.016385));
#10135=CARTESIAN_POINT('',(0.0494,-0.00475,-0.016385));
#10136=CARTESIAN_POINT('',(0.0509,-0.00475,-0.016385));
#10137=CARTESIAN_POINT('',(0.0509,-0.003,-0.016385));
#10138=CARTESIAN_POINT('',(0.0537284271247462,-0.002,-0.016385));
#10139=CARTESIAN_POINT('',(0.0469,-0.002,-0.016385));
#10140=CARTESIAN_POINT('',(0.0469,-0.002,-0.016385));
#10141=CARTESIAN_POINT('',(0.0469,-0.00475,-0.016385));
#10142=CARTESIAN_POINT('',(0.0469,-0.0075,-0.016385));
#10143=CARTESIAN_POINT('',(0.0469,-0.0075,-0.016385));
#10144=CARTESIAN_POINT('',(0.0469,-0.0075,-0.015135));
#10145=CARTESIAN_POINT('',(0.0469,-0.0075,-0.015135));
#10146=CARTESIAN_POINT('',(0.0469,-0.0075,-0.013885));
#10147=CARTESIAN_POINT('',(0.0469,-0.0075,-0.013885));
#10148=CARTESIAN_POINT('',(0.0469,-0.00475,-0.013885));
#10149=CARTESIAN_POINT('',(0.0494,-0.00475,-0.013885));
#10150=CARTESIAN_POINT('',(0.0509,-0.00475,-0.013885));
#10151=CARTESIAN_POINT('',(0.0469,-0.002,-0.013885));
#10152=CARTESIAN_POINT('',(0.0469,-0.002,-0.013885));
#10153=CARTESIAN_POINT('',(0.0537284271247462,-0.002,-0.013885));
#10154=CARTESIAN_POINT('',(0.0509,-0.003,-0.013885));
#10155=CARTESIAN_POINT('',(0.0469,-0.00475,-0.013885));
#10156=CARTESIAN_POINT('',(0.0469,-0.002,-0.015135));
#10157=CARTESIAN_POINT('',(0.0537284271247462,-0.002,-0.016385));
#10158=CARTESIAN_POINT('',(0.0469,-0.002,-0.015135));
#10159=CARTESIAN_POINT('',(0.0469,-0.05115,-0.00225));
#10160=CARTESIAN_POINT('',(-0.0469,-0.00475,-0.016385));
#10161=CARTESIAN_POINT('',(-0.0494,-0.00475,-0.016385));
#10162=CARTESIAN_POINT('',(-0.0479,-0.00475,-0.016385));
#10163=CARTESIAN_POINT('',(-0.0469,-0.002,-0.016385));
#10164=CARTESIAN_POINT('',(-0.0469,-0.002,-0.016385));
#10165=CARTESIAN_POINT('',(-0.0537284271247462,-0.002,-0.016385));
#10166=CARTESIAN_POINT('',(-0.0509,-0.003,-0.016385));
#10167=CARTESIAN_POINT('',(-0.0469,-0.0075,-0.016385));
#10168=CARTESIAN_POINT('',(-0.0469,-0.0075,-0.016385));
#10169=CARTESIAN_POINT('',(-0.0469,-0.00475,-0.016385));
#10170=CARTESIAN_POINT('',(-0.0469,-0.0075,-0.015135));
#10171=CARTESIAN_POINT('',(-0.0469,-0.0075,-0.013885));
#10172=CARTESIAN_POINT('',(-0.0469,-0.0075,-0.013885));
#10173=CARTESIAN_POINT('',(-0.0469,-0.0075,-0.015135));
#10174=CARTESIAN_POINT('',(-0.0469,-0.00475,-0.013885));
#10175=CARTESIAN_POINT('',(-0.0494,-0.00475,-0.013885));
#10176=CARTESIAN_POINT('',(-0.0479,-0.00475,-0.013885));
#10177=CARTESIAN_POINT('',(-0.0509,-0.003,-0.013885));
#10178=CARTESIAN_POINT('',(-0.0537284271247462,-0.002,-0.013885));
#10179=CARTESIAN_POINT('',(-0.0469,-0.002,-0.013885));
#10180=CARTESIAN_POINT('',(-0.0469,-0.002,-0.013885));
#10181=CARTESIAN_POINT('',(-0.0469,-0.00475,-0.013885));
#10182=CARTESIAN_POINT('',(-0.0469,-0.002,-0.015135));
#10183=CARTESIAN_POINT('',(-0.0537284271247462,-0.002,-0.013885));
#10184=CARTESIAN_POINT('',(-0.0469,-0.002,-0.015135));
#10185=CARTESIAN_POINT('',(-0.0469,-0.05115,-0.00225));
#10186=CARTESIAN_POINT('',(-0.0305,-0.102302,-0.015385));
#10187=CARTESIAN_POINT('',(-0.0346,-0.102302,-0.015385));
#10188=CARTESIAN_POINT('',(-0.0346,-0.1007,-0.015385));
#10189=CARTESIAN_POINT('',(-0.0264,-0.1007,-0.015385));
#10190=CARTESIAN_POINT('',(-0.0264,-0.1007,-0.015385));
#10191=CARTESIAN_POINT('',(-0.0264,-0.102302,-0.015385));
#10192=CARTESIAN_POINT('',(-0.0264,-0.102302,-0.014935));
#10193=CARTESIAN_POINT('',(-0.0264,-0.1003,-0.014985));
#10194=CARTESIAN_POINT('',(-0.0264,-0.101726,-0.015511));
#10195=CARTESIAN_POINT('',(-0.0264,-0.1007,-0.014485));
#10196=CARTESIAN_POINT('',(-0.0264,-0.102302,-0.014485));
#10197=CARTESIAN_POINT('',(-0.0255,-0.102302,-0.014485));
#10198=CARTESIAN_POINT('',(-0.0255,-0.1007,-0.014485));
#10199=CARTESIAN_POINT('',(-0.0246,-0.1007,-0.014485));
#10200=CARTESIAN_POINT('',(-0.0246,-0.102302,-0.014485));
#10201=CARTESIAN_POINT('',(-0.0246,-0.102302,-0.014935));
#10202=CARTESIAN_POINT('',(-0.0246,-0.1003,-0.014985));
#10203=CARTESIAN_POINT('',(-0.0246,-0.1007,-0.015385));
#10204=CARTESIAN_POINT('',(-0.0246,-0.102302,-0.015385));
#10205=CARTESIAN_POINT('',(-0.0246,-0.101726,-0.015511));
#10206=CARTESIAN_POINT('',(-0.0238,-0.102302,-0.015385));
#10207=CARTESIAN_POINT('',(-0.023,-0.1007,-0.015385));
#10208=CARTESIAN_POINT('',(-0.023,-0.1007,-0.015385));
#10209=CARTESIAN_POINT('',(-0.023,-0.102302,-0.015385));
#10210=CARTESIAN_POINT('',(-0.023,-0.102302,-0.016135));
#10211=CARTESIAN_POINT('',(-0.023,-0.1007,-0.016135));
#10212=CARTESIAN_POINT('',(-0.023,-0.1007,-0.016885));
#10213=CARTESIAN_POINT('',(-0.023,-0.102302,-0.016885));
#10214=CARTESIAN_POINT('',(-0.0305,-0.102302,-0.016885));
#10215=CARTESIAN_POINT('',(-0.0305,-0.1007,-0.016885));
#10216=CARTESIAN_POINT('',(-0.038,-0.1007,-0.016885));
#10217=CARTESIAN_POINT('',(-0.038,-0.102302,-0.016885));
#10218=CARTESIAN_POINT('',(-0.038,-0.102302,-0.016135));
#10219=CARTESIAN_POINT('',(-0.038,-0.1007,-0.016135));
#10220=CARTESIAN_POINT('',(-0.038,-0.1007,-0.015385));
#10221=CARTESIAN_POINT('',(-0.038,-0.102302,-0.015385));
#10222=CARTESIAN_POINT('',(-0.0372,-0.102302,-0.015385));
#10223=CARTESIAN_POINT('',(-0.0364,-0.1007,-0.015385));
#10224=CARTESIAN_POINT('',(-0.0364,-0.1007,-0.015385));
#10225=CARTESIAN_POINT('',(-0.0364,-0.102302,-0.015385));
#10226=CARTESIAN_POINT('',(-0.0364,-0.102302,-0.014935));
#10227=CARTESIAN_POINT('',(-0.0364,-0.101276,-0.015961));
#10228=CARTESIAN_POINT('',(-0.0364,-0.1003,-0.014085));
#10229=CARTESIAN_POINT('',(-0.0364,-0.1007,-0.014485));
#10230=CARTESIAN_POINT('',(-0.0364,-0.102302,-0.014485));
#10231=CARTESIAN_POINT('',(-0.0346,-0.102302,-0.014935));
#10232=CARTESIAN_POINT('',(-0.0346,-0.101276,-0.015961));
#10233=CARTESIAN_POINT('',(-0.0346,-0.102302,-0.014485));
#10234=CARTESIAN_POINT('',(-0.0346,-0.1007,-0.014485));
#10235=CARTESIAN_POINT('',(-0.0346,-0.1003,-0.014085));
#10236=CARTESIAN_POINT('',(-0.0355,-0.102302,-0.014485));
#10237=CARTESIAN_POINT('',(-0.0346,-0.1007,-0.014485));
#10238=CARTESIAN_POINT('',(0.0346,-0.102302,-0.014935));
#10239=CARTESIAN_POINT('',(0.0346,-0.102302,-0.015385));
#10240=CARTESIAN_POINT('',(0.0346,-0.1007,-0.015385));
#10241=CARTESIAN_POINT('',(0.0346,-0.1003,-0.014985));
#10242=CARTESIAN_POINT('',(0.0346,-0.101726,-0.015511));
#10243=CARTESIAN_POINT('',(0.0346,-0.1007,-0.014485));
#10244=CARTESIAN_POINT('',(0.0346,-0.102302,-0.014485));
#10245=CARTESIAN_POINT('',(0.0355,-0.102302,-0.014485));
#10246=CARTESIAN_POINT('',(0.0355,-0.1007,-0.014485));
#10247=CARTESIAN_POINT('',(0.0364,-0.1007,-0.014485));
#10248=CARTESIAN_POINT('',(0.0364,-0.102302,-0.014485));
#10249=CARTESIAN_POINT('',(0.0364,-0.102302,-0.014935));
#10250=CARTESIAN_POINT('',(0.0364,-0.1003,-0.014985));
#10251=CARTESIAN_POINT('',(0.0364,-0.1007,-0.015385));
#10252=CARTESIAN_POINT('',(0.0364,-0.102302,-0.015385));
#10253=CARTESIAN_POINT('',(0.0364,-0.101726,-0.015511));
#10254=CARTESIAN_POINT('',(0.0372,-0.102302,-0.015385));
#10255=CARTESIAN_POINT('',(0.038,-0.1007,-0.015385));
#10256=CARTESIAN_POINT('',(0.038,-0.1007,-0.015385));
#10257=CARTESIAN_POINT('',(0.038,-0.102302,-0.015385));
#10258=CARTESIAN_POINT('',(0.038,-0.102302,-0.016135));
#10259=CARTESIAN_POINT('',(0.038,-0.1007,-0.016135));
#10260=CARTESIAN_POINT('',(0.038,-0.1007,-0.016885));
#10261=CARTESIAN_POINT('',(0.038,-0.102302,-0.016885));
#10262=CARTESIAN_POINT('',(0.0305,-0.102302,-0.016885));
#10263=CARTESIAN_POINT('',(0.0305,-0.1007,-0.016885));
#10264=CARTESIAN_POINT('',(0.023,-0.1007,-0.016885));
#10265=CARTESIAN_POINT('',(0.023,-0.102302,-0.016885));
#10266=CARTESIAN_POINT('',(0.023,-0.102302,-0.016135));
#10267=CARTESIAN_POINT('',(0.023,-0.1007,-0.016135));
#10268=CARTESIAN_POINT('',(0.023,-0.1007,-0.015385));
#10269=CARTESIAN_POINT('',(0.023,-0.102302,-0.015385));
#10270=CARTESIAN_POINT('',(0.0238,-0.102302,-0.015385));
#10271=CARTESIAN_POINT('',(0.0246,-0.1007,-0.015385));
#10272=CARTESIAN_POINT('',(0.0246,-0.1007,-0.015385));
#10273=CARTESIAN_POINT('',(0.0246,-0.102302,-0.015385));
#10274=CARTESIAN_POINT('',(0.0246,-0.102302,-0.014935));
#10275=CARTESIAN_POINT('',(0.0246,-0.101276,-0.015961));
#10276=CARTESIAN_POINT('',(0.0246,-0.1003,-0.014085));
#10277=CARTESIAN_POINT('',(0.0246,-0.1007,-0.014485));
#10278=CARTESIAN_POINT('',(0.0246,-0.102302,-0.014485));
#10279=CARTESIAN_POINT('',(0.0255,-0.102302,-0.014485));
#10280=CARTESIAN_POINT('',(0.0264,-0.1007,-0.014485));
#10281=CARTESIAN_POINT('',(0.0264,-0.1007,-0.014485));
#10282=CARTESIAN_POINT('',(0.0264,-0.102302,-0.014485));
#10283=CARTESIAN_POINT('',(0.0305,-0.102302,-0.015385));
#10284=CARTESIAN_POINT('',(0.0264,-0.102302,-0.015385));
#10285=CARTESIAN_POINT('',(0.0264,-0.1007,-0.015385));
#10286=CARTESIAN_POINT('',(0.0346,-0.1007,-0.015385));
#10287=CARTESIAN_POINT('',(0.0264,-0.102302,-0.014935));
#10288=CARTESIAN_POINT('',(0.0264,-0.101276,-0.015961));
#10289=CARTESIAN_POINT('',(0.0264,-0.1003,-0.014085));
#10290=CARTESIAN_POINT('',(-0.0494,-0.00475,-0.008383));
#10291=CARTESIAN_POINT('',(-0.0494,-0.00475,-0.008383));
#10292=CARTESIAN_POINT('',(0.0494,-0.00475,-0.008383));
#10293=CARTESIAN_POINT('',(0.0494,-0.00475,-0.008383));
#10294=CARTESIAN_POINT('',(0.0509,-0.0993,0.));
#10295=CARTESIAN_POINT('',(0.0509,-0.0993,0.0136297166162236));
#10296=CARTESIAN_POINT('',(0.0536840657005494,-0.100417576921301,0.0131485200753879));
#10297=CARTESIAN_POINT('',(0.0536840657005494,-0.100417576921301,0.0131485200753879));
#10298=CARTESIAN_POINT('',(0.0535589407035481,-0.100729283619778,0.0131701466180795));
#10299=CARTESIAN_POINT('',(0.0533835687953322,-0.101015966876432,0.0131739151976923));
#10300=CARTESIAN_POINT('',(0.0531632546711127,-0.101269182138271,0.0131464408609818));
#10301=CARTESIAN_POINT('',(0.0531632546711127,-0.101269182138271,0.0131464408609818));
#10302=CARTESIAN_POINT('',(0.0509,-0.0993,0.0133601008620343));
#10303=CARTESIAN_POINT('',(-0.00564599564781698,-0.00781231232650495,0.0262236672388456));
#10304=CARTESIAN_POINT('',(0.0524088364474084,-0.100773427300655,0.0141334540547643));
#10305=CARTESIAN_POINT('',(0.0526386539814516,-0.100556682107969,0.0141687299522021));
#10306=CARTESIAN_POINT('',(0.0528421245412902,-0.100313358782692,0.0141592640078137));
#10307=CARTESIAN_POINT('',(0.05300700595915,-0.100045051280867,0.0141165169735537));
#10308=CARTESIAN_POINT('',(-0.0509,-0.0993,-5.20417042793042E-18));
#10309=CARTESIAN_POINT('',(-0.0532633778765279,-0.101147821693979,0.0131596086996247));
#10310=CARTESIAN_POINT('',(-0.053523608269356,-0.100814985059787,0.0131957221064191));
#10311=CARTESIAN_POINT('',(-0.053710370472878,-0.10043179248206,0.0131870216871591));
#10312=CARTESIAN_POINT('',(-0.0538120834376935,-0.10002095079715,0.0131660190100586));
#10313=CARTESIAN_POINT('',(-0.0532633778765279,-0.101147821693979,0.0131596086996247));
#10314=CARTESIAN_POINT('',(-0.0538120834376935,-0.10002095079715,0.0131660190100586));
#10315=CARTESIAN_POINT('',(-0.0509,-0.0993,0.0137673341741841));
#10316=CARTESIAN_POINT('',(-0.0509,-0.0993,0.0133601008620343));
#10317=CARTESIAN_POINT('',(-0.00166252052221042,-0.0035083941289176,0.0269241421838144));
#10318=CARTESIAN_POINT('',(-0.053137256354568,-0.0997806338647667,0.014121248031771));
#10319=CARTESIAN_POINT('',(-0.0529779601504815,-0.100123305784475,0.0141705875640102));
#10320=CARTESIAN_POINT('',(-0.0527467093375634,-0.100428352989321,0.0141896158817659));
#10321=CARTESIAN_POINT('',(-0.0524755852510186,-0.100692520337793,0.0141466218934073));
#10322=CARTESIAN_POINT('',(0.0509,-0.003,6.93889390390723E-18));
#10323=CARTESIAN_POINT('',(0.0521259830350083,-0.000261941272019184,0.0132382712724611));
#10324=CARTESIAN_POINT('',(0.0525274421614679,-0.000441697123586227,0.0132804462669632));
#10325=CARTESIAN_POINT('',(0.0528857766403123,-0.000708790226980077,0.0132864959623425));
#10326=CARTESIAN_POINT('',(0.0531725361639772,-0.00104153647381025,0.0132369325878819));
#10327=CARTESIAN_POINT('',(0.0521259830350083,-0.000261941272019184,0.0132382712724611));
#10328=CARTESIAN_POINT('',(0.0531725361639772,-0.00104153647381025,0.0132369325878819));
#10329=CARTESIAN_POINT('',(0.0509,-0.003,0.0136297166162236));
#10330=CARTESIAN_POINT('',(0.0509,-0.003,0.0138806849173703));
#10331=CARTESIAN_POINT('',(0.0222620324346318,-0.0235373106022844,0.0189882525508033));
#10332=CARTESIAN_POINT('',(0.0526659862681019,-0.00169435764920684,0.0142049294860477));
#10333=CARTESIAN_POINT('',(0.0523994221308983,-0.00136178221557039,0.0142740387068042));
#10334=CARTESIAN_POINT('',(0.0520771786015929,-0.00106763538760538,0.0142607389498863));
#10335=CARTESIAN_POINT('',(0.0517173220233388,-0.000842650969384068,0.0141815589133076));
#10336=CARTESIAN_POINT('',(-0.0509,-0.003,0.));
#10337=CARTESIAN_POINT('',(-0.0509,-0.003,0.0137673341741841));
#10338=CARTESIAN_POINT('',(-0.0533439444342487,-0.00126013345273132,0.0132626848809764));
#10339=CARTESIAN_POINT('',(-0.0533439444342487,-0.00126013345273132,0.0132626848809764));
#10340=CARTESIAN_POINT('',(-0.0530815357417473,-0.00089153491593884,0.0133168695667436));
#10341=CARTESIAN_POINT('',(-0.052736184587295,-0.000584748629384197,0.0133140095497045));
#10342=CARTESIAN_POINT('',(-0.0523388792666595,-0.000367581633558721,0.0132630570117196));
#10343=CARTESIAN_POINT('',(-0.0523388792666595,-0.000367581633558722,0.0132630570117196));
#10344=CARTESIAN_POINT('',(-0.0509,-0.003,0.0138806849173703));
#10345=CARTESIAN_POINT('',(-0.0269163568042961,-0.0238609633642223,0.0191021574946728));
#10346=CARTESIAN_POINT('',(-0.0518592528444397,-0.000913077877077088,0.0142063446525661));
#10347=CARTESIAN_POINT('',(-0.0522285490312206,-0.00116191070638396,0.0142939177951075));
#10348=CARTESIAN_POINT('',(-0.0525593682203016,-0.00148154632569487,0.014300239931765));
#10349=CARTESIAN_POINT('',(-0.0528251636856048,-0.00184008896848754,0.0142179139026888));
#10350=CARTESIAN_POINT('',(0.03489,2.000000000002E-6,4.99962207478022E-5));
#10351=CARTESIAN_POINT('',(0.03389,2.000000000002E-6,0.005915));
#10352=CARTESIAN_POINT('',(0.01889,2.000000000002E-6,0.005915));
#10353=CARTESIAN_POINT('',(0.01889,2.000000000002E-6,-0.007385));
#10354=CARTESIAN_POINT('',(0.01569,2.000000000002E-6,-0.005885));
#10355=CARTESIAN_POINT('',(0.01569,2.000000000002E-6,0.008015));
#10356=CARTESIAN_POINT('',(0.00289,2.000000000002E-6,0.008015));
#10357=CARTESIAN_POINT('',(0.00289,2.000000000002E-6,-0.005885));
#10358=CARTESIAN_POINT('',(-0.00131000000000002,2.000000000002E-6,0.008015));
#10359=CARTESIAN_POINT('',(-0.01411,2.000000000002E-6,0.008015));
#10360=CARTESIAN_POINT('',(-0.01411,2.000000000002E-6,-0.005885));
#10361=CARTESIAN_POINT('',(-0.00131000000000002,2.000000000002E-6,-0.005885));
#10362=CARTESIAN_POINT('',(-0.0196,2.000000000002E-6,-0.001675));
#10363=CARTESIAN_POINT('',(-0.0355,2.000000000002E-6,-0.001675));
#10364=CARTESIAN_POINT('',(-0.0355,2.000000000002E-6,-0.00476012626584709));
#10365=CARTESIAN_POINT('',(-0.0340251262658471,2.000000000002E-6,-0.006235));
#10366=CARTESIAN_POINT('',(-0.0196,2.000000000002E-6,-0.006235));
#10367=CARTESIAN_POINT('',(-0.0509,2.60208521396521E-18,0.0131768136252637));
#10368=CARTESIAN_POINT('',(-0.0509,2.60208521396521E-18,0.013885));
#10369=CARTESIAN_POINT('',(-0.0509,-0.000668023454704602,0.0141201012661102));
#10370=CARTESIAN_POINT('',(-0.0514002289616606,2.60208521396521E-18,0.0131768136252675));
#10371=CARTESIAN_POINT('',(-0.0513586706080988,-1.86652350266426E-14,0.0138850000000059));
#10372=CARTESIAN_POINT('',(-0.0512334859744416,-0.000668023454714981,0.0141201012661139));
#10373=CARTESIAN_POINT('',(-0.0518999419656362,-0.000127658606938993,0.0132067653681385));
#10374=CARTESIAN_POINT('',(-0.0518213222853722,-0.000107878016617834,0.0139229661194742));
#10375=CARTESIAN_POINT('',(-0.0515666279770861,-0.000753129192673317,0.0141500530089851));
#10376=CARTESIAN_POINT('',(-0.0523388792666595,-0.000367581633558736,0.0132630570117196));
#10377=CARTESIAN_POINT('',(-0.0522306818533546,-0.000308440952618603,0.0139935513659291));
#10378=CARTESIAN_POINT('',(-0.0518592528444397,-0.000913077877077095,0.0142063446525661));
#10379=CARTESIAN_POINT('',(-0.0509,-0.001,0.0131768136252637));
#10380=CARTESIAN_POINT('',(-0.0518592528444397,-0.00124505442237248,0.0132630570117196));
#10381=CARTESIAN_POINT('',(-0.0528251636856048,-0.00184008896848755,0.0142179139026888));
#10382=CARTESIAN_POINT('',(-0.0534241316172732,-0.00137277026384665,0.0140323928619066));
#10383=CARTESIAN_POINT('',(-0.0533439444342488,-0.00126013345273133,0.0132626848809764));
#10384=CARTESIAN_POINT('',(-0.0525567199859505,-0.00147797401556103,0.0143010601813428));
#10385=CARTESIAN_POINT('',(-0.0531242821235029,-0.000915187476592628,0.0141326889107097));
#10386=CARTESIAN_POINT('',(-0.0530820488102864,-0.000892255609719888,0.0133167636109718));
#10387=CARTESIAN_POINT('',(-0.0522192512609143,-0.00115564584171774,0.0142917129659137));
#10388=CARTESIAN_POINT('',(-0.0526996342934563,-0.000543308366793189,0.0141100348624857));
#10389=CARTESIAN_POINT('',(-0.0527309750319576,-0.000581901087648768,0.0133133414594237));
#10390=CARTESIAN_POINT('',(-0.0518592528444397,-0.000913077877077061,0.0142063446525661));
#10391=CARTESIAN_POINT('',(-0.0522306818533546,-0.000308440952618563,0.0139935513659291));
#10392=CARTESIAN_POINT('',(-0.0523388792666595,-0.000367581633558701,0.0132630570117196));
#10393=CARTESIAN_POINT('',(-0.0525292962894992,-0.00184008896848754,0.0132626848809764));
#10394=CARTESIAN_POINT('',(-3.07856798737579E-18,-0.001,0.0131768136252637));
#10395=CARTESIAN_POINT('',(0.0509,-0.001,0.0131768136252637));
#10396=CARTESIAN_POINT('',(-0.0531958673961056,-0.003,0.0141030941693478));
#10397=CARTESIAN_POINT('',(-0.0539,-0.003,0.013885));
#10398=CARTESIAN_POINT('',(-0.0539,-0.003,0.0131478651476354));
#10399=CARTESIAN_POINT('',(-0.053195867396094,-0.0025875505762011,0.0141030941693514));
#10400=CARTESIAN_POINT('',(-0.0538999999999768,-0.00242841027998898,0.0138850000000064));
#10401=CARTESIAN_POINT('',(-0.0539,-0.00238132586430179,0.0131478651476397));
#10402=CARTESIAN_POINT('',(-0.0530643660032749,-0.00217609012552005,0.0141438246892512));
#10403=CARTESIAN_POINT('',(-0.0537298333764522,-0.00185065536158779,0.0139377064763192));
#10404=CARTESIAN_POINT('',(-0.0537027479107668,-0.00176413518826794,0.0131885956675378));
#10405=CARTESIAN_POINT('',(-0.0528251636856048,-0.00184008896848754,0.0142179139026888));
#10406=CARTESIAN_POINT('',(-0.0534241316172731,-0.00137277026384662,0.0140323928619066));
#10407=CARTESIAN_POINT('',(-0.0533439444342487,-0.0012601334527313,0.0132626848809764));
#10408=CARTESIAN_POINT('',(-0.0529,-0.003,0.0131478651476354));
#10409=CARTESIAN_POINT('',(0.0521259830350083,-0.000261941272019198,0.0132382712724611));
#10410=CARTESIAN_POINT('',(0.0520309551886983,-0.000219391955512978,0.0139622118496024));
#10411=CARTESIAN_POINT('',(0.0517173220233389,-0.000842650969384069,0.0141815589133076));
#10412=CARTESIAN_POINT('',(0.0517417544218136,-8.99004912544935E-5,0.0131979064169125));
#10413=CARTESIAN_POINT('',(0.0516745301134699,-7.56929326982939E-5,0.0139116390411696));
#10414=CARTESIAN_POINT('',(0.0514611696145399,-0.000727957115548409,0.0141411940577596));
#10415=CARTESIAN_POINT('',(0.0513209865295226,2.60208521396521E-18,0.0131768136252669));
#10416=CARTESIAN_POINT('',(0.0512860115313144,-1.57080196464676E-14,0.013885000000005));
#10417=CARTESIAN_POINT('',(0.0511806576863497,-0.000668023454713337,0.0141201012661133));
#10418=CARTESIAN_POINT('',(0.0509,2.60208521396521E-18,0.0131768136252637));
#10419=CARTESIAN_POINT('',(0.0509,2.60208521396521E-18,0.013885));
#10420=CARTESIAN_POINT('',(0.0509,-0.000668023454704602,0.0141201012661102));
#10421=CARTESIAN_POINT('',(0.0517173220233388,-0.00117462751467946,0.0132382712724611));
#10422=CARTESIAN_POINT('',(-0.0529,-0.1023,0.0131478651476354));
#10423=CARTESIAN_POINT('',(-0.0529,-0.0993,0.0131478651476354));
#10424=CARTESIAN_POINT('',(0.0531725361639773,-0.00104153647381026,0.0132369325878819));
#10425=CARTESIAN_POINT('',(0.053262405337743,-0.00114581768440124,0.0140503023198444));
#10426=CARTESIAN_POINT('',(0.0526659862681019,-0.00169435764920684,0.0142049294860477));
#10427=CARTESIAN_POINT('',(0.0528868841197315,-0.000710075309391426,0.0132863045238942));
#10428=CARTESIAN_POINT('',(0.0529272747053504,-0.000726078102622535,0.0141236351380804));
#10429=CARTESIAN_POINT('',(0.0523928973494969,-0.00135364165607673,0.0142757303167971));
#10430=CARTESIAN_POINT('',(0.0525265871298131,-0.000441314277779211,0.0132803564606546));
#10431=CARTESIAN_POINT('',(0.0524948691721292,-0.000409918151774889,0.0140765579778454));
#10432=CARTESIAN_POINT('',(0.0520657281358099,-0.00106047649902804,0.0142582194818098));
#10433=CARTESIAN_POINT('',(0.0521259830350084,-0.00026194127201916,0.0132382712724612));
#10434=CARTESIAN_POINT('',(0.0520309551886983,-0.00021939195551294,0.0139622118496024));
#10435=CARTESIAN_POINT('',(0.0517173220233389,-0.000842650969384037,0.0141815589133077));
#10436=CARTESIAN_POINT('',(0.0524150241093182,-0.00169435764920684,0.0132369325878819));
#10437=CARTESIAN_POINT('',(-0.0531372563545679,-0.0997806338647667,0.014121248031771));
#10438=CARTESIAN_POINT('',(-0.0538253580206304,-0.0999673317523196,0.0139081191971499));
#10439=CARTESIAN_POINT('',(-0.0538120834376935,-0.10002095079715,0.0131660190100586));
#10440=CARTESIAN_POINT('',(-0.0531761384099875,-0.0996235804429916,0.0141092049172605));
#10441=CARTESIAN_POINT('',(-0.053874835949728,-0.0997489260494123,0.0138927941748601));
#10442=CARTESIAN_POINT('',(-0.0538704065208289,-0.0997853706644901,0.0131539758955483));
#10443=CARTESIAN_POINT('',(-0.053195867396101,-0.0994617949058179,0.0141030941693492));
#10444=CARTESIAN_POINT('',(-0.0538999999999909,-0.0995242221702303,0.0138850000000025));
#10445=CARTESIAN_POINT('',(-0.0539,-0.0995426923587246,0.0131478651476371));
#10446=CARTESIAN_POINT('',(-0.0531958673961056,-0.0993,0.0141030941693478));
#10447=CARTESIAN_POINT('',(-0.0539,-0.0993,0.013885));
#10448=CARTESIAN_POINT('',(-0.0539,-0.0993,0.0131478651476354));
#10449=CARTESIAN_POINT('',(-0.0528413889584623,-0.0997806338647667,0.0131660190100586));
#10450=CARTESIAN_POINT('',(0.0539,-0.003,0.0131111980977051));
#10451=CARTESIAN_POINT('',(0.0539,-0.003,0.013885));
#10452=CARTESIAN_POINT('',(0.0531509621587837,-0.003,0.0140791949958709));
#10453=CARTESIAN_POINT('',(0.0539,-0.00228869718827859,0.0131111980977088));
#10454=CARTESIAN_POINT('',(0.0538999999999815,-0.00233626325869299,0.0138850000000088));
#10455=CARTESIAN_POINT('',(0.0531509621587705,-0.00252579812551906,0.0140791949958743));
#10456=CARTESIAN_POINT('',(0.0536368897005142,-0.00158035692695603,0.0131566739519407));
#10457=CARTESIAN_POINT('',(0.0536677598299016,-0.00166537305980976,0.0139452104144758));
#10458=CARTESIAN_POINT('',(0.05297555529245,-0.00205357128464361,0.0141246708501056));
#10459=CARTESIAN_POINT('',(0.0531725361639772,-0.00104153647381022,0.0132369325878819));
#10460=CARTESIAN_POINT('',(0.0532624053377429,-0.0011458176844012,0.0140503023198444));
#10461=CARTESIAN_POINT('',(0.0526659862681019,-0.00169435764920682,0.0142049294860477));
#10462=CARTESIAN_POINT('',(0.0529,-0.003,0.0131111980977051));
#10463=CARTESIAN_POINT('',(-0.0538120834376935,-0.10002095079715,0.0131660190100586));
#10464=CARTESIAN_POINT('',(-0.0538253580206304,-0.0999673317523195,0.0139081191971499));
#10465=CARTESIAN_POINT('',(-0.0531372563545679,-0.0997806338647667,0.014121248031771));
#10466=CARTESIAN_POINT('',(-0.0537104132167054,-0.100431619830066,0.0131870128916028));
#10467=CARTESIAN_POINT('',(-0.0537244449502625,-0.100408365063346,0.0139960760061565));
#10468=CARTESIAN_POINT('',(-0.0529882383892539,-0.100101195578333,0.0141674040387267));
#10469=CARTESIAN_POINT('',(-0.0535229285549461,-0.100815854419642,0.013195627749223));
#10470=CARTESIAN_POINT('',(-0.0535190407611533,-0.100846663674644,0.0140726780402021));
#10471=CARTESIAN_POINT('',(-0.0527626174456039,-0.100412853070394,0.0141921385377178));
#10472=CARTESIAN_POINT('',(-0.0532633778765279,-0.101147821693979,0.0131596086996247));
#10473=CARTESIAN_POINT('',(-0.0531924484203105,-0.101238541003187,0.0140577554749521));
#10474=CARTESIAN_POINT('',(-0.0524755852510186,-0.100692520337793,0.0141466218934073));
#10475=CARTESIAN_POINT('',(-0.0524755852510186,-0.100531881129319,0.0131596086996247));
#10476=CARTESIAN_POINT('',(0.0529,2.99323410355143E-19,0.0131111980977051));
#10477=CARTESIAN_POINT('',(0.0529,-0.0993,0.0131111980977051));
#10478=CARTESIAN_POINT('',(-0.0509,-0.101460639208474,0.0140216083594671));
#10479=CARTESIAN_POINT('',(-0.0509,-0.1023,0.013885));
#10480=CARTESIAN_POINT('',(-0.0509,-0.1023,0.0130345951656846));
#10481=CARTESIAN_POINT('',(-0.051504811378779,-0.101460639208457,0.0140216083594698));
#10482=CARTESIAN_POINT('',(-0.0517653623700541,-0.102299999999964,0.0138849999999894));
#10483=CARTESIAN_POINT('',(-0.0518072170681653,-0.1023,0.0130345951656877));
#10484=CARTESIAN_POINT('',(-0.0521030573893476,-0.101168986281165,0.0140690757040653));
#10485=CARTESIAN_POINT('',(-0.0526351664142037,-0.101895738676697,0.0139507946817672));
#10486=CARTESIAN_POINT('',(-0.0527045860840417,-0.101862520609058,0.0130820625102819));
#10487=CARTESIAN_POINT('',(-0.0524755852510186,-0.100692520337793,0.0141466218934073));
#10488=CARTESIAN_POINT('',(-0.0531924484203105,-0.101238541003187,0.0140577554749521));
#10489=CARTESIAN_POINT('',(-0.053263377876528,-0.101147821693979,0.0131596086996247));
#10490=CARTESIAN_POINT('',(-0.0509,-0.1013,0.0130345951656846));
#10491=CARTESIAN_POINT('',(0.0536840657005494,-0.100417576921301,0.0131485200753879));
#10492=CARTESIAN_POINT('',(0.0537123140644858,-0.100347205656797,0.0139336593166148));
#10493=CARTESIAN_POINT('',(0.05300700595915,-0.100045051280867,0.0141165169735537));
#10494=CARTESIAN_POINT('',(0.0538262695786141,-0.100063323955032,0.0131239416273292));
#10495=CARTESIAN_POINT('',(0.0538357414178096,-0.100013951518141,0.0139016596324205));
#10496=CARTESIAN_POINT('',(0.0531018085445173,-0.0998088826366817,0.0140919385254955));
#10497=CARTESIAN_POINT('',(0.0539,-0.0996817291019452,0.0131111980977071));
#10498=CARTESIAN_POINT('',(0.0538999999999901,-0.0996562022053277,0.0138850000000047));
#10499=CARTESIAN_POINT('',(0.0531509621587766,-0.0995544860679676,0.0140791949958727));
#10500=CARTESIAN_POINT('',(0.0539,-0.0993,0.0131111980977051));
#10501=CARTESIAN_POINT('',(0.0539,-0.0993,0.013885));
#10502=CARTESIAN_POINT('',(0.0531509621587837,-0.0993,0.0140791949958709));
#10503=CARTESIAN_POINT('',(0.0527560438003663,-0.100045051280867,0.0131485200753879));
#10504=CARTESIAN_POINT('',(-1.17217540706875E-18,-0.1013,0.0130345951656846));
#10505=CARTESIAN_POINT('',(0.0509,-0.1013,0.0130345951656846));
#10506=CARTESIAN_POINT('',(0.05300700595915,-0.100045051280867,0.0141165169735537));
#10507=CARTESIAN_POINT('',(0.0537123140644858,-0.100347205656797,0.0139336593166148));
#10508=CARTESIAN_POINT('',(0.0536840657005494,-0.100417576921301,0.0131485200753879));
#10509=CARTESIAN_POINT('',(0.0528482809748181,-0.100303340545814,0.0141576678954176));
#10510=CARTESIAN_POINT('',(0.0535783719694959,-0.100704255661199,0.0140122821406933));
#10511=CARTESIAN_POINT('',(0.0535589147297142,-0.100729348324818,0.01317015112549));
#10512=CARTESIAN_POINT('',(0.0526444239618276,-0.100551240351075,0.0141696156136359));
#10513=CARTESIAN_POINT('',(0.053370220634028,-0.101049634212947,0.0140595157433542));
#10514=CARTESIAN_POINT('',(0.0533811261833018,-0.101018774261782,0.0131736105818909));
#10515=CARTESIAN_POINT('',(0.0524088364474083,-0.100773427300655,0.0141334540547644));
#10516=CARTESIAN_POINT('',(0.0530912945054272,-0.101351888647718,0.0140393078229709));
#10517=CARTESIAN_POINT('',(0.0531632546711125,-0.101269182138271,0.0131464408609819));
#10518=CARTESIAN_POINT('',(0.0524088364474084,-0.100612788092181,0.0131464408609818));
#10519=CARTESIAN_POINT('',(0.0524088364474085,-0.100773427300655,0.0141334540547644));
#10520=CARTESIAN_POINT('',(0.0530912945054275,-0.101351888647718,0.0140393078229708));
#10521=CARTESIAN_POINT('',(0.0531632546711128,-0.101269182138271,0.0131464408609818));
#10522=CARTESIAN_POINT('',(0.0520347936189839,-0.101203328711051,0.014063486375788));
#10523=CARTESIAN_POINT('',(0.0525354335093219,-0.101943905131272,0.0139429554540959));
#10524=CARTESIAN_POINT('',(0.052602190428498,-0.101914034253885,0.0130764731820055));
#10525=CARTESIAN_POINT('',(0.0514698449446677,-0.101460639208458,0.0140216083594697));
#10526=CARTESIAN_POINT('',(0.0517153324973548,-0.102299999999959,0.0138849999999926));
#10527=CARTESIAN_POINT('',(0.0517547674169996,-0.1023,0.0130345951656876));
#10528=CARTESIAN_POINT('',(0.0509,-0.101460639208474,0.0140216083594671));
#10529=CARTESIAN_POINT('',(0.0509,-0.1023,0.013885));
#10530=CARTESIAN_POINT('',(0.0509,-0.1023,0.0130345951656846));
#10531=CARTESIAN_POINT('',(0.05,-0.05115,-0.006785));
#10532=CARTESIAN_POINT('',(0.05,-0.0798,-0.006785));
#10533=CARTESIAN_POINT('',(0.05,-0.0838,-0.006785));
#10534=CARTESIAN_POINT('',(0.05,-0.0838,-0.003285));
#10535=CARTESIAN_POINT('',(0.05,-0.0838,-0.003785));
#10536=CARTESIAN_POINT('',(0.05,-0.0798,-0.003285));
#10537=CARTESIAN_POINT('',(0.05,-0.0798,-0.003785));
#10538=CARTESIAN_POINT('',(0.05,-0.0818,-0.003785));
#10539=CARTESIAN_POINT('',(0.0504,-0.023,-0.006785));
#10540=CARTESIAN_POINT('',(0.0504,-0.0275,-0.006785));
#10541=CARTESIAN_POINT('',(0.0504,-0.0185,-0.006785));
#10542=CARTESIAN_POINT('',(0.0504,-0.0185,-0.003285));
#10543=CARTESIAN_POINT('',(0.0504,-0.0185,-0.003785));
#10544=CARTESIAN_POINT('',(0.0504,-0.0275,-0.003285));
#10545=CARTESIAN_POINT('',(0.0504,-0.0275,-0.003785));
#10546=CARTESIAN_POINT('',(0.0504,-0.05115,-0.003785));
#10547=CARTESIAN_POINT('',(-0.05,-0.0818,-0.006785));
#10548=CARTESIAN_POINT('',(-0.05,-0.0798,-0.006785));
#10549=CARTESIAN_POINT('',(-0.05,-0.0838,-0.006785));
#10550=CARTESIAN_POINT('',(-0.05,-0.0838,-0.003285));
#10551=CARTESIAN_POINT('',(-0.05,-0.0838,-0.003785));
#10552=CARTESIAN_POINT('',(-0.05,-0.0798,-0.003285));
#10553=CARTESIAN_POINT('',(-0.05,-0.0798,-0.003785));
#10554=CARTESIAN_POINT('',(-0.05,-0.05115,-0.003785));
#10555=CARTESIAN_POINT('',(-0.0504,-0.05115,-0.006785));
#10556=CARTESIAN_POINT('',(-0.0504,-0.0275,-0.006785));
#10557=CARTESIAN_POINT('',(-0.0504,-0.0185,-0.006785));
#10558=CARTESIAN_POINT('',(-0.0504,-0.0185,-0.003285));
#10559=CARTESIAN_POINT('',(-0.0504,-0.0185,-0.003785));
#10560=CARTESIAN_POINT('',(-0.0504,-0.0275,-0.003285));
#10561=CARTESIAN_POINT('',(-0.0504,-0.0275,-0.003785));
#10562=CARTESIAN_POINT('',(-0.0504,-0.023,-0.003785));
#10563=CARTESIAN_POINT('',(-0.0469,-0.007,-0.008385));
#10564=CARTESIAN_POINT('',(0.0469,-0.007,-0.008385));
#10565=CARTESIAN_POINT('',(-0.0255,-0.1007,-0.014485));
#10566=CARTESIAN_POINT('',(0.,-0.1003,-0.014085));
#10567=CARTESIAN_POINT('',(3.17010137652591E-18,-0.1003,-0.014985));
#10568=CARTESIAN_POINT('',(0.,-0.1003,-0.014985));
#10569=CARTESIAN_POINT('',(-0.038,-0.1003,-0.014985));
#10570=CARTESIAN_POINT('',(-0.038,-0.1003,-0.016135));
#10571=CARTESIAN_POINT('',(-0.038,-0.1003,-0.017285));
#10572=CARTESIAN_POINT('',(-0.0305,-0.1007,-0.016885));
#10573=CARTESIAN_POINT('',(-0.023,-0.1003,-0.017285));
#10574=CARTESIAN_POINT('',(-0.023,-0.1007,-0.016135));
#10575=CARTESIAN_POINT('',(-0.023,-0.1003,-0.014985));
#10576=CARTESIAN_POINT('',(0.,-0.1003,-0.014985));
#10577=CARTESIAN_POINT('',(0.,-0.1003,-0.014085));
#10578=CARTESIAN_POINT('',(0.0355,-0.1007,-0.014485));
#10579=CARTESIAN_POINT('',(3.17010137652591E-18,-0.1003,-0.014985));
#10580=CARTESIAN_POINT('',(0.,-0.1003,-0.014985));
#10581=CARTESIAN_POINT('',(0.023,-0.1003,-0.014985));
#10582=CARTESIAN_POINT('',(0.023,-0.1003,-0.016135));
#10583=CARTESIAN_POINT('',(0.023,-0.1003,-0.017285));
#10584=CARTESIAN_POINT('',(0.0305,-0.1007,-0.016885));
#10585=CARTESIAN_POINT('',(0.038,-0.1003,-0.017285));
#10586=CARTESIAN_POINT('',(0.038,-0.1003,-0.016135));
#10587=CARTESIAN_POINT('',(0.038,-0.1003,-0.014985));
#10588=CARTESIAN_POINT('',(0.,-0.1003,-0.014985));
#10589=CARTESIAN_POINT('',(2.02590920230149E-18,-0.1003,-0.017985));
#10590=CARTESIAN_POINT('',(-0.0539,-0.1023,-0.003985));
#10591=CARTESIAN_POINT('',(-0.0539,-0.0733,-0.003985));
#10592=CARTESIAN_POINT('',(-0.0535,-0.0318,-0.004385));
#10593=CARTESIAN_POINT('',(-0.0539,-0.0318,-0.005885));
#10594=CARTESIAN_POINT('',(-0.0535,-0.0318,-0.007385));
#10595=CARTESIAN_POINT('',(-0.0539,-0.0733,-0.005885));
#10596=CARTESIAN_POINT('',(-0.0539,-0.0733,-0.007785));
#10597=CARTESIAN_POINT('',(-0.0535,-0.05255,-0.007385));
#10598=CARTESIAN_POINT('',(-0.0535,-0.0105,0.00331115242270663));
#10599=CARTESIAN_POINT('',(0.0539,-0.0105,0.00331115242270663));
#10600=CARTESIAN_POINT('',(0.04,-0.102302,-1.04083408558608E-17));
#10601=CARTESIAN_POINT('',(0.04,-0.102302,0.006));
#10602=CARTESIAN_POINT('',(0.04,-0.102302,-0.006));
#10603=CARTESIAN_POINT('',(0.04,-0.102302,0.006));
#10604=CARTESIAN_POINT('',(0.0425,-0.102302,0.006));
#10605=CARTESIAN_POINT('',(0.045,-0.102302,0.006));
#10606=CARTESIAN_POINT('',(0.0425,-0.102302,-0.006));
#10607=CARTESIAN_POINT('',(0.045,-0.102302,-0.006));
#10608=CARTESIAN_POINT('',(0.045,-0.102302,-1.04083408558608E-17));
#10609=CARTESIAN_POINT('',(-0.0415,-0.102302,-0.006));
#10610=CARTESIAN_POINT('',(-0.039,-0.102302,-0.006));
#10611=CARTESIAN_POINT('',(-0.044,-0.102302,-0.006));
#10612=CARTESIAN_POINT('',(-0.044,-0.102302,0.));
#10613=CARTESIAN_POINT('',(-0.044,-0.102302,0.006));
#10614=CARTESIAN_POINT('',(-0.039,-0.102302,0.));
#10615=CARTESIAN_POINT('',(-0.039,-0.102302,0.006));
#10616=CARTESIAN_POINT('',(-0.039,-0.102302,0.006));
#10617=CARTESIAN_POINT('',(-0.0415,-0.102302,0.006));
#10618=CARTESIAN_POINT('',(0.028,-0.102302,-8.67361737988404E-18));
#10619=CARTESIAN_POINT('',(0.028,-0.102302,-0.006));
#10620=CARTESIAN_POINT('',(0.028,-0.102302,0.006));
#10621=CARTESIAN_POINT('',(0.0305,-0.102302,0.006));
#10622=CARTESIAN_POINT('',(0.033,-0.102302,0.006));
#10623=CARTESIAN_POINT('',(0.0305,-0.102302,-0.006));
#10624=CARTESIAN_POINT('',(0.033,-0.102302,-0.006));
#10625=CARTESIAN_POINT('',(0.033,-0.102302,-8.67361737988404E-18));
#10626=CARTESIAN_POINT('',(0.021,-0.102302,-6.93889390390723E-18));
#10627=CARTESIAN_POINT('',(0.021,-0.102302,0.006));
#10628=CARTESIAN_POINT('',(0.021,-0.102302,-0.006));
#10629=CARTESIAN_POINT('',(0.0185,-0.102302,-0.006));
#10630=CARTESIAN_POINT('',(0.016,-0.102302,-0.006));
#10631=CARTESIAN_POINT('',(0.0185,-0.102302,0.006));
#10632=CARTESIAN_POINT('',(0.016,-0.102302,0.006));
#10633=CARTESIAN_POINT('',(0.016,-0.102302,-6.93889390390723E-18));
#10634=CARTESIAN_POINT('',(0.004,-0.102302,-6.07153216591882E-18));
#10635=CARTESIAN_POINT('',(0.004,-0.102302,-0.006));
#10636=CARTESIAN_POINT('',(0.004,-0.102302,0.006));
#10637=CARTESIAN_POINT('',(0.0065,-0.102302,0.006));
#10638=CARTESIAN_POINT('',(0.009,-0.102302,0.006));
#10639=CARTESIAN_POINT('',(0.0065,-0.102302,-0.006));
#10640=CARTESIAN_POINT('',(0.009,-0.102302,-0.006));
#10641=CARTESIAN_POINT('',(0.009,-0.102302,-6.07153216591882E-18));
#10642=CARTESIAN_POINT('',(-0.008,-0.102302,-4.33680868994202E-18));
#10643=CARTESIAN_POINT('',(-0.008,-0.102302,-0.006));
#10644=CARTESIAN_POINT('',(-0.008,-0.102302,0.006));
#10645=CARTESIAN_POINT('',(-0.0055,-0.102302,0.006));
#10646=CARTESIAN_POINT('',(-0.003,-0.102302,0.006));
#10647=CARTESIAN_POINT('',(-0.0055,-0.102302,-0.006));
#10648=CARTESIAN_POINT('',(-0.003,-0.102302,-0.006));
#10649=CARTESIAN_POINT('',(-0.003,-0.102302,-4.33680868994202E-18));
#10650=CARTESIAN_POINT('',(-0.015,-0.102302,-2.60208521396521E-18));
#10651=CARTESIAN_POINT('',(-0.015,-0.102302,0.006));
#10652=CARTESIAN_POINT('',(-0.015,-0.102302,-0.006));
#10653=CARTESIAN_POINT('',(-0.0175,-0.102302,-0.006));
#10654=CARTESIAN_POINT('',(-0.02,-0.102302,-0.006));
#10655=CARTESIAN_POINT('',(-0.0175,-0.102302,0.006));
#10656=CARTESIAN_POINT('',(-0.02,-0.102302,0.006));
#10657=CARTESIAN_POINT('',(-0.02,-0.102302,-2.60208521396521E-18));
#10658=CARTESIAN_POINT('',(-0.032,-0.102302,-1.7347234759768E-18));
#10659=CARTESIAN_POINT('',(-0.032,-0.102302,-0.006));
#10660=CARTESIAN_POINT('',(-0.032,-0.102302,0.006));
#10661=CARTESIAN_POINT('',(-0.0295,-0.102302,0.006));
#10662=CARTESIAN_POINT('',(-0.027,-0.102302,0.006));
#10663=CARTESIAN_POINT('',(-0.0295,-0.102302,-0.006));
#10664=CARTESIAN_POINT('',(-0.027,-0.102302,-0.006));
#10665=CARTESIAN_POINT('',(-0.027,-0.102302,-8.67361737988404E-19));
#10666=CARTESIAN_POINT('',(-0.0026712805569401,-0.0692986820865006,0.0188507954109494));
#10667=CARTESIAN_POINT('',(-0.0026712805569401,-0.069314746007348,0.0189494967303277));
#10668=CARTESIAN_POINT('',(-0.00161884593669102,-0.0692696994861008,0.018855512411712));
#10669=CARTESIAN_POINT('',(-0.00161884593669102,-0.0692857634069482,0.0189542137310903));
#10670=CARTESIAN_POINT('',(0.0010641298001765,-0.0693920210812564,0.0188356042237071));
#10671=CARTESIAN_POINT('',(0.0010641298001765,-0.0694080850021038,0.0189343055430854));
#10672=CARTESIAN_POINT('',(0.00469799161839425,-0.0707607665939088,0.0186128369930964));
#10673=CARTESIAN_POINT('',(0.00469799161839425,-0.0707768305147562,0.0187115383124747));
#10674=CARTESIAN_POINT('',(0.0079370284934438,-0.0731589468206831,0.0182225263307523));
#10675=CARTESIAN_POINT('',(0.0079370284934438,-0.0731750107415305,0.0183212276501306));
#10676=CARTESIAN_POINT('',(0.00957502919572287,-0.0754488011770948,0.0178498460123407));
#10677=CARTESIAN_POINT('',(0.00957502919572287,-0.0754648650979422,0.017948547331719));
#10678=CARTESIAN_POINT('',(0.0105894074902854,-0.0781833908671501,0.0174047837516947));
#10679=CARTESIAN_POINT('',(0.0105894074902854,-0.0781994547879975,0.0175034850710729));
#10680=CARTESIAN_POINT('',(0.01072954158333,-0.0817478178032529,0.0168246631157328));
#10681=CARTESIAN_POINT('',(0.01072954158333,-0.0817638817241003,0.0169233644351111));
#10682=CARTESIAN_POINT('',(0.00906285642136342,-0.0855313652947836,0.0162088799852814));
#10683=CARTESIAN_POINT('',(0.00906285642136342,-0.085547429215631,0.0163075813046597));
#10684=CARTESIAN_POINT('',(0.0055084705853027,-0.0878809183138197,0.0158264835394955));
#10685=CARTESIAN_POINT('',(0.0055084705853027,-0.0878969822346671,0.0159251848588737));
#10686=CARTESIAN_POINT('',(0.00233918030480244,-0.0886751773147059,0.0156972156249127));
#10687=CARTESIAN_POINT('',(0.00233918030480244,-0.0886912412355533,0.015795916944291));
#10688=CARTESIAN_POINT('',(-0.000661852614665179,-0.0891822273708098,0.0156146917841146));
#10689=CARTESIAN_POINT('',(-0.000661852614665179,-0.0891982912916572,0.0157133931034929));
#10690=CARTESIAN_POINT('',(-0.00411065140314712,-0.089206246876931,0.0156107825410816));
#10691=CARTESIAN_POINT('',(-0.00411065140314712,-0.0892223107977784,0.0157094838604599));
#10692=CARTESIAN_POINT('',(-0.00760437514181321,-0.088500897577801,0.0157255801484731));
#10693=CARTESIAN_POINT('',(-0.00760437514181321,-0.0885169614986484,0.0158242814678514));
#10694=CARTESIAN_POINT('',(-0.0104187367345223,-0.0874879822945946,0.0158904349957748));
#10695=CARTESIAN_POINT('',(-0.0104187367345223,-0.087504046215442,0.0159891363151531));
#10696=CARTESIAN_POINT('',(-0.0130846291320189,-0.0856485112952197,0.0161898141400581));
#10697=CARTESIAN_POINT('',(-0.0130846291320189,-0.0856645752160671,0.0162885154594364));
#10698=CARTESIAN_POINT('',(-0.014748173239985,-0.0826364686022245,0.0166800326671673));
#10699=CARTESIAN_POINT('',(-0.014748173239985,-0.0826525325230719,0.0167787339865456));
#10700=CARTESIAN_POINT('',(-0.0151271267010738,-0.0805205351446541,0.0170244068639353));
#10701=CARTESIAN_POINT('',(-0.0151271267010738,-0.0805365990655015,0.0171231081833136));
#10702=CARTESIAN_POINT('',(-0.0149215352148065,-0.0782141575880021,0.017399776380247));
#10703=CARTESIAN_POINT('',(-0.0149215352148065,-0.0782302215088495,0.0174984776996253));
#10704=CARTESIAN_POINT('',(-0.0143612843390981,-0.0763531845568936,0.0177026550414365));
#10705=CARTESIAN_POINT('',(-0.0143612843390981,-0.076369248477741,0.0178013563608147));
#10706=CARTESIAN_POINT('',(-0.0128720019550798,-0.0739135107691347,0.0180997188990118));
#10707=CARTESIAN_POINT('',(-0.0128720019550798,-0.0739295746899821,0.01819842021839));
#10708=CARTESIAN_POINT('',(-0.0110018680873251,-0.0721026509351773,0.0183944414946338));
#10709=CARTESIAN_POINT('',(-0.0110018680873251,-0.0721187148560247,0.018493142814012));
#10710=CARTESIAN_POINT('',(-0.00926131173647098,-0.0710204230270251,0.0185705771690598));
#10711=CARTESIAN_POINT('',(-0.00926131173647098,-0.0710364869478725,0.0186692784884381));
#10712=CARTESIAN_POINT('',(-0.00728656090302857,-0.0700609972170558,0.0187267264522448));
#10713=CARTESIAN_POINT('',(-0.00728656090302857,-0.0700770611379032,0.018825427771623));
#10714=CARTESIAN_POINT('',(-0.00486588164609913,-0.0694804229362965,0.0188212165700154));
#10715=CARTESIAN_POINT('',(-0.00486588164609913,-0.0694964868571439,0.0189199178893937));
#10716=CARTESIAN_POINT('',(-0.00350002678532663,-0.0693215046165733,0.0188470809791775));
#10717=CARTESIAN_POINT('',(-0.00350002678532663,-0.0693375685374207,0.0189457822985558));
#10718=CARTESIAN_POINT('',(-0.0026712805569401,-0.0692986820865006,0.0188507954109494));
#10719=CARTESIAN_POINT('',(-0.0026712805569401,-0.069314746007348,0.0189494967303277));
#10720=CARTESIAN_POINT('',(-0.000272128888365175,-0.0693350838555112,0.0189461866876134));
#10721=CARTESIAN_POINT('',(-0.00279725726615916,-0.0692739255876866,0.0189561403698912));
#10722=CARTESIAN_POINT('',(-0.00456652538863874,-0.0694576898378306,0.0189262322147876));
#10723=CARTESIAN_POINT('',(-0.00658059565124148,-0.0698823197935132,0.0188571224800799));
#10724=CARTESIAN_POINT('',(-0.00845852180746768,-0.0706135450435621,0.0187381134879771));
#10725=CARTESIAN_POINT('',(-0.010029907215177,-0.0714832918384886,0.0185965597199119));
#10726=CARTESIAN_POINT('',(-0.0115377090504498,-0.0725918223569511,0.0184161432207434));
#10727=CARTESIAN_POINT('',(-0.0130291705389657,-0.0742107407088571,0.0181526596480081));
#10728=CARTESIAN_POINT('',(-0.0140338459712982,-0.075851313345156,0.0178856517788127));
#10729=CARTESIAN_POINT('',(-0.0145387854938274,-0.0770084841853519,0.017697318928746));
#10730=CARTESIAN_POINT('',(-0.014782783596156,-0.0778339558103431,0.0175629710706912));
#10731=CARTESIAN_POINT('',(-0.0149472123639343,-0.0787361328249993,0.017416139191998));
#10732=CARTESIAN_POINT('',(-0.0150416503172883,-0.0797178211329067,0.0172563666238661));
#10733=CARTESIAN_POINT('',(-0.015043490987255,-0.0806792742001471,0.0170998873987863));
#10734=CARTESIAN_POINT('',(-0.0149331831004724,-0.0815743908013971,0.0169542046224843));
#10735=CARTESIAN_POINT('',(-0.0146738716552587,-0.0824956511044062,0.0168042668842591));
#10736=CARTESIAN_POINT('',(-0.0140784446182618,-0.0838761227055882,0.0165795911993422));
#10737=CARTESIAN_POINT('',(-0.0129210610507653,-0.0856544740896947,0.0162901594465233));
#10738=CARTESIAN_POINT('',(-0.0110519153066929,-0.0870934158368568,0.016055967578815));
#10739=CARTESIAN_POINT('',(-0.00906466959456894,-0.0880235641021349,0.0159045832994161));
#10740=CARTESIAN_POINT('',(-0.00688501830288034,-0.0886621448870778,0.0158006524578769));
#10741=CARTESIAN_POINT('',(-0.00441201873987308,-0.0891260639998834,0.015725148300945));
#10742=CARTESIAN_POINT('',(-0.00194448175616476,-0.0892300498850118,0.0157082243019704));
#10743=CARTESIAN_POINT('',(0.000365394078526281,-0.0890365640282944,0.0157397146762327));
#10744=CARTESIAN_POINT('',(0.00252957153152888,-0.0886334875063804,0.0158053165282066));
#10745=CARTESIAN_POINT('',(0.00473208079692429,-0.0880815412716035,0.0158951473499559));
#10746=CARTESIAN_POINT('',(0.00707448427856744,-0.0869211280387105,0.016084007908669));
#10747=CARTESIAN_POINT('',(0.00912073328378335,-0.0850944928041273,0.016381297995674));
#10748=CARTESIAN_POINT('',(0.0103193874352183,-0.0827175769985979,0.0167681478128957));
#10749=CARTESIAN_POINT('',(0.0107120695712551,-0.0801991444856496,0.0171780298773141));
#10750=CARTESIAN_POINT('',(0.010428065045109,-0.0778304739049946,0.0175635377607037));
#10751=CARTESIAN_POINT('',(0.00968735808474672,-0.075794493826845,0.0178948993172498));
#10752=CARTESIAN_POINT('',(0.00879308327929079,-0.074344529584371,0.0181308851274641));
#10753=CARTESIAN_POINT('',(0.0077869619177724,-0.0732401914986842,0.0183106192962576));
#10754=CARTESIAN_POINT('',(0.00653688826265611,-0.0721398367859233,0.018489705159762));
#10755=CARTESIAN_POINT('',(0.00465334901044561,-0.0708785372315785,0.0186949852546333));
#10756=CARTESIAN_POINT('',(0.00229498403149088,-0.0698451729734352,0.0188631682308482));
#10757=CARTESIAN_POINT('',(-0.000272128888365175,-0.0693350838555112,0.0189461866876134));
#10758=CARTESIAN_POINT('',(-0.00279725726615916,-0.0692739255876866,0.0189561403698912));
#10759=CARTESIAN_POINT('',(-0.00456652538863874,-0.0694576898378306,0.0189262322147876));
#10760=CARTESIAN_POINT('',(-0.0026712805569401,-0.069314746007348,0.0189494967303277));
#10761=CARTESIAN_POINT('',(-0.0026712805569401,-0.0692986820865006,0.0188507954109494));
#10762=CARTESIAN_POINT('',(-0.00161884593669102,-0.0692696994861008,0.018855512411712));
#10763=CARTESIAN_POINT('',(0.0010641298001765,-0.0693920210812564,0.0188356042237071));
#10764=CARTESIAN_POINT('',(0.00469799161839425,-0.0707607665939088,0.0186128369930964));
#10765=CARTESIAN_POINT('',(0.0079370284934438,-0.0731589468206831,0.0182225263307523));
#10766=CARTESIAN_POINT('',(0.00957502919572287,-0.0754488011770948,0.0178498460123407));
#10767=CARTESIAN_POINT('',(0.0105894074902854,-0.0781833908671501,0.0174047837516947));
#10768=CARTESIAN_POINT('',(0.01072954158333,-0.0817478178032529,0.0168246631157328));
#10769=CARTESIAN_POINT('',(0.00906285642136342,-0.0855313652947836,0.0162088799852814));
#10770=CARTESIAN_POINT('',(0.0055084705853027,-0.0878809183138197,0.0158264835394955));
#10771=CARTESIAN_POINT('',(0.00233918030480244,-0.0886751773147059,0.0156972156249127));
#10772=CARTESIAN_POINT('',(-0.000661852614665179,-0.0891822273708098,0.0156146917841146));
#10773=CARTESIAN_POINT('',(-0.00411065140314712,-0.089206246876931,0.0156107825410816));
#10774=CARTESIAN_POINT('',(-0.00760437514181321,-0.088500897577801,0.0157255801484731));
#10775=CARTESIAN_POINT('',(-0.0104187367345223,-0.0874879822945946,0.0158904349957748));
#10776=CARTESIAN_POINT('',(-0.0130846291320189,-0.0856485112952197,0.0161898141400581));
#10777=CARTESIAN_POINT('',(-0.014748173239985,-0.0826364686022245,0.0166800326671673));
#10778=CARTESIAN_POINT('',(-0.0151271267010738,-0.0805205351446541,0.0170244068639353));
#10779=CARTESIAN_POINT('',(-0.0149215352148065,-0.0782141575880021,0.017399776380247));
#10780=CARTESIAN_POINT('',(-0.0143612843390981,-0.0763531845568936,0.0177026550414365));
#10781=CARTESIAN_POINT('',(-0.0128720019550798,-0.0739135107691347,0.0180997188990118));
#10782=CARTESIAN_POINT('',(-0.0110018680873251,-0.0721026509351773,0.0183944414946338));
#10783=CARTESIAN_POINT('',(-0.00926131173647098,-0.0710204230270251,0.0185705771690598));
#10784=CARTESIAN_POINT('',(-0.00728656090302857,-0.0700609972170558,0.0187267264522448));
#10785=CARTESIAN_POINT('',(-0.00486588164609913,-0.0694804229362965,0.0188212165700154));
#10786=CARTESIAN_POINT('',(-0.00350002678532663,-0.0693215046165733,0.0188470809791775));
#10787=CARTESIAN_POINT('',(-0.0026712805569401,-0.0692986820865006,0.0188507954109494));
#10788=CARTESIAN_POINT('',(-0.0026712805569401,-0.0692986820865006,0.0188507954109494));
#10789=CARTESIAN_POINT('',(-0.00264896846574057,-0.0700879854791581,0.0187223340357204));
#10790=CARTESIAN_POINT('',(-0.00264896846574057,-0.0701040494000055,0.0188210353550986));
#10791=CARTESIAN_POINT('',(-0.00247833558472892,-0.0700832875863379,0.0187230986311573));
#10792=CARTESIAN_POINT('',(-0.00247833558472892,-0.0700993515071853,0.0188217999505355));
#10793=CARTESIAN_POINT('',(-0.00212149594967998,-0.0700787576253921,0.0187238358952033));
#10794=CARTESIAN_POINT('',(-0.00212149594967998,-0.0700948215462395,0.0188225372145816));
#10795=CARTESIAN_POINT('',(-0.00155251644504315,-0.0700895106007566,0.0187220858178364));
#10796=CARTESIAN_POINT('',(-0.00155251644504315,-0.070105574521604,0.0188207871372146));
#10797=CARTESIAN_POINT('',(-0.000959745562426259,-0.0701205280151063,0.0187170376453079));
#10798=CARTESIAN_POINT('',(-0.000959745562426259,-0.0701365919359537,0.0188157389646862));
#10799=CARTESIAN_POINT('',(-0.000353823559770026,-0.070174417536575,0.0187082669722021));
#10800=CARTESIAN_POINT('',(-0.000353823559770026,-0.0701904814574224,0.0188069682915804));
#10801=CARTESIAN_POINT('',(0.000153240249258816,-0.0702403951776363,0.0186975289232035));
#10802=CARTESIAN_POINT('',(0.000153240249258816,-0.0702564590984837,0.0187962302425818));
#10803=CARTESIAN_POINT('',(0.000554982068574508,-0.0703069178969854,0.0186867021611611));
#10804=CARTESIAN_POINT('',(0.000554982068574508,-0.0703229818178328,0.0187854034805394));
#10805=CARTESIAN_POINT('',(0.00085257464840039,-0.0703638578882055,0.018677435015415));
#10806=CARTESIAN_POINT('',(0.00085257464840039,-0.0703799218090529,0.0187761363347933));
#10807=CARTESIAN_POINT('',(0.00114708879352925,-0.0704283330871724,0.0186669414931465));
#10808=CARTESIAN_POINT('',(0.00114708879352925,-0.0704443970080198,0.0187656428125248));
#10809=CARTESIAN_POINT('',(0.00153642930231868,-0.0705243465748912,0.018651315024557));
#10810=CARTESIAN_POINT('',(0.00153642930231868,-0.0705404104957386,0.0187500163439353));
#10811=CARTESIAN_POINT('',(0.00201695851118982,-0.0706631207554132,0.018628729131424));
#10812=CARTESIAN_POINT('',(0.00201695851118982,-0.0706791846762606,0.0187274304508023));
#10813=CARTESIAN_POINT('',(0.00258500731718242,-0.0708595159165418,0.0185967652595826));
#10814=CARTESIAN_POINT('',(0.00258500731718242,-0.0708755798373892,0.0186954665789608));
#10815=CARTESIAN_POINT('',(0.00333245834113128,-0.07116112249488,0.0185476779299297));
#10816=CARTESIAN_POINT('',(0.00333245834113128,-0.0711771864157274,0.018646379249308));
#10817=CARTESIAN_POINT('',(0.00425041355779907,-0.071612297283692,0.0184742479480259));
#10818=CARTESIAN_POINT('',(0.00425041355779907,-0.0716283612045394,0.0185729492674042));
#10819=CARTESIAN_POINT('',(0.00533483663415552,-0.0722733831626921,0.0183666543383305));
#10820=CARTESIAN_POINT('',(0.00533483663415552,-0.0722894470835395,0.0184653556577087));
#10821=CARTESIAN_POINT('',(0.00617712765317325,-0.072890340505233,0.0182662427736296));
#10822=CARTESIAN_POINT('',(0.00617712765317325,-0.0729064044260804,0.0183649440930078));
#10823=CARTESIAN_POINT('',(0.00678534778948066,-0.0734010374728273,0.0181831253875993));
#10824=CARTESIAN_POINT('',(0.00678534778948066,-0.0734171013936747,0.0182818267069776));
#10825=CARTESIAN_POINT('',(0.00734053758264016,-0.0739152276711167,0.0180994394683241));
#10826=CARTESIAN_POINT('',(0.00734053758264016,-0.0739312915919641,0.0181981407877024));
#10827=CARTESIAN_POINT('',(0.00780055551402263,-0.0744204879431598,0.0180172069199795));
#10828=CARTESIAN_POINT('',(0.00780055551402263,-0.0744365518640072,0.0181159082393578));
#10829=CARTESIAN_POINT('',(0.00819003914777148,-0.0749340234486916,0.0179336275538153));
#10830=CARTESIAN_POINT('',(0.00819003914777148,-0.074950087369539,0.0180323288731936));
#10831=CARTESIAN_POINT('',(0.0084529863884501,-0.0753283703596122,0.0178694464708941));
#10832=CARTESIAN_POINT('',(0.0084529863884501,-0.0753444342804596,0.0179681477902723));
#10833=CARTESIAN_POINT('',(0.00869227197881371,-0.0757370828347877,0.0178029273514747));
#10834=CARTESIAN_POINT('',(0.00869227197881371,-0.0757531467556351,0.0179016286708529));
#10835=CARTESIAN_POINT('',(0.00891348676210108,-0.0761654148239494,0.0177332151002742));
#10836=CARTESIAN_POINT('',(0.00891348676210108,-0.0761814787447968,0.0178319164196524));
#10837=CARTESIAN_POINT('',(0.00911369212399241,-0.0766087073313556,0.0176610679821192));
#10838=CARTESIAN_POINT('',(0.00911369212399241,-0.076624771252203,0.0177597693014975));
#10839=CARTESIAN_POINT('',(0.00935120153328044,-0.077222122028414,0.0175612329930607));
#10840=CARTESIAN_POINT('',(0.00935120153328044,-0.0772381859492614,0.017659934312439));
#10841=CARTESIAN_POINT('',(0.00954174224763577,-0.0778700614292458,0.0174557790101306));
#10842=CARTESIAN_POINT('',(0.00954174224763577,-0.0778861253500932,0.0175544803295089));
#10843=CARTESIAN_POINT('',(0.00967994601517398,-0.0785575926400047,0.0173438813473705));
#10844=CARTESIAN_POINT('',(0.00967994601517398,-0.0785736565608521,0.0174425826667488));
#10845=CARTESIAN_POINT('',(0.00977987805300107,-0.0792682794201829,0.0172282150497363));
#10846=CARTESIAN_POINT('',(0.00977987805300107,-0.0792843433410303,0.0173269163691146));
#10847=CARTESIAN_POINT('',(0.00981573572482212,-0.0800048576240973,0.0171083348491457));
#10848=CARTESIAN_POINT('',(0.00981573572482212,-0.0800209215449447,0.017207036168524));
#10849=CARTESIAN_POINT('',(0.0097758127728192,-0.0807524570913283,0.0169866609065598));
#10850=CARTESIAN_POINT('',(0.0097758127728192,-0.0807685210121757,0.0170853622259381));
#10851=CARTESIAN_POINT('',(0.00971696597098104,-0.0812214629928931,0.0169103288602694));
#10852=CARTESIAN_POINT('',(0.00971696597098104,-0.0812375269137405,0.0170090301796477));
#10853=CARTESIAN_POINT('',(0.00964819801970383,-0.0815958755054734,0.0168493921574547));
#10854=CARTESIAN_POINT('',(0.00964819801970383,-0.0816119394263208,0.0169480934768329));
#10855=CARTESIAN_POINT('',(0.00956440240187581,-0.0819702191961021,0.0167884666556085));
#10856=CARTESIAN_POINT('',(0.00956440240187581,-0.0819862831169495,0.0168871679749868));
#10857=CARTESIAN_POINT('',(0.00943149403188735,-0.0824361568123695,0.0167126339814892));
#10858=CARTESIAN_POINT('',(0.00943149403188735,-0.0824522207332169,0.0168113353008675));
#10859=CARTESIAN_POINT('',(0.0092270728342336,-0.0829856817154012,0.0166231972383778));
#10860=CARTESIAN_POINT('',(0.0092270728342336,-0.0830017456362486,0.0167218985577561));
#10861=CARTESIAN_POINT('',(0.00897804837327364,-0.0835194658105082,0.0165363223565887));
#10862=CARTESIAN_POINT('',(0.00897804837327364,-0.0835355297313556,0.016635023675967));
#10863=CARTESIAN_POINT('',(0.00868489245059728,-0.0840315841768818,0.0164529736338587));
#10864=CARTESIAN_POINT('',(0.00868489245059728,-0.0840476480977292,0.016551674953237));
#10865=CARTESIAN_POINT('',(0.00840422537639278,-0.0844356583647438,0.0163872094089103));
#10866=CARTESIAN_POINT('',(0.00840422537639278,-0.0844517222855912,0.0164859107282886));
#10867=CARTESIAN_POINT('',(0.00818894390516378,-0.0847042419872257,0.0163434966593783));
#10868=CARTESIAN_POINT('',(0.00818894390516378,-0.0847203059080731,0.0164421979787565));
#10869=CARTESIAN_POINT('',(0.00806046971670346,-0.0848534346670471,0.0163192151258105));
#10870=CARTESIAN_POINT('',(0.00806046971670346,-0.0848694985878945,0.0164179164451887));
#10871=CARTESIAN_POINT('',(0.00786137235743294,-0.0850741361621614,0.0162832953288841));
#10872=CARTESIAN_POINT('',(0.00786137235743294,-0.0850902000830088,0.0163819966482624));
#10873=CARTESIAN_POINT('',(0.00754046934753653,-0.0853924074067823,0.0162314957773299));
#10874=CARTESIAN_POINT('',(0.00754046934753653,-0.0854084713276297,0.0163301970967082));
#10875=CARTESIAN_POINT('',(0.00707319507611623,-0.0857869695386756,0.0161672796665824));
#10876=CARTESIAN_POINT('',(0.00707319507611623,-0.085803033459523,0.0162659809859607));
#10877=CARTESIAN_POINT('',(0.00657552649754689,-0.0861490709959419,0.016108346623084));
#10878=CARTESIAN_POINT('',(0.00657552649754689,-0.0861651349167893,0.0162070479424623));
#10879=CARTESIAN_POINT('',(0.00605679935312903,-0.0864764094947268,0.0160550713500895));
#10880=CARTESIAN_POINT('',(0.00605679935312903,-0.0864924734155742,0.0161537726694678));
#10881=CARTESIAN_POINT('',(0.00561508859710497,-0.0867184768485139,0.0160156741988105));
#10882=CARTESIAN_POINT('',(0.00561508859710497,-0.0867345407693613,0.0161143755181888));
#10883=CARTESIAN_POINT('',(0.00526093658952784,-0.0868928466481765,0.0159872950172797));
#10884=CARTESIAN_POINT('',(0.00526093658952784,-0.0869089105690239,0.016085996336658));
#10885=CARTESIAN_POINT('',(0.00490830011063715,-0.0870539116602483,0.0159610812278237));
#10886=CARTESIAN_POINT('',(0.00490830011063715,-0.0870699755810957,0.016059782547202));
#10887=CARTESIAN_POINT('',(0.00447042611468296,-0.0872314311855439,0.0159321894194752));
#10888=CARTESIAN_POINT('',(0.00447042611468296,-0.0872474951063913,0.0160308907388535));
#10889=CARTESIAN_POINT('',(0.00394664024838264,-0.0874127439398018,0.0159026802523093));
#10890=CARTESIAN_POINT('',(0.00394664024838264,-0.0874288078606492,0.0160013815716876));
#10891=CARTESIAN_POINT('',(0.00342250722700764,-0.0875680008410084,0.0158774117494392));
#10892=CARTESIAN_POINT('',(0.00342250722700764,-0.0875840647618558,0.0159761130688175));
#10893=CARTESIAN_POINT('',(0.00289591857113288,-0.0877028696582329,0.0158554614653059));
#10894=CARTESIAN_POINT('',(0.00289591857113288,-0.0877189335790803,0.0159541627846842));
#10895=CARTESIAN_POINT('',(0.00245405788587353,-0.0878028150107345,0.0158391950745244));
#10896=CARTESIAN_POINT('',(0.00245405788587353,-0.0878188789315819,0.0159378963939027));
#10897=CARTESIAN_POINT('',(0.00209723576031548,-0.0878783609152024,0.0158268997634043));
#10898=CARTESIAN_POINT('',(0.00209723576031548,-0.0878944248360498,0.0159256010827826));
#10899=CARTESIAN_POINT('',(0.00174119508644376,-0.0879510972720691,0.0158150617141584));
#10900=CARTESIAN_POINT('',(0.00174119508644376,-0.0879671611929165,0.0159137630335367));
#10901=CARTESIAN_POINT('',(0.00129852897486903,-0.0880358238938381,0.0158012722151493));
#10902=CARTESIAN_POINT('',(0.00129852897486903,-0.0880518878146855,0.0158999735345276));
#10903=CARTESIAN_POINT('',(0.000767589470987053,-0.0881266218356816,0.0157864945915058));
#10904=CARTESIAN_POINT('',(0.000767589470987053,-0.088142685756529,0.0158851959108841));
#10905=CARTESIAN_POINT('',(5.61688830056378E-5,-0.0882316411613781,0.0157694023971354));
#10906=CARTESIAN_POINT('',(5.61688830056378E-5,-0.0882477050822255,0.0158681037165136));
#10907=CARTESIAN_POINT('',(-0.000847876307043344,-0.0883300576824031,0.0157533848280311));
#10908=CARTESIAN_POINT('',(-0.000847876307043344,-0.0883461216032505,0.0158520861474093));
#10909=CARTESIAN_POINT('',(-0.00179208502114718,-0.0883772257254713,0.0157457080946789));
#10910=CARTESIAN_POINT('',(-0.00179208502114718,-0.0883932896463187,0.0158444094140572));
#10911=CARTESIAN_POINT('',(-0.00256234590153304,-0.088379796353114,0.0157452897177084));
#10912=CARTESIAN_POINT('',(-0.00256234590153304,-0.0883958602739614,0.0158439910370867));
#10913=CARTESIAN_POINT('',(-0.00314549705352936,-0.0883630410637392,0.0157480166887762));
#10914=CARTESIAN_POINT('',(-0.00314549705352936,-0.0883791049845866,0.0158467180081545));
#10915=CARTESIAN_POINT('',(-0.00373201675236226,-0.0883266174414419,0.0157539447370459));
#10916=CARTESIAN_POINT('',(-0.00373201675236226,-0.0883426813622893,0.0158526460564242));
#10917=CARTESIAN_POINT('',(-0.00451556415679895,-0.0882500844295702,0.0157664007027074));
#10918=CARTESIAN_POINT('',(-0.00451556415679895,-0.0882661483504176,0.0158651020220857));
#10919=CARTESIAN_POINT('',(-0.00550105677475404,-0.0881022030735382,0.0157904688145936));
#10920=CARTESIAN_POINT('',(-0.00550105677475404,-0.0881182669943856,0.0158891701339719));
#10921=CARTESIAN_POINT('',(-0.00646489228643753,-0.0878986461787149,0.0158235982789917));
#10922=CARTESIAN_POINT('',(-0.00646489228643753,-0.0879147100995623,0.01592229959837));
#10923=CARTESIAN_POINT('',(-0.00711373292122819,-0.0877341400316097,0.0158503721229754));
#10924=CARTESIAN_POINT('',(-0.00711373292122819,-0.0877502039524571,0.0159490734423536));
#10925=CARTESIAN_POINT('',(-0.00747518962440704,-0.0876349262740681,0.0158665194445934));
#10926=CARTESIAN_POINT('',(-0.00747518962440704,-0.0876509901949155,0.0159652207639717));
#10927=CARTESIAN_POINT('',(-0.00782851177629302,-0.0875327763140398,0.0158831446415289));
#10928=CARTESIAN_POINT('',(-0.00782851177629302,-0.0875488402348872,0.0159818459609072));
#10929=CARTESIAN_POINT('',(-0.0082561064651223,-0.0873984997912379,0.015904998528058));
#10930=CARTESIAN_POINT('',(-0.0082561064651223,-0.0874145637120853,0.0160036998474362));
#10931=CARTESIAN_POINT('',(-0.00875025296023529,-0.0872238316756239,0.0159334262613595));
#10932=CARTESIAN_POINT('',(-0.00875025296023529,-0.0872398955964713,0.0160321275807377));
#10933=CARTESIAN_POINT('',(-0.00922931018442746,-0.0870324714899721,0.0159645706766015));
#10934=CARTESIAN_POINT('',(-0.00922931018442746,-0.0870485354108195,0.0160632719959798));
#10935=CARTESIAN_POINT('',(-0.00961935851714309,-0.0868563473570192,0.015993235380872));
#10936=CARTESIAN_POINT('',(-0.00961935851714309,-0.0868724112778666,0.0160919367002502));
#10937=CARTESIAN_POINT('',(-0.00992802191753664,-0.086703670059072,0.0160180840459645));
#10938=CARTESIAN_POINT('',(-0.00992802191753664,-0.0867197339799194,0.0161167853653428));
#10939=CARTESIAN_POINT('',(-0.0102351161128893,-0.0865425782553355,0.0160443021958403));
#10940=CARTESIAN_POINT('',(-0.0102351161128893,-0.0865586421761829,0.0161430035152185));
#10941=CARTESIAN_POINT('',(-0.010612897707909,-0.0863259306650937,0.0160795622082023));
#10942=CARTESIAN_POINT('',(-0.010612897707909,-0.0863419945859411,0.0161782635275806));
#10943=CARTESIAN_POINT('',(-0.0110526643910047,-0.0860392978261363,0.0161262125191231));
#10944=CARTESIAN_POINT('',(-0.0110526643910047,-0.0860553617469837,0.0162249138385014));
#10945=CARTESIAN_POINT('',(-0.0114747587725244,-0.0857241305986124,0.016177506883054));
#10946=CARTESIAN_POINT('',(-0.0114747587725244,-0.0857401945194598,0.0162762082024322));
#10947=CARTESIAN_POINT('',(-0.0118087017121456,-0.0854360128512676,0.016224398867044));
#10948=CARTESIAN_POINT('',(-0.0118087017121456,-0.085452076772115,0.0163231001864223));
#10949=CARTESIAN_POINT('',(-0.0120634926290532,-0.0851890580205166,0.0162645914691193));
#10950=CARTESIAN_POINT('',(-0.0120634926290532,-0.085205121941364,0.0163632927884976));
#10951=CARTESIAN_POINT('',(-0.0122479688693975,-0.0849953737554491,0.0162961141349057));
#10952=CARTESIAN_POINT('',(-0.0122479688693975,-0.0850114376762965,0.016394815454284));
#10953=CARTESIAN_POINT('',(-0.012425613512612,-0.084792525958457,0.0163291281916122));
#10954=CARTESIAN_POINT('',(-0.012425613512612,-0.0848085898793044,0.0164278295109904));
#10955=CARTESIAN_POINT('',(-0.0125984995213442,-0.0845783891969448,0.0163639795594472));
#10956=CARTESIAN_POINT('',(-0.0125984995213442,-0.0845944531177922,0.0164626808788255));
#10957=CARTESIAN_POINT('',(-0.0127652751232852,-0.0843553813236519,0.0164002747259911));
#10958=CARTESIAN_POINT('',(-0.0127652751232852,-0.0843714452444993,0.0164989760453693));
#10959=CARTESIAN_POINT('',(-0.0129787215585823,-0.0840482400984332,0.0164502628351873));
#10960=CARTESIAN_POINT('',(-0.0129787215585823,-0.0840643040192806,0.0165489641545656));
#10961=CARTESIAN_POINT('',(-0.0132270091879366,-0.0836503852759888,0.0165150148407002));
#10962=CARTESIAN_POINT('',(-0.0132270091879366,-0.0836664491968362,0.0166137161600785));
#10963=CARTESIAN_POINT('',(-0.0134904527357587,-0.0831647748574277,0.0165940493194244));
#10964=CARTESIAN_POINT('',(-0.0134904527357587,-0.0831808387782751,0.0166927506388027));
#10965=CARTESIAN_POINT('',(-0.0137150912868348,-0.0826852964926478,0.0166720857889305));
#10966=CARTESIAN_POINT('',(-0.0137150912868348,-0.0827013604134952,0.0167707871083088));
#10967=CARTESIAN_POINT('',(-0.013896687824915,-0.082227647742955,0.0167465694264067));
#10968=CARTESIAN_POINT('',(-0.013896687824915,-0.0822437116638024,0.016845270745785));
#10969=CARTESIAN_POINT('',(-0.0140323879064956,-0.0818060978191554,0.016815177877153));
#10970=CARTESIAN_POINT('',(-0.0140323879064956,-0.0818221617400028,0.0169138791965313));
#10971=CARTESIAN_POINT('',(-0.0141294683394723,-0.0814060153158698,0.0168802924440676));
#10972=CARTESIAN_POINT('',(-0.0141294683394723,-0.0814220792367172,0.0169789937634459));
#10973=CARTESIAN_POINT('',(-0.0141831206176407,-0.0810783792398973,0.016933616148597));
#10974=CARTESIAN_POINT('',(-0.0141831206176407,-0.0810944431607447,0.0170323174679753));
#10975=CARTESIAN_POINT('',(-0.014212035943664,-0.0808118509030932,0.0169769943945311));
#10976=CARTESIAN_POINT('',(-0.014212035943664,-0.0808279148239406,0.0170756957139094));
#10977=CARTESIAN_POINT('',(-0.0142271401037574,-0.0806079668465906,0.0170101771054244));
#10978=CARTESIAN_POINT('',(-0.0142271401037574,-0.080624030767438,0.0171088784248027));
#10979=CARTESIAN_POINT('',(-0.0142360695422685,-0.080398045789036,0.0170443423554333));
#10980=CARTESIAN_POINT('',(-0.0142360695422685,-0.0804141097098834,0.0171430436748116));
#10981=CARTESIAN_POINT('',(-0.0142401233286001,-0.0801095154543008,0.0170913014891963));
#10982=CARTESIAN_POINT('',(-0.0142401233286001,-0.0801255793751482,0.0171900028085746));
#10983=CARTESIAN_POINT('',(-0.0142307340125011,-0.0797375790520462,0.0171518351980031));
#10984=CARTESIAN_POINT('',(-0.0142307340125011,-0.0797536429728936,0.0172505365173814));
#10985=CARTESIAN_POINT('',(-0.0141979669471478,-0.0792848644048564,0.0172255157962437));
#10986=CARTESIAN_POINT('',(-0.0141979669471478,-0.0793009283257038,0.017324217115622));
#10987=CARTESIAN_POINT('',(-0.0141544446490195,-0.0789119267953243,0.0172862124543866));
#10988=CARTESIAN_POINT('',(-0.0141544446490195,-0.0789279907161717,0.0173849137737649));
#10989=CARTESIAN_POINT('',(-0.0141111121049732,-0.0786219909590276,0.0173334003375318));
#10990=CARTESIAN_POINT('',(-0.0141111121049732,-0.078638054879875,0.0174321016569101));
#10991=CARTESIAN_POINT('',(-0.0140746488049469,-0.0784099826151939,0.0173679052993276));
#10992=CARTESIAN_POINT('',(-0.0140746488049469,-0.0784260465360413,0.0174666066187059));
#10993=CARTESIAN_POINT('',(-0.0140347618884277,-0.0782058018819,0.0174011362952136));
#10994=CARTESIAN_POINT('',(-0.0140347618884277,-0.0782218658027474,0.0174998376145919));
#10995=CARTESIAN_POINT('',(-0.0139765748965984,-0.0779433539718773,0.0174438504400673));
#10996=CARTESIAN_POINT('',(-0.0139765748965984,-0.0779594178927247,0.0175425517594456));
#10997=CARTESIAN_POINT('',(-0.0138928364291928,-0.07762841189807,0.0174951081595896));
#10998=CARTESIAN_POINT('',(-0.0138928364291928,-0.0776444758189174,0.0175938094789678));
#10999=CARTESIAN_POINT('',(-0.0137898120733218,-0.0773181757845009,0.0175455999706796));
#11000=CARTESIAN_POINT('',(-0.0137898120733218,-0.0773342397053483,0.0176443012900579));
#11001=CARTESIAN_POINT('',(-0.0136924265929123,-0.0770648976760783,0.0175868217042058));
#11002=CARTESIAN_POINT('',(-0.0136924265929123,-0.0770809615969257,0.017685523023584));
#11003=CARTESIAN_POINT('',(-0.0136110051818984,-0.0768705940582598,0.0176184451714164));
#11004=CARTESIAN_POINT('',(-0.0136110051818984,-0.0768866579791072,0.0177171464907947));
#11005=CARTESIAN_POINT('',(-0.0135202150952401,-0.0766700390269542,0.0176510860739771));
#11006=CARTESIAN_POINT('',(-0.0135202150952401,-0.0766861029478016,0.0177497873933554));
#11007=CARTESIAN_POINT('',(-0.0133858443927084,-0.0763929035376797,0.0176961906641869));
#11008=CARTESIAN_POINT('',(-0.0133858443927084,-0.0764089674585271,0.0177948919835652));
#11009=CARTESIAN_POINT('',(-0.0131949022953596,-0.0760329097361085,0.0177547806807179));
#11010=CARTESIAN_POINT('',(-0.0131949022953596,-0.0760489736569559,0.0178534820000962));
#11011=CARTESIAN_POINT('',(-0.0129342819080043,-0.0755906361961239,0.0178267619590228));
#11012=CARTESIAN_POINT('',(-0.0129342819080043,-0.0756067001169713,0.0179254632784011));
#11013=CARTESIAN_POINT('',(-0.0126476855885493,-0.0751490835067202,0.0178986259168425));
#11014=CARTESIAN_POINT('',(-0.0126476855885493,-0.0751651474275676,0.0179973272362208));
#11015=CARTESIAN_POINT('',(-0.0123918470638655,-0.0747905122604776,0.0179569844084421));
#11016=CARTESIAN_POINT('',(-0.0123918470638655,-0.074806576181325,0.0180556857278204));
#11017=CARTESIAN_POINT('',(-0.0121800456331898,-0.0745146477161874,0.0180018821487358));
#11018=CARTESIAN_POINT('',(-0.0121800456331898,-0.0745307116370348,0.0181005834681141));
#11019=CARTESIAN_POINT('',(-0.0119642130637409,-0.0742475029111743,0.0180453607266268));
#11020=CARTESIAN_POINT('',(-0.0119642130637409,-0.0742635668320217,0.0181440620460051));
#11021=CARTESIAN_POINT('',(-0.0116859702390709,-0.0739280220840592,0.018097357141177));
#11022=CARTESIAN_POINT('',(-0.0116859702390709,-0.0739440860049066,0.0181960584605553));
#11023=CARTESIAN_POINT('',(-0.0113425649629694,-0.0735695078321656,0.0181557063567839));
#11024=CARTESIAN_POINT('',(-0.0113425649629694,-0.073585571753013,0.0182544076761622));
#11025=CARTESIAN_POINT('',(-0.0109930499138576,-0.0732367980488799,0.0182098558216293));
#11026=CARTESIAN_POINT('',(-0.0109930499138576,-0.0732528619697273,0.0183085571410076));
#11027=CARTESIAN_POINT('',(-0.0106997735201873,-0.0729820080529757,0.0182513236191492));
#11028=CARTESIAN_POINT('',(-0.0106997735201873,-0.0729980719738231,0.0183500249385275));
#11029=CARTESIAN_POINT('',(-0.0104658198246895,-0.0727921943064321,0.0182822163470219));
#11030=CARTESIAN_POINT('',(-0.0104658198246895,-0.0728082582272795,0.0183809176664002));
#11031=CARTESIAN_POINT('',(-0.0102329809207146,-0.0726119359210758,0.0183115539126461));
#11032=CARTESIAN_POINT('',(-0.0102329809207146,-0.0726279998419232,0.0184102552320243));
#11033=CARTESIAN_POINT('',(-0.00994231245471166,-0.0724023514270924,0.0183456643859752));
#11034=CARTESIAN_POINT('',(-0.00994231245471166,-0.0724184153479398,0.0184443657053534));
#11035=CARTESIAN_POINT('',(-0.00958925200525903,-0.072169729706993,0.0183835242334686));
#11036=CARTESIAN_POINT('',(-0.00958925200525903,-0.0721857936278404,0.0184822255528469));
#11037=CARTESIAN_POINT('',(-0.00928728861538448,-0.0719865365231826,0.0184133394459));
#11038=CARTESIAN_POINT('',(-0.00928728861538448,-0.07200260044403,0.0185120407652783));
#11039=CARTESIAN_POINT('',(-0.00903892696186622,-0.0718436233042472,0.0184365989793236));
#11040=CARTESIAN_POINT('',(-0.00903892696186622,-0.0718596872250946,0.0185353002987019));
#11041=CARTESIAN_POINT('',(-0.00884831418452419,-0.0717373431706662,0.0184538963737683));
#11042=CARTESIAN_POINT('',(-0.00884831418452419,-0.0717534070915136,0.0185525976931466));
#11043=CARTESIAN_POINT('',(-0.00865456125931203,-0.0716322475832204,0.0184710009799557));
#11044=CARTESIAN_POINT('',(-0.00865456125931203,-0.0716483115040678,0.018569702299334));
#11045=CARTESIAN_POINT('',(-0.00839365337976699,-0.0714951340040768,0.0184933166054848));
#11046=CARTESIAN_POINT('',(-0.00839365337976699,-0.0715111979249242,0.018592017924863));
#11047=CARTESIAN_POINT('',(-0.00806138499764319,-0.0713296321948806,0.0185202524963095));
#11048=CARTESIAN_POINT('',(-0.00806138499764319,-0.071345696115728,0.0186189538156878));
#11049=CARTESIAN_POINT('',(-0.00765168680162545,-0.0711429360366136,0.0185506378278108));
#11050=CARTESIAN_POINT('',(-0.00765168680162545,-0.071158999957461,0.0186493391471891));
#11051=CARTESIAN_POINT('',(-0.00722929394123823,-0.0709701619686727,0.018578757299459));
#11052=CARTESIAN_POINT('',(-0.00722929394123823,-0.0709862258895201,0.0186774586188372));
#11053=CARTESIAN_POINT('',(-0.00679306940176419,-0.07081414627552,0.0186041492978795));
#11054=CARTESIAN_POINT('',(-0.00679306940176419,-0.0708302101963674,0.0187028506172578));
#11055=CARTESIAN_POINT('',(-0.00633503627384085,-0.0706726482469956,0.018627178505033));
#11056=CARTESIAN_POINT('',(-0.00633503627384085,-0.070688712167843,0.0187258798244113));
#11057=CARTESIAN_POINT('',(-0.0058656768212602,-0.0705462391363092,0.0186477519478324));
#11058=CARTESIAN_POINT('',(-0.0058656768212602,-0.0705623030571566,0.0187464532672107));
#11059=CARTESIAN_POINT('',(-0.0053929880649253,-0.0704350279786483,0.0186658518804906));
#11060=CARTESIAN_POINT('',(-0.0053929880649253,-0.0704510918994957,0.0187645531998689));
#11061=CARTESIAN_POINT('',(-0.00500353901110768,-0.0703550207309919,0.0186788732879213));
#11062=CARTESIAN_POINT('',(-0.00500353901110768,-0.0703710846518393,0.0187775746072996));
#11063=CARTESIAN_POINT('',(-0.0046984548230572,-0.0702984271587478,0.0186880840529924));
#11064=CARTESIAN_POINT('',(-0.0046984548230572,-0.0703144910795952,0.0187867853723707));
#11065=CARTESIAN_POINT('',(-0.00447505068934753,-0.0702599549185002,0.0186943455196684));
#11066=CARTESIAN_POINT('',(-0.00447505068934753,-0.0702760188393476,0.0187930468390466));
#11067=CARTESIAN_POINT('',(-0.00425523965125273,-0.0702254216239151,0.018699965911719));
#11068=CARTESIAN_POINT('',(-0.00425523965125273,-0.0702414855447625,0.0187986672310972));
#11069=CARTESIAN_POINT('',(-0.0039643658573001,-0.070184485020911,0.0187066284604524));
#11070=CARTESIAN_POINT('',(-0.0039643658573001,-0.0702005489417584,0.0188053297798307));
#11071=CARTESIAN_POINT('',(-0.00359993954749958,-0.0701426673715475,0.0187134344019903));
#11072=CARTESIAN_POINT('',(-0.00359993954749958,-0.0701587312923949,0.0188121357213686));
#11073=CARTESIAN_POINT('',(-0.00314529323574988,-0.0701069449823134,0.0187192483225818));
#11074=CARTESIAN_POINT('',(-0.00314529323574988,-0.0701230089031608,0.0188179496419601));
#11075=CARTESIAN_POINT('',(-0.00281960134675222,-0.0700926833719783,0.0187215694402834));
#11076=CARTESIAN_POINT('',(-0.00281960134675222,-0.0701087472928257,0.0188202707596617));
#11077=CARTESIAN_POINT('',(-0.00264896846574057,-0.0700879854791581,0.0187223340357204));
#11078=CARTESIAN_POINT('',(-0.00264896846574057,-0.0701040494000055,0.0188210353550986));
#11079=CARTESIAN_POINT('',(-0.00442581800701108,-0.0702365300514778,0.0187994737517434));
#11080=CARTESIAN_POINT('',(-0.00278039853227718,-0.0700657107719735,0.018827275076006));
#11081=CARTESIAN_POINT('',(-0.000346398658323597,-0.0701249232606612,0.0188176380748244));
#11082=CARTESIAN_POINT('',(0.00204560637512979,-0.0706027685777211,0.018739867388486));
#11083=CARTESIAN_POINT('',(0.0042571379802906,-0.0715689766305204,0.0185826142759634));
#11084=CARTESIAN_POINT('',(0.00605218955242953,-0.072770802988303,0.0183870136132227));
#11085=CARTESIAN_POINT('',(0.00722577610159234,-0.0738052780722779,0.0182186498469399));
#11086=CARTESIAN_POINT('',(0.00814362700496736,-0.0748135276329995,0.0180545543592614));
#11087=CARTESIAN_POINT('',(0.00895920491218772,-0.0761362410893286,0.0178392789769246));
#11088=CARTESIAN_POINT('',(0.00964258007893629,-0.0780098836879772,0.0175343383075329));
#11089=CARTESIAN_POINT('',(0.00990206543578051,-0.0801920689804238,0.0171791814359419));
#11090=CARTESIAN_POINT('',(0.00954579778695801,-0.0824742794925006,0.0168077451749668));
#11091=CARTESIAN_POINT('',(0.00863994667619628,-0.0842578275924053,0.0165174676418506));
#11092=CARTESIAN_POINT('',(0.00756171000235548,-0.0854223591657796,0.0163279368114943));
#11093=CARTESIAN_POINT('',(0.00658618497650277,-0.0861826312893098,0.0162042003580019));
#11094=CARTESIAN_POINT('',(0.00552565051106628,-0.0868031622192357,0.0161032071817759));
#11095=CARTESIAN_POINT('',(0.00411828296180095,-0.0874174487372224,0.0160032303013781));
#11096=CARTESIAN_POINT('',(0.00236774983081611,-0.0878603001744479,0.0159311549686513));
#11097=CARTESIAN_POINT('',(0.000248058426966444,-0.0882543081098577,0.0158670290549599));
#11098=CARTESIAN_POINT('',(-0.00196174714070483,-0.0884380258364915,0.0158371284716901));
#11099=CARTESIAN_POINT('',(-0.00431641826616041,-0.088339600460147,0.0158531474820228));
#11100=CARTESIAN_POINT('',(-0.0066930669737559,-0.087894375906757,0.0159256090461644));
#11101=CARTESIAN_POINT('',(-0.00844734254634325,-0.0873795336657945,0.0160094010872417));
#11102=CARTESIAN_POINT('',(-0.00969938426707643,-0.0868493049746137,0.0160956973169154));
#11103=CARTESIAN_POINT('',(-0.0106195685257271,-0.0863553663330326,0.0161760872376564));
#11104=CARTESIAN_POINT('',(-0.0114861566465412,-0.0857545414782356,0.0162738731940288));
#11105=CARTESIAN_POINT('',(-0.0122629946692805,-0.085037060801494,0.0163906452176789));
#11106=CARTESIAN_POINT('',(-0.0129428462955924,-0.0841566778416432,0.0165339300518793));
#11107=CARTESIAN_POINT('',(-0.0135103716809912,-0.0831771924690767,0.01669334408601));
#11108=CARTESIAN_POINT('',(-0.0139195783982491,-0.0822257170054817,0.0168481994276786));
#11109=CARTESIAN_POINT('',(-0.0141455452190027,-0.0814183083177042,0.0169796074912555));
#11110=CARTESIAN_POINT('',(-0.0142423530633993,-0.0806404443561234,0.0171062070664953));
#11111=CARTESIAN_POINT('',(-0.0142417084283622,-0.0797580618613786,0.0172498173306947));
#11112=CARTESIAN_POINT('',(-0.0141537174121239,-0.0788427750712399,0.0173987828626866));
#11113=CARTESIAN_POINT('',(-0.0140008336484177,-0.0780080855219118,0.0175346309641815));
#11114=CARTESIAN_POINT('',(-0.0137852759704918,-0.0772803091879836,0.0176530786353626));
#11115=CARTESIAN_POINT('',(-0.0133294062646029,-0.0762314358531069,0.0178237857579884));
#11116=CARTESIAN_POINT('',(-0.0123775410720511,-0.0746757269048277,0.0180769818202519));
#11117=CARTESIAN_POINT('',(-0.0112294829623396,-0.073434013847299,0.0182790741569806));
#11118=CARTESIAN_POINT('',(-0.010289363883305,-0.0726556964971786,0.0184057475224966));
#11119=CARTESIAN_POINT('',(-0.00936406166561176,-0.0720247165358407,0.0185084413083456));
#11120=CARTESIAN_POINT('',(-0.00809216662586244,-0.0713179478579643,0.0186234699236707));
#11121=CARTESIAN_POINT('',(-0.00637022667137857,-0.0706482210038635,0.0187324698766748));
#11122=CARTESIAN_POINT('',(-0.00442581800701108,-0.0702365300514778,0.0187994737517434));
#11123=CARTESIAN_POINT('',(-0.00278039853227718,-0.0700657107719735,0.018827275076006));
#11124=CARTESIAN_POINT('',(-0.000346398658323597,-0.0701249232606612,0.0188176380748244));
#11125=CARTESIAN_POINT('',(-0.00264896846574057,-0.0701040494000055,0.0188210353550986));
#11126=CARTESIAN_POINT('',(-0.00264896846574057,-0.0700879854791581,0.0187223340357204));
#11127=CARTESIAN_POINT('',(-0.00247833558472892,-0.0700832875863379,0.0187230986311573));
#11128=CARTESIAN_POINT('',(-0.00212149594967998,-0.0700787576253921,0.0187238358952033));
#11129=CARTESIAN_POINT('',(-0.00155251644504315,-0.0700895106007566,0.0187220858178364));
#11130=CARTESIAN_POINT('',(-0.000959745562426259,-0.0701205280151063,0.0187170376453079));
#11131=CARTESIAN_POINT('',(-0.000353823559770026,-0.070174417536575,0.0187082669722021));
#11132=CARTESIAN_POINT('',(0.000153240249258816,-0.0702403951776363,0.0186975289232035));
#11133=CARTESIAN_POINT('',(0.000554982068574508,-0.0703069178969854,0.0186867021611611));
#11134=CARTESIAN_POINT('',(0.00085257464840039,-0.0703638578882055,0.018677435015415));
#11135=CARTESIAN_POINT('',(0.00114708879352925,-0.0704283330871724,0.0186669414931465));
#11136=CARTESIAN_POINT('',(0.00153642930231868,-0.0705243465748912,0.018651315024557));
#11137=CARTESIAN_POINT('',(0.00201695851118982,-0.0706631207554132,0.018628729131424));
#11138=CARTESIAN_POINT('',(0.00258500731718242,-0.0708595159165418,0.0185967652595826));
#11139=CARTESIAN_POINT('',(0.00333245834113128,-0.07116112249488,0.0185476779299297));
#11140=CARTESIAN_POINT('',(0.00425041355779907,-0.071612297283692,0.0184742479480259));
#11141=CARTESIAN_POINT('',(0.00533483663415552,-0.0722733831626921,0.0183666543383305));
#11142=CARTESIAN_POINT('',(0.00617712765317325,-0.072890340505233,0.0182662427736296));
#11143=CARTESIAN_POINT('',(0.00678534778948066,-0.0734010374728273,0.0181831253875993));
#11144=CARTESIAN_POINT('',(0.00734053758264016,-0.0739152276711167,0.0180994394683241));
#11145=CARTESIAN_POINT('',(0.00780055551402263,-0.0744204879431598,0.0180172069199795));
#11146=CARTESIAN_POINT('',(0.00819003914777148,-0.0749340234486916,0.0179336275538153));
#11147=CARTESIAN_POINT('',(0.0084529863884501,-0.0753283703596122,0.0178694464708941));
#11148=CARTESIAN_POINT('',(0.00869227197881371,-0.0757370828347877,0.0178029273514747));
#11149=CARTESIAN_POINT('',(0.00891348676210108,-0.0761654148239494,0.0177332151002742));
#11150=CARTESIAN_POINT('',(0.00911369212399241,-0.0766087073313556,0.0176610679821192));
#11151=CARTESIAN_POINT('',(0.00935120153328044,-0.077222122028414,0.0175612329930607));
#11152=CARTESIAN_POINT('',(0.00954174224763577,-0.0778700614292458,0.0174557790101306));
#11153=CARTESIAN_POINT('',(0.00967994601517398,-0.0785575926400047,0.0173438813473705));
#11154=CARTESIAN_POINT('',(0.00977987805300107,-0.0792682794201829,0.0172282150497363));
#11155=CARTESIAN_POINT('',(0.00981573572482212,-0.0800048576240973,0.0171083348491457));
#11156=CARTESIAN_POINT('',(0.0097758127728192,-0.0807524570913283,0.0169866609065598));
#11157=CARTESIAN_POINT('',(0.00971696597098104,-0.0812214629928931,0.0169103288602694));
#11158=CARTESIAN_POINT('',(0.00964819801970383,-0.0815958755054734,0.0168493921574547));
#11159=CARTESIAN_POINT('',(0.00956440240187581,-0.0819702191961021,0.0167884666556085));
#11160=CARTESIAN_POINT('',(0.00943149403188735,-0.0824361568123695,0.0167126339814892));
#11161=CARTESIAN_POINT('',(0.0092270728342336,-0.0829856817154012,0.0166231972383778));
#11162=CARTESIAN_POINT('',(0.00897804837327364,-0.0835194658105082,0.0165363223565887));
#11163=CARTESIAN_POINT('',(0.00868489245059728,-0.0840315841768818,0.0164529736338587));
#11164=CARTESIAN_POINT('',(0.00840422537639278,-0.0844356583647438,0.0163872094089103));
#11165=CARTESIAN_POINT('',(0.00818894390516378,-0.0847042419872257,0.0163434966593783));
#11166=CARTESIAN_POINT('',(0.00806046971670346,-0.0848534346670471,0.0163192151258105));
#11167=CARTESIAN_POINT('',(0.00786137235743294,-0.0850741361621614,0.0162832953288841));
#11168=CARTESIAN_POINT('',(0.00754046934753653,-0.0853924074067823,0.0162314957773299));
#11169=CARTESIAN_POINT('',(0.00707319507611623,-0.0857869695386756,0.0161672796665824));
#11170=CARTESIAN_POINT('',(0.00657552649754689,-0.0861490709959419,0.016108346623084));
#11171=CARTESIAN_POINT('',(0.00605679935312903,-0.0864764094947268,0.0160550713500895));
#11172=CARTESIAN_POINT('',(0.00561508859710497,-0.0867184768485139,0.0160156741988105));
#11173=CARTESIAN_POINT('',(0.00526093658952784,-0.0868928466481765,0.0159872950172797));
#11174=CARTESIAN_POINT('',(0.00490830011063715,-0.0870539116602483,0.0159610812278237));
#11175=CARTESIAN_POINT('',(0.00447042611468296,-0.0872314311855439,0.0159321894194752));
#11176=CARTESIAN_POINT('',(0.00394664024838264,-0.0874127439398018,0.0159026802523093));
#11177=CARTESIAN_POINT('',(0.00342250722700764,-0.0875680008410084,0.0158774117494392));
#11178=CARTESIAN_POINT('',(0.00289591857113288,-0.0877028696582329,0.0158554614653059));
#11179=CARTESIAN_POINT('',(0.00245405788587353,-0.0878028150107345,0.0158391950745244));
#11180=CARTESIAN_POINT('',(0.00209723576031548,-0.0878783609152024,0.0158268997634043));
#11181=CARTESIAN_POINT('',(0.00174119508644376,-0.0879510972720691,0.0158150617141584));
#11182=CARTESIAN_POINT('',(0.00129852897486903,-0.0880358238938381,0.0158012722151493));
#11183=CARTESIAN_POINT('',(0.000767589470987053,-0.0881266218356816,0.0157864945915058));
#11184=CARTESIAN_POINT('',(5.61688830056378E-5,-0.0882316411613781,0.0157694023971354));
#11185=CARTESIAN_POINT('',(-0.000847876307043344,-0.0883300576824031,0.0157533848280311));
#11186=CARTESIAN_POINT('',(-0.00179208502114718,-0.0883772257254713,0.0157457080946789));
#11187=CARTESIAN_POINT('',(-0.00256234590153304,-0.088379796353114,0.0157452897177084));
#11188=CARTESIAN_POINT('',(-0.00314549705352936,-0.0883630410637392,0.0157480166887762));
#11189=CARTESIAN_POINT('',(-0.00373201675236226,-0.0883266174414419,0.0157539447370459));
#11190=CARTESIAN_POINT('',(-0.00451556415679895,-0.0882500844295702,0.0157664007027074));
#11191=CARTESIAN_POINT('',(-0.00550105677475404,-0.0881022030735382,0.0157904688145936));
#11192=CARTESIAN_POINT('',(-0.00646489228643753,-0.0878986461787149,0.0158235982789917));
#11193=CARTESIAN_POINT('',(-0.00711373292122819,-0.0877341400316097,0.0158503721229754));
#11194=CARTESIAN_POINT('',(-0.00747518962440704,-0.0876349262740681,0.0158665194445934));
#11195=CARTESIAN_POINT('',(-0.00782851177629302,-0.0875327763140398,0.0158831446415289));
#11196=CARTESIAN_POINT('',(-0.0082561064651223,-0.0873984997912379,0.015904998528058));
#11197=CARTESIAN_POINT('',(-0.00875025296023529,-0.0872238316756239,0.0159334262613595));
#11198=CARTESIAN_POINT('',(-0.00922931018442746,-0.0870324714899721,0.0159645706766015));
#11199=CARTESIAN_POINT('',(-0.00961935851714309,-0.0868563473570192,0.015993235380872));
#11200=CARTESIAN_POINT('',(-0.00992802191753664,-0.086703670059072,0.0160180840459645));
#11201=CARTESIAN_POINT('',(-0.0102351161128893,-0.0865425782553355,0.0160443021958403));
#11202=CARTESIAN_POINT('',(-0.010612897707909,-0.0863259306650937,0.0160795622082023));
#11203=CARTESIAN_POINT('',(-0.0110526643910047,-0.0860392978261363,0.0161262125191231));
#11204=CARTESIAN_POINT('',(-0.0114747587725244,-0.0857241305986124,0.016177506883054));
#11205=CARTESIAN_POINT('',(-0.0118087017121456,-0.0854360128512676,0.016224398867044));
#11206=CARTESIAN_POINT('',(-0.0120634926290532,-0.0851890580205166,0.0162645914691193));
#11207=CARTESIAN_POINT('',(-0.0122479688693975,-0.0849953737554491,0.0162961141349057));
#11208=CARTESIAN_POINT('',(-0.012425613512612,-0.084792525958457,0.0163291281916122));
#11209=CARTESIAN_POINT('',(-0.0125984995213442,-0.0845783891969448,0.0163639795594472));
#11210=CARTESIAN_POINT('',(-0.0127652751232852,-0.0843553813236519,0.0164002747259911));
#11211=CARTESIAN_POINT('',(-0.0129787215585823,-0.0840482400984332,0.0164502628351873));
#11212=CARTESIAN_POINT('',(-0.0132270091879366,-0.0836503852759888,0.0165150148407002));
#11213=CARTESIAN_POINT('',(-0.0134904527357587,-0.0831647748574277,0.0165940493194244));
#11214=CARTESIAN_POINT('',(-0.0137150912868348,-0.0826852964926478,0.0166720857889305));
#11215=CARTESIAN_POINT('',(-0.013896687824915,-0.082227647742955,0.0167465694264067));
#11216=CARTESIAN_POINT('',(-0.0140323879064956,-0.0818060978191554,0.016815177877153));
#11217=CARTESIAN_POINT('',(-0.0141294683394723,-0.0814060153158698,0.0168802924440676));
#11218=CARTESIAN_POINT('',(-0.0141831206176407,-0.0810783792398973,0.016933616148597));
#11219=CARTESIAN_POINT('',(-0.014212035943664,-0.0808118509030932,0.0169769943945311));
#11220=CARTESIAN_POINT('',(-0.0142271401037574,-0.0806079668465906,0.0170101771054244));
#11221=CARTESIAN_POINT('',(-0.0142360695422685,-0.080398045789036,0.0170443423554333));
#11222=CARTESIAN_POINT('',(-0.0142401233286001,-0.0801095154543008,0.0170913014891963));
#11223=CARTESIAN_POINT('',(-0.0142307340125011,-0.0797375790520462,0.0171518351980031));
#11224=CARTESIAN_POINT('',(-0.0141979669471478,-0.0792848644048564,0.0172255157962437));
#11225=CARTESIAN_POINT('',(-0.0141544446490195,-0.0789119267953243,0.0172862124543866));
#11226=CARTESIAN_POINT('',(-0.0141111121049732,-0.0786219909590276,0.0173334003375318));
#11227=CARTESIAN_POINT('',(-0.0140746488049469,-0.0784099826151939,0.0173679052993276));
#11228=CARTESIAN_POINT('',(-0.0140347618884277,-0.0782058018819,0.0174011362952136));
#11229=CARTESIAN_POINT('',(-0.0139765748965984,-0.0779433539718773,0.0174438504400673));
#11230=CARTESIAN_POINT('',(-0.0138928364291928,-0.07762841189807,0.0174951081595896));
#11231=CARTESIAN_POINT('',(-0.0137898120733218,-0.0773181757845009,0.0175455999706796));
#11232=CARTESIAN_POINT('',(-0.0136924265929123,-0.0770648976760783,0.0175868217042058));
#11233=CARTESIAN_POINT('',(-0.0136110051818984,-0.0768705940582598,0.0176184451714164));
#11234=CARTESIAN_POINT('',(-0.0135202150952401,-0.0766700390269542,0.0176510860739771));
#11235=CARTESIAN_POINT('',(-0.0133858443927084,-0.0763929035376797,0.0176961906641869));
#11236=CARTESIAN_POINT('',(-0.0131949022953596,-0.0760329097361085,0.0177547806807179));
#11237=CARTESIAN_POINT('',(-0.0129342819080043,-0.0755906361961239,0.0178267619590228));
#11238=CARTESIAN_POINT('',(-0.0126476855885493,-0.0751490835067202,0.0178986259168425));
#11239=CARTESIAN_POINT('',(-0.0123918470638655,-0.0747905122604776,0.0179569844084421));
#11240=CARTESIAN_POINT('',(-0.0121800456331898,-0.0745146477161874,0.0180018821487358));
#11241=CARTESIAN_POINT('',(-0.0119642130637409,-0.0742475029111743,0.0180453607266268));
#11242=CARTESIAN_POINT('',(-0.0116859702390709,-0.0739280220840592,0.018097357141177));
#11243=CARTESIAN_POINT('',(-0.0113425649629694,-0.0735695078321656,0.0181557063567839));
#11244=CARTESIAN_POINT('',(-0.0109930499138576,-0.0732367980488799,0.0182098558216293));
#11245=CARTESIAN_POINT('',(-0.0106997735201873,-0.0729820080529757,0.0182513236191492));
#11246=CARTESIAN_POINT('',(-0.0104658198246895,-0.0727921943064321,0.0182822163470219));
#11247=CARTESIAN_POINT('',(-0.0102329809207146,-0.0726119359210758,0.0183115539126461));
#11248=CARTESIAN_POINT('',(-0.00994231245471166,-0.0724023514270924,0.0183456643859752));
#11249=CARTESIAN_POINT('',(-0.00958925200525903,-0.072169729706993,0.0183835242334686));
#11250=CARTESIAN_POINT('',(-0.00928728861538448,-0.0719865365231826,0.0184133394459));
#11251=CARTESIAN_POINT('',(-0.00903892696186622,-0.0718436233042472,0.0184365989793236));
#11252=CARTESIAN_POINT('',(-0.00884831418452419,-0.0717373431706662,0.0184538963737683));
#11253=CARTESIAN_POINT('',(-0.00865456125931203,-0.0716322475832204,0.0184710009799557));
#11254=CARTESIAN_POINT('',(-0.00839365337976699,-0.0714951340040768,0.0184933166054848));
#11255=CARTESIAN_POINT('',(-0.00806138499764319,-0.0713296321948806,0.0185202524963095));
#11256=CARTESIAN_POINT('',(-0.00765168680162545,-0.0711429360366136,0.0185506378278108));
#11257=CARTESIAN_POINT('',(-0.00722929394123823,-0.0709701619686727,0.018578757299459));
#11258=CARTESIAN_POINT('',(-0.00679306940176419,-0.07081414627552,0.0186041492978795));
#11259=CARTESIAN_POINT('',(-0.00633503627384085,-0.0706726482469956,0.018627178505033));
#11260=CARTESIAN_POINT('',(-0.0058656768212602,-0.0705462391363092,0.0186477519478324));
#11261=CARTESIAN_POINT('',(-0.0053929880649253,-0.0704350279786483,0.0186658518804906));
#11262=CARTESIAN_POINT('',(-0.00500353901110768,-0.0703550207309919,0.0186788732879213));
#11263=CARTESIAN_POINT('',(-0.0046984548230572,-0.0702984271587478,0.0186880840529924));
#11264=CARTESIAN_POINT('',(-0.00447505068934753,-0.0702599549185002,0.0186943455196684));
#11265=CARTESIAN_POINT('',(-0.00425523965125273,-0.0702254216239151,0.018699965911719));
#11266=CARTESIAN_POINT('',(-0.0039643658573001,-0.070184485020911,0.0187066284604524));
#11267=CARTESIAN_POINT('',(-0.00359993954749958,-0.0701426673715475,0.0187134344019903));
#11268=CARTESIAN_POINT('',(-0.00314529323574988,-0.0701069449823134,0.0187192483225818));
#11269=CARTESIAN_POINT('',(-0.00281960134675222,-0.0700926833719783,0.0187215694402834));
#11270=CARTESIAN_POINT('',(-0.00264896846574057,-0.0700879854791581,0.0187223340357204));
#11271=CARTESIAN_POINT('',(-0.00264896846574057,-0.0700879854791581,0.0187223340357204));
#11272=CARTESIAN_POINT('',(-3.33744018050876E-5,-0.0803110639208474,0.0170584989022206));
#11273=CARTESIAN_POINT('',(-2.67505947579394E-18,-0.00484135558485852,0.0297466719578236));
#11274=CARTESIAN_POINT('',(-0.0020395048734742,-0.0704390411342722,0.0190704618009787));
#11275=CARTESIAN_POINT('',(-0.00263795562383903,-0.0704451120559961,0.0190694737411772));
#11276=CARTESIAN_POINT('',(-0.00312322283439104,-0.0704665314973189,0.0190659876660955));
#11277=CARTESIAN_POINT('',(-0.00377986975476849,-0.0705201909923168,0.019057254430453));
#11278=CARTESIAN_POINT('',(-0.00458214870923167,-0.0706311491523442,0.0190391956738803));
#11279=CARTESIAN_POINT('',(-0.00567219786066687,-0.0708595350186407,0.0190020252236577));
#11280=CARTESIAN_POINT('',(-0.00660790744442873,-0.0711189477410138,0.0189598050642386));
#11281=CARTESIAN_POINT('',(-0.007485651321213,-0.0714465965581143,0.0189064792860544));
#11282=CARTESIAN_POINT('',(-0.00845481601251159,-0.0719116294466378,0.0188307938589522));
#11283=CARTESIAN_POINT('',(-0.00944980566773316,-0.0724844427013806,0.0187375668702706));
#11284=CARTESIAN_POINT('',(-0.0104555481161193,-0.0731853873859611,0.0186234861264421));
#11285=CARTESIAN_POINT('',(-0.0114238830347508,-0.0741000310421524,0.0184746252663319));
#11286=CARTESIAN_POINT('',(-0.0122426954763934,-0.0751374068312967,0.018305789402021));
#11287=CARTESIAN_POINT('',(-0.0128023302909601,-0.0759870989919749,0.0181674995827988));
#11288=CARTESIAN_POINT('',(-0.0133497903303642,-0.0770247467834734,0.0179986194493301));
#11289=CARTESIAN_POINT('',(-0.0136705419256658,-0.0779287830344452,0.0178514849746311));
#11290=CARTESIAN_POINT('',(-0.0138573915653665,-0.0789106694955662,0.0176916801564994));
#11291=CARTESIAN_POINT('',(-0.0139536956405462,-0.0799449044779792,0.0175233554674296));
#11292=CARTESIAN_POINT('',(-0.0139242910356161,-0.0810320139751624,0.0173464253004851));
#11293=CARTESIAN_POINT('',(-0.0137117182120893,-0.0819757944152948,0.0171928223458018));
#11294=CARTESIAN_POINT('',(-0.0133314770483585,-0.0829015236534457,0.0170421572756541));
#11295=CARTESIAN_POINT('',(-0.0128406201399339,-0.0838064285652508,0.0168948814239304));
#11296=CARTESIAN_POINT('',(-0.012221515335672,-0.0846742114149214,0.0167536472935492));
#11297=CARTESIAN_POINT('',(-0.0115191705403158,-0.0853871730099855,0.0166376107633133));
#11298=CARTESIAN_POINT('',(-0.0108702944205877,-0.0858737043789808,0.0165584263972829));
#11299=CARTESIAN_POINT('',(-0.0102929196956155,-0.0862350867763597,0.0164996103828292));
#11300=CARTESIAN_POINT('',(-0.00988436786221958,-0.0864577883777325,0.0164633650629126));
#11301=CARTESIAN_POINT('',(-0.0095998316014878,-0.0865992646422493,0.0164403393979134));
#11302=CARTESIAN_POINT('',(-0.00934879672707181,-0.0867174559722474,0.0164211034223266));
#11303=CARTESIAN_POINT('',(-0.00887055548225805,-0.0869254765498366,0.016387247480845));
#11304=CARTESIAN_POINT('',(-0.0081358300305304,-0.0871967033451244,0.0163431045474106));
#11305=CARTESIAN_POINT('',(-0.00731723539002174,-0.0874409404140111,0.0163033542688194));
#11306=CARTESIAN_POINT('',(-0.00661357133170126,-0.0876190513884599,0.0162743662004367));
#11307=CARTESIAN_POINT('',(-0.00615339741444377,-0.0877233112884127,0.0162573976047689));
#11308=CARTESIAN_POINT('',(-0.00576517375543256,-0.0878040328492361,0.0162442599408358));
#11309=CARTESIAN_POINT('',(-0.00544372790575237,-0.0878661771192186,0.0162341457838984));
#11310=CARTESIAN_POINT('',(-0.0048460063280496,-0.0879686736020689,0.0162174641893866));
#11311=CARTESIAN_POINT('',(-0.00367258167564834,-0.0881170635200303,0.016193313307598));
#11312=CARTESIAN_POINT('',(-0.00226611528075093,-0.088168481133802,0.0161849449445103));
#11313=CARTESIAN_POINT('',(-0.000904694292243347,-0.0881012146112165,0.0161958927626479));
#11314=CARTESIAN_POINT('',(0.000188165187646925,-0.087983396776861,0.016215067950755));
#11315=CARTESIAN_POINT('',(0.00112383502268139,-0.0878339549171743,0.0162393900390556));
#11316=CARTESIAN_POINT('',(0.00218701501109585,-0.0876280007154056,0.016272909671987));
#11317=CARTESIAN_POINT('',(0.0031197985427625,-0.0874095279691774,0.0163084667336842));
#11318=CARTESIAN_POINT('',(0.00376256402434481,-0.087221732605644,0.0163390309639733));
#11319=CARTESIAN_POINT('',(0.00432692216595911,-0.0870367748712658,0.0163691333620354));
#11320=CARTESIAN_POINT('',(0.00515759010164285,-0.0866966336092728,0.0164244923212065));
#11321=CARTESIAN_POINT('',(0.00603286188160437,-0.086223416881656,0.0165015096914301));
#11322=CARTESIAN_POINT('',(0.00693536678310413,-0.0856007576657708,0.0166028492522577));
#11323=CARTESIAN_POINT('',(0.00766331996699295,-0.0849430192686042,0.0167098980497506));
#11324=CARTESIAN_POINT('',(0.00829965932164154,-0.0841740763730749,0.0168350456960818));
#11325=CARTESIAN_POINT('',(0.00898190532396344,-0.0829853654893669,0.0170285117780617));
#11326=CARTESIAN_POINT('',(0.00937683449223992,-0.0817398005289852,0.0172312310229506));
#11327=CARTESIAN_POINT('',(0.00951841980430199,-0.0804355839578994,0.0174434959845316));
#11328=CARTESIAN_POINT('',(0.00949126831439617,-0.0793727192529129,0.0176164802424927));
#11329=CARTESIAN_POINT('',(0.00933667610413502,-0.0783360000495105,0.017785209245604));
#11330=CARTESIAN_POINT('',(0.00905427762393224,-0.077319443985979,0.0179506566402731));
#11331=CARTESIAN_POINT('',(0.00866278391117711,-0.0763585554887197,0.0181070439799805));
#11332=CARTESIAN_POINT('',(0.00815036602896228,-0.0754472969731206,0.0182553538988179));
#11333=CARTESIAN_POINT('',(0.00764147141355179,-0.074752684489234,0.0183684040589482));
#11334=CARTESIAN_POINT('',(0.00699847297700341,-0.0740524234213955,0.0184823735422049));
#11335=CARTESIAN_POINT('',(0.00624808543946195,-0.0733833847117975,0.0185912614977312));
#11336=CARTESIAN_POINT('',(0.00550051651832999,-0.0728246620698322,0.0186821951990508));
#11337=CARTESIAN_POINT('',(0.00488082281733283,-0.0724132908063853,0.0187491470438341));
#11338=CARTESIAN_POINT('',(0.00428097161665701,-0.0720464962675783,0.0188088438997199));
#11339=CARTESIAN_POINT('',(0.00321045987804296,-0.0714720729524739,0.0189023329303112));
#11340=CARTESIAN_POINT('',(0.00192866930345752,-0.0709810720743533,0.0189822447216817));
#11341=CARTESIAN_POINT('',(0.000677690209326565,-0.0706822239446316,0.0190308831059656));
#11342=CARTESIAN_POINT('',(-0.000357370071168402,-0.0705243633788372,0.0190565753626631));
#11343=CARTESIAN_POINT('',(-0.00127953104696739,-0.0704562239422189,0.0190676652500458));
#11344=CARTESIAN_POINT('',(-0.0020395048734742,-0.0704390411342722,0.0190704618009787));
#11345=CARTESIAN_POINT('',(-0.00263795562383903,-0.0704451120559961,0.0190694737411772));
#11346=CARTESIAN_POINT('',(-0.00312322283439104,-0.0704665314973189,0.0190659876660955));
#11347=CARTESIAN_POINT('',(-0.00264060339185891,-0.0704482299887724,0.0190689662887373));
#11348=CARTESIAN_POINT('',(-0.00928363390266895,-0.0800203832804738,0.0175110710773468));
#11349=CARTESIAN_POINT('',(-0.00739874816235882,-0.0793603335689437,0.0176184960478353));
#11350=CARTESIAN_POINT('',(-0.00744204664731096,-0.0807903525075841,0.0173857563926276));
#11351=CARTESIAN_POINT('',(-0.00739874816235882,-0.0793603335689437,0.0176184960478353));
#11352=CARTESIAN_POINT('',(-0.00729991110302437,-0.079635296478681,0.017573745051133));
#11353=CARTESIAN_POINT('',(-0.00703344973081882,-0.0799231779593206,0.0175268915202222));
#11354=CARTESIAN_POINT('',(-0.00518663240788373,-0.0799854322376537,0.0175167594591124));
#11355=CARTESIAN_POINT('',(-0.00248418169122955,-0.0800740046454765,0.0175023440474695));
#11356=CARTESIAN_POINT('',(-0.000293224785167511,-0.0800647109581993,0.0175038566215439));
#11357=CARTESIAN_POINT('',(0.00141228871556979,-0.0799433196919163,0.0175236133958751));
#11358=CARTESIAN_POINT('',(0.00264464419977236,-0.0799418393710893,0.0175238543223059));
#11359=CARTESIAN_POINT('',(0.00293115837881754,-0.0794648508607923,0.0176014855609034));
#11360=CARTESIAN_POINT('',(0.00298716314180835,-0.0793144617128225,0.0176259618230701));
#11361=CARTESIAN_POINT('',(0.00298716314180835,-0.0793144617128225,0.0176259618230701));
#11362=CARTESIAN_POINT('',(0.00486437153659006,-0.0799954926933376,0.0175151220912959));
#11363=CARTESIAN_POINT('',(0.00300875976061865,-0.0807319295140258,0.0173952649012281));
#11364=CARTESIAN_POINT('',(-0.00744204664731096,-0.0807903525075841,0.0173857563926276));
#11365=CARTESIAN_POINT('',(-0.00729255303985027,-0.0804420252418722,0.0174424476472191));
#11366=CARTESIAN_POINT('',(-0.00671143328014769,-0.0804592575741481,0.0174396430360606));
#11367=CARTESIAN_POINT('',(-0.00546023462892324,-0.0805282886870785,0.0174284080258184));
#11368=CARTESIAN_POINT('',(-0.00234464372859667,-0.0806421203183904,0.01740988160361));
#11369=CARTESIAN_POINT('',(-0.00010499445862757,-0.0805579072896576,0.0174235875138897));
#11370=CARTESIAN_POINT('',(0.0016826879752289,-0.0805273080538826,0.0174285676266641));
#11371=CARTESIAN_POINT('',(0.00251073562502935,-0.0804270298206545,0.0174448881947319));
#11372=CARTESIAN_POINT('',(0.00296025951302982,-0.0806128761977512,0.0174146411675364));
#11373=CARTESIAN_POINT('',(0.00300875976061865,-0.0807319295140258,0.017395264901228));
#11374=CARTESIAN_POINT('',(-0.00928363390266895,-0.0799561275970841,0.0171162657998337));
#11375=CARTESIAN_POINT('',(-0.00744204664731096,-0.0807260968241944,0.0169909511151146));
#11376=CARTESIAN_POINT('',(-0.00744204664731096,-0.0807260968241944,0.0169909511151146));
#11377=CARTESIAN_POINT('',(-0.00928363390266895,-0.0799561275970841,0.0171162657998337));
#11378=CARTESIAN_POINT('',(-0.00739874816235882,-0.079296077885554,0.0172236907703223));
#11379=CARTESIAN_POINT('',(-0.00739874816235882,-0.079296077885554,0.0172236907703223));
#11380=CARTESIAN_POINT('',(-0.00744204664731096,-0.0807260968241944,0.0169909511151146));
#11381=CARTESIAN_POINT('',(-0.00744204664731096,-0.0807903525075841,0.0173857563926275));
#11382=CARTESIAN_POINT('',(-0.00735311136917203,-0.0805188733663779,0.0170246773230828));
#11383=CARTESIAN_POINT('',(-0.00735311136917203,-0.0805831290497676,0.0174194826005958));
#11384=CARTESIAN_POINT('',(-0.00710003585570044,-0.080360615728118,0.0170504342044551));
#11385=CARTESIAN_POINT('',(-0.00710003585570044,-0.0804248714115077,0.0174452394819681));
#11386=CARTESIAN_POINT('',(-0.00662254241406441,-0.0804080591169313,0.0170427126577986));
#11387=CARTESIAN_POINT('',(-0.00662254241406441,-0.080472314800321,0.0174375179353116));
#11388=CARTESIAN_POINT('',(-0.00610367871347504,-0.0804263727232316,0.0170397320662129));
#11389=CARTESIAN_POINT('',(-0.00610367871347504,-0.0804906284066213,0.0174345373437259));
#11390=CARTESIAN_POINT('',(-0.0052204309961779,-0.0804708016309806,0.0170325011349354));
#11391=CARTESIAN_POINT('',(-0.0052204309961779,-0.0805350573143703,0.0174273064124484));
#11392=CARTESIAN_POINT('',(-0.00361340842747775,-0.0805315179914642,0.0170226193743359));
#11393=CARTESIAN_POINT('',(-0.00361340842747775,-0.0805957736748539,0.0174174246518489));
#11394=CARTESIAN_POINT('',(-0.00170578353566934,-0.0805520098337083,0.0170192842686463));
#11395=CARTESIAN_POINT('',(-0.00170578353566934,-0.080616265517098,0.0174140895461593));
#11396=CARTESIAN_POINT('',(-0.000215298214028961,-0.0804996534896134,0.0170278054127678));
#11397=CARTESIAN_POINT('',(-0.000215298214028961,-0.0805639091730031,0.0174226106902808));
#11398=CARTESIAN_POINT('',(0.00102330066232809,-0.0804765887581936,0.0170315592634988));
#11399=CARTESIAN_POINT('',(0.00102330066232809,-0.0805408444415833,0.0174263645410118));
#11400=CARTESIAN_POINT('',(0.00183175977491212,-0.0804358335643047,0.0170381922873821));
#11401=CARTESIAN_POINT('',(0.00183175977491212,-0.0805000892476944,0.0174329975648951));
#11402=CARTESIAN_POINT('',(0.00229835129055369,-0.0803932221140814,0.0170451274222708));
#11403=CARTESIAN_POINT('',(0.00229835129055369,-0.0804574777974711,0.0174399326997838));
#11404=CARTESIAN_POINT('',(0.00274121244342301,-0.0804467416022336,0.0170364169731412));
#11405=CARTESIAN_POINT('',(0.00274121244342301,-0.0805109972856233,0.0174312222506542));
#11406=CARTESIAN_POINT('',(0.00297346991561929,-0.0805810480238236,0.0170145582204992));
#11407=CARTESIAN_POINT('',(0.00297346991561929,-0.0806453037072133,0.0174093634980122));
#11408=CARTESIAN_POINT('',(0.00300875976061865,-0.0806676738306361,0.017000459623715));
#11409=CARTESIAN_POINT('',(0.00300875976061865,-0.0807319295140258,0.017395264901228));
#11410=CARTESIAN_POINT('',(0.00300875976061865,-0.0806676738306361,0.017000459623715));
#11411=CARTESIAN_POINT('',(0.00300875976061865,-0.0806676738306361,0.017000459623715));
#11412=CARTESIAN_POINT('',(-0.00744204664731096,-0.0807260968241944,0.0169909511151146));
#11413=CARTESIAN_POINT('',(-0.00729255303985027,-0.0803777695584824,0.0170476423697061));
#11414=CARTESIAN_POINT('',(-0.00671143328014769,-0.0803950018907584,0.0170448377585476));
#11415=CARTESIAN_POINT('',(-0.00546023462892324,-0.0804640330036888,0.0170336027483054));
#11416=CARTESIAN_POINT('',(-0.00234464372859667,-0.0805778646350007,0.017015076326097));
#11417=CARTESIAN_POINT('',(-0.00010499445862757,-0.0804936516062679,0.0170287822363767));
#11418=CARTESIAN_POINT('',(0.0016826879752289,-0.0804630523704929,0.0170337623491511));
#11419=CARTESIAN_POINT('',(0.00251073562502935,-0.0803627741372648,0.0170500829172189));
#11420=CARTESIAN_POINT('',(0.00296025951302982,-0.0805486205143615,0.0170198358900234));
#11421=CARTESIAN_POINT('',(0.00300875976061865,-0.0806676738306361,0.017000459623715));
#11422=CARTESIAN_POINT('',(0.00486437153659006,-0.0799312370099479,0.0171203168137829));
#11423=CARTESIAN_POINT('',(0.00298716314180835,-0.0792502060294328,0.0172311565455571));
#11424=CARTESIAN_POINT('',(0.00298716314180835,-0.0792502060294328,0.0172311565455571));
#11425=CARTESIAN_POINT('',(0.00486437153659006,-0.0799312370099479,0.0171203168137829));
#11426=CARTESIAN_POINT('',(-0.00739874816235882,-0.079296077885554,0.0172236907703223));
#11427=CARTESIAN_POINT('',(-0.00739874816235882,-0.0793603335689437,0.0176184960478352));
#11428=CARTESIAN_POINT('',(-0.00733239608694104,-0.0794806681581384,0.0171936481777138));
#11429=CARTESIAN_POINT('',(-0.00733239608694104,-0.0795449238415281,0.0175884534552268));
#11430=CARTESIAN_POINT('',(-0.00720284665660261,-0.0796966001494921,0.0171585046311089));
#11431=CARTESIAN_POINT('',(-0.00720284665660261,-0.0797608558328818,0.0175533099086219));
#11432=CARTESIAN_POINT('',(-0.0066478778775697,-0.0798685455046339,0.0171305200348291));
#11433=CARTESIAN_POINT('',(-0.0066478778775697,-0.0799328011880236,0.0175253253123421));
#11434=CARTESIAN_POINT('',(-0.00531512205048966,-0.0799178829747273,0.0171224902210497));
#11435=CARTESIAN_POINT('',(-0.00531512205048966,-0.079982138658117,0.0175172954985627));
#11436=CARTESIAN_POINT('',(-0.00348076077502347,-0.0799767726438089,0.0171129057596786));
#11437=CARTESIAN_POINT('',(-0.00348076077502347,-0.0800410283271986,0.0175077110371916));
#11438=CARTESIAN_POINT('',(-0.00173269794201332,-0.080009490955535,0.0171075807612577));
#11439=CARTESIAN_POINT('',(-0.00173269794201332,-0.0800737466389247,0.0175023860387707));
#11440=CARTESIAN_POINT('',(-0.000223090087244264,-0.079989276060694,0.0171108707929686));
#11441=CARTESIAN_POINT('',(-0.000223090087244264,-0.0800535317440838,0.0175056760704816));
#11442=CARTESIAN_POINT('',(0.000945328033549967,-0.0799097981000884,0.0171238060574243));
#11443=CARTESIAN_POINT('',(0.000945328033549967,-0.0799740537834781,0.0175186113349373));
#11444=CARTESIAN_POINT('',(0.00181923324195187,-0.0798860703476575,0.0171276678167132));
#11445=CARTESIAN_POINT('',(0.00181923324195187,-0.0799503260310472,0.0175224730942262));
#11446=CARTESIAN_POINT('',(0.00240534797508036,-0.0798459822393272,0.0171341922705219));
#11447=CARTESIAN_POINT('',(0.00240534797508036,-0.0799102379227169,0.0175289975480349));
#11448=CARTESIAN_POINT('',(0.00281547296589537,-0.0796075386146258,0.0171729996495712));
#11449=CARTESIAN_POINT('',(0.00281547296589537,-0.0796717942980155,0.0175678049270842));
#11450=CARTESIAN_POINT('',(0.00294920758135933,-0.0793521277962936,0.0172145684877094));
#11451=CARTESIAN_POINT('',(0.00294920758135933,-0.0794163834796833,0.0176093737652224));
#11452=CARTESIAN_POINT('',(0.00298716314180835,-0.0792502060294328,0.0172311565455571));
#11453=CARTESIAN_POINT('',(0.00298716314180835,-0.0793144617128225,0.01762596182307));
#11454=CARTESIAN_POINT('',(-0.00739874816235882,-0.079296077885554,0.0172236907703223));
#11455=CARTESIAN_POINT('',(-0.00729991110302437,-0.0795710407952913,0.01717893977362));
#11456=CARTESIAN_POINT('',(-0.00703344973081882,-0.0798589222759309,0.0171320862427091));
#11457=CARTESIAN_POINT('',(-0.00518663240788373,-0.079921176554264,0.0171219541815994));
#11458=CARTESIAN_POINT('',(-0.00248418169122955,-0.0800097489620868,0.0171075387699565));
#11459=CARTESIAN_POINT('',(-0.000293224785167511,-0.0800004552748096,0.0171090513440309));
#11460=CARTESIAN_POINT('',(0.00141228871556979,-0.0798790640085266,0.0171288081183621));
#11461=CARTESIAN_POINT('',(0.00264464419977236,-0.0798775836876996,0.0171290490447929));
#11462=CARTESIAN_POINT('',(0.00293115837881754,-0.0794005951774026,0.0172066802833904));
#11463=CARTESIAN_POINT('',(0.00298716314180835,-0.0792502060294328,0.0172311565455571));
#11464=CARTESIAN_POINT('',(-3.33744018050876E-5,-0.0803110639208474,0.0170584989022206));
#11465=CARTESIAN_POINT('',(-0.00334926806983421,-0.0701218688206208,0.0188181351936407));
#11466=CARTESIAN_POINT('',(-0.00194866886164692,-0.0700862299793902,0.0188239355165566));
#11467=CARTESIAN_POINT('',(-0.00124015556069325,-0.0701078141198178,0.0188204226362266));
#11468=CARTESIAN_POINT('',(0.00015211676346297,-0.0702422355242333,0.0187985451698022));
#11469=CARTESIAN_POINT('',(0.00084634192319723,-0.0703579524490246,0.0187797119107104));
#11470=CARTESIAN_POINT('',(0.00220232269093419,-0.0707227015903014,0.0187203479490984));
#11471=CARTESIAN_POINT('',(0.00287668054519812,-0.0709731001716984,0.018679594866797));
#11472=CARTESIAN_POINT('',(0.00414204566066699,-0.0715699563947641,0.0185824548165422));
#11473=CARTESIAN_POINT('',(0.00474360140625752,-0.0719154714371532,0.0185262212593061));
#11474=CARTESIAN_POINT('',(0.005893752243993,-0.0726846537885019,0.0184010346408583));
#11475=CARTESIAN_POINT('',(0.00644569312909429,-0.0731086964431616,0.0183320204910648));
#11476=CARTESIAN_POINT('',(0.0074841677351828,-0.0740616032011759,0.0181769322021529));
#11477=CARTESIAN_POINT('',(0.00795075571565948,-0.0745853205768788,0.0180916957076186));
#11478=CARTESIAN_POINT('',(0.00911356140220981,-0.0763536332250685,0.0178038977876621));
#11479=CARTESIAN_POINT('',(0.00959510207009213,-0.0777112143035249,0.0175829476005151));
#11480=CARTESIAN_POINT('',(0.00982649206006002,-0.079804982767862,0.0172421808195256));
#11481=CARTESIAN_POINT('',(0.00982073794401338,-0.0805082316488691,0.0171277250611659));
#11482=CARTESIAN_POINT('',(0.0096122245780833,-0.0819166731251761,0.0168984971994093));
#11483=CARTESIAN_POINT('',(0.00941312949245952,-0.0825913733273626,0.0167886878198394));
#11484=CARTESIAN_POINT('',(0.00881360210714072,-0.0838898626805391,0.0165773549792851));
#11485=CARTESIAN_POINT('',(0.00842620992248012,-0.084480224672433,0.0164812718836502));
#11486=CARTESIAN_POINT('',(0.00745214236652243,-0.0855247519100425,0.0163112721007331));
#11487=CARTESIAN_POINT('',(0.00688436455700381,-0.0859700097569858,0.0162388051179709));
#11488=CARTESIAN_POINT('',(0.00569502252190561,-0.0867171058462605,0.0161172131015811));
#11489=CARTESIAN_POINT('',(0.00504586565219697,-0.0870321422103961,0.0160659400360394));
#11490=CARTESIAN_POINT('',(0.00372721064077668,-0.0875147479819819,0.0159873945721682));
#11491=CARTESIAN_POINT('',(0.00305111068481853,-0.0876889072078421,0.0159590496621235));
#11492=CARTESIAN_POINT('',(0.00170457771215694,-0.0879801360669499,0.015911651335833));
#11493=CARTESIAN_POINT('',(0.00102329711919139,-0.0881091476594405,0.0158906543317076));
#11494=CARTESIAN_POINT('',(-0.000350633248652427,-0.0883010601773215,0.0158594200228221));
#11495=CARTESIAN_POINT('',(-0.00104073440243674,-0.0883622088029484,0.0158494679098394));
#11496=CARTESIAN_POINT('',(-0.00310846857438828,-0.0884289818937005,0.015838600399138));
#11497=CARTESIAN_POINT('',(-0.0045160976811909,-0.0883125326456743,0.0158575528459221));
#11498=CARTESIAN_POINT('',(-0.00655958921659719,-0.0878955421415744,0.0159254192381262));
#11499=CARTESIAN_POINT('',(-0.00722979344780674,-0.0877304537961567,0.0159522878365434));
#11500=CARTESIAN_POINT('',(-0.00855551406753672,-0.0873247145159529,0.016018323060013));
#11501=CARTESIAN_POINT('',(-0.00921220246676274,-0.0870767587777468,0.0160586785626273));
#11502=CARTESIAN_POINT('',(-0.0104805668787069,-0.0864427491023463,0.0161618654430691));
#11503=CARTESIAN_POINT('',(-0.0110755925718359,-0.0860712839834189,0.0162223224491722));
#11504=CARTESIAN_POINT('',(-0.0121704824125327,-0.0851482746093103,0.0163725448537004));
#11505=CARTESIAN_POINT('',(-0.0126391495513939,-0.0845895771528498,0.0164634744560074));
#11506=CARTESIAN_POINT('',(-0.0133876232656153,-0.0834190806224071,0.0166539761001157));
#11507=CARTESIAN_POINT('',(-0.0137054146696094,-0.0827809780230611,0.0167578291155871));
#11508=CARTESIAN_POINT('',(-0.014167243113889,-0.0814475979461567,0.0169748405208029));
#11509=CARTESIAN_POINT('',(-0.0142555793163761,-0.0807147503439834,0.0170941135553347));
#11510=CARTESIAN_POINT('',(-0.0142169572734806,-0.0793105683814359,0.017322648169095));
#11511=CARTESIAN_POINT('',(-0.0141383112656505,-0.0786318977955846,0.0174331037399148));
#11512=CARTESIAN_POINT('',(-0.0137985121617155,-0.0772389820719824,0.0176598047411986));
#11513=CARTESIAN_POINT('',(-0.0134977843696414,-0.0765880351312924,0.0177657482098066));
#11514=CARTESIAN_POINT('',(-0.012812662120925,-0.0753844521033718,0.0179616347756155));
#11515=CARTESIAN_POINT('',(-0.0124120723574355,-0.0747991779644286,0.0180568898086917));
#11516=CARTESIAN_POINT('',(-0.0115156019924314,-0.0737346767162572,0.0182301404187173));
#11517=CARTESIAN_POINT('',(-0.0110199289481497,-0.0732516040897192,0.0183087618645616));
#11518=CARTESIAN_POINT('',(-0.00992843780502603,-0.0723803558258693,0.0184505600009706));
#11519=CARTESIAN_POINT('',(-0.00931721180264206,-0.0720050287102197,0.0185116455580398));
#11520=CARTESIAN_POINT('',(-0.00809661687826233,-0.0713488353532585,0.0186184428958386));
#11521=CARTESIAN_POINT('',(-0.00745709044510751,-0.0710534162686429,0.018666523193265));
#11522=CARTESIAN_POINT('',(-0.00611666178197869,-0.0706101416498564,0.0187386673999962));
#11523=CARTESIAN_POINT('',(-0.00542715064480542,-0.0704488730498183,0.0187649143239735));
#11524=CARTESIAN_POINT('',(-0.00405445147976433,-0.0701963660176114,0.0188060105626493));
#11525=CARTESIAN_POINT('',(-0.00334926806983421,-0.0701218688206208,0.0188181351936407));
#11526=CARTESIAN_POINT('',(-0.00194866886164692,-0.0700862299793902,0.0188239355165566));
#11527=CARTESIAN_POINT('',(-0.00332835871884159,-0.0704658355501313,0.0190661009334825));
#11528=CARTESIAN_POINT('',(-0.00195284806487624,-0.0704306244274136,0.0190718316439922));
#11529=CARTESIAN_POINT('',(-0.00125615613694682,-0.070451934303973,0.0190683634008879));
#11530=CARTESIAN_POINT('',(0.000109497849151339,-0.0705838736555621,0.0190468898956304));
#11531=CARTESIAN_POINT('',(0.000785626157736892,-0.0706967157032487,0.0190285245309756));
#11532=CARTESIAN_POINT('',(0.00210536718898064,-0.0710517162123864,0.0189707471870099));
#11533=CARTESIAN_POINT('',(0.00276254630314479,-0.0712956549364491,0.0189310454648886));
#11534=CARTESIAN_POINT('',(0.00399779666121165,-0.0718782672450054,0.0188362236522893));
#11535=CARTESIAN_POINT('',(0.00458694574722089,-0.0722165938195268,0.0187811600386727));
#11536=CARTESIAN_POINT('',(0.00571396411504,-0.072970258454294,0.0186584989727956));
#11537=CARTESIAN_POINT('',(0.0062548813280721,-0.0733859874182177,0.0185908378998483));
#11538=CARTESIAN_POINT('',(0.00726584780101333,-0.0743138711189859,0.0184398221847733));
#11539=CARTESIAN_POINT('',(0.0077144142506794,-0.0748177107169409,0.0183578208551829));
#11540=CARTESIAN_POINT('',(0.00883266197636876,-0.0765190885063713,0.0180809167741316));
#11541=CARTESIAN_POINT('',(0.00930211518079661,-0.0778368295927537,0.0178664506591659));
#11542=CARTESIAN_POINT('',(0.00952558793778953,-0.0798621613182062,0.0175368221523496));
#11543=CARTESIAN_POINT('',(0.00951983099754385,-0.0805409630432416,0.0174263452382541));
#11544=CARTESIAN_POINT('',(0.00931943223041167,-0.0818947269776063,0.0172060163021799));
#11545=CARTESIAN_POINT('',(0.00912807521884,-0.082543023250503,0.0171005042373048));
#11546=CARTESIAN_POINT('',(0.00855273446595407,-0.0837888929066937,0.0168977354023051));
#11547=CARTESIAN_POINT('',(0.00818313931623196,-0.084351773705621,0.0168061249490968));
#11548=CARTESIAN_POINT('',(0.00725349831174498,-0.0853487956501964,0.0166438567879243));
#11549=CARTESIAN_POINT('',(0.0067051189071129,-0.0857798903264355,0.0165736949015334));
#11550=CARTESIAN_POINT('',(0.00555232355366909,-0.0865038723516961,0.0164558647648948));
#11551=CARTESIAN_POINT('',(0.00492293069825529,-0.0868095213118511,0.016406119526088));
#11552=CARTESIAN_POINT('',(0.00364131642791662,-0.0872785714085454,0.0163297802869143));
#11553=CARTESIAN_POINT('',(0.00298044753636298,-0.0874492570135273,0.016302000718561));
#11554=CARTESIAN_POINT('',(0.0016464076757667,-0.0877377749930184,0.0162550435956492));
#11555=CARTESIAN_POINT('',(0.00097149540904512,-0.0878655365603207,0.0162342500366835));
#11556=CARTESIAN_POINT('',(-0.000382810653673103,-0.0880546763285723,0.0162034670006974));
#11557=CARTESIAN_POINT('',(-0.00106155457465635,-0.088114836104789,0.0161936758257725));
#11558=CARTESIAN_POINT('',(-0.00309634032456238,-0.0881804684165219,0.0161829939801057));
#11559=CARTESIAN_POINT('',(-0.00447588054006134,-0.0880663717380363,0.0162015635394965));
#11560=CARTESIAN_POINT('',(-0.00649032560108969,-0.0876556020459808,0.0162684174768224));
#11561=CARTESIAN_POINT('',(-0.0071521175511911,-0.0874924290736995,0.0162949743428064));
#11562=CARTESIAN_POINT('',(-0.00845488383739873,-0.0870936693523904,0.0163598736231869));
#11563=CARTESIAN_POINT('',(-0.00909418129609809,-0.0868520070778422,0.016399204846666));
#11564=CARTESIAN_POINT('',(-0.0103278420180916,-0.0862353974363477,0.0164995598220313));
#11565=CARTESIAN_POINT('',(-0.0109028817808943,-0.0858758548434775,0.0165580764030611));
#11566=CARTESIAN_POINT('',(-0.0119521333387521,-0.0849909450988528,0.0167020979843765));
#11567=CARTESIAN_POINT('',(-0.0123978168194643,-0.0844597463966318,0.0167885520861097));
#11568=CARTESIAN_POINT('',(-0.0131225546536975,-0.0833276703176441,0.0169728006923156));
#11569=CARTESIAN_POINT('',(-0.0134315162696717,-0.082706100230328,0.0170739629943665));
#11570=CARTESIAN_POINT('',(-0.0138718480098641,-0.0814318341805158,0.0172813534233059));
#11571=CARTESIAN_POINT('',(-0.0139543828038616,-0.0807474262273782,0.0173927427669926));
#11572=CARTESIAN_POINT('',(-0.0139182801914699,-0.079386431546093,0.0176142485277226));
#11573=CARTESIAN_POINT('',(-0.0138396781030424,-0.0787204090413995,0.01772264558731));
#11574=CARTESIAN_POINT('',(-0.0135146097684666,-0.0773886972002396,0.0179393854824069));
#11575=CARTESIAN_POINT('',(-0.013227855656597,-0.0767668526634637,0.0180405924518892));
#11576=CARTESIAN_POINT('',(-0.0125593097265867,-0.075591764696009,0.0182318413654485));
#11577=CARTESIAN_POINT('',(-0.0121683164330369,-0.0750211051424818,0.0183247178331232));
#11578=CARTESIAN_POINT('',(-0.011297889749964,-0.0739876202973239,0.0184929204352181));
#11579=CARTESIAN_POINT('',(-0.0108149895260714,-0.0735169778783293,0.0185695188293814));
#11580=CARTESIAN_POINT('',(-0.00975713737629445,-0.0726726752717397,0.0187069314833254));
#11581=CARTESIAN_POINT('',(-0.0091641743577739,-0.0723081455092663,0.0187662597404124));
#11582=CARTESIAN_POINT('',(-0.00796231448664512,-0.0716619834114071,0.0188714244622216));
#11583=CARTESIAN_POINT('',(-0.00734215397573556,-0.0713759248158832,0.018917981313388));
#11584=CARTESIAN_POINT('',(-0.00604009409924471,-0.0709452498614167,0.018988074888865));
#11585=CARTESIAN_POINT('',(-0.005361519050324,-0.07078606936531,0.0190139819679802));
#11586=CARTESIAN_POINT('',(-0.00401164800817089,-0.0705380096388115,0.0190543543949853));
#11587=CARTESIAN_POINT('',(-0.00332835871884159,-0.0704658355501313,0.0190661009334825));
#11588=CARTESIAN_POINT('',(-0.00195284806487624,-0.0704306244274136,0.0190718316439922));
#11589=CARTESIAN_POINT('',(-0.00345933515340823,-0.0690867257501234,0.0192905549813796));
#11590=CARTESIAN_POINT('',(-0.00189996002887161,-0.0690471722451641,0.019296992426967));
#11591=CARTESIAN_POINT('',(-0.00112606548943185,-0.0690728401059317,0.0192928149095206));
#11592=CARTESIAN_POINT('',(0.000413656810768842,-0.0692285170043902,0.0192674780509014));
#11593=CARTESIAN_POINT('',(0.00118314540840212,-0.0693638749311677,0.0192454481627953));
#11594=CARTESIAN_POINT('',(0.00344667348238705,-0.0699973987331735,0.0191423403596323));
#11595=CARTESIAN_POINT('',(0.00481359123324981,-0.0706761900704439,0.0190318651361751));
#11596=CARTESIAN_POINT('',(0.00673531012200947,-0.0719975949924872,0.0188168027215204));
#11597=CARTESIAN_POINT('',(0.00734467900374579,-0.0724815259190624,0.0187380415849004));
#11598=CARTESIAN_POINT('',(0.00845351193360051,-0.0735428475279874,0.0185653084702183));
#11599=CARTESIAN_POINT('',(0.00895819501791626,-0.0741440171461893,0.0184674664026198));
#11600=CARTESIAN_POINT('',(0.00977943850679422,-0.0754536500682581,0.0182543199144895));
#11601=CARTESIAN_POINT('',(0.0101068115563525,-0.0761406155317694,0.0181425143287053));
#11602=CARTESIAN_POINT('',(0.0106077274779496,-0.0775918493756456,0.0179063218872467));
#11603=CARTESIAN_POINT('',(0.0107744383886307,-0.0783586355310107,0.01778152525652));
#11604=CARTESIAN_POINT('',(0.0109280609886016,-0.0798751695183139,0.0175347050307324));
#11605=CARTESIAN_POINT('',(0.0109181335540003,-0.0806538329693282,0.0174079753363102));
#11606=CARTESIAN_POINT('',(0.0106916593524084,-0.0821817611945734,0.0171593006658449));
#11607=CARTESIAN_POINT('',(0.010481991140168,-0.0829097741017731,0.0170408144916901));
#11608=CARTESIAN_POINT('',(0.0098576700012349,-0.0843227962741606,0.0168108411085998));
#11609=CARTESIAN_POINT('',(0.00944294185811391,-0.0849893283798617,0.016702361109997));
#11610=CARTESIAN_POINT('',(0.00844333151442301,-0.0861485007790096,0.01651370250051));
#11611=CARTESIAN_POINT('',(0.00783859450004989,-0.086665945752146,0.0164294868573583));
#11612=CARTESIAN_POINT('',(0.00656146948969904,-0.0875319069359834,0.0162885492082798));
#11613=CARTESIAN_POINT('',(0.00587726405265892,-0.0878963011220718,0.0162292430166356));
#11614=CARTESIAN_POINT('',(0.00442567819720557,-0.0884875211989649,0.0161330202652231));
#11615=CARTESIAN_POINT('',(0.00367976797874479,-0.0887037559193654,0.0160978274486036));
#11616=CARTESIAN_POINT('',(0.00142273547736499,-0.0892120809066804,0.0160150961091197));
#11617=CARTESIAN_POINT('',(-0.000119243329948442,-0.0894646129539674,0.0159739957991683));
#11618=CARTESIAN_POINT('',(-0.00323091520413832,-0.0895697265938205,0.0159568882549001));
#11619=CARTESIAN_POINT('',(-0.00479780141254117,-0.0894258159231619,0.0159803101264327));
#11620=CARTESIAN_POINT('',(-0.00705756455863301,-0.0889435329856018,0.0160588030481466));
#11621=CARTESIAN_POINT('',(-0.00780641506397292,-0.0887503697741199,0.0160902409109779));
#11622=CARTESIAN_POINT('',(-0.00927163236750162,-0.0882715181630952,0.0161681753745253));
#11623=CARTESIAN_POINT('',(-0.00999898390621743,-0.087970155062982,0.0162172230774036));
#11624=CARTESIAN_POINT('',(-0.0113646774603997,-0.0872313850211723,0.0163374600058544));
#11625=CARTESIAN_POINT('',(-0.0120024367075144,-0.0867982183613664,0.0164079591134721));
#11626=CARTESIAN_POINT('',(-0.0131572433181114,-0.0857413747301595,0.0165799634245264));
#11627=CARTESIAN_POINT('',(-0.0136327209103116,-0.0851383426320594,0.0166781086160331));
#11628=CARTESIAN_POINT('',(-0.0144401128840561,-0.0838315299198008,0.0168907961069843));
#11629=CARTESIAN_POINT('',(-0.0147787346675693,-0.0831220957521619,0.01700625853836));
#11630=CARTESIAN_POINT('',(-0.0152501264680679,-0.0816795616944411,0.0172410350648434));
#11631=CARTESIAN_POINT('',(-0.0153501674473181,-0.0808988134723692,0.017368104061693));
#11632=CARTESIAN_POINT('',(-0.0153248023983128,-0.0793559463540352,0.0176192100795572));
#11633=CARTESIAN_POINT('',(-0.0152383295686687,-0.0785997653492578,0.0177422806918204));
#11634=CARTESIAN_POINT('',(-0.0148922914086195,-0.0770864697688147,0.0179885738576679));
#11635=CARTESIAN_POINT('',(-0.0145891950301605,-0.0763672737353734,0.0181056250605066));
#11636=CARTESIAN_POINT('',(-0.0138532471725468,-0.0750223912075958,0.018324508522363));
#11637=CARTESIAN_POINT('',(-0.0134202384238483,-0.0743691370520548,0.0184308274967593));
#11638=CARTESIAN_POINT('',(-0.0124462527899734,-0.0731714473641054,0.0186257549047027));
#11639=CARTESIAN_POINT('',(-0.0119042229275223,-0.0726262066981136,0.0187144943760336));
#11640=CARTESIAN_POINT('',(-0.0107004481799852,-0.0716342485035849,0.0188759383974636));
#11641=CARTESIAN_POINT('',(-0.0100448521878893,-0.0712158031112723,0.0189440415768681));
#11642=CARTESIAN_POINT('',(-0.0086903056308358,-0.0704737755952174,0.0190648086685301));
#11643=CARTESIAN_POINT('',(-0.00798359687919993,-0.070139426645587,0.0191192249123666));
#11644=CARTESIAN_POINT('',(-0.00650788426095721,-0.0696354064006588,0.0192012556427666));
#11645=CARTESIAN_POINT('',(-0.00575705760837277,-0.0694557446801437,0.0192304960994884));
#11646=CARTESIAN_POINT('',(-0.00423783694210143,-0.0691713789903421,0.0192767774254267));
#11647=CARTESIAN_POINT('',(-0.00345933515340823,-0.0690867257501234,0.0192905549813796));
#11648=CARTESIAN_POINT('',(-0.00189996002887161,-0.0690471722451641,0.019296992426967));
#11649=CARTESIAN_POINT('',(-0.00343782609551708,-0.0693342951856016,0.0189463150458874));
#11650=CARTESIAN_POINT('',(-0.00190473501836311,-0.0692951968290944,0.0189526784147679));
#11651=CARTESIAN_POINT('',(-0.00114293557670004,-0.0693205454253256,0.018948552858534));
#11652=CARTESIAN_POINT('',(0.000368956917873838,-0.0694735097982872,0.0189236574711652));
#11653=CARTESIAN_POINT('',(0.00112020558948472,-0.0696057759457524,0.0189021307789482));
#11654=CARTESIAN_POINT('',(0.0033270694556722,-0.0702236504708723,0.0188015699401702));
#11655=CARTESIAN_POINT('',(0.0046652136633436,-0.0708868669595455,0.0186936295676822));
#11656=CARTESIAN_POINT('',(0.00655268396024811,-0.0721846914254625,0.0184824049394232));
#11657=CARTESIAN_POINT('',(0.00714988285414036,-0.0726592322565478,0.0184051720675888));
#11658=CARTESIAN_POINT('',(0.00822991837897186,-0.0736932307829161,0.0182368858624137));
#11659=CARTESIAN_POINT('',(0.00871661272498701,-0.0742733545012028,0.0181424690749688));
#11660=CARTESIAN_POINT('',(0.00951151644444045,-0.075540682057629,0.0179362079055899));
#11661=CARTESIAN_POINT('',(0.00983036910612597,-0.0762095800663893,0.0178273428495258));
#11662=CARTESIAN_POINT('',(0.010316076019412,-0.077617046790632,0.017598273631444));
#11663=CARTESIAN_POINT('',(0.0104781868428013,-0.0783622202405351,0.017476994530088));
#11664=CARTESIAN_POINT('',(0.0106272960611933,-0.0798341857956917,0.017237427943571));
#11665=CARTESIAN_POINT('',(0.010617431805189,-0.08058878809931,0.0171146142694178));
#11666=CARTESIAN_POINT('',(0.0103986640264293,-0.0820648092666377,0.0168743876204689));
#11667=CARTESIAN_POINT('',(0.0101960663065473,-0.0827679645976372,0.0167599470876394));
#11668=CARTESIAN_POINT('',(0.0095937337750163,-0.0841312305095546,0.0165380716776551));
#11669=CARTESIAN_POINT('',(0.00919431296942992,-0.0847725688076529,0.016433692042996));
#11670=CARTESIAN_POINT('',(0.0082350609499803,-0.0858850278014853,0.0162526361732721));
#11671=CARTESIAN_POINT('',(0.00765017117192474,-0.0863862938225385,0.0161710537006524));
#11672=CARTESIAN_POINT('',(0.0064097732203448,-0.087227308527405,0.0160341761620784));
#11673=CARTESIAN_POINT('',(0.00574363539038937,-0.0875822457247434,0.0159764091222884));
#11674=CARTESIAN_POINT('',(0.00433079109950793,-0.0881576181592764,0.0158827656198068));
#11675=CARTESIAN_POINT('',(0.00360306292960022,-0.0883690459025962,0.0158483551523984));
#11676=CARTESIAN_POINT('',(0.00137212402449326,-0.0888717393612067,0.0157665403602507));
#11677=CARTESIAN_POINT('',(-0.000153295172350743,-0.0891214665774639,0.015725896544538));
#11678=CARTESIAN_POINT('',(-0.00321711641113127,-0.0892246190076316,0.0157091081927321));
#11679=CARTESIAN_POINT('',(-0.00475492715365852,-0.0890836774027888,0.0157320468403466));
#11680=CARTESIAN_POINT('',(-0.00698533043579959,-0.0886078878376534,0.0158094829472043));
#11681=CARTESIAN_POINT('',(-0.00772520385444706,-0.0884168501079486,0.0158405748818225));
#11682=CARTESIAN_POINT('',(-0.00916330262641369,-0.0879467721928167,0.0159170814013744));
#11683=CARTESIAN_POINT('',(-0.00987264630123119,-0.0876526201833824,0.0159649554787062));
#11684=CARTESIAN_POINT('',(-0.0112029990702123,-0.0869330196708721,0.0160820725116653));
#11685=CARTESIAN_POINT('',(-0.0118200472323806,-0.0865131659211355,0.0161504049052518));
#11686=CARTESIAN_POINT('',(-0.0129310610080277,-0.0854963537135299,0.0163158939880985));
#11687=CARTESIAN_POINT('',(-0.0133881074985018,-0.0849169133463461,0.0164101995582052));
#11688=CARTESIAN_POINT('',(-0.0141727060520267,-0.083647851474815,0.016616742992307));
#11689=CARTESIAN_POINT('',(-0.0145024845523159,-0.0829558558849873,0.0167293672454759));
#11690=CARTESIAN_POINT('',(-0.0149543897175444,-0.0815705778222716,0.016954825195697));
#11691=CARTESIAN_POINT('',(-0.0150493711485162,-0.0808316595524298,0.0170750862486821));
#11692=CARTESIAN_POINT('',(-0.0150256390942775,-0.0793335887259829,0.0173189015424541));
#11693=CARTESIAN_POINT('',(-0.01494006242344,-0.0785912675198408,0.0174397164330142));
#11694=CARTESIAN_POINT('',(-0.0146059541655071,-0.0771318773057713,0.0176772363469525));
#11695=CARTESIAN_POINT('',(-0.0143162712821882,-0.0764438858724749,0.0177892089122414));
#11696=CARTESIAN_POINT('',(-0.0135977320918933,-0.0751298747642739,0.0180030679626345));
#11697=CARTESIAN_POINT('',(-0.0131736124958982,-0.0744906625879434,0.0181071015649204));
#11698=CARTESIAN_POINT('',(-0.0122250695737843,-0.0733243645648725,0.0182969198899959));
#11699=CARTESIAN_POINT('',(-0.0116961363502428,-0.0727921796313358,0.0183835345036847));
#11700=CARTESIAN_POINT('',(-0.0105247707180056,-0.0718271236334513,0.0185406001159886));
#11701=CARTESIAN_POINT('',(-0.00988905235225056,-0.071420974858659,0.0186067019858688));
#11702=CARTESIAN_POINT('',(-0.00855453994928826,-0.0706898045730507,0.0187257020323523));
#11703=CARTESIAN_POINT('',(-0.00786552049625242,-0.0703642803660991,0.0187786820241835));
#11704=CARTESIAN_POINT('',(-0.00642906789391247,-0.0698735829870976,0.018858544420208));
#11705=CARTESIAN_POINT('',(-0.00569024730667357,-0.0696963046316021,0.0188873969774846));
#11706=CARTESIAN_POINT('',(-0.00419437599818543,-0.0694165559912145,0.0189329268654808));
#11707=CARTESIAN_POINT('',(-0.00343782609551708,-0.0693342951856016,0.0189463150458874));
#11708=CARTESIAN_POINT('',(-0.00190473501836311,-0.0692951968290944,0.0189526784147679));
#11709=MECHANICAL_DESIGN_GEOMETRIC_PRESENTATION_REPRESENTATION('',(#6449),
#11710);
#11710=(
GEOMETRIC_REPRESENTATION_CONTEXT(3)
GLOBAL_UNCERTAINTY_ASSIGNED_CONTEXT((#11711))
GLOBAL_UNIT_ASSIGNED_CONTEXT((#11714,#11713,#11712))
REPRESENTATION_CONTEXT('case_body','TOP_LEVEL_ASSEMBLY_PART')
);
#11711=UNCERTAINTY_MEASURE_WITH_UNIT(LENGTH_MEASURE(2.E-5),#11714,
'DISTANCE_ACCURACY_VALUE','Maximum Tolerance applied to model');
#11712=(
NAMED_UNIT(*)
SI_UNIT($,.STERADIAN.)
SOLID_ANGLE_UNIT()
);
#11713=(
NAMED_UNIT(*)
PLANE_ANGLE_UNIT()
SI_UNIT($,.RADIAN.)
);
#11714=(
LENGTH_UNIT()
NAMED_UNIT(*)
SI_UNIT($,.METRE.)
);
#11715=PRODUCT_DEFINITION_SHAPE('','',#11716);
#11716=PRODUCT_DEFINITION('','',#11718,#11717);
#11717=PRODUCT_DEFINITION_CONTEXT('',#11724,'design');
#11718=PRODUCT_DEFINITION_FORMATION_WITH_SPECIFIED_SOURCE('','',#11720,
 .NOT_KNOWN.);
#11719=PRODUCT_RELATED_PRODUCT_CATEGORY('','',(#11720));
#11720=PRODUCT('case_body','case_body','case_body',(#11722));
#11721=PRODUCT_CATEGORY('','');
#11722=PRODUCT_CONTEXT('',#11724,'mechanical');
#11723=APPLICATION_PROTOCOL_DEFINITION('international standard',
'ap242_managed_model_based_3d_engineering',2020,#11724);
#11724=APPLICATION_CONTEXT('managed model based 3d engineering');
ENDSEC;
END-ISO-10303-21;
